Forecast_Date,Product_ID,Product_Name,Predicted_Units_Sold
2026-09-11,P001,Wireless Mouse,51
2026-09-11,P001,Wireless Mouse,55
2026-09-11,P001,Wireless Mouse,55
2026-09-11,P001,Wireless Mouse,35
2026-09-11,P002,Bluetooth Speaker,31
2026-09-11,P002,Bluetooth Speaker,31
2026-09-11,P002,Bluetooth Speaker,58
2026-09-11,P002,Bluetooth Speaker,30
2026-09-11,P003,Office Chair,37
2026-09-11,P003,Office Chair,53
2026-09-11,P003,Office Chair,42
2026-09-11,P003,Office Chair,52
2026-09-11,P004,Notebook Pack,47
2026-09-11,P004,Notebook Pack,32
2026-09-11,P004,Notebook Pack,28
2026-09-11,P004,Notebook Pack,46
2026-09-11,P005,LED Desk Lamp,45
2026-09-11,P005,LED Desk Lamp,39
2026-09-11,P005,LED Desk Lamp,47
2026-09-11,P005,LED Desk Lamp,35
2026-09-11,P006,Running Shoes,44
2026-09-11,P006,Running Shoes,47
2026-09-11,P006,Running Shoes,41
2026-09-11,P006,Running Shoes,54
2026-09-11,P007,Yoga Mat,34
2026-09-11,P007,Yoga Mat,52
2026-09-11,P007,Yoga Mat,65
2026-09-11,P007,Yoga Mat,47
2026-09-11,P008,Coffee Maker,48
2026-09-11,P008,Coffee Maker,50
2026-09-11,P008,Coffee Maker,43
2026-09-11,P008,Coffee Maker,46
2026-09-12,P001,Wireless Mouse,50
2026-09-12,P001,Wireless Mouse,53
2026-09-12,P001,Wireless Mouse,48
2026-09-12,P001,Wireless Mouse,43
2026-09-12,P002,Bluetooth Speaker,44
2026-09-12,P002,Bluetooth Speaker,38
2026-09-12,P002,Bluetooth Speaker,38
2026-09-12,P002,Bluetooth Speaker,26
2026-09-12,P003,Office Chair,61
2026-09-12,P003,Office Chair,45
2026-09-12,P003,Office Chair,55
2026-09-12,P003,Office Chair,28
2026-09-12,P004,Notebook Pack,46
2026-09-12,P004,Notebook Pack,29
2026-09-12,P004,Notebook Pack,46
2026-09-12,P004,Notebook Pack,45
2026-09-12,P005,LED Desk Lamp,41
2026-09-12,P005,LED Desk Lamp,40
2026-09-12,P005,LED Desk Lamp,57
2026-09-12,P005,LED Desk Lamp,43
2026-09-12,P006,Running Shoes,55
2026-09-12,P006,Running Shoes,58
2026-09-12,P006,Running Shoes,36
2026-09-12,P006,Running Shoes,41
2026-09-12,P007,Yoga Mat,34
2026-09-12,P007,Yoga Mat,63
2026-09-12,P007,Yoga Mat,47
2026-09-12,P007,Yoga Mat,51
2026-09-12,P008,Coffee Maker,27
2026-09-12,P008,Coffee Maker,44
2026-09-12,P008,Coffee Maker,74
2026-09-12,P008,Coffee Maker,36
2026-09-13,P001,Wireless Mouse,58
2026-09-13,P001,Wireless Mouse,46
2026-09-13,P001,Wireless Mouse,58
2026-09-13,P001,Wireless Mouse,21
2026-09-13,P002,Bluetooth Speaker,28
2026-09-13,P002,Bluetooth Speaker,34
2026-09-13,P002,Bluetooth Speaker,39
2026-09-13,P002,Bluetooth Speaker,30
2026-09-13,P003,Office Chair,43
2026-09-13,P003,Office Chair,49
2026-09-13,P003,Office Chair,38
2026-09-13,P003,Office Chair,49
2026-09-13,P004,Notebook Pack,39
2026-09-13,P004,Notebook Pack,41
2026-09-13,P004,Notebook Pack,60
2026-09-13,P004,Notebook Pack,35
2026-09-13,P005,LED Desk Lamp,52
2026-09-13,P005,LED Desk Lamp,43
2026-09-13,P005,LED Desk Lamp,39
2026-09-13,P005,LED Desk Lamp,53
2026-09-13,P006,Running Shoes,56
2026-09-13,P006,Running Shoes,45
2026-09-13,P006,Running Shoes,39
2026-09-13,P006,Running Shoes,32
2026-09-13,P007,Yoga Mat,37
2026-09-13,P007,Yoga Mat,41
2026-09-13,P007,Yoga Mat,45
2026-09-13,P007,Yoga Mat,55
2026-09-13,P008,Coffee Maker,45
2026-09-13,P008,Coffee Maker,42
2026-09-13,P008,Coffee Maker,59
2026-09-13,P008,Coffee Maker,54
2026-09-14,P001,Wireless Mouse,38
2026-09-14,P001,Wireless Mouse,41
2026-09-14,P001,Wireless Mouse,53
2026-09-14,P001,Wireless Mouse,50
2026-09-14,P002,Bluetooth Speaker,36
2026-09-14,P002,Bluetooth Speaker,50
2026-09-14,P002,Bluetooth Speaker,39
2026-09-14,P002,Bluetooth Speaker,35
2026-09-14,P003,Office Chair,41
2026-09-14,P003,Office Chair,36
2026-09-14,P003,Office Chair,39
2026-09-14,P003,Office Chair,19
2026-09-14,P004,Notebook Pack,50
2026-09-14,P004,Notebook Pack,43
2026-09-14,P004,Notebook Pack,29
2026-09-14,P004,Notebook Pack,53
2026-09-14,P005,LED Desk Lamp,60
2026-09-14,P005,LED Desk Lamp,29
2026-09-14,P005,LED Desk Lamp,49
2026-09-14,P005,LED Desk Lamp,62
2026-09-14,P006,Running Shoes,45
2026-09-14,P006,Running Shoes,52
2026-09-14,P006,Running Shoes,49
2026-09-14,P006,Running Shoes,33
2026-09-14,P007,Yoga Mat,47
2026-09-14,P007,Yoga Mat,45
2026-09-14,P007,Yoga Mat,51
2026-09-14,P007,Yoga Mat,57
2026-09-14,P008,Coffee Maker,35
2026-09-14,P008,Coffee Maker,39
2026-09-14,P008,Coffee Maker,54
2026-09-14,P008,Coffee Maker,48
2026-09-15,P001,Wireless Mouse,32
2026-09-15,P001,Wireless Mouse,41
2026-09-15,P001,Wireless Mouse,61
2026-09-15,P001,Wireless Mouse,31
2026-09-15,P002,Bluetooth Speaker,32
2026-09-15,P002,Bluetooth Speaker,40
2026-09-15,P002,Bluetooth Speaker,50
2026-09-15,P002,Bluetooth Speaker,39
2026-09-15,P003,Office Chair,50
2026-09-15,P003,Office Chair,44
2026-09-15,P003,Office Chair,45
2026-09-15,P003,Office Chair,33
2026-09-15,P004,Notebook Pack,46
2026-09-15,P004,Notebook Pack,46
2026-09-15,P004,Notebook Pack,41
2026-09-15,P004,Notebook Pack,47
2026-09-15,P005,LED Desk Lamp,50
2026-09-15,P005,LED Desk Lamp,47
2026-09-15,P005,LED Desk Lamp,62
2026-09-15,P005,LED Desk Lamp,24
2026-09-15,P006,Running Shoes,52
2026-09-15,P006,Running Shoes,65
2026-09-15,P006,Running Shoes,49
2026-09-15,P006,Running Shoes,36
2026-09-15,P007,Yoga Mat,30
2026-09-15,P007,Yoga Mat,51
2026-09-15,P007,Yoga Mat,54
2026-09-15,P007,Yoga Mat,59
2026-09-15,P008,Coffee Maker,54
2026-09-15,P008,Coffee Maker,48
2026-09-15,P008,Coffee Maker,26
2026-09-15,P008,Coffee Maker,46
2026-09-16,P001,Wireless Mouse,52
2026-09-16,P001,Wireless Mouse,46
2026-09-16,P001,Wireless Mouse,48
2026-09-16,P001,Wireless Mouse,34
2026-09-16,P002,Bluetooth Speaker,14
2026-09-16,P002,Bluetooth Speaker,42
2026-09-16,P002,Bluetooth Speaker,46
2026-09-16,P002,Bluetooth Speaker,32
2026-09-16,P003,Office Chair,42
2026-09-16,P003,Office Chair,45
2026-09-16,P003,Office Chair,33
2026-09-16,P003,Office Chair,29
2026-09-16,P004,Notebook Pack,49
2026-09-16,P004,Notebook Pack,39
2026-09-16,P004,Notebook Pack,49
2026-09-16,P004,Notebook Pack,39
2026-09-16,P005,LED Desk Lamp,55
2026-09-16,P005,LED Desk Lamp,30
2026-09-16,P005,LED Desk Lamp,50
2026-09-16,P005,LED Desk Lamp,31
2026-09-16,P006,Running Shoes,44
2026-09-16,P006,Running Shoes,39
2026-09-16,P006,Running Shoes,34
2026-09-16,P006,Running Shoes,38
2026-09-16,P007,Yoga Mat,29
2026-09-16,P007,Yoga Mat,42
2026-09-16,P007,Yoga Mat,31
2026-09-16,P007,Yoga Mat,42
2026-09-16,P008,Coffee Maker,33
2026-09-16,P008,Coffee Maker,40
2026-09-16,P008,Coffee Maker,46
2026-09-16,P008,Coffee Maker,32
2026-09-17,P001,Wireless Mouse,29
2026-09-17,P001,Wireless Mouse,45
2026-09-17,P001,Wireless Mouse,43
2026-09-17,P001,Wireless Mouse,43
2026-09-17,P002,Bluetooth Speaker,28
2026-09-17,P002,Bluetooth Speaker,33
2026-09-17,P002,Bluetooth Speaker,52
2026-09-17,P002,Bluetooth Speaker,22
2026-09-17,P003,Office Chair,37
2026-09-17,P003,Office Chair,49
2026-09-17,P003,Office Chair,48
2026-09-17,P003,Office Chair,37
2026-09-17,P004,Notebook Pack,43
2026-09-17,P004,Notebook Pack,34
2026-09-17,P004,Notebook Pack,18
2026-09-17,P004,Notebook Pack,60
2026-09-17,P005,LED Desk Lamp,39
2026-09-17,P005,LED Desk Lamp,39
2026-09-17,P005,LED Desk Lamp,46
2026-09-17,P005,LED Desk Lamp,56
2026-09-17,P006,Running Shoes,50
2026-09-17,P006,Running Shoes,42
2026-09-17,P006,Running Shoes,51
2026-09-17,P006,Running Shoes,37
2026-09-17,P007,Yoga Mat,30
2026-09-17,P007,Yoga Mat,56
2026-09-17,P007,Yoga Mat,48
2026-09-17,P007,Yoga Mat,52
2026-09-17,P008,Coffee Maker,37
2026-09-17,P008,Coffee Maker,39
2026-09-17,P008,Coffee Maker,55
2026-09-17,P008,Coffee Maker,57
2026-09-18,P001,Wireless Mouse,51
2026-09-18,P001,Wireless Mouse,55
2026-09-18,P001,Wireless Mouse,55
2026-09-18,P001,Wireless Mouse,35
2026-09-18,P002,Bluetooth Speaker,31
2026-09-18,P002,Bluetooth Speaker,31
2026-09-18,P002,Bluetooth Speaker,58
2026-09-18,P002,Bluetooth Speaker,29
2026-09-18,P003,Office Chair,36
2026-09-18,P003,Office Chair,53
2026-09-18,P003,Office Chair,42
2026-09-18,P003,Office Chair,52
2026-09-18,P004,Notebook Pack,47
2026-09-18,P004,Notebook Pack,32
2026-09-18,P004,Notebook Pack,28
2026-09-18,P004,Notebook Pack,46
2026-09-18,P005,LED Desk Lamp,44
2026-09-18,P005,LED Desk Lamp,39
2026-09-18,P005,LED Desk Lamp,47
2026-09-18,P005,LED Desk Lamp,35
2026-09-18,P006,Running Shoes,44
2026-09-18,P006,Running Shoes,47
2026-09-18,P006,Running Shoes,40
2026-09-18,P006,Running Shoes,54
2026-09-18,P007,Yoga Mat,34
2026-09-18,P007,Yoga Mat,52
2026-09-18,P007,Yoga Mat,65
2026-09-18,P007,Yoga Mat,47
2026-09-18,P008,Coffee Maker,48
2026-09-18,P008,Coffee Maker,49
2026-09-18,P008,Coffee Maker,42
2026-09-18,P008,Coffee Maker,46
2026-09-19,P001,Wireless Mouse,50
2026-09-19,P001,Wireless Mouse,53
2026-09-19,P001,Wireless Mouse,48
2026-09-19,P001,Wireless Mouse,43
2026-09-19,P002,Bluetooth Speaker,44
2026-09-19,P002,Bluetooth Speaker,38
2026-09-19,P002,Bluetooth Speaker,38
2026-09-19,P002,Bluetooth Speaker,26
2026-09-19,P003,Office Chair,61
2026-09-19,P003,Office Chair,45
2026-09-19,P003,Office Chair,55
2026-09-19,P003,Office Chair,28
2026-09-19,P004,Notebook Pack,47
2026-09-19,P004,Notebook Pack,29
2026-09-19,P004,Notebook Pack,46
2026-09-19,P004,Notebook Pack,45
2026-09-19,P005,LED Desk Lamp,41
2026-09-19,P005,LED Desk Lamp,40
2026-09-19,P005,LED Desk Lamp,57
2026-09-19,P005,LED Desk Lamp,43
2026-09-19,P006,Running Shoes,55
2026-09-19,P006,Running Shoes,58
2026-09-19,P006,Running Shoes,36
2026-09-19,P006,Running Shoes,41
2026-09-19,P007,Yoga Mat,34
2026-09-19,P007,Yoga Mat,63
2026-09-19,P007,Yoga Mat,47
2026-09-19,P007,Yoga Mat,51
2026-09-19,P008,Coffee Maker,27
2026-09-19,P008,Coffee Maker,44
2026-09-19,P008,Coffee Maker,73
2026-09-19,P008,Coffee Maker,36
2026-09-20,P001,Wireless Mouse,58
2026-09-20,P001,Wireless Mouse,46
2026-09-20,P001,Wireless Mouse,58
2026-09-20,P001,Wireless Mouse,21
2026-09-20,P002,Bluetooth Speaker,28
2026-09-20,P002,Bluetooth Speaker,34
2026-09-20,P002,Bluetooth Speaker,39
2026-09-20,P002,Bluetooth Speaker,30
2026-09-20,P003,Office Chair,43
2026-09-20,P003,Office Chair,49
2026-09-20,P003,Office Chair,38
2026-09-20,P003,Office Chair,49
2026-09-20,P004,Notebook Pack,40
2026-09-20,P004,Notebook Pack,41
2026-09-20,P004,Notebook Pack,60
2026-09-20,P004,Notebook Pack,35
2026-09-20,P005,LED Desk Lamp,52
2026-09-20,P005,LED Desk Lamp,43
2026-09-20,P005,LED Desk Lamp,39
2026-09-20,P005,LED Desk Lamp,53
2026-09-20,P006,Running Shoes,56
2026-09-20,P006,Running Shoes,45
2026-09-20,P006,Running Shoes,39
2026-09-20,P006,Running Shoes,32
2026-09-20,P007,Yoga Mat,37
2026-09-20,P007,Yoga Mat,41
2026-09-20,P007,Yoga Mat,46
2026-09-20,P007,Yoga Mat,55
2026-09-20,P008,Coffee Maker,45
2026-09-20,P008,Coffee Maker,42
2026-09-20,P008,Coffee Maker,59
2026-09-20,P008,Coffee Maker,54
2026-09-21,P001,Wireless Mouse,38
2026-09-21,P001,Wireless Mouse,41
2026-09-21,P001,Wireless Mouse,53
2026-09-21,P001,Wireless Mouse,50
2026-09-21,P002,Bluetooth Speaker,36
2026-09-21,P002,Bluetooth Speaker,50
2026-09-21,P002,Bluetooth Speaker,39
2026-09-21,P002,Bluetooth Speaker,35
2026-09-21,P003,Office Chair,41
2026-09-21,P003,Office Chair,36
2026-09-21,P003,Office Chair,39
2026-09-21,P003,Office Chair,19
2026-09-21,P004,Notebook Pack,50
2026-09-21,P004,Notebook Pack,43
2026-09-21,P004,Notebook Pack,29
2026-09-21,P004,Notebook Pack,53
2026-09-21,P005,LED Desk Lamp,60
2026-09-21,P005,LED Desk Lamp,29
2026-09-21,P005,LED Desk Lamp,49
2026-09-21,P005,LED Desk Lamp,62
2026-09-21,P006,Running Shoes,45
2026-09-21,P006,Running Shoes,52
2026-09-21,P006,Running Shoes,49
2026-09-21,P006,Running Shoes,34
2026-09-21,P007,Yoga Mat,47
2026-09-21,P007,Yoga Mat,45
2026-09-21,P007,Yoga Mat,51
2026-09-21,P007,Yoga Mat,57
2026-09-21,P008,Coffee Maker,35
2026-09-21,P008,Coffee Maker,39
2026-09-21,P008,Coffee Maker,54
2026-09-21,P008,Coffee Maker,48
2026-09-22,P001,Wireless Mouse,32
2026-09-22,P001,Wireless Mouse,41
2026-09-22,P001,Wireless Mouse,61
2026-09-22,P001,Wireless Mouse,31
2026-09-22,P002,Bluetooth Speaker,32
2026-09-22,P002,Bluetooth Speaker,40
2026-09-22,P002,Bluetooth Speaker,50
2026-09-22,P002,Bluetooth Speaker,39
2026-09-22,P003,Office Chair,49
2026-09-22,P003,Office Chair,44
2026-09-22,P003,Office Chair,45
2026-09-22,P003,Office Chair,33
2026-09-22,P004,Notebook Pack,46
2026-09-22,P004,Notebook Pack,46
2026-09-22,P004,Notebook Pack,41
2026-09-22,P004,Notebook Pack,47
2026-09-22,P005,LED Desk Lamp,50
2026-09-22,P005,LED Desk Lamp,47
2026-09-22,P005,LED Desk Lamp,62
2026-09-22,P005,LED Desk Lamp,24
2026-09-22,P006,Running Shoes,52
2026-09-22,P006,Running Shoes,65
2026-09-22,P006,Running Shoes,49
2026-09-22,P006,Running Shoes,36
2026-09-22,P007,Yoga Mat,30
2026-09-22,P007,Yoga Mat,51
2026-09-22,P007,Yoga Mat,54
2026-09-22,P007,Yoga Mat,59
2026-09-22,P008,Coffee Maker,54
2026-09-22,P008,Coffee Maker,48
2026-09-22,P008,Coffee Maker,26
2026-09-22,P008,Coffee Maker,46
2026-09-23,P001,Wireless Mouse,52
2026-09-23,P001,Wireless Mouse,47
2026-09-23,P001,Wireless Mouse,48
2026-09-23,P001,Wireless Mouse,34
2026-09-23,P002,Bluetooth Speaker,14
2026-09-23,P002,Bluetooth Speaker,41
2026-09-23,P002,Bluetooth Speaker,46
2026-09-23,P002,Bluetooth Speaker,32
2026-09-23,P003,Office Chair,42
2026-09-23,P003,Office Chair,45
2026-09-23,P003,Office Chair,33
2026-09-23,P003,Office Chair,29
2026-09-23,P004,Notebook Pack,49
2026-09-23,P004,Notebook Pack,38
2026-09-23,P004,Notebook Pack,49
2026-09-23,P004,Notebook Pack,39
2026-09-23,P005,LED Desk Lamp,55
2026-09-23,P005,LED Desk Lamp,30
2026-09-23,P005,LED Desk Lamp,50
2026-09-23,P005,LED Desk Lamp,30
2026-09-23,P006,Running Shoes,44
2026-09-23,P006,Running Shoes,39
2026-09-23,P006,Running Shoes,34
2026-09-23,P006,Running Shoes,39
2026-09-23,P007,Yoga Mat,29
2026-09-23,P007,Yoga Mat,42
2026-09-23,P007,Yoga Mat,31
2026-09-23,P007,Yoga Mat,42
2026-09-23,P008,Coffee Maker,33
2026-09-23,P008,Coffee Maker,40
2026-09-23,P008,Coffee Maker,46
2026-09-23,P008,Coffee Maker,33
2026-09-24,P001,Wireless Mouse,29
2026-09-24,P001,Wireless Mouse,45
2026-09-24,P001,Wireless Mouse,43
2026-09-24,P001,Wireless Mouse,43
2026-09-24,P002,Bluetooth Speaker,27
2026-09-24,P002,Bluetooth Speaker,33
2026-09-24,P002,Bluetooth Speaker,52
2026-09-24,P002,Bluetooth Speaker,22
2026-09-24,P003,Office Chair,37
2026-09-24,P003,Office Chair,49
2026-09-24,P003,Office Chair,48
2026-09-24,P003,Office Chair,37
2026-09-24,P004,Notebook Pack,43
2026-09-24,P004,Notebook Pack,34
2026-09-24,P004,Notebook Pack,18
2026-09-24,P004,Notebook Pack,60
2026-09-24,P005,LED Desk Lamp,39
2026-09-24,P005,LED Desk Lamp,39
2026-09-24,P005,LED Desk Lamp,46
2026-09-24,P005,LED Desk Lamp,55
2026-09-24,P006,Running Shoes,50
2026-09-24,P006,Running Shoes,42
2026-09-24,P006,Running Shoes,51
2026-09-24,P006,Running Shoes,37
2026-09-24,P007,Yoga Mat,30
2026-09-24,P007,Yoga Mat,56
2026-09-24,P007,Yoga Mat,48
2026-09-24,P007,Yoga Mat,52
2026-09-24,P008,Coffee Maker,37
2026-09-24,P008,Coffee Maker,39
2026-09-24,P008,Coffee Maker,55
2026-09-24,P008,Coffee Maker,57
2026-09-25,P001,Wireless Mouse,52
2026-09-25,P001,Wireless Mouse,55
2026-09-25,P001,Wireless Mouse,55
2026-09-25,P001,Wireless Mouse,35
2026-09-25,P002,Bluetooth Speaker,31
2026-09-25,P002,Bluetooth Speaker,31
2026-09-25,P002,Bluetooth Speaker,59
2026-09-25,P002,Bluetooth Speaker,29
2026-09-25,P003,Office Chair,36
2026-09-25,P003,Office Chair,53
2026-09-25,P003,Office Chair,42
2026-09-25,P003,Office Chair,51
2026-09-25,P004,Notebook Pack,47
2026-09-25,P004,Notebook Pack,32
2026-09-25,P004,Notebook Pack,28
2026-09-25,P004,Notebook Pack,46
2026-09-25,P005,LED Desk Lamp,44
2026-09-25,P005,LED Desk Lamp,39
2026-09-25,P005,LED Desk Lamp,47
2026-09-25,P005,LED Desk Lamp,35
2026-09-25,P006,Running Shoes,44
2026-09-25,P006,Running Shoes,46
2026-09-25,P006,Running Shoes,40
2026-09-25,P006,Running Shoes,54
2026-09-25,P007,Yoga Mat,34
2026-09-25,P007,Yoga Mat,52
2026-09-25,P007,Yoga Mat,65
2026-09-25,P007,Yoga Mat,47
2026-09-25,P008,Coffee Maker,48
2026-09-25,P008,Coffee Maker,49
2026-09-25,P008,Coffee Maker,42
2026-09-25,P008,Coffee Maker,46
2026-09-26,P001,Wireless Mouse,50
2026-09-26,P001,Wireless Mouse,54
2026-09-26,P001,Wireless Mouse,48
2026-09-26,P001,Wireless Mouse,43
2026-09-26,P002,Bluetooth Speaker,44
2026-09-26,P002,Bluetooth Speaker,38
2026-09-26,P002,Bluetooth Speaker,38
2026-09-26,P002,Bluetooth Speaker,26
2026-09-26,P003,Office Chair,61
2026-09-26,P003,Office Chair,45
2026-09-26,P003,Office Chair,55
2026-09-26,P003,Office Chair,28
2026-09-26,P004,Notebook Pack,47
2026-09-26,P004,Notebook Pack,29
2026-09-26,P004,Notebook Pack,46
2026-09-26,P004,Notebook Pack,45
2026-09-26,P005,LED Desk Lamp,40
2026-09-26,P005,LED Desk Lamp,40
2026-09-26,P005,LED Desk Lamp,57
2026-09-26,P005,LED Desk Lamp,43
2026-09-26,P006,Running Shoes,55
2026-09-26,P006,Running Shoes,58
2026-09-26,P006,Running Shoes,36
2026-09-26,P006,Running Shoes,41
2026-09-26,P007,Yoga Mat,34
2026-09-26,P007,Yoga Mat,63
2026-09-26,P007,Yoga Mat,48
2026-09-26,P007,Yoga Mat,51
2026-09-26,P008,Coffee Maker,27
2026-09-26,P008,Coffee Maker,44
2026-09-26,P008,Coffee Maker,73
2026-09-26,P008,Coffee Maker,36
2026-09-27,P001,Wireless Mouse,58
2026-09-27,P001,Wireless Mouse,46
2026-09-27,P001,Wireless Mouse,57
2026-09-27,P001,Wireless Mouse,21
2026-09-27,P002,Bluetooth Speaker,27
2026-09-27,P002,Bluetooth Speaker,34
2026-09-27,P002,Bluetooth Speaker,39
2026-09-27,P002,Bluetooth Speaker,29
2026-09-27,P003,Office Chair,42
2026-09-27,P003,Office Chair,49
2026-09-27,P003,Office Chair,38
2026-09-27,P003,Office Chair,48
2026-09-27,P004,Notebook Pack,40
2026-09-27,P004,Notebook Pack,40
2026-09-27,P004,Notebook Pack,60
2026-09-27,P004,Notebook Pack,35
2026-09-27,P005,LED Desk Lamp,52
2026-09-27,P005,LED Desk Lamp,43
2026-09-27,P005,LED Desk Lamp,39
2026-09-27,P005,LED Desk Lamp,52
2026-09-27,P006,Running Shoes,56
2026-09-27,P006,Running Shoes,44
2026-09-27,P006,Running Shoes,39
2026-09-27,P006,Running Shoes,32
2026-09-27,P007,Yoga Mat,37
2026-09-27,P007,Yoga Mat,41
2026-09-27,P007,Yoga Mat,46
2026-09-27,P007,Yoga Mat,55
2026-09-27,P008,Coffee Maker,45
2026-09-27,P008,Coffee Maker,42
2026-09-27,P008,Coffee Maker,59
2026-09-27,P008,Coffee Maker,54
2026-09-28,P001,Wireless Mouse,38
2026-09-28,P001,Wireless Mouse,41
2026-09-28,P001,Wireless Mouse,53
2026-09-28,P001,Wireless Mouse,49
2026-09-28,P002,Bluetooth Speaker,36
2026-09-28,P002,Bluetooth Speaker,50
2026-09-28,P002,Bluetooth Speaker,39
2026-09-28,P002,Bluetooth Speaker,35
2026-09-28,P003,Office Chair,41
2026-09-28,P003,Office Chair,36
2026-09-28,P003,Office Chair,39
2026-09-28,P003,Office Chair,19
2026-09-28,P004,Notebook Pack,50
2026-09-28,P004,Notebook Pack,43
2026-09-28,P004,Notebook Pack,29
2026-09-28,P004,Notebook Pack,53
2026-09-28,P005,LED Desk Lamp,60
2026-09-28,P005,LED Desk Lamp,29
2026-09-28,P005,LED Desk Lamp,49
2026-09-28,P005,LED Desk Lamp,62
2026-09-28,P006,Running Shoes,45
2026-09-28,P006,Running Shoes,52
2026-09-28,P006,Running Shoes,49
2026-09-28,P006,Running Shoes,34
2026-09-28,P007,Yoga Mat,47
2026-09-28,P007,Yoga Mat,45
2026-09-28,P007,Yoga Mat,51
2026-09-28,P007,Yoga Mat,57
2026-09-28,P008,Coffee Maker,35
2026-09-28,P008,Coffee Maker,39
2026-09-28,P008,Coffee Maker,54
2026-09-28,P008,Coffee Maker,48
2026-09-29,P001,Wireless Mouse,32
2026-09-29,P001,Wireless Mouse,42
2026-09-29,P001,Wireless Mouse,61
2026-09-29,P001,Wireless Mouse,31
2026-09-29,P002,Bluetooth Speaker,31
2026-09-29,P002,Bluetooth Speaker,40
2026-09-29,P002,Bluetooth Speaker,50
2026-09-29,P002,Bluetooth Speaker,39
2026-09-29,P003,Office Chair,49
2026-09-29,P003,Office Chair,44
2026-09-29,P003,Office Chair,45
2026-09-29,P003,Office Chair,33
2026-09-29,P004,Notebook Pack,46
2026-09-29,P004,Notebook Pack,46
2026-09-29,P004,Notebook Pack,41
2026-09-29,P004,Notebook Pack,47
2026-09-29,P005,LED Desk Lamp,50
2026-09-29,P005,LED Desk Lamp,46
2026-09-29,P005,LED Desk Lamp,62
2026-09-29,P005,LED Desk Lamp,24
2026-09-29,P006,Running Shoes,52
2026-09-29,P006,Running Shoes,65
2026-09-29,P006,Running Shoes,49
2026-09-29,P006,Running Shoes,36
2026-09-29,P007,Yoga Mat,30
2026-09-29,P007,Yoga Mat,51
2026-09-29,P007,Yoga Mat,54
2026-09-29,P007,Yoga Mat,59
2026-09-29,P008,Coffee Maker,54
2026-09-29,P008,Coffee Maker,48
2026-09-29,P008,Coffee Maker,26
2026-09-29,P008,Coffee Maker,47
2026-09-30,P001,Wireless Mouse,52
2026-09-30,P001,Wireless Mouse,47
2026-09-30,P001,Wireless Mouse,48
2026-09-30,P001,Wireless Mouse,34
2026-09-30,P002,Bluetooth Speaker,14
2026-09-30,P002,Bluetooth Speaker,41
2026-09-30,P002,Bluetooth Speaker,46
2026-09-30,P002,Bluetooth Speaker,32
2026-09-30,P003,Office Chair,42
2026-09-30,P003,Office Chair,45
2026-09-30,P003,Office Chair,33
2026-09-30,P003,Office Chair,29
2026-09-30,P004,Notebook Pack,49
2026-09-30,P004,Notebook Pack,38
2026-09-30,P004,Notebook Pack,49
2026-09-30,P004,Notebook Pack,39
2026-09-30,P005,LED Desk Lamp,55
2026-09-30,P005,LED Desk Lamp,30
2026-09-30,P005,LED Desk Lamp,50
2026-09-30,P005,LED Desk Lamp,30
2026-09-30,P006,Running Shoes,44
2026-09-30,P006,Running Shoes,39
2026-09-30,P006,Running Shoes,34
2026-09-30,P006,Running Shoes,39
2026-09-30,P007,Yoga Mat,29
2026-09-30,P007,Yoga Mat,42
2026-09-30,P007,Yoga Mat,31
2026-09-30,P007,Yoga Mat,42
2026-09-30,P008,Coffee Maker,34
2026-09-30,P008,Coffee Maker,40
2026-09-30,P008,Coffee Maker,46
2026-09-30,P008,Coffee Maker,33
2026-10-01,P001,Wireless Mouse,29
2026-10-01,P001,Wireless Mouse,45
2026-10-01,P001,Wireless Mouse,43
2026-10-01,P001,Wireless Mouse,43
2026-10-01,P002,Bluetooth Speaker,27
2026-10-01,P002,Bluetooth Speaker,33
2026-10-01,P002,Bluetooth Speaker,52
2026-10-01,P002,Bluetooth Speaker,22
2026-10-01,P003,Office Chair,37
2026-10-01,P003,Office Chair,49
2026-10-01,P003,Office Chair,48
2026-10-01,P003,Office Chair,37
2026-10-01,P004,Notebook Pack,43
2026-10-01,P004,Notebook Pack,34
2026-10-01,P004,Notebook Pack,18
2026-10-01,P004,Notebook Pack,60
2026-10-01,P005,LED Desk Lamp,39
2026-10-01,P005,LED Desk Lamp,39
2026-10-01,P005,LED Desk Lamp,46
2026-10-01,P005,LED Desk Lamp,55
2026-10-01,P006,Running Shoes,50
2026-10-01,P006,Running Shoes,42
2026-10-01,P006,Running Shoes,51
2026-10-01,P006,Running Shoes,37
2026-10-01,P007,Yoga Mat,30
2026-10-01,P007,Yoga Mat,56
2026-10-01,P007,Yoga Mat,48
2026-10-01,P007,Yoga Mat,52
2026-10-01,P008,Coffee Maker,37
2026-10-01,P008,Coffee Maker,39
2026-10-01,P008,Coffee Maker,55
2026-10-01,P008,Coffee Maker,57
2026-10-02,P001,Wireless Mouse,52
2026-10-02,P001,Wireless Mouse,55
2026-10-02,P001,Wireless Mouse,55
2026-10-02,P001,Wireless Mouse,34
2026-10-02,P002,Bluetooth Speaker,31
2026-10-02,P002,Bluetooth Speaker,31
2026-10-02,P002,Bluetooth Speaker,59
2026-10-02,P002,Bluetooth Speaker,29
2026-10-02,P003,Office Chair,36
2026-10-02,P003,Office Chair,52
2026-10-02,P003,Office Chair,42
2026-10-02,P003,Office Chair,51
2026-10-02,P004,Notebook Pack,47
2026-10-02,P004,Notebook Pack,32
2026-10-02,P004,Notebook Pack,28
2026-10-02,P004,Notebook Pack,46
2026-10-02,P005,LED Desk Lamp,44
2026-10-02,P005,LED Desk Lamp,39
2026-10-02,P005,LED Desk Lamp,47
2026-10-02,P005,LED Desk Lamp,35
2026-10-02,P006,Running Shoes,44
2026-10-02,P006,Running Shoes,46
2026-10-02,P006,Running Shoes,40
2026-10-02,P006,Running Shoes,54
2026-10-02,P007,Yoga Mat,34
2026-10-02,P007,Yoga Mat,52
2026-10-02,P007,Yoga Mat,65
2026-10-02,P007,Yoga Mat,47
2026-10-02,P008,Coffee Maker,48
2026-10-02,P008,Coffee Maker,49
2026-10-02,P008,Coffee Maker,42
2026-10-02,P008,Coffee Maker,47
2026-10-03,P001,Wireless Mouse,50
2026-10-03,P001,Wireless Mouse,54
2026-10-03,P001,Wireless Mouse,48
2026-10-03,P001,Wireless Mouse,43
2026-10-03,P002,Bluetooth Speaker,44
2026-10-03,P002,Bluetooth Speaker,38
2026-10-03,P002,Bluetooth Speaker,38
2026-10-03,P002,Bluetooth Speaker,26
2026-10-03,P003,Office Chair,60
2026-10-03,P003,Office Chair,45
2026-10-03,P003,Office Chair,55
2026-10-03,P003,Office Chair,28
2026-10-03,P004,Notebook Pack,47
2026-10-03,P004,Notebook Pack,29
2026-10-03,P004,Notebook Pack,46
2026-10-03,P004,Notebook Pack,45
2026-10-03,P005,LED Desk Lamp,40
2026-10-03,P005,LED Desk Lamp,40
2026-10-03,P005,LED Desk Lamp,57
2026-10-03,P005,LED Desk Lamp,43
2026-10-03,P006,Running Shoes,55
2026-10-03,P006,Running Shoes,58
2026-10-03,P006,Running Shoes,36
2026-10-03,P006,Running Shoes,41
2026-10-03,P007,Yoga Mat,34
2026-10-03,P007,Yoga Mat,63
2026-10-03,P007,Yoga Mat,48
2026-10-03,P007,Yoga Mat,51
2026-10-03,P008,Coffee Maker,27
2026-10-03,P008,Coffee Maker,44
2026-10-03,P008,Coffee Maker,73
2026-10-03,P008,Coffee Maker,36
2026-10-04,P001,Wireless Mouse,58
2026-10-04,P001,Wireless Mouse,46
2026-10-04,P001,Wireless Mouse,57
2026-10-04,P001,Wireless Mouse,21
2026-10-04,P002,Bluetooth Speaker,27
2026-10-04,P002,Bluetooth Speaker,34
2026-10-04,P002,Bluetooth Speaker,39
2026-10-04,P002,Bluetooth Speaker,29
2026-10-04,P003,Office Chair,42
2026-10-04,P003,Office Chair,48
2026-10-04,P003,Office Chair,38
2026-10-04,P003,Office Chair,48
2026-10-04,P004,Notebook Pack,40
2026-10-04,P004,Notebook Pack,40
2026-10-04,P004,Notebook Pack,60
2026-10-04,P004,Notebook Pack,35
2026-10-04,P005,LED Desk Lamp,51
2026-10-04,P005,LED Desk Lamp,43
2026-10-04,P005,LED Desk Lamp,39
2026-10-04,P005,LED Desk Lamp,52
2026-10-04,P006,Running Shoes,56
2026-10-04,P006,Running Shoes,44
2026-10-04,P006,Running Shoes,39
2026-10-04,P006,Running Shoes,32
2026-10-04,P007,Yoga Mat,37
2026-10-04,P007,Yoga Mat,41
2026-10-04,P007,Yoga Mat,46
2026-10-04,P007,Yoga Mat,55
2026-10-04,P008,Coffee Maker,45
2026-10-04,P008,Coffee Maker,42
2026-10-04,P008,Coffee Maker,59
2026-10-04,P008,Coffee Maker,54
2026-10-05,P001,Wireless Mouse,38
2026-10-05,P001,Wireless Mouse,41
2026-10-05,P001,Wireless Mouse,53
2026-10-05,P001,Wireless Mouse,49
2026-10-05,P002,Bluetooth Speaker,36
2026-10-05,P002,Bluetooth Speaker,49
2026-10-05,P002,Bluetooth Speaker,39
2026-10-05,P002,Bluetooth Speaker,35
2026-10-05,P003,Office Chair,41
2026-10-05,P003,Office Chair,36
2026-10-05,P003,Office Chair,39
2026-10-05,P003,Office Chair,19
2026-10-05,P004,Notebook Pack,50
2026-10-05,P004,Notebook Pack,43
2026-10-05,P004,Notebook Pack,29
2026-10-05,P004,Notebook Pack,53
2026-10-05,P005,LED Desk Lamp,60
2026-10-05,P005,LED Desk Lamp,29
2026-10-05,P005,LED Desk Lamp,49
2026-10-05,P005,LED Desk Lamp,61
2026-10-05,P006,Running Shoes,45
2026-10-05,P006,Running Shoes,52
2026-10-05,P006,Running Shoes,49
2026-10-05,P006,Running Shoes,34
2026-10-05,P007,Yoga Mat,47
2026-10-05,P007,Yoga Mat,45
2026-10-05,P007,Yoga Mat,52
2026-10-05,P007,Yoga Mat,58
2026-10-05,P008,Coffee Maker,35
2026-10-05,P008,Coffee Maker,38
2026-10-05,P008,Coffee Maker,54
2026-10-05,P008,Coffee Maker,48
2026-10-06,P001,Wireless Mouse,32
2026-10-06,P001,Wireless Mouse,42
2026-10-06,P001,Wireless Mouse,61
2026-10-06,P001,Wireless Mouse,30
2026-10-06,P002,Bluetooth Speaker,31
2026-10-06,P002,Bluetooth Speaker,40
2026-10-06,P002,Bluetooth Speaker,51
2026-10-06,P002,Bluetooth Speaker,39
2026-10-06,P003,Office Chair,49
2026-10-06,P003,Office Chair,44
2026-10-06,P003,Office Chair,45
2026-10-06,P003,Office Chair,33
2026-10-06,P004,Notebook Pack,46
2026-10-06,P004,Notebook Pack,46
2026-10-06,P004,Notebook Pack,41
2026-10-06,P004,Notebook Pack,47
2026-10-06,P005,LED Desk Lamp,50
2026-10-06,P005,LED Desk Lamp,46
2026-10-06,P005,LED Desk Lamp,62
2026-10-06,P005,LED Desk Lamp,24
2026-10-06,P006,Running Shoes,52
2026-10-06,P006,Running Shoes,65
2026-10-06,P006,Running Shoes,49
2026-10-06,P006,Running Shoes,36
2026-10-06,P007,Yoga Mat,30
2026-10-06,P007,Yoga Mat,51
2026-10-06,P007,Yoga Mat,54
2026-10-06,P007,Yoga Mat,59
2026-10-06,P008,Coffee Maker,54
2026-10-06,P008,Coffee Maker,47
2026-10-06,P008,Coffee Maker,26
2026-10-06,P008,Coffee Maker,47
2026-10-07,P001,Wireless Mouse,52
2026-10-07,P001,Wireless Mouse,47
2026-10-07,P001,Wireless Mouse,48
2026-10-07,P001,Wireless Mouse,34
2026-10-07,P002,Bluetooth Speaker,14
2026-10-07,P002,Bluetooth Speaker,41
2026-10-07,P002,Bluetooth Speaker,46
2026-10-07,P002,Bluetooth Speaker,32
2026-10-07,P003,Office Chair,42
2026-10-07,P003,Office Chair,45
2026-10-07,P003,Office Chair,33
2026-10-07,P003,Office Chair,29
2026-10-07,P004,Notebook Pack,49
2026-10-07,P004,Notebook Pack,38
2026-10-07,P004,Notebook Pack,49
2026-10-07,P004,Notebook Pack,39
2026-10-07,P005,LED Desk Lamp,54
2026-10-07,P005,LED Desk Lamp,30
2026-10-07,P005,LED Desk Lamp,50
2026-10-07,P005,LED Desk Lamp,30
2026-10-07,P006,Running Shoes,44
2026-10-07,P006,Running Shoes,39
2026-10-07,P006,Running Shoes,34
2026-10-07,P006,Running Shoes,39
2026-10-07,P007,Yoga Mat,29
2026-10-07,P007,Yoga Mat,42
2026-10-07,P007,Yoga Mat,31
2026-10-07,P007,Yoga Mat,43
2026-10-07,P008,Coffee Maker,34
2026-10-07,P008,Coffee Maker,40
2026-10-07,P008,Coffee Maker,46
2026-10-07,P008,Coffee Maker,33
2026-10-08,P001,Wireless Mouse,29
2026-10-08,P001,Wireless Mouse,45
2026-10-08,P001,Wireless Mouse,43
2026-10-08,P001,Wireless Mouse,43
2026-10-08,P002,Bluetooth Speaker,27
2026-10-08,P002,Bluetooth Speaker,33
2026-10-08,P002,Bluetooth Speaker,52
2026-10-08,P002,Bluetooth Speaker,22
2026-10-08,P003,Office Chair,37
2026-10-08,P003,Office Chair,49
2026-10-08,P003,Office Chair,48
2026-10-08,P003,Office Chair,37
2026-10-08,P004,Notebook Pack,43
2026-10-08,P004,Notebook Pack,34
2026-10-08,P004,Notebook Pack,18
2026-10-08,P004,Notebook Pack,60
2026-10-08,P005,LED Desk Lamp,39
2026-10-08,P005,LED Desk Lamp,39
2026-10-08,P005,LED Desk Lamp,46
2026-10-08,P005,LED Desk Lamp,55
2026-10-08,P006,Running Shoes,50
2026-10-08,P006,Running Shoes,42
2026-10-08,P006,Running Shoes,51
2026-10-08,P006,Running Shoes,37
2026-10-08,P007,Yoga Mat,30
2026-10-08,P007,Yoga Mat,56
2026-10-08,P007,Yoga Mat,48
2026-10-08,P007,Yoga Mat,52
2026-10-08,P008,Coffee Maker,37
2026-10-08,P008,Coffee Maker,39
2026-10-08,P008,Coffee Maker,55
2026-10-08,P008,Coffee Maker,57
2026-10-09,P001,Wireless Mouse,52
2026-10-09,P001,Wireless Mouse,55
2026-10-09,P001,Wireless Mouse,55
2026-10-09,P001,Wireless Mouse,34
2026-10-09,P002,Bluetooth Speaker,31
2026-10-09,P002,Bluetooth Speaker,31
2026-10-09,P002,Bluetooth Speaker,59
2026-10-09,P002,Bluetooth Speaker,29
2026-10-09,P003,Office Chair,36
2026-10-09,P003,Office Chair,52
2026-10-09,P003,Office Chair,42
2026-10-09,P003,Office Chair,51
2026-10-09,P004,Notebook Pack,47
2026-10-09,P004,Notebook Pack,32
2026-10-09,P004,Notebook Pack,28
2026-10-09,P004,Notebook Pack,46
2026-10-09,P005,LED Desk Lamp,44
2026-10-09,P005,LED Desk Lamp,39
2026-10-09,P005,LED Desk Lamp,47
2026-10-09,P005,LED Desk Lamp,35
2026-10-09,P006,Running Shoes,44
2026-10-09,P006,Running Shoes,46
2026-10-09,P006,Running Shoes,40
2026-10-09,P006,Running Shoes,54
2026-10-09,P007,Yoga Mat,34
2026-10-09,P007,Yoga Mat,52
2026-10-09,P007,Yoga Mat,65
2026-10-09,P007,Yoga Mat,47
2026-10-09,P008,Coffee Maker,48
2026-10-09,P008,Coffee Maker,49
2026-10-09,P008,Coffee Maker,42
2026-10-09,P008,Coffee Maker,47
2026-10-10,P001,Wireless Mouse,50
2026-10-10,P001,Wireless Mouse,54
2026-10-10,P001,Wireless Mouse,48
2026-10-10,P001,Wireless Mouse,42
2026-10-10,P002,Bluetooth Speaker,44
2026-10-10,P002,Bluetooth Speaker,38
2026-10-10,P002,Bluetooth Speaker,39
2026-10-10,P002,Bluetooth Speaker,26
2026-10-10,P003,Office Chair,60
2026-10-10,P003,Office Chair,45
2026-10-10,P003,Office Chair,55
2026-10-10,P003,Office Chair,28
2026-10-10,P004,Notebook Pack,47
2026-10-10,P004,Notebook Pack,29
2026-10-10,P004,Notebook Pack,46
2026-10-10,P004,Notebook Pack,45
2026-10-10,P005,LED Desk Lamp,40
2026-10-10,P005,LED Desk Lamp,40
2026-10-10,P005,LED Desk Lamp,57
2026-10-10,P005,LED Desk Lamp,43
2026-10-10,P006,Running Shoes,55
2026-10-10,P006,Running Shoes,58
2026-10-10,P006,Running Shoes,36
2026-10-10,P006,Running Shoes,42
2026-10-10,P007,Yoga Mat,34
2026-10-10,P007,Yoga Mat,63
2026-10-10,P007,Yoga Mat,48
2026-10-10,P007,Yoga Mat,51
2026-10-10,P008,Coffee Maker,27
2026-10-10,P008,Coffee Maker,44
2026-10-10,P008,Coffee Maker,73
2026-10-10,P008,Coffee Maker,36
2026-10-11,P001,Wireless Mouse,58
2026-10-11,P001,Wireless Mouse,46
2026-10-11,P001,Wireless Mouse,57
2026-10-11,P001,Wireless Mouse,21
2026-10-11,P002,Bluetooth Speaker,27
2026-10-11,P002,Bluetooth Speaker,34
2026-10-11,P002,Bluetooth Speaker,39
2026-10-11,P002,Bluetooth Speaker,29
2026-10-11,P003,Office Chair,42
2026-10-11,P003,Office Chair,48
2026-10-11,P003,Office Chair,38
2026-10-11,P003,Office Chair,48
2026-10-11,P004,Notebook Pack,40
2026-10-11,P004,Notebook Pack,40
2026-10-11,P004,Notebook Pack,60
2026-10-11,P004,Notebook Pack,35
2026-10-11,P005,LED Desk Lamp,51
2026-10-11,P005,LED Desk Lamp,43
2026-10-11,P005,LED Desk Lamp,39
2026-10-11,P005,LED Desk Lamp,52
2026-10-11,P006,Running Shoes,56
2026-10-11,P006,Running Shoes,44
2026-10-11,P006,Running Shoes,39
2026-10-11,P006,Running Shoes,32
2026-10-11,P007,Yoga Mat,37
2026-10-11,P007,Yoga Mat,41
2026-10-11,P007,Yoga Mat,46
2026-10-11,P007,Yoga Mat,55
2026-10-11,P008,Coffee Maker,45
2026-10-11,P008,Coffee Maker,42
2026-10-11,P008,Coffee Maker,59
2026-10-11,P008,Coffee Maker,54
2026-10-12,P001,Wireless Mouse,38
2026-10-12,P001,Wireless Mouse,41
2026-10-12,P001,Wireless Mouse,53
2026-10-12,P001,Wireless Mouse,49
2026-10-12,P002,Bluetooth Speaker,36
2026-10-12,P002,Bluetooth Speaker,49
2026-10-12,P002,Bluetooth Speaker,39
2026-10-12,P002,Bluetooth Speaker,35
2026-10-12,P003,Office Chair,41
2026-10-12,P003,Office Chair,36
2026-10-12,P003,Office Chair,39
2026-10-12,P003,Office Chair,19
2026-10-12,P004,Notebook Pack,51
2026-10-12,P004,Notebook Pack,43
2026-10-12,P004,Notebook Pack,29
2026-10-12,P004,Notebook Pack,53
2026-10-12,P005,LED Desk Lamp,60
2026-10-12,P005,LED Desk Lamp,29
2026-10-12,P005,LED Desk Lamp,49
2026-10-12,P005,LED Desk Lamp,61
2026-10-12,P006,Running Shoes,45
2026-10-12,P006,Running Shoes,52
2026-10-12,P006,Running Shoes,49
2026-10-12,P006,Running Shoes,34
2026-10-12,P007,Yoga Mat,47
2026-10-12,P007,Yoga Mat,45
2026-10-12,P007,Yoga Mat,52
2026-10-12,P007,Yoga Mat,58
2026-10-12,P008,Coffee Maker,35
2026-10-12,P008,Coffee Maker,38
2026-10-12,P008,Coffee Maker,54
2026-10-12,P008,Coffee Maker,49
2026-10-13,P001,Wireless Mouse,32
2026-10-13,P001,Wireless Mouse,42
2026-10-13,P001,Wireless Mouse,61
2026-10-13,P001,Wireless Mouse,30
2026-10-13,P002,Bluetooth Speaker,31
2026-10-13,P002,Bluetooth Speaker,40
2026-10-13,P002,Bluetooth Speaker,51
2026-10-13,P002,Bluetooth Speaker,38
2026-10-13,P003,Office Chair,49
2026-10-13,P003,Office Chair,44
2026-10-13,P003,Office Chair,45
2026-10-13,P003,Office Chair,33
2026-10-13,P004,Notebook Pack,46
2026-10-13,P004,Notebook Pack,46
2026-10-13,P004,Notebook Pack,41
2026-10-13,P004,Notebook Pack,47
2026-10-13,P005,LED Desk Lamp,50
2026-10-13,P005,LED Desk Lamp,46
2026-10-13,P005,LED Desk Lamp,62
2026-10-13,P005,LED Desk Lamp,24
2026-10-13,P006,Running Shoes,52
2026-10-13,P006,Running Shoes,65
2026-10-13,P006,Running Shoes,49
2026-10-13,P006,Running Shoes,36
2026-10-13,P007,Yoga Mat,30
2026-10-13,P007,Yoga Mat,51
2026-10-13,P007,Yoga Mat,55
2026-10-13,P007,Yoga Mat,59
2026-10-13,P008,Coffee Maker,54
2026-10-13,P008,Coffee Maker,47
2026-10-13,P008,Coffee Maker,26
2026-10-13,P008,Coffee Maker,47
2026-10-14,P001,Wireless Mouse,52
2026-10-14,P001,Wireless Mouse,47
2026-10-14,P001,Wireless Mouse,48
2026-10-14,P001,Wireless Mouse,34
2026-10-14,P002,Bluetooth Speaker,14
2026-10-14,P002,Bluetooth Speaker,41
2026-10-14,P002,Bluetooth Speaker,46
2026-10-14,P002,Bluetooth Speaker,32
2026-10-14,P003,Office Chair,42
2026-10-14,P003,Office Chair,44
2026-10-14,P003,Office Chair,33
2026-10-14,P003,Office Chair,29
2026-10-14,P004,Notebook Pack,49
2026-10-14,P004,Notebook Pack,38
2026-10-14,P004,Notebook Pack,49
2026-10-14,P004,Notebook Pack,39
2026-10-14,P005,LED Desk Lamp,54
2026-10-14,P005,LED Desk Lamp,30
2026-10-14,P005,LED Desk Lamp,50
2026-10-14,P005,LED Desk Lamp,30
2026-10-14,P006,Running Shoes,44
2026-10-14,P006,Running Shoes,39
2026-10-14,P006,Running Shoes,34
2026-10-14,P006,Running Shoes,39
2026-10-14,P007,Yoga Mat,29
2026-10-14,P007,Yoga Mat,42
2026-10-14,P007,Yoga Mat,31
2026-10-14,P007,Yoga Mat,43
2026-10-14,P008,Coffee Maker,34
2026-10-14,P008,Coffee Maker,39
2026-10-14,P008,Coffee Maker,46
2026-10-14,P008,Coffee Maker,33
2026-10-15,P001,Wireless Mouse,29
2026-10-15,P001,Wireless Mouse,45
2026-10-15,P001,Wireless Mouse,43
2026-10-15,P001,Wireless Mouse,42
2026-10-15,P002,Bluetooth Speaker,27
2026-10-15,P002,Bluetooth Speaker,33
2026-10-15,P002,Bluetooth Speaker,52
2026-10-15,P002,Bluetooth Speaker,22
2026-10-15,P003,Office Chair,37
2026-10-15,P003,Office Chair,49
2026-10-15,P003,Office Chair,49
2026-10-15,P003,Office Chair,37
2026-10-15,P004,Notebook Pack,43
2026-10-15,P004,Notebook Pack,34
2026-10-15,P004,Notebook Pack,18
2026-10-15,P004,Notebook Pack,60
2026-10-15,P005,LED Desk Lamp,39
2026-10-15,P005,LED Desk Lamp,39
2026-10-15,P005,LED Desk Lamp,46
2026-10-15,P005,LED Desk Lamp,55
2026-10-15,P006,Running Shoes,50
2026-10-15,P006,Running Shoes,42
2026-10-15,P006,Running Shoes,51
2026-10-15,P006,Running Shoes,37
2026-10-15,P007,Yoga Mat,30
2026-10-15,P007,Yoga Mat,56
2026-10-15,P007,Yoga Mat,48
2026-10-15,P007,Yoga Mat,52
2026-10-15,P008,Coffee Maker,37
2026-10-15,P008,Coffee Maker,39
2026-10-15,P008,Coffee Maker,55
2026-10-15,P008,Coffee Maker,57
2026-10-16,P001,Wireless Mouse,52
2026-10-16,P001,Wireless Mouse,56
2026-10-16,P001,Wireless Mouse,55
2026-10-16,P001,Wireless Mouse,34
2026-10-16,P002,Bluetooth Speaker,31
2026-10-16,P002,Bluetooth Speaker,31
2026-10-16,P002,Bluetooth Speaker,59
2026-10-16,P002,Bluetooth Speaker,29
2026-10-16,P003,Office Chair,36
2026-10-16,P003,Office Chair,52
2026-10-16,P003,Office Chair,42
2026-10-16,P003,Office Chair,51
2026-10-16,P004,Notebook Pack,47
2026-10-16,P004,Notebook Pack,31
2026-10-16,P004,Notebook Pack,28
2026-10-16,P004,Notebook Pack,46
2026-10-16,P005,LED Desk Lamp,44
2026-10-16,P005,LED Desk Lamp,39
2026-10-16,P005,LED Desk Lamp,47
2026-10-16,P005,LED Desk Lamp,35
2026-10-16,P006,Running Shoes,44
2026-10-16,P006,Running Shoes,46
2026-10-16,P006,Running Shoes,40
2026-10-16,P006,Running Shoes,54
2026-10-16,P007,Yoga Mat,35
2026-10-16,P007,Yoga Mat,52
2026-10-16,P007,Yoga Mat,66
2026-10-16,P007,Yoga Mat,47
2026-10-16,P008,Coffee Maker,48
2026-10-16,P008,Coffee Maker,49
2026-10-16,P008,Coffee Maker,42
2026-10-16,P008,Coffee Maker,47
2026-10-17,P001,Wireless Mouse,51
2026-10-17,P001,Wireless Mouse,54
2026-10-17,P001,Wireless Mouse,48
2026-10-17,P001,Wireless Mouse,42
2026-10-17,P002,Bluetooth Speaker,43
2026-10-17,P002,Bluetooth Speaker,38
2026-10-17,P002,Bluetooth Speaker,39
2026-10-17,P002,Bluetooth Speaker,26
2026-10-17,P003,Office Chair,60
2026-10-17,P003,Office Chair,45
2026-10-17,P003,Office Chair,55
2026-10-17,P003,Office Chair,28
2026-10-17,P004,Notebook Pack,47
2026-10-17,P004,Notebook Pack,29
2026-10-17,P004,Notebook Pack,46
2026-10-17,P004,Notebook Pack,45
2026-10-17,P005,LED Desk Lamp,40
2026-10-17,P005,LED Desk Lamp,39
2026-10-17,P005,LED Desk Lamp,57
2026-10-17,P005,LED Desk Lamp,43
2026-10-17,P006,Running Shoes,55
2026-10-17,P006,Running Shoes,58
2026-10-17,P006,Running Shoes,36
2026-10-17,P006,Running Shoes,42
2026-10-17,P007,Yoga Mat,34
2026-10-17,P007,Yoga Mat,63
2026-10-17,P007,Yoga Mat,48
2026-10-17,P007,Yoga Mat,51
2026-10-17,P008,Coffee Maker,27
2026-10-17,P008,Coffee Maker,44
2026-10-17,P008,Coffee Maker,73
2026-10-17,P008,Coffee Maker,36
2026-10-18,P001,Wireless Mouse,58
2026-10-18,P001,Wireless Mouse,47
2026-10-18,P001,Wireless Mouse,57
2026-10-18,P001,Wireless Mouse,21
2026-10-18,P002,Bluetooth Speaker,27
2026-10-18,P002,Bluetooth Speaker,34
2026-10-18,P002,Bluetooth Speaker,39
2026-10-18,P002,Bluetooth Speaker,29
2026-10-18,P003,Office Chair,42
2026-10-18,P003,Office Chair,48
2026-10-18,P003,Office Chair,39
2026-10-18,P003,Office Chair,48
2026-10-18,P004,Notebook Pack,40
2026-10-18,P004,Notebook Pack,40
2026-10-18,P004,Notebook Pack,60
2026-10-18,P004,Notebook Pack,35
2026-10-18,P005,LED Desk Lamp,51
2026-10-18,P005,LED Desk Lamp,43
2026-10-18,P005,LED Desk Lamp,39
2026-10-18,P005,LED Desk Lamp,52
2026-10-18,P006,Running Shoes,56
2026-10-18,P006,Running Shoes,44
2026-10-18,P006,Running Shoes,39
2026-10-18,P006,Running Shoes,32
2026-10-18,P007,Yoga Mat,38
2026-10-18,P007,Yoga Mat,41
2026-10-18,P007,Yoga Mat,46
2026-10-18,P007,Yoga Mat,56
2026-10-18,P008,Coffee Maker,45
2026-10-18,P008,Coffee Maker,41
2026-10-18,P008,Coffee Maker,58
2026-10-18,P008,Coffee Maker,54
2026-10-19,P001,Wireless Mouse,38
2026-10-19,P001,Wireless Mouse,41
2026-10-19,P001,Wireless Mouse,53
2026-10-19,P001,Wireless Mouse,49
2026-10-19,P002,Bluetooth Speaker,36
2026-10-19,P002,Bluetooth Speaker,49
2026-10-19,P002,Bluetooth Speaker,39
2026-10-19,P002,Bluetooth Speaker,35
2026-10-19,P003,Office Chair,41
2026-10-19,P003,Office Chair,35
2026-10-19,P003,Office Chair,39
2026-10-19,P003,Office Chair,19
2026-10-19,P004,Notebook Pack,51
2026-10-19,P004,Notebook Pack,43
2026-10-19,P004,Notebook Pack,29
2026-10-19,P004,Notebook Pack,53
2026-10-19,P005,LED Desk Lamp,60
2026-10-19,P005,LED Desk Lamp,29
2026-10-19,P005,LED Desk Lamp,49
2026-10-19,P005,LED Desk Lamp,61
2026-10-19,P006,Running Shoes,45
2026-10-19,P006,Running Shoes,52
2026-10-19,P006,Running Shoes,49
2026-10-19,P006,Running Shoes,34
2026-10-19,P007,Yoga Mat,47
2026-10-19,P007,Yoga Mat,45
2026-10-19,P007,Yoga Mat,52
2026-10-19,P007,Yoga Mat,58
2026-10-19,P008,Coffee Maker,35
2026-10-19,P008,Coffee Maker,38
2026-10-19,P008,Coffee Maker,54
2026-10-19,P008,Coffee Maker,49
2026-10-20,P001,Wireless Mouse,32
2026-10-20,P001,Wireless Mouse,42
2026-10-20,P001,Wireless Mouse,60
2026-10-20,P001,Wireless Mouse,30
2026-10-20,P002,Bluetooth Speaker,31
2026-10-20,P002,Bluetooth Speaker,40
2026-10-20,P002,Bluetooth Speaker,51
2026-10-20,P002,Bluetooth Speaker,38
2026-10-20,P003,Office Chair,49
2026-10-20,P003,Office Chair,44
2026-10-20,P003,Office Chair,45
2026-10-20,P003,Office Chair,33
2026-10-20,P004,Notebook Pack,46
2026-10-20,P004,Notebook Pack,46
2026-10-20,P004,Notebook Pack,41
2026-10-20,P004,Notebook Pack,47
2026-10-20,P005,LED Desk Lamp,50
2026-10-20,P005,LED Desk Lamp,46
2026-10-20,P005,LED Desk Lamp,62
2026-10-20,P005,LED Desk Lamp,24
2026-10-20,P006,Running Shoes,52
2026-10-20,P006,Running Shoes,65
2026-10-20,P006,Running Shoes,49
2026-10-20,P006,Running Shoes,36
2026-10-20,P007,Yoga Mat,30
2026-10-20,P007,Yoga Mat,51
2026-10-20,P007,Yoga Mat,55
2026-10-20,P007,Yoga Mat,60
2026-10-20,P008,Coffee Maker,54
2026-10-20,P008,Coffee Maker,47
2026-10-20,P008,Coffee Maker,26
2026-10-20,P008,Coffee Maker,47
2026-10-21,P001,Wireless Mouse,52
2026-10-21,P001,Wireless Mouse,47
2026-10-21,P001,Wireless Mouse,48
2026-10-21,P001,Wireless Mouse,33
2026-10-21,P002,Bluetooth Speaker,14
2026-10-21,P002,Bluetooth Speaker,41
2026-10-21,P002,Bluetooth Speaker,46
2026-10-21,P002,Bluetooth Speaker,32
2026-10-21,P003,Office Chair,41
2026-10-21,P003,Office Chair,44
2026-10-21,P003,Office Chair,33
2026-10-21,P003,Office Chair,29
2026-10-21,P004,Notebook Pack,49
2026-10-21,P004,Notebook Pack,38
2026-10-21,P004,Notebook Pack,49
2026-10-21,P004,Notebook Pack,39
2026-10-21,P005,LED Desk Lamp,54
2026-10-21,P005,LED Desk Lamp,30
2026-10-21,P005,LED Desk Lamp,50
2026-10-21,P005,LED Desk Lamp,30
2026-10-21,P006,Running Shoes,44
2026-10-21,P006,Running Shoes,39
2026-10-21,P006,Running Shoes,34
2026-10-21,P006,Running Shoes,39
2026-10-21,P007,Yoga Mat,29
2026-10-21,P007,Yoga Mat,42
2026-10-21,P007,Yoga Mat,31
2026-10-21,P007,Yoga Mat,43
2026-10-21,P008,Coffee Maker,34
2026-10-21,P008,Coffee Maker,39
2026-10-21,P008,Coffee Maker,45
2026-10-21,P008,Coffee Maker,33
2026-10-22,P001,Wireless Mouse,29
2026-10-22,P001,Wireless Mouse,45
2026-10-22,P001,Wireless Mouse,43
2026-10-22,P001,Wireless Mouse,42
2026-10-22,P002,Bluetooth Speaker,27
2026-10-22,P002,Bluetooth Speaker,33
2026-10-22,P002,Bluetooth Speaker,52
2026-10-22,P002,Bluetooth Speaker,22
2026-10-22,P003,Office Chair,37
2026-10-22,P003,Office Chair,49
2026-10-22,P003,Office Chair,49
2026-10-22,P003,Office Chair,36
2026-10-22,P004,Notebook Pack,43
2026-10-22,P004,Notebook Pack,34
2026-10-22,P004,Notebook Pack,18
2026-10-22,P004,Notebook Pack,60
2026-10-22,P005,LED Desk Lamp,38
2026-10-22,P005,LED Desk Lamp,38
2026-10-22,P005,LED Desk Lamp,46
2026-10-22,P005,LED Desk Lamp,55
2026-10-22,P006,Running Shoes,50
2026-10-22,P006,Running Shoes,42
2026-10-22,P006,Running Shoes,51
2026-10-22,P006,Running Shoes,37
2026-10-22,P007,Yoga Mat,30
2026-10-22,P007,Yoga Mat,56
2026-10-22,P007,Yoga Mat,49
2026-10-22,P007,Yoga Mat,52
2026-10-22,P008,Coffee Maker,37
2026-10-22,P008,Coffee Maker,39
2026-10-22,P008,Coffee Maker,55
2026-10-22,P008,Coffee Maker,58
2026-10-23,P001,Wireless Mouse,52
2026-10-23,P001,Wireless Mouse,56
2026-10-23,P001,Wireless Mouse,55
2026-10-23,P001,Wireless Mouse,34
2026-10-23,P002,Bluetooth Speaker,31
2026-10-23,P002,Bluetooth Speaker,31
2026-10-23,P002,Bluetooth Speaker,59
2026-10-23,P002,Bluetooth Speaker,29
2026-10-23,P003,Office Chair,36
2026-10-23,P003,Office Chair,52
2026-10-23,P003,Office Chair,42
2026-10-23,P003,Office Chair,51
2026-10-23,P004,Notebook Pack,47
2026-10-23,P004,Notebook Pack,31
2026-10-23,P004,Notebook Pack,28
2026-10-23,P004,Notebook Pack,45
2026-10-23,P005,LED Desk Lamp,44
2026-10-23,P005,LED Desk Lamp,38
2026-10-23,P005,LED Desk Lamp,47
2026-10-23,P005,LED Desk Lamp,35
2026-10-23,P006,Running Shoes,44
2026-10-23,P006,Running Shoes,46
2026-10-23,P006,Running Shoes,40
2026-10-23,P006,Running Shoes,55
2026-10-23,P007,Yoga Mat,35
2026-10-23,P007,Yoga Mat,52
2026-10-23,P007,Yoga Mat,66
2026-10-23,P007,Yoga Mat,48
2026-10-23,P008,Coffee Maker,48
2026-10-23,P008,Coffee Maker,49
2026-10-23,P008,Coffee Maker,42
2026-10-23,P008,Coffee Maker,47
2026-10-24,P001,Wireless Mouse,51
2026-10-24,P001,Wireless Mouse,54
2026-10-24,P001,Wireless Mouse,48
2026-10-24,P001,Wireless Mouse,42
2026-10-24,P002,Bluetooth Speaker,43
2026-10-24,P002,Bluetooth Speaker,38
2026-10-24,P002,Bluetooth Speaker,39
2026-10-24,P002,Bluetooth Speaker,26
2026-10-24,P003,Office Chair,60
2026-10-24,P003,Office Chair,45
2026-10-24,P003,Office Chair,55
2026-10-24,P003,Office Chair,28
2026-10-24,P004,Notebook Pack,47
2026-10-24,P004,Notebook Pack,28
2026-10-24,P004,Notebook Pack,46
2026-10-24,P004,Notebook Pack,45
2026-10-24,P005,LED Desk Lamp,40
2026-10-24,P005,LED Desk Lamp,39
2026-10-24,P005,LED Desk Lamp,57
2026-10-24,P005,LED Desk Lamp,43
2026-10-24,P006,Running Shoes,55
2026-10-24,P006,Running Shoes,58
2026-10-24,P006,Running Shoes,36
2026-10-24,P006,Running Shoes,42
2026-10-24,P007,Yoga Mat,34
2026-10-24,P007,Yoga Mat,63
2026-10-24,P007,Yoga Mat,48
2026-10-24,P007,Yoga Mat,52
2026-10-24,P008,Coffee Maker,27
2026-10-24,P008,Coffee Maker,44
2026-10-24,P008,Coffee Maker,73
2026-10-24,P008,Coffee Maker,36
2026-10-25,P001,Wireless Mouse,58
2026-10-25,P001,Wireless Mouse,47
2026-10-25,P001,Wireless Mouse,57
2026-10-25,P001,Wireless Mouse,21
2026-10-25,P002,Bluetooth Speaker,27
2026-10-25,P002,Bluetooth Speaker,34
2026-10-25,P002,Bluetooth Speaker,39
2026-10-25,P002,Bluetooth Speaker,29
2026-10-25,P003,Office Chair,42
2026-10-25,P003,Office Chair,48
2026-10-25,P003,Office Chair,39
2026-10-25,P003,Office Chair,48
2026-10-25,P004,Notebook Pack,40
2026-10-25,P004,Notebook Pack,40
2026-10-25,P004,Notebook Pack,60
2026-10-25,P004,Notebook Pack,35
2026-10-25,P005,LED Desk Lamp,51
2026-10-25,P005,LED Desk Lamp,42
2026-10-25,P005,LED Desk Lamp,39
2026-10-25,P005,LED Desk Lamp,52
2026-10-25,P006,Running Shoes,56
2026-10-25,P006,Running Shoes,44
2026-10-25,P006,Running Shoes,39
2026-10-25,P006,Running Shoes,33
2026-10-25,P007,Yoga Mat,38
2026-10-25,P007,Yoga Mat,41
2026-10-25,P007,Yoga Mat,46
2026-10-25,P007,Yoga Mat,56
2026-10-25,P008,Coffee Maker,45
2026-10-25,P008,Coffee Maker,41
2026-10-25,P008,Coffee Maker,58
2026-10-25,P008,Coffee Maker,54
2026-10-26,P001,Wireless Mouse,38
2026-10-26,P001,Wireless Mouse,41
2026-10-26,P001,Wireless Mouse,53
2026-10-26,P001,Wireless Mouse,49
2026-10-26,P002,Bluetooth Speaker,35
2026-10-26,P002,Bluetooth Speaker,49
2026-10-26,P002,Bluetooth Speaker,39
2026-10-26,P002,Bluetooth Speaker,34
2026-10-26,P003,Office Chair,41
2026-10-26,P003,Office Chair,35
2026-10-26,P003,Office Chair,39
2026-10-26,P003,Office Chair,19
2026-10-26,P004,Notebook Pack,51
2026-10-26,P004,Notebook Pack,42
2026-10-26,P004,Notebook Pack,29
2026-10-26,P004,Notebook Pack,53
2026-10-26,P005,LED Desk Lamp,59
2026-10-26,P005,LED Desk Lamp,28
2026-10-26,P005,LED Desk Lamp,49
2026-10-26,P005,LED Desk Lamp,61
2026-10-26,P006,Running Shoes,45
2026-10-26,P006,Running Shoes,52
2026-10-26,P006,Running Shoes,49
2026-10-26,P006,Running Shoes,34
2026-10-26,P007,Yoga Mat,47
2026-10-26,P007,Yoga Mat,45
2026-10-26,P007,Yoga Mat,52
2026-10-26,P007,Yoga Mat,58
2026-10-26,P008,Coffee Maker,35
2026-10-26,P008,Coffee Maker,38
2026-10-26,P008,Coffee Maker,54
2026-10-26,P008,Coffee Maker,49
2026-10-27,P001,Wireless Mouse,32
2026-10-27,P001,Wireless Mouse,42
2026-10-27,P001,Wireless Mouse,60
2026-10-27,P001,Wireless Mouse,30
2026-10-27,P002,Bluetooth Speaker,31
2026-10-27,P002,Bluetooth Speaker,40
2026-10-27,P002,Bluetooth Speaker,51
2026-10-27,P002,Bluetooth Speaker,38
2026-10-27,P003,Office Chair,49
2026-10-27,P003,Office Chair,44
2026-10-27,P003,Office Chair,45
2026-10-27,P003,Office Chair,33
2026-10-27,P004,Notebook Pack,46
2026-10-27,P004,Notebook Pack,46
2026-10-27,P004,Notebook Pack,41
2026-10-27,P004,Notebook Pack,47
2026-10-27,P005,LED Desk Lamp,50
2026-10-27,P005,LED Desk Lamp,46
2026-10-27,P005,LED Desk Lamp,62
2026-10-27,P005,LED Desk Lamp,23
2026-10-27,P006,Running Shoes,52
2026-10-27,P006,Running Shoes,64
2026-10-27,P006,Running Shoes,49
2026-10-27,P006,Running Shoes,36
2026-10-27,P007,Yoga Mat,30
2026-10-27,P007,Yoga Mat,51
2026-10-27,P007,Yoga Mat,55
2026-10-27,P007,Yoga Mat,60
2026-10-27,P008,Coffee Maker,54
2026-10-27,P008,Coffee Maker,47
2026-10-27,P008,Coffee Maker,26
2026-10-27,P008,Coffee Maker,47
2026-10-28,P001,Wireless Mouse,52
2026-10-28,P001,Wireless Mouse,47
2026-10-28,P001,Wireless Mouse,48
2026-10-28,P001,Wireless Mouse,33
2026-10-28,P002,Bluetooth Speaker,14
2026-10-28,P002,Bluetooth Speaker,41
2026-10-28,P002,Bluetooth Speaker,46
2026-10-28,P002,Bluetooth Speaker,32
2026-10-28,P003,Office Chair,41
2026-10-28,P003,Office Chair,44
2026-10-28,P003,Office Chair,34
2026-10-28,P003,Office Chair,28
2026-10-28,P004,Notebook Pack,49
2026-10-28,P004,Notebook Pack,38
2026-10-28,P004,Notebook Pack,48
2026-10-28,P004,Notebook Pack,39
2026-10-28,P005,LED Desk Lamp,54
2026-10-28,P005,LED Desk Lamp,30
2026-10-28,P005,LED Desk Lamp,50
2026-10-28,P005,LED Desk Lamp,30
2026-10-28,P006,Running Shoes,44
2026-10-28,P006,Running Shoes,39
2026-10-28,P006,Running Shoes,34
2026-10-28,P006,Running Shoes,39
2026-10-28,P007,Yoga Mat,29
2026-10-28,P007,Yoga Mat,42
2026-10-28,P007,Yoga Mat,32
2026-10-28,P007,Yoga Mat,43
2026-10-28,P008,Coffee Maker,34
2026-10-28,P008,Coffee Maker,39
2026-10-28,P008,Coffee Maker,45
2026-10-28,P008,Coffee Maker,33
2026-10-29,P001,Wireless Mouse,29
2026-10-29,P001,Wireless Mouse,45
2026-10-29,P001,Wireless Mouse,43
2026-10-29,P001,Wireless Mouse,42
2026-10-29,P002,Bluetooth Speaker,27
2026-10-29,P002,Bluetooth Speaker,33
2026-10-29,P002,Bluetooth Speaker,52
2026-10-29,P002,Bluetooth Speaker,22
2026-10-29,P003,Office Chair,37
2026-10-29,P003,Office Chair,49
2026-10-29,P003,Office Chair,49
2026-10-29,P003,Office Chair,36
2026-10-29,P004,Notebook Pack,44
2026-10-29,P004,Notebook Pack,34
2026-10-29,P004,Notebook Pack,18
2026-10-29,P004,Notebook Pack,60
2026-10-29,P005,LED Desk Lamp,38
2026-10-29,P005,LED Desk Lamp,38
2026-10-29,P005,LED Desk Lamp,46
2026-10-29,P005,LED Desk Lamp,55
2026-10-29,P006,Running Shoes,50
2026-10-29,P006,Running Shoes,42
2026-10-29,P006,Running Shoes,51
2026-10-29,P006,Running Shoes,38
2026-10-29,P007,Yoga Mat,30
2026-10-29,P007,Yoga Mat,56
2026-10-29,P007,Yoga Mat,49
2026-10-29,P007,Yoga Mat,53
2026-10-29,P008,Coffee Maker,37
2026-10-29,P008,Coffee Maker,39
2026-10-29,P008,Coffee Maker,55
2026-10-29,P008,Coffee Maker,58
2026-10-30,P001,Wireless Mouse,52
2026-10-30,P001,Wireless Mouse,56
2026-10-30,P001,Wireless Mouse,55
2026-10-30,P001,Wireless Mouse,34
2026-10-30,P002,Bluetooth Speaker,31
2026-10-30,P002,Bluetooth Speaker,31
2026-10-30,P002,Bluetooth Speaker,59
2026-10-30,P002,Bluetooth Speaker,29
2026-10-30,P003,Office Chair,36
2026-10-30,P003,Office Chair,52
2026-10-30,P003,Office Chair,42
2026-10-30,P003,Office Chair,51
2026-10-30,P004,Notebook Pack,48
2026-10-30,P004,Notebook Pack,31
2026-10-30,P004,Notebook Pack,28
2026-10-30,P004,Notebook Pack,45
2026-10-30,P005,LED Desk Lamp,44
2026-10-30,P005,LED Desk Lamp,38
2026-10-30,P005,LED Desk Lamp,47
2026-10-30,P005,LED Desk Lamp,35
2026-10-30,P006,Running Shoes,44
2026-10-30,P006,Running Shoes,46
2026-10-30,P006,Running Shoes,40
2026-10-30,P006,Running Shoes,55
2026-10-30,P007,Yoga Mat,35
2026-10-30,P007,Yoga Mat,52
2026-10-30,P007,Yoga Mat,66
2026-10-30,P007,Yoga Mat,48
2026-10-30,P008,Coffee Maker,48
2026-10-30,P008,Coffee Maker,48
2026-10-30,P008,Coffee Maker,42
2026-10-30,P008,Coffee Maker,47
2026-10-31,P001,Wireless Mouse,51
2026-10-31,P001,Wireless Mouse,54
2026-10-31,P001,Wireless Mouse,48
2026-10-31,P001,Wireless Mouse,42
2026-10-31,P002,Bluetooth Speaker,43
2026-10-31,P002,Bluetooth Speaker,38
2026-10-31,P002,Bluetooth Speaker,39
2026-10-31,P002,Bluetooth Speaker,25
2026-10-31,P003,Office Chair,60
2026-10-31,P003,Office Chair,45
2026-10-31,P003,Office Chair,55
2026-10-31,P003,Office Chair,28
2026-10-31,P004,Notebook Pack,47
2026-10-31,P004,Notebook Pack,28
2026-10-31,P004,Notebook Pack,46
2026-10-31,P004,Notebook Pack,45
2026-10-31,P005,LED Desk Lamp,40
2026-10-31,P005,LED Desk Lamp,39
2026-10-31,P005,LED Desk Lamp,57
2026-10-31,P005,LED Desk Lamp,43
2026-10-31,P006,Running Shoes,55
2026-10-31,P006,Running Shoes,57
2026-10-31,P006,Running Shoes,36
2026-10-31,P006,Running Shoes,42
2026-10-31,P007,Yoga Mat,34
2026-10-31,P007,Yoga Mat,64
2026-10-31,P007,Yoga Mat,48
2026-10-31,P007,Yoga Mat,52
2026-10-31,P008,Coffee Maker,27
2026-10-31,P008,Coffee Maker,44
2026-10-31,P008,Coffee Maker,73
2026-10-31,P008,Coffee Maker,37
2026-11-01,P001,Wireless Mouse,58
2026-11-01,P001,Wireless Mouse,47
2026-11-01,P001,Wireless Mouse,57
2026-11-01,P001,Wireless Mouse,21
2026-11-01,P002,Bluetooth Speaker,27
2026-11-01,P002,Bluetooth Speaker,34
2026-11-01,P002,Bluetooth Speaker,39
2026-11-01,P002,Bluetooth Speaker,29
2026-11-01,P003,Office Chair,42
2026-11-01,P003,Office Chair,48
2026-11-01,P003,Office Chair,39
2026-11-01,P003,Office Chair,48
2026-11-01,P004,Notebook Pack,40
2026-11-01,P004,Notebook Pack,40
2026-11-01,P004,Notebook Pack,60
2026-11-01,P004,Notebook Pack,35
2026-11-01,P005,LED Desk Lamp,51
2026-11-01,P005,LED Desk Lamp,42
2026-11-01,P005,LED Desk Lamp,39
2026-11-01,P005,LED Desk Lamp,52
2026-11-01,P006,Running Shoes,56
2026-11-01,P006,Running Shoes,44
2026-11-01,P006,Running Shoes,39
2026-11-01,P006,Running Shoes,33
2026-11-01,P007,Yoga Mat,38
2026-11-01,P007,Yoga Mat,41
2026-11-01,P007,Yoga Mat,46
2026-11-01,P007,Yoga Mat,56
2026-11-01,P008,Coffee Maker,45
2026-11-01,P008,Coffee Maker,41
2026-11-01,P008,Coffee Maker,58
2026-11-01,P008,Coffee Maker,55
2026-11-02,P001,Wireless Mouse,38
2026-11-02,P001,Wireless Mouse,42
2026-11-02,P001,Wireless Mouse,53
2026-11-02,P001,Wireless Mouse,49
2026-11-02,P002,Bluetooth Speaker,35
2026-11-02,P002,Bluetooth Speaker,49
2026-11-02,P002,Bluetooth Speaker,40
2026-11-02,P002,Bluetooth Speaker,34
2026-11-02,P003,Office Chair,40
2026-11-02,P003,Office Chair,35
2026-11-02,P003,Office Chair,39
2026-11-02,P003,Office Chair,19
2026-11-02,P004,Notebook Pack,51
2026-11-02,P004,Notebook Pack,42
2026-11-02,P004,Notebook Pack,29
2026-11-02,P004,Notebook Pack,53
2026-11-02,P005,LED Desk Lamp,59
2026-11-02,P005,LED Desk Lamp,28
2026-11-02,P005,LED Desk Lamp,49
2026-11-02,P005,LED Desk Lamp,61
2026-11-02,P006,Running Shoes,45
2026-11-02,P006,Running Shoes,51
2026-11-02,P006,Running Shoes,49
2026-11-02,P006,Running Shoes,34
2026-11-02,P007,Yoga Mat,47
2026-11-02,P007,Yoga Mat,45
2026-11-02,P007,Yoga Mat,52
2026-11-02,P007,Yoga Mat,58
2026-11-02,P008,Coffee Maker,35
2026-11-02,P008,Coffee Maker,38
2026-11-02,P008,Coffee Maker,54
2026-11-02,P008,Coffee Maker,49
2026-11-03,P001,Wireless Mouse,32
2026-11-03,P001,Wireless Mouse,42
2026-11-03,P001,Wireless Mouse,60
2026-11-03,P001,Wireless Mouse,30
2026-11-03,P002,Bluetooth Speaker,31
2026-11-03,P002,Bluetooth Speaker,39
2026-11-03,P002,Bluetooth Speaker,51
2026-11-03,P002,Bluetooth Speaker,38
2026-11-03,P003,Office Chair,48
2026-11-03,P003,Office Chair,43
2026-11-03,P003,Office Chair,45
2026-11-03,P003,Office Chair,33
2026-11-03,P004,Notebook Pack,46
2026-11-03,P004,Notebook Pack,45
2026-11-03,P004,Notebook Pack,41
2026-11-03,P004,Notebook Pack,47
2026-11-03,P005,LED Desk Lamp,49
2026-11-03,P005,LED Desk Lamp,46
2026-11-03,P005,LED Desk Lamp,62
2026-11-03,P005,LED Desk Lamp,23
2026-11-03,P006,Running Shoes,52
2026-11-03,P006,Running Shoes,64
2026-11-03,P006,Running Shoes,48
2026-11-03,P006,Running Shoes,36
2026-11-03,P007,Yoga Mat,30
2026-11-03,P007,Yoga Mat,51
2026-11-03,P007,Yoga Mat,55
2026-11-03,P007,Yoga Mat,60
2026-11-03,P008,Coffee Maker,54
2026-11-03,P008,Coffee Maker,47
2026-11-03,P008,Coffee Maker,26
2026-11-03,P008,Coffee Maker,47
2026-11-04,P001,Wireless Mouse,52
2026-11-04,P001,Wireless Mouse,47
2026-11-04,P001,Wireless Mouse,48
2026-11-04,P001,Wireless Mouse,33
2026-11-04,P002,Bluetooth Speaker,14
2026-11-04,P002,Bluetooth Speaker,41
2026-11-04,P002,Bluetooth Speaker,47
2026-11-04,P002,Bluetooth Speaker,32
2026-11-04,P003,Office Chair,41
2026-11-04,P003,Office Chair,44
2026-11-04,P003,Office Chair,34
2026-11-04,P003,Office Chair,28
2026-11-04,P004,Notebook Pack,50
2026-11-04,P004,Notebook Pack,38
2026-11-04,P004,Notebook Pack,48
2026-11-04,P004,Notebook Pack,38
2026-11-04,P005,LED Desk Lamp,54
2026-11-04,P005,LED Desk Lamp,30
2026-11-04,P005,LED Desk Lamp,50
2026-11-04,P005,LED Desk Lamp,30
2026-11-04,P006,Running Shoes,44
2026-11-04,P006,Running Shoes,38
2026-11-04,P006,Running Shoes,34
2026-11-04,P006,Running Shoes,39
2026-11-04,P007,Yoga Mat,29
2026-11-04,P007,Yoga Mat,42
2026-11-04,P007,Yoga Mat,32
2026-11-04,P007,Yoga Mat,43
2026-11-04,P008,Coffee Maker,34
2026-11-04,P008,Coffee Maker,39
2026-11-04,P008,Coffee Maker,45
2026-11-04,P008,Coffee Maker,33
2026-11-05,P001,Wireless Mouse,29
2026-11-05,P001,Wireless Mouse,46
2026-11-05,P001,Wireless Mouse,43
2026-11-05,P001,Wireless Mouse,42
2026-11-05,P002,Bluetooth Speaker,27
2026-11-05,P002,Bluetooth Speaker,33
2026-11-05,P002,Bluetooth Speaker,53
2026-11-05,P002,Bluetooth Speaker,22
2026-11-05,P003,Office Chair,37
2026-11-05,P003,Office Chair,49
2026-11-05,P003,Office Chair,49
2026-11-05,P003,Office Chair,36
2026-11-05,P004,Notebook Pack,44
2026-11-05,P004,Notebook Pack,33
2026-11-05,P004,Notebook Pack,18
2026-11-05,P004,Notebook Pack,59
2026-11-05,P005,LED Desk Lamp,38
2026-11-05,P005,LED Desk Lamp,38
2026-11-05,P005,LED Desk Lamp,46
2026-11-05,P005,LED Desk Lamp,54
2026-11-05,P006,Running Shoes,50
2026-11-05,P006,Running Shoes,42
2026-11-05,P006,Running Shoes,50
2026-11-05,P006,Running Shoes,38
2026-11-05,P007,Yoga Mat,30
2026-11-05,P007,Yoga Mat,56
2026-11-05,P007,Yoga Mat,49
2026-11-05,P007,Yoga Mat,53
2026-11-05,P008,Coffee Maker,37
2026-11-05,P008,Coffee Maker,38
2026-11-05,P008,Coffee Maker,55
2026-11-05,P008,Coffee Maker,58
2026-11-06,P001,Wireless Mouse,52
2026-11-06,P001,Wireless Mouse,56
2026-11-06,P001,Wireless Mouse,55
2026-11-06,P001,Wireless Mouse,34
2026-11-06,P002,Bluetooth Speaker,31
2026-11-06,P002,Bluetooth Speaker,31
2026-11-06,P002,Bluetooth Speaker,60
2026-11-06,P002,Bluetooth Speaker,29
2026-11-06,P003,Office Chair,36
2026-11-06,P003,Office Chair,52
2026-11-06,P003,Office Chair,42
2026-11-06,P003,Office Chair,51
2026-11-06,P004,Notebook Pack,48
2026-11-06,P004,Notebook Pack,31
2026-11-06,P004,Notebook Pack,28
2026-11-06,P004,Notebook Pack,45
2026-11-06,P005,LED Desk Lamp,43
2026-11-06,P005,LED Desk Lamp,38
2026-11-06,P005,LED Desk Lamp,47
2026-11-06,P005,LED Desk Lamp,34
2026-11-06,P006,Running Shoes,44
2026-11-06,P006,Running Shoes,46
2026-11-06,P006,Running Shoes,40
2026-11-06,P006,Running Shoes,55
2026-11-06,P007,Yoga Mat,35
2026-11-06,P007,Yoga Mat,52
2026-11-06,P007,Yoga Mat,66
2026-11-06,P007,Yoga Mat,48
2026-11-06,P008,Coffee Maker,48
2026-11-06,P008,Coffee Maker,48
2026-11-06,P008,Coffee Maker,42
2026-11-06,P008,Coffee Maker,47
2026-11-07,P001,Wireless Mouse,51
2026-11-07,P001,Wireless Mouse,54
2026-11-07,P001,Wireless Mouse,48
2026-11-07,P001,Wireless Mouse,42
2026-11-07,P002,Bluetooth Speaker,43
2026-11-07,P002,Bluetooth Speaker,38
2026-11-07,P002,Bluetooth Speaker,39
2026-11-07,P002,Bluetooth Speaker,25
2026-11-07,P003,Office Chair,59
2026-11-07,P003,Office Chair,44
2026-11-07,P003,Office Chair,55
2026-11-07,P003,Office Chair,27
2026-11-07,P004,Notebook Pack,48
2026-11-07,P004,Notebook Pack,28
2026-11-07,P004,Notebook Pack,46
2026-11-07,P004,Notebook Pack,45
2026-11-07,P005,LED Desk Lamp,40
2026-11-07,P005,LED Desk Lamp,39
2026-11-07,P005,LED Desk Lamp,57
2026-11-07,P005,LED Desk Lamp,42
2026-11-07,P006,Running Shoes,55
2026-11-07,P006,Running Shoes,57
2026-11-07,P006,Running Shoes,36
2026-11-07,P006,Running Shoes,42
2026-11-07,P007,Yoga Mat,34
2026-11-07,P007,Yoga Mat,64
2026-11-07,P007,Yoga Mat,48
2026-11-07,P007,Yoga Mat,52
2026-11-07,P008,Coffee Maker,27
2026-11-07,P008,Coffee Maker,43
2026-11-07,P008,Coffee Maker,72
2026-11-07,P008,Coffee Maker,37
2026-11-08,P001,Wireless Mouse,59
2026-11-08,P001,Wireless Mouse,47
2026-11-08,P001,Wireless Mouse,57
2026-11-08,P001,Wireless Mouse,21
2026-11-08,P002,Bluetooth Speaker,27
2026-11-08,P002,Bluetooth Speaker,34
2026-11-08,P002,Bluetooth Speaker,40
2026-11-08,P002,Bluetooth Speaker,29
2026-11-08,P003,Office Chair,42
2026-11-08,P003,Office Chair,48
2026-11-08,P003,Office Chair,39
2026-11-08,P003,Office Chair,48
2026-11-08,P004,Notebook Pack,40
2026-11-08,P004,Notebook Pack,40
2026-11-08,P004,Notebook Pack,60
2026-11-08,P004,Notebook Pack,35
2026-11-08,P005,LED Desk Lamp,51
2026-11-08,P005,LED Desk Lamp,42
2026-11-08,P005,LED Desk Lamp,39
2026-11-08,P005,LED Desk Lamp,51
2026-11-08,P006,Running Shoes,56
2026-11-08,P006,Running Shoes,44
2026-11-08,P006,Running Shoes,39
2026-11-08,P006,Running Shoes,33
2026-11-08,P007,Yoga Mat,38
2026-11-08,P007,Yoga Mat,41
2026-11-08,P007,Yoga Mat,47
2026-11-08,P007,Yoga Mat,56
2026-11-08,P008,Coffee Maker,45
2026-11-08,P008,Coffee Maker,41
2026-11-08,P008,Coffee Maker,58
2026-11-08,P008,Coffee Maker,55
2026-11-09,P001,Wireless Mouse,38
2026-11-09,P001,Wireless Mouse,42
2026-11-09,P001,Wireless Mouse,53
2026-11-09,P001,Wireless Mouse,49
2026-11-09,P002,Bluetooth Speaker,35
2026-11-09,P002,Bluetooth Speaker,49
2026-11-09,P002,Bluetooth Speaker,40
2026-11-09,P002,Bluetooth Speaker,34
2026-11-09,P003,Office Chair,40
2026-11-09,P003,Office Chair,35
2026-11-09,P003,Office Chair,39
2026-11-09,P003,Office Chair,19
2026-11-09,P004,Notebook Pack,51
2026-11-09,P004,Notebook Pack,42
2026-11-09,P004,Notebook Pack,29
2026-11-09,P004,Notebook Pack,53
2026-11-09,P005,LED Desk Lamp,59
2026-11-09,P005,LED Desk Lamp,28
2026-11-09,P005,LED Desk Lamp,49
2026-11-09,P005,LED Desk Lamp,60
2026-11-09,P006,Running Shoes,45
2026-11-09,P006,Running Shoes,51
2026-11-09,P006,Running Shoes,49
2026-11-09,P006,Running Shoes,34
2026-11-09,P007,Yoga Mat,47
2026-11-09,P007,Yoga Mat,45
2026-11-09,P007,Yoga Mat,52
2026-11-09,P007,Yoga Mat,59
2026-11-09,P008,Coffee Maker,35
2026-11-09,P008,Coffee Maker,38
2026-11-09,P008,Coffee Maker,53
2026-11-09,P008,Coffee Maker,49
2026-11-10,P001,Wireless Mouse,32
2026-11-10,P001,Wireless Mouse,42
2026-11-10,P001,Wireless Mouse,60
2026-11-10,P001,Wireless Mouse,30
2026-11-10,P002,Bluetooth Speaker,31
2026-11-10,P002,Bluetooth Speaker,39
2026-11-10,P002,Bluetooth Speaker,51
2026-11-10,P002,Bluetooth Speaker,38
2026-11-10,P003,Office Chair,48
2026-11-10,P003,Office Chair,43
2026-11-10,P003,Office Chair,45
2026-11-10,P003,Office Chair,33
2026-11-10,P004,Notebook Pack,47
2026-11-10,P004,Notebook Pack,45
2026-11-10,P004,Notebook Pack,41
2026-11-10,P004,Notebook Pack,47
2026-11-10,P005,LED Desk Lamp,49
2026-11-10,P005,LED Desk Lamp,45
2026-11-10,P005,LED Desk Lamp,61
2026-11-10,P005,LED Desk Lamp,23
2026-11-10,P006,Running Shoes,52
2026-11-10,P006,Running Shoes,64
2026-11-10,P006,Running Shoes,48
2026-11-10,P006,Running Shoes,37
2026-11-10,P007,Yoga Mat,30
2026-11-10,P007,Yoga Mat,52
2026-11-10,P007,Yoga Mat,55
2026-11-10,P007,Yoga Mat,60
2026-11-10,P008,Coffee Maker,54
2026-11-10,P008,Coffee Maker,47
2026-11-10,P008,Coffee Maker,26
2026-11-10,P008,Coffee Maker,47
2026-11-11,P001,Wireless Mouse,52
2026-11-11,P001,Wireless Mouse,48
2026-11-11,P001,Wireless Mouse,48
2026-11-11,P001,Wireless Mouse,33
2026-11-11,P002,Bluetooth Speaker,14
2026-11-11,P002,Bluetooth Speaker,41
2026-11-11,P002,Bluetooth Speaker,47
2026-11-11,P002,Bluetooth Speaker,32
2026-11-11,P003,Office Chair,41
2026-11-11,P003,Office Chair,44
2026-11-11,P003,Office Chair,34
2026-11-11,P003,Office Chair,28
2026-11-11,P004,Notebook Pack,50
2026-11-11,P004,Notebook Pack,38
2026-11-11,P004,Notebook Pack,48
2026-11-11,P004,Notebook Pack,38
2026-11-11,P005,LED Desk Lamp,54
2026-11-11,P005,LED Desk Lamp,30
2026-11-11,P005,LED Desk Lamp,49
2026-11-11,P005,LED Desk Lamp,30
2026-11-11,P006,Running Shoes,44
2026-11-11,P006,Running Shoes,38
2026-11-11,P006,Running Shoes,34
2026-11-11,P006,Running Shoes,39
2026-11-11,P007,Yoga Mat,29
2026-11-11,P007,Yoga Mat,42
2026-11-11,P007,Yoga Mat,32
2026-11-11,P007,Yoga Mat,43
2026-11-11,P008,Coffee Maker,34
2026-11-11,P008,Coffee Maker,39
2026-11-11,P008,Coffee Maker,45
2026-11-11,P008,Coffee Maker,33
2026-11-12,P001,Wireless Mouse,29
2026-11-12,P001,Wireless Mouse,46
2026-11-12,P001,Wireless Mouse,43
2026-11-12,P001,Wireless Mouse,42
2026-11-12,P002,Bluetooth Speaker,27
2026-11-12,P002,Bluetooth Speaker,33
2026-11-12,P002,Bluetooth Speaker,53
2026-11-12,P002,Bluetooth Speaker,22
2026-11-12,P003,Office Chair,37
2026-11-12,P003,Office Chair,48
2026-11-12,P003,Office Chair,49
2026-11-12,P003,Office Chair,36
2026-11-12,P004,Notebook Pack,44
2026-11-12,P004,Notebook Pack,33
2026-11-12,P004,Notebook Pack,18
2026-11-12,P004,Notebook Pack,59
2026-11-12,P005,LED Desk Lamp,38
2026-11-12,P005,LED Desk Lamp,38
2026-11-12,P005,LED Desk Lamp,46
2026-11-12,P005,LED Desk Lamp,54
2026-11-12,P006,Running Shoes,50
2026-11-12,P006,Running Shoes,41
2026-11-12,P006,Running Shoes,50
2026-11-12,P006,Running Shoes,38
2026-11-12,P007,Yoga Mat,31
2026-11-12,P007,Yoga Mat,56
2026-11-12,P007,Yoga Mat,49
2026-11-12,P007,Yoga Mat,53
2026-11-12,P008,Coffee Maker,37
2026-11-12,P008,Coffee Maker,38
2026-11-12,P008,Coffee Maker,55
2026-11-12,P008,Coffee Maker,58
2026-11-13,P001,Wireless Mouse,52
2026-11-13,P001,Wireless Mouse,56
2026-11-13,P001,Wireless Mouse,55
2026-11-13,P001,Wireless Mouse,34
2026-11-13,P002,Bluetooth Speaker,30
2026-11-13,P002,Bluetooth Speaker,31
2026-11-13,P002,Bluetooth Speaker,60
2026-11-13,P002,Bluetooth Speaker,29
2026-11-13,P003,Office Chair,35
2026-11-13,P003,Office Chair,52
2026-11-13,P003,Office Chair,42
2026-11-13,P003,Office Chair,50
2026-11-13,P004,Notebook Pack,48
2026-11-13,P004,Notebook Pack,31
2026-11-13,P004,Notebook Pack,28
2026-11-13,P004,Notebook Pack,45
2026-11-13,P005,LED Desk Lamp,43
2026-11-13,P005,LED Desk Lamp,38
2026-11-13,P005,LED Desk Lamp,47
2026-11-13,P005,LED Desk Lamp,34
2026-11-13,P006,Running Shoes,44
2026-11-13,P006,Running Shoes,46
2026-11-13,P006,Running Shoes,40
2026-11-13,P006,Running Shoes,55
2026-11-13,P007,Yoga Mat,35
2026-11-13,P007,Yoga Mat,52
2026-11-13,P007,Yoga Mat,66
2026-11-13,P007,Yoga Mat,48
2026-11-13,P008,Coffee Maker,48
2026-11-13,P008,Coffee Maker,48
2026-11-13,P008,Coffee Maker,42
2026-11-13,P008,Coffee Maker,47
2026-11-14,P001,Wireless Mouse,51
2026-11-14,P001,Wireless Mouse,55
2026-11-14,P001,Wireless Mouse,48
2026-11-14,P001,Wireless Mouse,42
2026-11-14,P002,Bluetooth Speaker,43
2026-11-14,P002,Bluetooth Speaker,38
2026-11-14,P002,Bluetooth Speaker,39
2026-11-14,P002,Bluetooth Speaker,25
2026-11-14,P003,Office Chair,59
2026-11-14,P003,Office Chair,44
2026-11-14,P003,Office Chair,56
2026-11-14,P003,Office Chair,27
2026-11-14,P004,Notebook Pack,48
2026-11-14,P004,Notebook Pack,28
2026-11-14,P004,Notebook Pack,46
2026-11-14,P004,Notebook Pack,45
2026-11-14,P005,LED Desk Lamp,40
2026-11-14,P005,LED Desk Lamp,39
2026-11-14,P005,LED Desk Lamp,57
2026-11-14,P005,LED Desk Lamp,42
2026-11-14,P006,Running Shoes,55
2026-11-14,P006,Running Shoes,57
2026-11-14,P006,Running Shoes,36
2026-11-14,P006,Running Shoes,42
2026-11-14,P007,Yoga Mat,34
2026-11-14,P007,Yoga Mat,64
2026-11-14,P007,Yoga Mat,49
2026-11-14,P007,Yoga Mat,52
2026-11-14,P008,Coffee Maker,27
2026-11-14,P008,Coffee Maker,43
2026-11-14,P008,Coffee Maker,72
2026-11-14,P008,Coffee Maker,37
2026-11-15,P001,Wireless Mouse,59
2026-11-15,P001,Wireless Mouse,47
2026-11-15,P001,Wireless Mouse,57
2026-11-15,P001,Wireless Mouse,21
2026-11-15,P002,Bluetooth Speaker,27
2026-11-15,P002,Bluetooth Speaker,34
2026-11-15,P002,Bluetooth Speaker,40
2026-11-15,P002,Bluetooth Speaker,29
2026-11-15,P003,Office Chair,41
2026-11-15,P003,Office Chair,48
2026-11-15,P003,Office Chair,39
2026-11-15,P003,Office Chair,47
2026-11-15,P004,Notebook Pack,41
2026-11-15,P004,Notebook Pack,40
2026-11-15,P004,Notebook Pack,60
2026-11-15,P004,Notebook Pack,35
2026-11-15,P005,LED Desk Lamp,50
2026-11-15,P005,LED Desk Lamp,42
2026-11-15,P005,LED Desk Lamp,39
2026-11-15,P005,LED Desk Lamp,51
2026-11-15,P006,Running Shoes,57
2026-11-15,P006,Running Shoes,44
2026-11-15,P006,Running Shoes,39
2026-11-15,P006,Running Shoes,33
2026-11-15,P007,Yoga Mat,38
2026-11-15,P007,Yoga Mat,42
2026-11-15,P007,Yoga Mat,47
2026-11-15,P007,Yoga Mat,56
2026-11-15,P008,Coffee Maker,45
2026-11-15,P008,Coffee Maker,41
2026-11-15,P008,Coffee Maker,58
2026-11-15,P008,Coffee Maker,55
2026-11-16,P001,Wireless Mouse,38
2026-11-16,P001,Wireless Mouse,42
2026-11-16,P001,Wireless Mouse,53
2026-11-16,P001,Wireless Mouse,48
2026-11-16,P002,Bluetooth Speaker,35
2026-11-16,P002,Bluetooth Speaker,49
2026-11-16,P002,Bluetooth Speaker,40
2026-11-16,P002,Bluetooth Speaker,34
2026-11-16,P003,Office Chair,40
2026-11-16,P003,Office Chair,35
2026-11-16,P003,Office Chair,39
2026-11-16,P003,Office Chair,19
2026-11-16,P004,Notebook Pack,51
2026-11-16,P004,Notebook Pack,42
2026-11-16,P004,Notebook Pack,29
2026-11-16,P004,Notebook Pack,53
2026-11-16,P005,LED Desk Lamp,59
2026-11-16,P005,LED Desk Lamp,28
2026-11-16,P005,LED Desk Lamp,49
2026-11-16,P005,LED Desk Lamp,60
2026-11-16,P006,Running Shoes,45
2026-11-16,P006,Running Shoes,51
2026-11-16,P006,Running Shoes,49
2026-11-16,P006,Running Shoes,34
2026-11-16,P007,Yoga Mat,47
2026-11-16,P007,Yoga Mat,45
2026-11-16,P007,Yoga Mat,52
2026-11-16,P007,Yoga Mat,59
2026-11-16,P008,Coffee Maker,35
2026-11-16,P008,Coffee Maker,38
2026-11-16,P008,Coffee Maker,53
2026-11-16,P008,Coffee Maker,49
2026-11-17,P001,Wireless Mouse,32
2026-11-17,P001,Wireless Mouse,42
2026-11-17,P001,Wireless Mouse,60
2026-11-17,P001,Wireless Mouse,30
2026-11-17,P002,Bluetooth Speaker,31
2026-11-17,P002,Bluetooth Speaker,39
2026-11-17,P002,Bluetooth Speaker,51
2026-11-17,P002,Bluetooth Speaker,38
2026-11-17,P003,Office Chair,48
2026-11-17,P003,Office Chair,43
2026-11-17,P003,Office Chair,45
2026-11-17,P003,Office Chair,33
2026-11-17,P004,Notebook Pack,47
2026-11-17,P004,Notebook Pack,45
2026-11-17,P004,Notebook Pack,41
2026-11-17,P004,Notebook Pack,47
2026-11-17,P005,LED Desk Lamp,49
2026-11-17,P005,LED Desk Lamp,45
2026-11-17,P005,LED Desk Lamp,61
2026-11-17,P005,LED Desk Lamp,23
2026-11-17,P006,Running Shoes,52
2026-11-17,P006,Running Shoes,64
2026-11-17,P006,Running Shoes,48
2026-11-17,P006,Running Shoes,37
2026-11-17,P007,Yoga Mat,30
2026-11-17,P007,Yoga Mat,52
2026-11-17,P007,Yoga Mat,55
2026-11-17,P007,Yoga Mat,60
2026-11-17,P008,Coffee Maker,54
2026-11-17,P008,Coffee Maker,46
2026-11-17,P008,Coffee Maker,26
2026-11-17,P008,Coffee Maker,48
2026-11-18,P001,Wireless Mouse,52
2026-11-18,P001,Wireless Mouse,48
2026-11-18,P001,Wireless Mouse,48
2026-11-18,P001,Wireless Mouse,33
2026-11-18,P002,Bluetooth Speaker,14
2026-11-18,P002,Bluetooth Speaker,41
2026-11-18,P002,Bluetooth Speaker,47
2026-11-18,P002,Bluetooth Speaker,32
2026-11-18,P003,Office Chair,41
2026-11-18,P003,Office Chair,44
2026-11-18,P003,Office Chair,34
2026-11-18,P003,Office Chair,28
2026-11-18,P004,Notebook Pack,50
2026-11-18,P004,Notebook Pack,37
2026-11-18,P004,Notebook Pack,48
2026-11-18,P004,Notebook Pack,38
2026-11-18,P005,LED Desk Lamp,53
2026-11-18,P005,LED Desk Lamp,29
2026-11-18,P005,LED Desk Lamp,49
2026-11-18,P005,LED Desk Lamp,30
2026-11-18,P006,Running Shoes,44
2026-11-18,P006,Running Shoes,38
2026-11-18,P006,Running Shoes,34
2026-11-18,P006,Running Shoes,39
2026-11-18,P007,Yoga Mat,29
2026-11-18,P007,Yoga Mat,43
2026-11-18,P007,Yoga Mat,32
2026-11-18,P007,Yoga Mat,43
2026-11-18,P008,Coffee Maker,34
2026-11-18,P008,Coffee Maker,39
2026-11-18,P008,Coffee Maker,45
2026-11-18,P008,Coffee Maker,33
2026-11-19,P001,Wireless Mouse,29
2026-11-19,P001,Wireless Mouse,46
2026-11-19,P001,Wireless Mouse,43
2026-11-19,P001,Wireless Mouse,42
2026-11-19,P002,Bluetooth Speaker,27
2026-11-19,P002,Bluetooth Speaker,33
2026-11-19,P002,Bluetooth Speaker,53
2026-11-19,P002,Bluetooth Speaker,22
2026-11-19,P003,Office Chair,36
2026-11-19,P003,Office Chair,48
2026-11-19,P003,Office Chair,49
2026-11-19,P003,Office Chair,36
2026-11-19,P004,Notebook Pack,44
2026-11-19,P004,Notebook Pack,33
2026-11-19,P004,Notebook Pack,18
2026-11-19,P004,Notebook Pack,59
2026-11-19,P005,LED Desk Lamp,38
2026-11-19,P005,LED Desk Lamp,38
2026-11-19,P005,LED Desk Lamp,46
2026-11-19,P005,LED Desk Lamp,54
2026-11-19,P006,Running Shoes,50
2026-11-19,P006,Running Shoes,41
2026-11-19,P006,Running Shoes,50
2026-11-19,P006,Running Shoes,38
2026-11-19,P007,Yoga Mat,31
2026-11-19,P007,Yoga Mat,56
2026-11-19,P007,Yoga Mat,49
2026-11-19,P007,Yoga Mat,53
2026-11-19,P008,Coffee Maker,37
2026-11-19,P008,Coffee Maker,38
2026-11-19,P008,Coffee Maker,55
2026-11-19,P008,Coffee Maker,58
2026-11-20,P001,Wireless Mouse,52
2026-11-20,P001,Wireless Mouse,56
2026-11-20,P001,Wireless Mouse,55
2026-11-20,P001,Wireless Mouse,34
2026-11-20,P002,Bluetooth Speaker,30
2026-11-20,P002,Bluetooth Speaker,31
2026-11-20,P002,Bluetooth Speaker,60
2026-11-20,P002,Bluetooth Speaker,29
2026-11-20,P003,Office Chair,35
2026-11-20,P003,Office Chair,52
2026-11-20,P003,Office Chair,42
2026-11-20,P003,Office Chair,50
2026-11-20,P004,Notebook Pack,48
2026-11-20,P004,Notebook Pack,31
2026-11-20,P004,Notebook Pack,28
2026-11-20,P004,Notebook Pack,45
2026-11-20,P005,LED Desk Lamp,43
2026-11-20,P005,LED Desk Lamp,38
2026-11-20,P005,LED Desk Lamp,47
2026-11-20,P005,LED Desk Lamp,34
2026-11-20,P006,Running Shoes,44
2026-11-20,P006,Running Shoes,46
2026-11-20,P006,Running Shoes,40
2026-11-20,P006,Running Shoes,55
2026-11-20,P007,Yoga Mat,35
2026-11-20,P007,Yoga Mat,52
2026-11-20,P007,Yoga Mat,67
2026-11-20,P007,Yoga Mat,48
2026-11-20,P008,Coffee Maker,48
2026-11-20,P008,Coffee Maker,48
2026-11-20,P008,Coffee Maker,42
2026-11-20,P008,Coffee Maker,48
2026-11-21,P001,Wireless Mouse,51
2026-11-21,P001,Wireless Mouse,55
2026-11-21,P001,Wireless Mouse,48
2026-11-21,P001,Wireless Mouse,42
2026-11-21,P002,Bluetooth Speaker,43
2026-11-21,P002,Bluetooth Speaker,38
2026-11-21,P002,Bluetooth Speaker,39
2026-11-21,P002,Bluetooth Speaker,25
2026-11-21,P003,Office Chair,59
2026-11-21,P003,Office Chair,44
2026-11-21,P003,Office Chair,56
2026-11-21,P003,Office Chair,27
2026-11-21,P004,Notebook Pack,48
2026-11-21,P004,Notebook Pack,28
2026-11-21,P004,Notebook Pack,46
2026-11-21,P004,Notebook Pack,45
2026-11-21,P005,LED Desk Lamp,39
2026-11-21,P005,LED Desk Lamp,39
2026-11-21,P005,LED Desk Lamp,57
2026-11-21,P005,LED Desk Lamp,42
2026-11-21,P006,Running Shoes,55
2026-11-21,P006,Running Shoes,57
2026-11-21,P006,Running Shoes,36
2026-11-21,P006,Running Shoes,42
2026-11-21,P007,Yoga Mat,34
2026-11-21,P007,Yoga Mat,64
2026-11-21,P007,Yoga Mat,49
2026-11-21,P007,Yoga Mat,52
2026-11-21,P008,Coffee Maker,27
2026-11-21,P008,Coffee Maker,43
2026-11-21,P008,Coffee Maker,72
2026-11-21,P008,Coffee Maker,37
2026-11-22,P001,Wireless Mouse,59
2026-11-22,P001,Wireless Mouse,47
2026-11-22,P001,Wireless Mouse,57
2026-11-22,P001,Wireless Mouse,21
2026-11-22,P002,Bluetooth Speaker,27
2026-11-22,P002,Bluetooth Speaker,34
2026-11-22,P002,Bluetooth Speaker,40
2026-11-22,P002,Bluetooth Speaker,29
2026-11-22,P003,Office Chair,41
2026-11-22,P003,Office Chair,48
2026-11-22,P003,Office Chair,39
2026-11-22,P003,Office Chair,47
2026-11-22,P004,Notebook Pack,41
2026-11-22,P004,Notebook Pack,39
2026-11-22,P004,Notebook Pack,60
2026-11-22,P004,Notebook Pack,35
2026-11-22,P005,LED Desk Lamp,50
2026-11-22,P005,LED Desk Lamp,42
2026-11-22,P005,LED Desk Lamp,39
2026-11-22,P005,LED Desk Lamp,51
2026-11-22,P006,Running Shoes,57
2026-11-22,P006,Running Shoes,44
2026-11-22,P006,Running Shoes,38
2026-11-22,P006,Running Shoes,33
2026-11-22,P007,Yoga Mat,38
2026-11-22,P007,Yoga Mat,42
2026-11-22,P007,Yoga Mat,47
2026-11-22,P007,Yoga Mat,56
2026-11-22,P008,Coffee Maker,45
2026-11-22,P008,Coffee Maker,41
2026-11-22,P008,Coffee Maker,58
2026-11-22,P008,Coffee Maker,55
2026-11-23,P001,Wireless Mouse,38
2026-11-23,P001,Wireless Mouse,42
2026-11-23,P001,Wireless Mouse,53
2026-11-23,P001,Wireless Mouse,48
2026-11-23,P002,Bluetooth Speaker,35
2026-11-23,P002,Bluetooth Speaker,49
2026-11-23,P002,Bluetooth Speaker,40
2026-11-23,P002,Bluetooth Speaker,34
2026-11-23,P003,Office Chair,40
2026-11-23,P003,Office Chair,35
2026-11-23,P003,Office Chair,39
2026-11-23,P003,Office Chair,19
2026-11-23,P004,Notebook Pack,51
2026-11-23,P004,Notebook Pack,42
2026-11-23,P004,Notebook Pack,29
2026-11-23,P004,Notebook Pack,52
2026-11-23,P005,LED Desk Lamp,59
2026-11-23,P005,LED Desk Lamp,28
2026-11-23,P005,LED Desk Lamp,49
2026-11-23,P005,LED Desk Lamp,60
2026-11-23,P006,Running Shoes,45
2026-11-23,P006,Running Shoes,51
2026-11-23,P006,Running Shoes,49
2026-11-23,P006,Running Shoes,35
2026-11-23,P007,Yoga Mat,47
2026-11-23,P007,Yoga Mat,45
2026-11-23,P007,Yoga Mat,53
2026-11-23,P007,Yoga Mat,59
2026-11-23,P008,Coffee Maker,35
2026-11-23,P008,Coffee Maker,38
2026-11-23,P008,Coffee Maker,53
2026-11-23,P008,Coffee Maker,49
2026-11-24,P001,Wireless Mouse,32
2026-11-24,P001,Wireless Mouse,43
2026-11-24,P001,Wireless Mouse,60
2026-11-24,P001,Wireless Mouse,30
2026-11-24,P002,Bluetooth Speaker,31
2026-11-24,P002,Bluetooth Speaker,39
2026-11-24,P002,Bluetooth Speaker,52
2026-11-24,P002,Bluetooth Speaker,38
2026-11-24,P003,Office Chair,48
2026-11-24,P003,Office Chair,43
2026-11-24,P003,Office Chair,45
2026-11-24,P003,Office Chair,32
2026-11-24,P004,Notebook Pack,47
2026-11-24,P004,Notebook Pack,45
2026-11-24,P004,Notebook Pack,41
2026-11-24,P004,Notebook Pack,47
2026-11-24,P005,LED Desk Lamp,49
2026-11-24,P005,LED Desk Lamp,45
2026-11-24,P005,LED Desk Lamp,61
2026-11-24,P005,LED Desk Lamp,23
2026-11-24,P006,Running Shoes,52
2026-11-24,P006,Running Shoes,64
2026-11-24,P006,Running Shoes,48
2026-11-24,P006,Running Shoes,37
2026-11-24,P007,Yoga Mat,30
2026-11-24,P007,Yoga Mat,52
2026-11-24,P007,Yoga Mat,56
2026-11-24,P007,Yoga Mat,61
2026-11-24,P008,Coffee Maker,54
2026-11-24,P008,Coffee Maker,46
2026-11-24,P008,Coffee Maker,26
2026-11-24,P008,Coffee Maker,48
2026-11-25,P001,Wireless Mouse,52
2026-11-25,P001,Wireless Mouse,48
2026-11-25,P001,Wireless Mouse,48
2026-11-25,P001,Wireless Mouse,33
2026-11-25,P002,Bluetooth Speaker,14
2026-11-25,P002,Bluetooth Speaker,41
2026-11-25,P002,Bluetooth Speaker,47
2026-11-25,P002,Bluetooth Speaker,31
2026-11-25,P003,Office Chair,41
2026-11-25,P003,Office Chair,44
2026-11-25,P003,Office Chair,34
2026-11-25,P003,Office Chair,28
2026-11-25,P004,Notebook Pack,50
2026-11-25,P004,Notebook Pack,37
2026-11-25,P004,Notebook Pack,48
2026-11-25,P004,Notebook Pack,38
2026-11-25,P005,LED Desk Lamp,53
2026-11-25,P005,LED Desk Lamp,29
2026-11-25,P005,LED Desk Lamp,49
2026-11-25,P005,LED Desk Lamp,30
2026-11-25,P006,Running Shoes,44
2026-11-25,P006,Running Shoes,38
2026-11-25,P006,Running Shoes,34
2026-11-25,P006,Running Shoes,40
2026-11-25,P007,Yoga Mat,30
2026-11-25,P007,Yoga Mat,43
2026-11-25,P007,Yoga Mat,32
2026-11-25,P007,Yoga Mat,44
2026-11-25,P008,Coffee Maker,34
2026-11-25,P008,Coffee Maker,39
2026-11-25,P008,Coffee Maker,45
2026-11-25,P008,Coffee Maker,33
2026-11-26,P001,Wireless Mouse,29
2026-11-26,P001,Wireless Mouse,46
2026-11-26,P001,Wireless Mouse,43
2026-11-26,P001,Wireless Mouse,42
2026-11-26,P002,Bluetooth Speaker,27
2026-11-26,P002,Bluetooth Speaker,32
2026-11-26,P002,Bluetooth Speaker,53
2026-11-26,P002,Bluetooth Speaker,22
2026-11-26,P003,Office Chair,36
2026-11-26,P003,Office Chair,48
2026-11-26,P003,Office Chair,49
2026-11-26,P003,Office Chair,36
2026-11-26,P004,Notebook Pack,44
2026-11-26,P004,Notebook Pack,33
2026-11-26,P004,Notebook Pack,18
2026-11-26,P004,Notebook Pack,59
2026-11-26,P005,LED Desk Lamp,38
2026-11-26,P005,LED Desk Lamp,38
2026-11-26,P005,LED Desk Lamp,46
2026-11-26,P005,LED Desk Lamp,54
2026-11-26,P006,Running Shoes,50
2026-11-26,P006,Running Shoes,41
2026-11-26,P006,Running Shoes,50
2026-11-26,P006,Running Shoes,38
2026-11-26,P007,Yoga Mat,31
2026-11-26,P007,Yoga Mat,56
2026-11-26,P007,Yoga Mat,49
2026-11-26,P007,Yoga Mat,53
2026-11-26,P008,Coffee Maker,37
2026-11-26,P008,Coffee Maker,38
2026-11-26,P008,Coffee Maker,54
2026-11-26,P008,Coffee Maker,58
2026-11-27,P001,Wireless Mouse,52
2026-11-27,P001,Wireless Mouse,57
2026-11-27,P001,Wireless Mouse,55
2026-11-27,P001,Wireless Mouse,34
2026-11-27,P002,Bluetooth Speaker,30
2026-11-27,P002,Bluetooth Speaker,31
2026-11-27,P002,Bluetooth Speaker,60
2026-11-27,P002,Bluetooth Speaker,28
2026-11-27,P003,Office Chair,35
2026-11-27,P003,Office Chair,51
2026-11-27,P003,Office Chair,42
2026-11-27,P003,Office Chair,50
2026-11-27,P004,Notebook Pack,48
2026-11-27,P004,Notebook Pack,31
2026-11-27,P004,Notebook Pack,28
2026-11-27,P004,Notebook Pack,45
2026-11-27,P005,LED Desk Lamp,43
2026-11-27,P005,LED Desk Lamp,38
2026-11-27,P005,LED Desk Lamp,47
2026-11-27,P005,LED Desk Lamp,34
2026-11-27,P006,Running Shoes,44
2026-11-27,P006,Running Shoes,46
2026-11-27,P006,Running Shoes,40
2026-11-27,P006,Running Shoes,55
2026-11-27,P007,Yoga Mat,35
2026-11-27,P007,Yoga Mat,52
2026-11-27,P007,Yoga Mat,67
2026-11-27,P007,Yoga Mat,48
2026-11-27,P008,Coffee Maker,48
2026-11-27,P008,Coffee Maker,48
2026-11-27,P008,Coffee Maker,42
2026-11-27,P008,Coffee Maker,48
2026-11-28,P001,Wireless Mouse,51
2026-11-28,P001,Wireless Mouse,55
2026-11-28,P001,Wireless Mouse,48
2026-11-28,P001,Wireless Mouse,41
2026-11-28,P002,Bluetooth Speaker,43
2026-11-28,P002,Bluetooth Speaker,38
2026-11-28,P002,Bluetooth Speaker,39
2026-11-28,P002,Bluetooth Speaker,25
2026-11-28,P003,Office Chair,59
2026-11-28,P003,Office Chair,44
2026-11-28,P003,Office Chair,56
2026-11-28,P003,Office Chair,27
2026-11-28,P004,Notebook Pack,48
2026-11-28,P004,Notebook Pack,28
2026-11-28,P004,Notebook Pack,46
2026-11-28,P004,Notebook Pack,44
2026-11-28,P005,LED Desk Lamp,39
2026-11-28,P005,LED Desk Lamp,39
2026-11-28,P005,LED Desk Lamp,57
2026-11-28,P005,LED Desk Lamp,42
2026-11-28,P006,Running Shoes,55
2026-11-28,P006,Running Shoes,57
2026-11-28,P006,Running Shoes,36
2026-11-28,P006,Running Shoes,42
2026-11-28,P007,Yoga Mat,34
2026-11-28,P007,Yoga Mat,64
2026-11-28,P007,Yoga Mat,49
2026-11-28,P007,Yoga Mat,52
2026-11-28,P008,Coffee Maker,27
2026-11-28,P008,Coffee Maker,43
2026-11-28,P008,Coffee Maker,72
2026-11-28,P008,Coffee Maker,37
2026-11-29,P001,Wireless Mouse,59
2026-11-29,P001,Wireless Mouse,47
2026-11-29,P001,Wireless Mouse,57
2026-11-29,P001,Wireless Mouse,21
2026-11-29,P002,Bluetooth Speaker,27
2026-11-29,P002,Bluetooth Speaker,33
2026-11-29,P002,Bluetooth Speaker,40
2026-11-29,P002,Bluetooth Speaker,29
2026-11-29,P003,Office Chair,41
2026-11-29,P003,Office Chair,48
2026-11-29,P003,Office Chair,39
2026-11-29,P003,Office Chair,47
2026-11-29,P004,Notebook Pack,41
2026-11-29,P004,Notebook Pack,39
2026-11-29,P004,Notebook Pack,59
2026-11-29,P004,Notebook Pack,35
2026-11-29,P005,LED Desk Lamp,50
2026-11-29,P005,LED Desk Lamp,42
2026-11-29,P005,LED Desk Lamp,38
2026-11-29,P005,LED Desk Lamp,51
2026-11-29,P006,Running Shoes,57
2026-11-29,P006,Running Shoes,44
2026-11-29,P006,Running Shoes,38
2026-11-29,P006,Running Shoes,33
2026-11-29,P007,Yoga Mat,38
2026-11-29,P007,Yoga Mat,42
2026-11-29,P007,Yoga Mat,47
2026-11-29,P007,Yoga Mat,57
2026-11-29,P008,Coffee Maker,45
2026-11-29,P008,Coffee Maker,41
2026-11-29,P008,Coffee Maker,58
2026-11-29,P008,Coffee Maker,55
2026-11-30,P001,Wireless Mouse,38
2026-11-30,P001,Wireless Mouse,42
2026-11-30,P001,Wireless Mouse,53
2026-11-30,P001,Wireless Mouse,48
2026-11-30,P002,Bluetooth Speaker,35
2026-11-30,P002,Bluetooth Speaker,48
2026-11-30,P002,Bluetooth Speaker,40
2026-11-30,P002,Bluetooth Speaker,34
2026-11-30,P003,Office Chair,40
2026-11-30,P003,Office Chair,35
2026-11-30,P003,Office Chair,39
2026-11-30,P003,Office Chair,19
2026-11-30,P004,Notebook Pack,52
2026-11-30,P004,Notebook Pack,42
2026-11-30,P004,Notebook Pack,29
2026-11-30,P004,Notebook Pack,52
2026-11-30,P005,LED Desk Lamp,58
2026-11-30,P005,LED Desk Lamp,28
2026-11-30,P005,LED Desk Lamp,49
2026-11-30,P005,LED Desk Lamp,60
2026-11-30,P006,Running Shoes,45
2026-11-30,P006,Running Shoes,51
2026-11-30,P006,Running Shoes,49
2026-11-30,P006,Running Shoes,35
2026-11-30,P007,Yoga Mat,48
2026-11-30,P007,Yoga Mat,45
2026-11-30,P007,Yoga Mat,53
2026-11-30,P007,Yoga Mat,59
2026-11-30,P008,Coffee Maker,35
2026-11-30,P008,Coffee Maker,37
2026-11-30,P008,Coffee Maker,53
2026-11-30,P008,Coffee Maker,50
2026-12-01,P001,Wireless Mouse,32
2026-12-01,P001,Wireless Mouse,43
2026-12-01,P001,Wireless Mouse,60
2026-12-01,P001,Wireless Mouse,30
2026-12-01,P002,Bluetooth Speaker,30
2026-12-01,P002,Bluetooth Speaker,39
2026-12-01,P002,Bluetooth Speaker,52
2026-12-01,P002,Bluetooth Speaker,38
2026-12-01,P003,Office Chair,48
2026-12-01,P003,Office Chair,43
2026-12-01,P003,Office Chair,45
2026-12-01,P003,Office Chair,32
2026-12-01,P004,Notebook Pack,47
2026-12-01,P004,Notebook Pack,45
2026-12-01,P004,Notebook Pack,41
2026-12-01,P004,Notebook Pack,47
2026-12-01,P005,LED Desk Lamp,49
2026-12-01,P005,LED Desk Lamp,45
2026-12-01,P005,LED Desk Lamp,61
2026-12-01,P005,LED Desk Lamp,23
2026-12-01,P006,Running Shoes,52
2026-12-01,P006,Running Shoes,64
2026-12-01,P006,Running Shoes,48
2026-12-01,P006,Running Shoes,37
2026-12-01,P007,Yoga Mat,30
2026-12-01,P007,Yoga Mat,52
2026-12-01,P007,Yoga Mat,56
2026-12-01,P007,Yoga Mat,61
2026-12-01,P008,Coffee Maker,54
2026-12-01,P008,Coffee Maker,46
2026-12-01,P008,Coffee Maker,26
2026-12-01,P008,Coffee Maker,48
2026-12-02,P001,Wireless Mouse,52
2026-12-02,P001,Wireless Mouse,48
2026-12-02,P001,Wireless Mouse,48
2026-12-02,P001,Wireless Mouse,33
2026-12-02,P002,Bluetooth Speaker,14
2026-12-02,P002,Bluetooth Speaker,40
2026-12-02,P002,Bluetooth Speaker,47
2026-12-02,P002,Bluetooth Speaker,31
2026-12-02,P003,Office Chair,41
2026-12-02,P003,Office Chair,44
2026-12-02,P003,Office Chair,34
2026-12-02,P003,Office Chair,28
2026-12-02,P004,Notebook Pack,50
2026-12-02,P004,Notebook Pack,37
2026-12-02,P004,Notebook Pack,48
2026-12-02,P004,Notebook Pack,38
2026-12-02,P005,LED Desk Lamp,53
2026-12-02,P005,LED Desk Lamp,29
2026-12-02,P005,LED Desk Lamp,49
2026-12-02,P005,LED Desk Lamp,29
2026-12-02,P006,Running Shoes,44
2026-12-02,P006,Running Shoes,38
2026-12-02,P006,Running Shoes,34
2026-12-02,P006,Running Shoes,40
2026-12-02,P007,Yoga Mat,30
2026-12-02,P007,Yoga Mat,43
2026-12-02,P007,Yoga Mat,32
2026-12-02,P007,Yoga Mat,44
2026-12-02,P008,Coffee Maker,34
2026-12-02,P008,Coffee Maker,39
2026-12-02,P008,Coffee Maker,45
2026-12-02,P008,Coffee Maker,34
2026-12-03,P001,Wireless Mouse,29
2026-12-03,P001,Wireless Mouse,46
2026-12-03,P001,Wireless Mouse,43
2026-12-03,P001,Wireless Mouse,41
2026-12-03,P002,Bluetooth Speaker,27
2026-12-03,P002,Bluetooth Speaker,32
2026-12-03,P002,Bluetooth Speaker,53
2026-12-03,P002,Bluetooth Speaker,22
2026-12-03,P003,Office Chair,36
2026-12-03,P003,Office Chair,48
2026-12-03,P003,Office Chair,49
2026-12-03,P003,Office Chair,36
2026-12-03,P004,Notebook Pack,44
2026-12-03,P004,Notebook Pack,33
2026-12-03,P004,Notebook Pack,18
2026-12-03,P004,Notebook Pack,59
2026-12-03,P005,LED Desk Lamp,38
2026-12-03,P005,LED Desk Lamp,38
2026-12-03,P005,LED Desk Lamp,46
2026-12-03,P005,LED Desk Lamp,54
2026-12-03,P006,Running Shoes,50
2026-12-03,P006,Running Shoes,41
2026-12-03,P006,Running Shoes,50
2026-12-03,P006,Running Shoes,38
2026-12-03,P007,Yoga Mat,31
2026-12-03,P007,Yoga Mat,56
2026-12-03,P007,Yoga Mat,49
2026-12-03,P007,Yoga Mat,53
2026-12-03,P008,Coffee Maker,37
2026-12-03,P008,Coffee Maker,38
2026-12-03,P008,Coffee Maker,54
2026-12-03,P008,Coffee Maker,59
2026-12-04,P001,Wireless Mouse,52
2026-12-04,P001,Wireless Mouse,57
2026-12-04,P001,Wireless Mouse,55
2026-12-04,P001,Wireless Mouse,33
2026-12-04,P002,Bluetooth Speaker,30
2026-12-04,P002,Bluetooth Speaker,31
2026-12-04,P002,Bluetooth Speaker,60
2026-12-04,P002,Bluetooth Speaker,28
2026-12-04,P003,Office Chair,35
2026-12-04,P003,Office Chair,51
2026-12-04,P003,Office Chair,42
2026-12-04,P003,Office Chair,50
2026-12-04,P004,Notebook Pack,48
2026-12-04,P004,Notebook Pack,31
2026-12-04,P004,Notebook Pack,27
2026-12-04,P004,Notebook Pack,45
2026-12-04,P005,LED Desk Lamp,43
2026-12-04,P005,LED Desk Lamp,38
2026-12-04,P005,LED Desk Lamp,47
2026-12-04,P005,LED Desk Lamp,34
2026-12-04,P006,Running Shoes,44
2026-12-04,P006,Running Shoes,45
2026-12-04,P006,Running Shoes,40
2026-12-04,P006,Running Shoes,56
2026-12-04,P007,Yoga Mat,35
2026-12-04,P007,Yoga Mat,52
2026-12-04,P007,Yoga Mat,67
2026-12-04,P007,Yoga Mat,48
2026-12-04,P008,Coffee Maker,48
2026-12-04,P008,Coffee Maker,48
2026-12-04,P008,Coffee Maker,42
2026-12-04,P008,Coffee Maker,48
2026-12-05,P001,Wireless Mouse,51
2026-12-05,P001,Wireless Mouse,55
2026-12-05,P001,Wireless Mouse,48
2026-12-05,P001,Wireless Mouse,41
2026-12-05,P002,Bluetooth Speaker,42
2026-12-05,P002,Bluetooth Speaker,37
2026-12-05,P002,Bluetooth Speaker,39
2026-12-05,P002,Bluetooth Speaker,25
2026-12-05,P003,Office Chair,59
2026-12-05,P003,Office Chair,44
2026-12-05,P003,Office Chair,56
2026-12-05,P003,Office Chair,27
2026-12-05,P004,Notebook Pack,48
2026-12-05,P004,Notebook Pack,28
2026-12-05,P004,Notebook Pack,46
2026-12-05,P004,Notebook Pack,44
2026-12-05,P005,LED Desk Lamp,39
2026-12-05,P005,LED Desk Lamp,39
2026-12-05,P005,LED Desk Lamp,57
2026-12-05,P005,LED Desk Lamp,42
2026-12-05,P006,Running Shoes,55
2026-12-05,P006,Running Shoes,57
2026-12-05,P006,Running Shoes,36
2026-12-05,P006,Running Shoes,43
2026-12-05,P007,Yoga Mat,34
2026-12-05,P007,Yoga Mat,64
2026-12-05,P007,Yoga Mat,49
2026-12-05,P007,Yoga Mat,53
2026-12-05,P008,Coffee Maker,27
2026-12-05,P008,Coffee Maker,43
2026-12-05,P008,Coffee Maker,72
2026-12-05,P008,Coffee Maker,37
2026-12-06,P001,Wireless Mouse,59
2026-12-06,P001,Wireless Mouse,48
2026-12-06,P001,Wireless Mouse,57
2026-12-06,P001,Wireless Mouse,21
2026-12-06,P002,Bluetooth Speaker,27
2026-12-06,P002,Bluetooth Speaker,33
2026-12-06,P002,Bluetooth Speaker,40
2026-12-06,P002,Bluetooth Speaker,28
2026-12-06,P003,Office Chair,41
2026-12-06,P003,Office Chair,47
2026-12-06,P003,Office Chair,39
2026-12-06,P003,Office Chair,47
2026-12-06,P004,Notebook Pack,41
2026-12-06,P004,Notebook Pack,39
2026-12-06,P004,Notebook Pack,59
2026-12-06,P004,Notebook Pack,35
2026-12-06,P005,LED Desk Lamp,50
2026-12-06,P005,LED Desk Lamp,42
2026-12-06,P005,LED Desk Lamp,38
2026-12-06,P005,LED Desk Lamp,51
2026-12-06,P006,Running Shoes,57
2026-12-06,P006,Running Shoes,43
2026-12-06,P006,Running Shoes,38
2026-12-06,P006,Running Shoes,33
2026-12-06,P007,Yoga Mat,38
2026-12-06,P007,Yoga Mat,42
2026-12-06,P007,Yoga Mat,47
2026-12-06,P007,Yoga Mat,57
2026-12-06,P008,Coffee Maker,45
2026-12-06,P008,Coffee Maker,41
2026-12-06,P008,Coffee Maker,58
2026-12-06,P008,Coffee Maker,55
2026-12-07,P001,Wireless Mouse,38
2026-12-07,P001,Wireless Mouse,42
2026-12-07,P001,Wireless Mouse,53
2026-12-07,P001,Wireless Mouse,48
2026-12-07,P002,Bluetooth Speaker,35
2026-12-07,P002,Bluetooth Speaker,48
2026-12-07,P002,Bluetooth Speaker,40
2026-12-07,P002,Bluetooth Speaker,34
2026-12-07,P003,Office Chair,40
2026-12-07,P003,Office Chair,35
2026-12-07,P003,Office Chair,39
2026-12-07,P003,Office Chair,19
2026-12-07,P004,Notebook Pack,52
2026-12-07,P004,Notebook Pack,42
2026-12-07,P004,Notebook Pack,29
2026-12-07,P004,Notebook Pack,52
2026-12-07,P005,LED Desk Lamp,58
2026-12-07,P005,LED Desk Lamp,28
2026-12-07,P005,LED Desk Lamp,49
2026-12-07,P005,LED Desk Lamp,60
2026-12-07,P006,Running Shoes,45
2026-12-07,P006,Running Shoes,51
2026-12-07,P006,Running Shoes,49
2026-12-07,P006,Running Shoes,35
2026-12-07,P007,Yoga Mat,48
2026-12-07,P007,Yoga Mat,45
2026-12-07,P007,Yoga Mat,53
2026-12-07,P007,Yoga Mat,59
2026-12-07,P008,Coffee Maker,35
2026-12-07,P008,Coffee Maker,37
2026-12-07,P008,Coffee Maker,53
2026-12-07,P008,Coffee Maker,50
2026-12-08,P001,Wireless Mouse,33
2026-12-08,P001,Wireless Mouse,43
2026-12-08,P001,Wireless Mouse,60
2026-12-08,P001,Wireless Mouse,30
2026-12-08,P002,Bluetooth Speaker,30
2026-12-08,P002,Bluetooth Speaker,39
2026-12-08,P002,Bluetooth Speaker,52
2026-12-08,P002,Bluetooth Speaker,37
2026-12-08,P003,Office Chair,48
2026-12-08,P003,Office Chair,43
2026-12-08,P003,Office Chair,45
2026-12-08,P003,Office Chair,32
2026-12-08,P004,Notebook Pack,47
2026-12-08,P004,Notebook Pack,45
2026-12-08,P004,Notebook Pack,41
2026-12-08,P004,Notebook Pack,46
2026-12-08,P005,LED Desk Lamp,49
2026-12-08,P005,LED Desk Lamp,45
2026-12-08,P005,LED Desk Lamp,61
2026-12-08,P005,LED Desk Lamp,23
2026-12-08,P006,Running Shoes,52
2026-12-08,P006,Running Shoes,64
2026-12-08,P006,Running Shoes,48
2026-12-08,P006,Running Shoes,37
2026-12-08,P007,Yoga Mat,30
2026-12-08,P007,Yoga Mat,52
2026-12-08,P007,Yoga Mat,56
2026-12-08,P007,Yoga Mat,61
2026-12-08,P008,Coffee Maker,54
2026-12-08,P008,Coffee Maker,46
2026-12-08,P008,Coffee Maker,26
2026-12-08,P008,Coffee Maker,48
2026-12-09,P001,Wireless Mouse,52
2026-12-09,P001,Wireless Mouse,48
2026-12-09,P001,Wireless Mouse,48
2026-12-09,P001,Wireless Mouse,33
2026-12-09,P002,Bluetooth Speaker,14
2026-12-09,P002,Bluetooth Speaker,40
2026-12-09,P002,Bluetooth Speaker,47
2026-12-09,P002,Bluetooth Speaker,31
2026-12-09,P003,Office Chair,41
2026-12-09,P003,Office Chair,44
2026-12-09,P003,Office Chair,34
2026-12-09,P003,Office Chair,28
2026-12-09,P004,Notebook Pack,50
2026-12-09,P004,Notebook Pack,37
2026-12-09,P004,Notebook Pack,48
2026-12-09,P004,Notebook Pack,38
2026-12-09,P005,LED Desk Lamp,53
2026-12-09,P005,LED Desk Lamp,29
2026-12-09,P005,LED Desk Lamp,49
2026-12-09,P005,LED Desk Lamp,29
2026-12-09,P006,Running Shoes,44
2026-12-09,P006,Running Shoes,38
2026-12-09,P006,Running Shoes,34
2026-12-09,P006,Running Shoes,40
2026-12-09,P007,Yoga Mat,30
2026-12-09,P007,Yoga Mat,43
2026-12-09,P007,Yoga Mat,32
2026-12-09,P007,Yoga Mat,44
2026-12-09,P008,Coffee Maker,34
2026-12-09,P008,Coffee Maker,38
2026-12-09,P008,Coffee Maker,45
2026-12-09,P008,Coffee Maker,34
2026-12-10,P001,Wireless Mouse,29
2026-12-10,P001,Wireless Mouse,46
2026-12-10,P001,Wireless Mouse,43
2026-12-10,P001,Wireless Mouse,41
2026-12-10,P002,Bluetooth Speaker,26
2026-12-10,P002,Bluetooth Speaker,32
2026-12-10,P002,Bluetooth Speaker,53
2026-12-10,P002,Bluetooth Speaker,21
2026-12-10,P003,Office Chair,36
2026-12-10,P003,Office Chair,48
2026-12-10,P003,Office Chair,49
2026-12-10,P003,Office Chair,36
2026-12-10,P004,Notebook Pack,44
2026-12-10,P004,Notebook Pack,33
2026-12-10,P004,Notebook Pack,18
2026-12-10,P004,Notebook Pack,59
2026-12-10,P005,LED Desk Lamp,38
2026-12-10,P005,LED Desk Lamp,38
2026-12-10,P005,LED Desk Lamp,46
2026-12-10,P005,LED Desk Lamp,53
2026-12-10,P006,Running Shoes,50
2026-12-10,P006,Running Shoes,41
2026-12-10,P006,Running Shoes,50
2026-12-10,P006,Running Shoes,38
2026-12-10,P007,Yoga Mat,31
2026-12-10,P007,Yoga Mat,56
2026-12-10,P007,Yoga Mat,50
2026-12-10,P007,Yoga Mat,54
2026-12-10,P008,Coffee Maker,37
2026-12-10,P008,Coffee Maker,38
2026-12-10,P008,Coffee Maker,54
2026-12-10,P008,Coffee Maker,59
2026-12-11,P001,Wireless Mouse,52
2026-12-11,P001,Wireless Mouse,57
2026-12-11,P001,Wireless Mouse,55
2026-12-11,P001,Wireless Mouse,33
2026-12-11,P002,Bluetooth Speaker,30
2026-12-11,P002,Bluetooth Speaker,30
2026-12-11,P002,Bluetooth Speaker,60
2026-12-11,P002,Bluetooth Speaker,28
2026-12-11,P003,Office Chair,35
2026-12-11,P003,Office Chair,51
2026-12-11,P003,Office Chair,42
2026-12-11,P003,Office Chair,50
2026-12-11,P004,Notebook Pack,48
2026-12-11,P004,Notebook Pack,31
2026-12-11,P004,Notebook Pack,27
2026-12-11,P004,Notebook Pack,45
2026-12-11,P005,LED Desk Lamp,43
2026-12-11,P005,LED Desk Lamp,38
2026-12-11,P005,LED Desk Lamp,47
2026-12-11,P005,LED Desk Lamp,34
2026-12-11,P006,Running Shoes,44
2026-12-11,P006,Running Shoes,45
2026-12-11,P006,Running Shoes,40
2026-12-11,P006,Running Shoes,56
2026-12-11,P007,Yoga Mat,35
2026-12-11,P007,Yoga Mat,52
2026-12-11,P007,Yoga Mat,67
2026-12-11,P007,Yoga Mat,49
2026-12-11,P008,Coffee Maker,48
2026-12-11,P008,Coffee Maker,48
2026-12-11,P008,Coffee Maker,41
2026-12-11,P008,Coffee Maker,48
2026-12-12,P001,Wireless Mouse,51
2026-12-12,P001,Wireless Mouse,55
2026-12-12,P001,Wireless Mouse,48
2026-12-12,P001,Wireless Mouse,41
2026-12-12,P002,Bluetooth Speaker,42
2026-12-12,P002,Bluetooth Speaker,37
2026-12-12,P002,Bluetooth Speaker,40
2026-12-12,P002,Bluetooth Speaker,25
2026-12-12,P003,Office Chair,58
2026-12-12,P003,Office Chair,44
2026-12-12,P003,Office Chair,56
2026-12-12,P003,Office Chair,27
2026-12-12,P004,Notebook Pack,48
2026-12-12,P004,Notebook Pack,28
2026-12-12,P004,Notebook Pack,45
2026-12-12,P004,Notebook Pack,44
2026-12-12,P005,LED Desk Lamp,39
2026-12-12,P005,LED Desk Lamp,38
2026-12-12,P005,LED Desk Lamp,56
2026-12-12,P005,LED Desk Lamp,42
2026-12-12,P006,Running Shoes,55
2026-12-12,P006,Running Shoes,57
2026-12-12,P006,Running Shoes,36
2026-12-12,P006,Running Shoes,43
2026-12-12,P007,Yoga Mat,35
2026-12-12,P007,Yoga Mat,64
2026-12-12,P007,Yoga Mat,49
2026-12-12,P007,Yoga Mat,53
2026-12-12,P008,Coffee Maker,27
2026-12-12,P008,Coffee Maker,43
2026-12-12,P008,Coffee Maker,72
2026-12-12,P008,Coffee Maker,37
2026-12-13,P001,Wireless Mouse,59
2026-12-13,P001,Wireless Mouse,48
2026-12-13,P001,Wireless Mouse,57
2026-12-13,P001,Wireless Mouse,20
2026-12-13,P002,Bluetooth Speaker,26
2026-12-13,P002,Bluetooth Speaker,33
2026-12-13,P002,Bluetooth Speaker,40
2026-12-13,P002,Bluetooth Speaker,28
2026-12-13,P003,Office Chair,41
2026-12-13,P003,Office Chair,47
2026-12-13,P003,Office Chair,39
2026-12-13,P003,Office Chair,47
2026-12-13,P004,Notebook Pack,41
2026-12-13,P004,Notebook Pack,39
2026-12-13,P004,Notebook Pack,59
2026-12-13,P004,Notebook Pack,35
2026-12-13,P005,LED Desk Lamp,50
2026-12-13,P005,LED Desk Lamp,41
2026-12-13,P005,LED Desk Lamp,38
2026-12-13,P005,LED Desk Lamp,51
2026-12-13,P006,Running Shoes,57
2026-12-13,P006,Running Shoes,43
2026-12-13,P006,Running Shoes,38
2026-12-13,P006,Running Shoes,33
2026-12-13,P007,Yoga Mat,38
2026-12-13,P007,Yoga Mat,42
2026-12-13,P007,Yoga Mat,47
2026-12-13,P007,Yoga Mat,57
2026-12-13,P008,Coffee Maker,45
2026-12-13,P008,Coffee Maker,40
2026-12-13,P008,Coffee Maker,58
2026-12-13,P008,Coffee Maker,56
2026-12-14,P001,Wireless Mouse,38
2026-12-14,P001,Wireless Mouse,42
2026-12-14,P001,Wireless Mouse,53
2026-12-14,P001,Wireless Mouse,48
2026-12-14,P002,Bluetooth Speaker,35
2026-12-14,P002,Bluetooth Speaker,48
2026-12-14,P002,Bluetooth Speaker,40
2026-12-14,P002,Bluetooth Speaker,34
2026-12-14,P003,Office Chair,40
2026-12-14,P003,Office Chair,35
2026-12-14,P003,Office Chair,39
2026-12-14,P003,Office Chair,19
2026-12-14,P004,Notebook Pack,52
2026-12-14,P004,Notebook Pack,42
2026-12-14,P004,Notebook Pack,29
2026-12-14,P004,Notebook Pack,52
2026-12-14,P005,LED Desk Lamp,58
2026-12-14,P005,LED Desk Lamp,28
2026-12-14,P005,LED Desk Lamp,49
2026-12-14,P005,LED Desk Lamp,59
2026-12-14,P006,Running Shoes,45
2026-12-14,P006,Running Shoes,51
2026-12-14,P006,Running Shoes,49
2026-12-14,P006,Running Shoes,35
2026-12-14,P007,Yoga Mat,48
2026-12-14,P007,Yoga Mat,46
2026-12-14,P007,Yoga Mat,53
2026-12-14,P007,Yoga Mat,59
2026-12-14,P008,Coffee Maker,35
2026-12-14,P008,Coffee Maker,37
2026-12-14,P008,Coffee Maker,53
2026-12-14,P008,Coffee Maker,50
2026-12-15,P001,Wireless Mouse,33
2026-12-15,P001,Wireless Mouse,43
2026-12-15,P001,Wireless Mouse,60
2026-12-15,P001,Wireless Mouse,29
2026-12-15,P002,Bluetooth Speaker,30
2026-12-15,P002,Bluetooth Speaker,39
2026-12-15,P002,Bluetooth Speaker,52
2026-12-15,P002,Bluetooth Speaker,37
2026-12-15,P003,Office Chair,47
2026-12-15,P003,Office Chair,43
2026-12-15,P003,Office Chair,45
2026-12-15,P003,Office Chair,32
2026-12-15,P004,Notebook Pack,47
2026-12-15,P004,Notebook Pack,45
2026-12-15,P004,Notebook Pack,41
2026-12-15,P004,Notebook Pack,46
2026-12-15,P005,LED Desk Lamp,48
2026-12-15,P005,LED Desk Lamp,45
2026-12-15,P005,LED Desk Lamp,61
2026-12-15,P005,LED Desk Lamp,23
2026-12-15,P006,Running Shoes,52
2026-12-15,P006,Running Shoes,63
2026-12-15,P006,Running Shoes,48
2026-12-15,P006,Running Shoes,37
2026-12-15,P007,Yoga Mat,30
2026-12-15,P007,Yoga Mat,52
2026-12-15,P007,Yoga Mat,56
2026-12-15,P007,Yoga Mat,61
2026-12-15,P008,Coffee Maker,54
2026-12-15,P008,Coffee Maker,46
2026-12-15,P008,Coffee Maker,26
2026-12-15,P008,Coffee Maker,48
2026-12-16,P001,Wireless Mouse,53
2026-12-16,P001,Wireless Mouse,48
2026-12-16,P001,Wireless Mouse,47
2026-12-16,P001,Wireless Mouse,33
2026-12-16,P002,Bluetooth Speaker,14
2026-12-16,P002,Bluetooth Speaker,40
2026-12-16,P002,Bluetooth Speaker,47
2026-12-16,P002,Bluetooth Speaker,31
2026-12-16,P003,Office Chair,40
2026-12-16,P003,Office Chair,44
2026-12-16,P003,Office Chair,34
2026-12-16,P003,Office Chair,28
2026-12-16,P004,Notebook Pack,50
2026-12-16,P004,Notebook Pack,37
2026-12-16,P004,Notebook Pack,48
2026-12-16,P004,Notebook Pack,38
2026-12-16,P005,LED Desk Lamp,53
2026-12-16,P005,LED Desk Lamp,29
2026-12-16,P005,LED Desk Lamp,49
2026-12-16,P005,LED Desk Lamp,29
2026-12-16,P006,Running Shoes,44
2026-12-16,P006,Running Shoes,38
2026-12-16,P006,Running Shoes,34
2026-12-16,P006,Running Shoes,40
2026-12-16,P007,Yoga Mat,30
2026-12-16,P007,Yoga Mat,43
2026-12-16,P007,Yoga Mat,32
2026-12-16,P007,Yoga Mat,44
2026-12-16,P008,Coffee Maker,34
2026-12-16,P008,Coffee Maker,38
2026-12-16,P008,Coffee Maker,45
2026-12-16,P008,Coffee Maker,34
2026-12-17,P001,Wireless Mouse,29
2026-12-17,P001,Wireless Mouse,46
2026-12-17,P001,Wireless Mouse,43
2026-12-17,P001,Wireless Mouse,41
2026-12-17,P002,Bluetooth Speaker,26
2026-12-17,P002,Bluetooth Speaker,32
2026-12-17,P002,Bluetooth Speaker,53
2026-12-17,P002,Bluetooth Speaker,21
2026-12-17,P003,Office Chair,36
2026-12-17,P003,Office Chair,48
2026-12-17,P003,Office Chair,49
2026-12-17,P003,Office Chair,36
2026-12-17,P004,Notebook Pack,44
2026-12-17,P004,Notebook Pack,33
2026-12-17,P004,Notebook Pack,18
2026-12-17,P004,Notebook Pack,59
2026-12-17,P005,LED Desk Lamp,37
2026-12-17,P005,LED Desk Lamp,37
2026-12-17,P005,LED Desk Lamp,45
2026-12-17,P005,LED Desk Lamp,53
2026-12-17,P006,Running Shoes,50
2026-12-17,P006,Running Shoes,41
2026-12-17,P006,Running Shoes,50
2026-12-17,P006,Running Shoes,38
2026-12-17,P007,Yoga Mat,31
2026-12-17,P007,Yoga Mat,57
2026-12-17,P007,Yoga Mat,50
2026-12-17,P007,Yoga Mat,54
2026-12-17,P008,Coffee Maker,37
2026-12-17,P008,Coffee Maker,38
2026-12-17,P008,Coffee Maker,54
2026-12-17,P008,Coffee Maker,59
2026-12-18,P001,Wireless Mouse,52
2026-12-18,P001,Wireless Mouse,57
2026-12-18,P001,Wireless Mouse,55
2026-12-18,P001,Wireless Mouse,33
2026-12-18,P002,Bluetooth Speaker,30
2026-12-18,P002,Bluetooth Speaker,30
2026-12-18,P002,Bluetooth Speaker,61
2026-12-18,P002,Bluetooth Speaker,28
2026-12-18,P003,Office Chair,35
2026-12-18,P003,Office Chair,51
2026-12-18,P003,Office Chair,42
2026-12-18,P003,Office Chair,50
2026-12-18,P004,Notebook Pack,49
2026-12-18,P004,Notebook Pack,31
2026-12-18,P004,Notebook Pack,27
2026-12-18,P004,Notebook Pack,45
2026-12-18,P005,LED Desk Lamp,43
2026-12-18,P005,LED Desk Lamp,37
2026-12-18,P005,LED Desk Lamp,47
2026-12-18,P005,LED Desk Lamp,34
2026-12-18,P006,Running Shoes,44
2026-12-18,P006,Running Shoes,45
2026-12-18,P006,Running Shoes,40
2026-12-18,P006,Running Shoes,56
2026-12-18,P007,Yoga Mat,35
2026-12-18,P007,Yoga Mat,53
2026-12-18,P007,Yoga Mat,67
2026-12-18,P007,Yoga Mat,49
2026-12-18,P008,Coffee Maker,48
2026-12-18,P008,Coffee Maker,47
2026-12-18,P008,Coffee Maker,41
2026-12-18,P008,Coffee Maker,48
2026-12-19,P001,Wireless Mouse,51
2026-12-19,P001,Wireless Mouse,55
2026-12-19,P001,Wireless Mouse,48
2026-12-19,P001,Wireless Mouse,41
2026-12-19,P002,Bluetooth Speaker,42
2026-12-19,P002,Bluetooth Speaker,37
2026-12-19,P002,Bluetooth Speaker,40
2026-12-19,P002,Bluetooth Speaker,25
2026-12-19,P003,Office Chair,58
2026-12-19,P003,Office Chair,44
2026-12-19,P003,Office Chair,56
2026-12-19,P003,Office Chair,27
2026-12-19,P004,Notebook Pack,48
2026-12-19,P004,Notebook Pack,28
2026-12-19,P004,Notebook Pack,45
2026-12-19,P004,Notebook Pack,44
2026-12-19,P005,LED Desk Lamp,39
2026-12-19,P005,LED Desk Lamp,38
2026-12-19,P005,LED Desk Lamp,56
2026-12-19,P005,LED Desk Lamp,42
2026-12-19,P006,Running Shoes,55
2026-12-19,P006,Running Shoes,57
2026-12-19,P006,Running Shoes,36
2026-12-19,P006,Running Shoes,43
2026-12-19,P007,Yoga Mat,35
2026-12-19,P007,Yoga Mat,64
2026-12-19,P007,Yoga Mat,49
2026-12-19,P007,Yoga Mat,53
2026-12-19,P008,Coffee Maker,27
2026-12-19,P008,Coffee Maker,43
2026-12-19,P008,Coffee Maker,72
2026-12-19,P008,Coffee Maker,37
2026-12-20,P001,Wireless Mouse,59
2026-12-20,P001,Wireless Mouse,48
2026-12-20,P001,Wireless Mouse,57
2026-12-20,P001,Wireless Mouse,20
2026-12-20,P002,Bluetooth Speaker,26
2026-12-20,P002,Bluetooth Speaker,33
2026-12-20,P002,Bluetooth Speaker,40
2026-12-20,P002,Bluetooth Speaker,28
2026-12-20,P003,Office Chair,41
2026-12-20,P003,Office Chair,47
2026-12-20,P003,Office Chair,39
2026-12-20,P003,Office Chair,47
2026-12-20,P004,Notebook Pack,41
2026-12-20,P004,Notebook Pack,39
2026-12-20,P004,Notebook Pack,59
2026-12-20,P004,Notebook Pack,35
2026-12-20,P005,LED Desk Lamp,50
2026-12-20,P005,LED Desk Lamp,41
2026-12-20,P005,LED Desk Lamp,38
2026-12-20,P005,LED Desk Lamp,50
2026-12-20,P006,Running Shoes,57
2026-12-20,P006,Running Shoes,43
2026-12-20,P006,Running Shoes,38
2026-12-20,P006,Running Shoes,33
2026-12-20,P007,Yoga Mat,38
2026-12-20,P007,Yoga Mat,42
2026-12-20,P007,Yoga Mat,47
2026-12-20,P007,Yoga Mat,57
2026-12-20,P008,Coffee Maker,45
2026-12-20,P008,Coffee Maker,40
2026-12-20,P008,Coffee Maker,57
2026-12-20,P008,Coffee Maker,56
2026-12-21,P001,Wireless Mouse,38
2026-12-21,P001,Wireless Mouse,42
2026-12-21,P001,Wireless Mouse,53
2026-12-21,P001,Wireless Mouse,48
2026-12-21,P002,Bluetooth Speaker,34
2026-12-21,P002,Bluetooth Speaker,48
2026-12-21,P002,Bluetooth Speaker,40
2026-12-21,P002,Bluetooth Speaker,34
2026-12-21,P003,Office Chair,39
2026-12-21,P003,Office Chair,35
2026-12-21,P003,Office Chair,39
2026-12-21,P003,Office Chair,18
2026-12-21,P004,Notebook Pack,52
2026-12-21,P004,Notebook Pack,41
2026-12-21,P004,Notebook Pack,29
2026-12-21,P004,Notebook Pack,52
2026-12-21,P005,LED Desk Lamp,58
2026-12-21,P005,LED Desk Lamp,28
2026-12-21,P005,LED Desk Lamp,49
2026-12-21,P005,LED Desk Lamp,59
2026-12-21,P006,Running Shoes,45
2026-12-21,P006,Running Shoes,51
2026-12-21,P006,Running Shoes,48
2026-12-21,P006,Running Shoes,35
2026-12-21,P007,Yoga Mat,48
2026-12-21,P007,Yoga Mat,46
2026-12-21,P007,Yoga Mat,53
2026-12-21,P007,Yoga Mat,60
2026-12-21,P008,Coffee Maker,35
2026-12-21,P008,Coffee Maker,37
2026-12-21,P008,Coffee Maker,53
2026-12-21,P008,Coffee Maker,50
2026-12-22,P001,Wireless Mouse,33
2026-12-22,P001,Wireless Mouse,43
2026-12-22,P001,Wireless Mouse,60
2026-12-22,P001,Wireless Mouse,29
2026-12-22,P002,Bluetooth Speaker,30
2026-12-22,P002,Bluetooth Speaker,39
2026-12-22,P002,Bluetooth Speaker,52
2026-12-22,P002,Bluetooth Speaker,37
2026-12-22,P003,Office Chair,47
2026-12-22,P003,Office Chair,43
2026-12-22,P003,Office Chair,45
2026-12-22,P003,Office Chair,32
2026-12-22,P004,Notebook Pack,47
2026-12-22,P004,Notebook Pack,44
2026-12-22,P004,Notebook Pack,40
2026-12-22,P004,Notebook Pack,46
2026-12-22,P005,LED Desk Lamp,48
2026-12-22,P005,LED Desk Lamp,45
2026-12-22,P005,LED Desk Lamp,61
2026-12-22,P005,LED Desk Lamp,23
2026-12-22,P006,Running Shoes,52
2026-12-22,P006,Running Shoes,63
2026-12-22,P006,Running Shoes,48
2026-12-22,P006,Running Shoes,37
2026-12-22,P007,Yoga Mat,31
2026-12-22,P007,Yoga Mat,52
2026-12-22,P007,Yoga Mat,56
2026-12-22,P007,Yoga Mat,61
2026-12-22,P008,Coffee Maker,54
2026-12-22,P008,Coffee Maker,46
2026-12-22,P008,Coffee Maker,26
2026-12-22,P008,Coffee Maker,48
2026-12-23,P001,Wireless Mouse,53
2026-12-23,P001,Wireless Mouse,48
2026-12-23,P001,Wireless Mouse,47
2026-12-23,P001,Wireless Mouse,32
2026-12-23,P002,Bluetooth Speaker,14
2026-12-23,P002,Bluetooth Speaker,40
2026-12-23,P002,Bluetooth Speaker,48
2026-12-23,P002,Bluetooth Speaker,31
2026-12-23,P003,Office Chair,40
2026-12-23,P003,Office Chair,43
2026-12-23,P003,Office Chair,34
2026-12-23,P003,Office Chair,28
2026-12-23,P004,Notebook Pack,51
2026-12-23,P004,Notebook Pack,37
2026-12-23,P004,Notebook Pack,48
2026-12-23,P004,Notebook Pack,38
2026-12-23,P005,LED Desk Lamp,53
2026-12-23,P005,LED Desk Lamp,29
2026-12-23,P005,LED Desk Lamp,49
2026-12-23,P005,LED Desk Lamp,29
2026-12-23,P006,Running Shoes,44
2026-12-23,P006,Running Shoes,38
2026-12-23,P006,Running Shoes,34
2026-12-23,P006,Running Shoes,40
2026-12-23,P007,Yoga Mat,30
2026-12-23,P007,Yoga Mat,43
2026-12-23,P007,Yoga Mat,32
2026-12-23,P007,Yoga Mat,44
2026-12-23,P008,Coffee Maker,34
2026-12-23,P008,Coffee Maker,38
2026-12-23,P008,Coffee Maker,45
2026-12-23,P008,Coffee Maker,34
2026-12-24,P001,Wireless Mouse,29
2026-12-24,P001,Wireless Mouse,46
2026-12-24,P001,Wireless Mouse,43
2026-12-24,P001,Wireless Mouse,41
2026-12-24,P002,Bluetooth Speaker,26
2026-12-24,P002,Bluetooth Speaker,32
2026-12-24,P002,Bluetooth Speaker,54
2026-12-24,P002,Bluetooth Speaker,21
2026-12-24,P003,Office Chair,36
2026-12-24,P003,Office Chair,48
2026-12-24,P003,Office Chair,49
2026-12-24,P003,Office Chair,35
2026-12-24,P004,Notebook Pack,45
2026-12-24,P004,Notebook Pack,33
2026-12-24,P004,Notebook Pack,18
2026-12-24,P004,Notebook Pack,59
2026-12-24,P005,LED Desk Lamp,37
2026-12-24,P005,LED Desk Lamp,37
2026-12-24,P005,LED Desk Lamp,45
2026-12-24,P005,LED Desk Lamp,53
2026-12-24,P006,Running Shoes,50
2026-12-24,P006,Running Shoes,41
2026-12-24,P006,Running Shoes,50
2026-12-24,P006,Running Shoes,38
2026-12-24,P007,Yoga Mat,31
2026-12-24,P007,Yoga Mat,57
2026-12-24,P007,Yoga Mat,50
2026-12-24,P007,Yoga Mat,54
2026-12-24,P008,Coffee Maker,37
2026-12-24,P008,Coffee Maker,38
2026-12-24,P008,Coffee Maker,54
2026-12-24,P008,Coffee Maker,59
2026-12-25,P001,Wireless Mouse,52
2026-12-25,P001,Wireless Mouse,57
2026-12-25,P001,Wireless Mouse,55
2026-12-25,P001,Wireless Mouse,33
2026-12-25,P002,Bluetooth Speaker,30
2026-12-25,P002,Bluetooth Speaker,30
2026-12-25,P002,Bluetooth Speaker,61
2026-12-25,P002,Bluetooth Speaker,28
2026-12-25,P003,Office Chair,35
2026-12-25,P003,Office Chair,51
2026-12-25,P003,Office Chair,42
2026-12-25,P003,Office Chair,49
2026-12-25,P004,Notebook Pack,49
2026-12-25,P004,Notebook Pack,30
2026-12-25,P004,Notebook Pack,27
2026-12-25,P004,Notebook Pack,45
2026-12-25,P005,LED Desk Lamp,42
2026-12-25,P005,LED Desk Lamp,37
2026-12-25,P005,LED Desk Lamp,47
2026-12-25,P005,LED Desk Lamp,34
2026-12-25,P006,Running Shoes,44
2026-12-25,P006,Running Shoes,45
2026-12-25,P006,Running Shoes,40
2026-12-25,P006,Running Shoes,56
2026-12-25,P007,Yoga Mat,35
2026-12-25,P007,Yoga Mat,53
2026-12-25,P007,Yoga Mat,68
2026-12-25,P007,Yoga Mat,49
2026-12-25,P008,Coffee Maker,48
2026-12-25,P008,Coffee Maker,47
2026-12-25,P008,Coffee Maker,41
2026-12-25,P008,Coffee Maker,48
2026-12-26,P001,Wireless Mouse,51
2026-12-26,P001,Wireless Mouse,56
2026-12-26,P001,Wireless Mouse,48
2026-12-26,P001,Wireless Mouse,41
2026-12-26,P002,Bluetooth Speaker,42
2026-12-26,P002,Bluetooth Speaker,37
2026-12-26,P002,Bluetooth Speaker,40
2026-12-26,P002,Bluetooth Speaker,25
2026-12-26,P003,Office Chair,58
2026-12-26,P003,Office Chair,44
2026-12-26,P003,Office Chair,56
2026-12-26,P003,Office Chair,27
2026-12-26,P004,Notebook Pack,48
2026-12-26,P004,Notebook Pack,28
2026-12-26,P004,Notebook Pack,45
2026-12-26,P004,Notebook Pack,44
2026-12-26,P005,LED Desk Lamp,39
2026-12-26,P005,LED Desk Lamp,38
2026-12-26,P005,LED Desk Lamp,56
2026-12-26,P005,LED Desk Lamp,41
2026-12-26,P006,Running Shoes,55
2026-12-26,P006,Running Shoes,56
2026-12-26,P006,Running Shoes,36
2026-12-26,P006,Running Shoes,43
2026-12-26,P007,Yoga Mat,35
2026-12-26,P007,Yoga Mat,64
2026-12-26,P007,Yoga Mat,49
2026-12-26,P007,Yoga Mat,53
2026-12-26,P008,Coffee Maker,27
2026-12-26,P008,Coffee Maker,42
2026-12-26,P008,Coffee Maker,72
2026-12-26,P008,Coffee Maker,37
2026-12-27,P001,Wireless Mouse,59
2026-12-27,P001,Wireless Mouse,48
2026-12-27,P001,Wireless Mouse,57
2026-12-27,P001,Wireless Mouse,20
2026-12-27,P002,Bluetooth Speaker,26
2026-12-27,P002,Bluetooth Speaker,33
2026-12-27,P002,Bluetooth Speaker,40
2026-12-27,P002,Bluetooth Speaker,28
2026-12-27,P003,Office Chair,41
2026-12-27,P003,Office Chair,47
2026-12-27,P003,Office Chair,39
2026-12-27,P003,Office Chair,47
2026-12-27,P004,Notebook Pack,41
2026-12-27,P004,Notebook Pack,39
2026-12-27,P004,Notebook Pack,59
2026-12-27,P004,Notebook Pack,34
2026-12-27,P005,LED Desk Lamp,50
2026-12-27,P005,LED Desk Lamp,41
2026-12-27,P005,LED Desk Lamp,38
2026-12-27,P005,LED Desk Lamp,50
2026-12-27,P006,Running Shoes,57
2026-12-27,P006,Running Shoes,43
2026-12-27,P006,Running Shoes,38
2026-12-27,P006,Running Shoes,33
2026-12-27,P007,Yoga Mat,38
2026-12-27,P007,Yoga Mat,42
2026-12-27,P007,Yoga Mat,47
2026-12-27,P007,Yoga Mat,57
2026-12-27,P008,Coffee Maker,45
2026-12-27,P008,Coffee Maker,40
2026-12-27,P008,Coffee Maker,57
2026-12-27,P008,Coffee Maker,56
2026-12-28,P001,Wireless Mouse,38
2026-12-28,P001,Wireless Mouse,43
2026-12-28,P001,Wireless Mouse,53
2026-12-28,P001,Wireless Mouse,47
2026-12-28,P002,Bluetooth Speaker,34
2026-12-28,P002,Bluetooth Speaker,48
2026-12-28,P002,Bluetooth Speaker,41
2026-12-28,P002,Bluetooth Speaker,33
2026-12-28,P003,Office Chair,39
2026-12-28,P003,Office Chair,35
2026-12-28,P003,Office Chair,39
2026-12-28,P003,Office Chair,18
2026-12-28,P004,Notebook Pack,52
2026-12-28,P004,Notebook Pack,41
2026-12-28,P004,Notebook Pack,29
2026-12-28,P004,Notebook Pack,52
2026-12-28,P005,LED Desk Lamp,58
2026-12-28,P005,LED Desk Lamp,28
2026-12-28,P005,LED Desk Lamp,49
2026-12-28,P005,LED Desk Lamp,59
2026-12-28,P006,Running Shoes,45
2026-12-28,P006,Running Shoes,51
2026-12-28,P006,Running Shoes,48
2026-12-28,P006,Running Shoes,35
2026-12-28,P007,Yoga Mat,48
2026-12-28,P007,Yoga Mat,46
2026-12-28,P007,Yoga Mat,53
2026-12-28,P007,Yoga Mat,60
2026-12-28,P008,Coffee Maker,35
2026-12-28,P008,Coffee Maker,37
2026-12-28,P008,Coffee Maker,53
2026-12-28,P008,Coffee Maker,50
2026-12-29,P001,Wireless Mouse,33
2026-12-29,P001,Wireless Mouse,43
2026-12-29,P001,Wireless Mouse,60
2026-12-29,P001,Wireless Mouse,29
2026-12-29,P002,Bluetooth Speaker,30
2026-12-29,P002,Bluetooth Speaker,39
2026-12-29,P002,Bluetooth Speaker,52
2026-12-29,P002,Bluetooth Speaker,37
2026-12-29,P003,Office Chair,47
2026-12-29,P003,Office Chair,43
2026-12-29,P003,Office Chair,45
2026-12-29,P003,Office Chair,32
2026-12-29,P004,Notebook Pack,48
2026-12-29,P004,Notebook Pack,44
2026-12-29,P004,Notebook Pack,40
2026-12-29,P004,Notebook Pack,46
2026-12-29,P005,LED Desk Lamp,48
2026-12-29,P005,LED Desk Lamp,44
2026-12-29,P005,LED Desk Lamp,61
2026-12-29,P005,LED Desk Lamp,23
2026-12-29,P006,Running Shoes,52
2026-12-29,P006,Running Shoes,63
2026-12-29,P006,Running Shoes,48
2026-12-29,P006,Running Shoes,37
2026-12-29,P007,Yoga Mat,31
2026-12-29,P007,Yoga Mat,52
2026-12-29,P007,Yoga Mat,56
2026-12-29,P007,Yoga Mat,61
2026-12-29,P008,Coffee Maker,54
2026-12-29,P008,Coffee Maker,46
2026-12-29,P008,Coffee Maker,25
2026-12-29,P008,Coffee Maker,48
2026-12-30,P001,Wireless Mouse,53
2026-12-30,P001,Wireless Mouse,49
2026-12-30,P001,Wireless Mouse,47
2026-12-30,P001,Wireless Mouse,32
2026-12-30,P002,Bluetooth Speaker,14
2026-12-30,P002,Bluetooth Speaker,40
2026-12-30,P002,Bluetooth Speaker,48
2026-12-30,P002,Bluetooth Speaker,31
2026-12-30,P003,Office Chair,40
2026-12-30,P003,Office Chair,43
2026-12-30,P003,Office Chair,34
2026-12-30,P003,Office Chair,28
2026-12-30,P004,Notebook Pack,51
2026-12-30,P004,Notebook Pack,37
2026-12-30,P004,Notebook Pack,48
2026-12-30,P004,Notebook Pack,38
2026-12-30,P005,LED Desk Lamp,52
2026-12-30,P005,LED Desk Lamp,29
2026-12-30,P005,LED Desk Lamp,49
2026-12-30,P005,LED Desk Lamp,29
2026-12-30,P006,Running Shoes,44
2026-12-30,P006,Running Shoes,38
2026-12-30,P006,Running Shoes,34
2026-12-30,P006,Running Shoes,40
2026-12-30,P007,Yoga Mat,30
2026-12-30,P007,Yoga Mat,43
2026-12-30,P007,Yoga Mat,32
2026-12-30,P007,Yoga Mat,44
2026-12-30,P008,Coffee Maker,34
2026-12-30,P008,Coffee Maker,38
2026-12-30,P008,Coffee Maker,45
2026-12-30,P008,Coffee Maker,34
2026-12-31,P001,Wireless Mouse,29
2026-12-31,P001,Wireless Mouse,47
2026-12-31,P001,Wireless Mouse,43
2026-12-31,P001,Wireless Mouse,41
2026-12-31,P002,Bluetooth Speaker,26
2026-12-31,P002,Bluetooth Speaker,32
2026-12-31,P002,Bluetooth Speaker,54
2026-12-31,P002,Bluetooth Speaker,21
2026-12-31,P003,Office Chair,36
2026-12-31,P003,Office Chair,48
2026-12-31,P003,Office Chair,49
2026-12-31,P003,Office Chair,35
2026-12-31,P004,Notebook Pack,45
2026-12-31,P004,Notebook Pack,33
2026-12-31,P004,Notebook Pack,18
2026-12-31,P004,Notebook Pack,59
2026-12-31,P005,LED Desk Lamp,37
2026-12-31,P005,LED Desk Lamp,37
2026-12-31,P005,LED Desk Lamp,45
2026-12-31,P005,LED Desk Lamp,53
2026-12-31,P006,Running Shoes,50
2026-12-31,P006,Running Shoes,41
2026-12-31,P006,Running Shoes,50
2026-12-31,P006,Running Shoes,39
2026-12-31,P007,Yoga Mat,31
2026-12-31,P007,Yoga Mat,57
2026-12-31,P007,Yoga Mat,50
2026-12-31,P007,Yoga Mat,54
2026-12-31,P008,Coffee Maker,37
2026-12-31,P008,Coffee Maker,37
2026-12-31,P008,Coffee Maker,54
2026-12-31,P008,Coffee Maker,59
2027-01-01,P001,Wireless Mouse,52
2027-01-01,P001,Wireless Mouse,57
2027-01-01,P001,Wireless Mouse,55
2027-01-01,P001,Wireless Mouse,33
2027-01-01,P002,Bluetooth Speaker,30
2027-01-01,P002,Bluetooth Speaker,30
2027-01-01,P002,Bluetooth Speaker,61
2027-01-01,P002,Bluetooth Speaker,28
2027-01-01,P003,Office Chair,35
2027-01-01,P003,Office Chair,51
2027-01-01,P003,Office Chair,42
2027-01-01,P003,Office Chair,49
2027-01-01,P004,Notebook Pack,49
2027-01-01,P004,Notebook Pack,30
2027-01-01,P004,Notebook Pack,27
2027-01-01,P004,Notebook Pack,45
2027-01-01,P005,LED Desk Lamp,42
2027-01-01,P005,LED Desk Lamp,37
2027-01-01,P005,LED Desk Lamp,47
2027-01-01,P005,LED Desk Lamp,34
2027-01-01,P006,Running Shoes,44
2027-01-01,P006,Running Shoes,45
2027-01-01,P006,Running Shoes,40
2027-01-01,P006,Running Shoes,56
2027-01-01,P007,Yoga Mat,35
2027-01-01,P007,Yoga Mat,53
2027-01-01,P007,Yoga Mat,68
2027-01-01,P007,Yoga Mat,49
2027-01-01,P008,Coffee Maker,48
2027-01-01,P008,Coffee Maker,47
2027-01-01,P008,Coffee Maker,41
2027-01-01,P008,Coffee Maker,48
2027-01-02,P001,Wireless Mouse,51
2027-01-02,P001,Wireless Mouse,56
2027-01-02,P001,Wireless Mouse,48
2027-01-02,P001,Wireless Mouse,41
2027-01-02,P002,Bluetooth Speaker,42
2027-01-02,P002,Bluetooth Speaker,37
2027-01-02,P002,Bluetooth Speaker,40
2027-01-02,P002,Bluetooth Speaker,25
2027-01-02,P003,Office Chair,58
2027-01-02,P003,Office Chair,44
2027-01-02,P003,Office Chair,56
2027-01-02,P003,Office Chair,27
2027-01-02,P004,Notebook Pack,49
2027-01-02,P004,Notebook Pack,28
2027-01-02,P004,Notebook Pack,45
2027-01-02,P004,Notebook Pack,44
2027-01-02,P005,LED Desk Lamp,39
2027-01-02,P005,LED Desk Lamp,38
2027-01-02,P005,LED Desk Lamp,56
2027-01-02,P005,LED Desk Lamp,41
2027-01-02,P006,Running Shoes,55
2027-01-02,P006,Running Shoes,56
2027-01-02,P006,Running Shoes,36
2027-01-02,P006,Running Shoes,43
2027-01-02,P007,Yoga Mat,35
2027-01-02,P007,Yoga Mat,64
2027-01-02,P007,Yoga Mat,50
2027-01-02,P007,Yoga Mat,53
2027-01-02,P008,Coffee Maker,27
2027-01-02,P008,Coffee Maker,42
2027-01-02,P008,Coffee Maker,71
2027-01-02,P008,Coffee Maker,38
2027-01-03,P001,Wireless Mouse,59
2027-01-03,P001,Wireless Mouse,48
2027-01-03,P001,Wireless Mouse,57
2027-01-03,P001,Wireless Mouse,20
2027-01-03,P002,Bluetooth Speaker,26
2027-01-03,P002,Bluetooth Speaker,33
2027-01-03,P002,Bluetooth Speaker,41
2027-01-03,P002,Bluetooth Speaker,28
2027-01-03,P003,Office Chair,40
2027-01-03,P003,Office Chair,47
2027-01-03,P003,Office Chair,39
2027-01-03,P003,Office Chair,46
2027-01-03,P004,Notebook Pack,41
2027-01-03,P004,Notebook Pack,39
2027-01-03,P004,Notebook Pack,59
2027-01-03,P004,Notebook Pack,34
2027-01-03,P005,LED Desk Lamp,49
2027-01-03,P005,LED Desk Lamp,41
2027-01-03,P005,LED Desk Lamp,38
2027-01-03,P005,LED Desk Lamp,50
2027-01-03,P006,Running Shoes,57
2027-01-03,P006,Running Shoes,43
2027-01-03,P006,Running Shoes,38
2027-01-03,P006,Running Shoes,34
2027-01-03,P007,Yoga Mat,38
2027-01-03,P007,Yoga Mat,42
2027-01-03,P007,Yoga Mat,48
2027-01-03,P007,Yoga Mat,57
2027-01-03,P008,Coffee Maker,45
2027-01-03,P008,Coffee Maker,40
2027-01-03,P008,Coffee Maker,57
2027-01-03,P008,Coffee Maker,56
2027-01-04,P001,Wireless Mouse,38
2027-01-04,P001,Wireless Mouse,43
2027-01-04,P001,Wireless Mouse,53
2027-01-04,P001,Wireless Mouse,47
2027-01-04,P002,Bluetooth Speaker,34
2027-01-04,P002,Bluetooth Speaker,48
2027-01-04,P002,Bluetooth Speaker,41
2027-01-04,P002,Bluetooth Speaker,33
2027-01-04,P003,Office Chair,39
2027-01-04,P003,Office Chair,35
2027-01-04,P003,Office Chair,39
2027-01-04,P003,Office Chair,18
2027-01-04,P004,Notebook Pack,52
2027-01-04,P004,Notebook Pack,41
2027-01-04,P004,Notebook Pack,29
2027-01-04,P004,Notebook Pack,52
2027-01-04,P005,LED Desk Lamp,57
2027-01-04,P005,LED Desk Lamp,28
2027-01-04,P005,LED Desk Lamp,48
2027-01-04,P005,LED Desk Lamp,59
2027-01-04,P006,Running Shoes,45
2027-01-04,P006,Running Shoes,50
2027-01-04,P006,Running Shoes,48
2027-01-04,P006,Running Shoes,35
2027-01-04,P007,Yoga Mat,48
2027-01-04,P007,Yoga Mat,46
2027-01-04,P007,Yoga Mat,53
2027-01-04,P007,Yoga Mat,60
2027-01-04,P008,Coffee Maker,36
2027-01-04,P008,Coffee Maker,37
2027-01-04,P008,Coffee Maker,53
2027-01-04,P008,Coffee Maker,50
2027-01-05,P001,Wireless Mouse,33
2027-01-05,P001,Wireless Mouse,43
2027-01-05,P001,Wireless Mouse,60
2027-01-05,P001,Wireless Mouse,29
2027-01-05,P002,Bluetooth Speaker,30
2027-01-05,P002,Bluetooth Speaker,39
2027-01-05,P002,Bluetooth Speaker,53
2027-01-05,P002,Bluetooth Speaker,37
2027-01-05,P003,Office Chair,47
2027-01-05,P003,Office Chair,43
2027-01-05,P003,Office Chair,45
2027-01-05,P003,Office Chair,32
2027-01-05,P004,Notebook Pack,48
2027-01-05,P004,Notebook Pack,44
2027-01-05,P004,Notebook Pack,40
2027-01-05,P004,Notebook Pack,46
2027-01-05,P005,LED Desk Lamp,48
2027-01-05,P005,LED Desk Lamp,44
2027-01-05,P005,LED Desk Lamp,61
2027-01-05,P005,LED Desk Lamp,23
2027-01-05,P006,Running Shoes,52
2027-01-05,P006,Running Shoes,63
2027-01-05,P006,Running Shoes,48
2027-01-05,P006,Running Shoes,37
2027-01-05,P007,Yoga Mat,31
2027-01-05,P007,Yoga Mat,52
2027-01-05,P007,Yoga Mat,57
2027-01-05,P007,Yoga Mat,62
2027-01-05,P008,Coffee Maker,54
2027-01-05,P008,Coffee Maker,45
2027-01-05,P008,Coffee Maker,25
2027-01-05,P008,Coffee Maker,48
2027-01-06,P001,Wireless Mouse,53
2027-01-06,P001,Wireless Mouse,49
2027-01-06,P001,Wireless Mouse,47
2027-01-06,P001,Wireless Mouse,32
2027-01-06,P002,Bluetooth Speaker,14
2027-01-06,P002,Bluetooth Speaker,40
2027-01-06,P002,Bluetooth Speaker,48
2027-01-06,P002,Bluetooth Speaker,31
2027-01-06,P003,Office Chair,40
2027-01-06,P003,Office Chair,43
2027-01-06,P003,Office Chair,34
2027-01-06,P003,Office Chair,28
2027-01-06,P004,Notebook Pack,51
2027-01-06,P004,Notebook Pack,37
2027-01-06,P004,Notebook Pack,48
2027-01-06,P004,Notebook Pack,38
2027-01-06,P005,LED Desk Lamp,52
2027-01-06,P005,LED Desk Lamp,29
2027-01-06,P005,LED Desk Lamp,49
2027-01-06,P005,LED Desk Lamp,29
2027-01-06,P006,Running Shoes,44
2027-01-06,P006,Running Shoes,38
2027-01-06,P006,Running Shoes,34
2027-01-06,P006,Running Shoes,40
2027-01-06,P007,Yoga Mat,30
2027-01-06,P007,Yoga Mat,43
2027-01-06,P007,Yoga Mat,32
2027-01-06,P007,Yoga Mat,44
2027-01-06,P008,Coffee Maker,34
2027-01-06,P008,Coffee Maker,38
2027-01-06,P008,Coffee Maker,44
2027-01-06,P008,Coffee Maker,34
2027-01-07,P001,Wireless Mouse,29
2027-01-07,P001,Wireless Mouse,47
2027-01-07,P001,Wireless Mouse,43
2027-01-07,P001,Wireless Mouse,41
2027-01-07,P002,Bluetooth Speaker,26
2027-01-07,P002,Bluetooth Speaker,32
2027-01-07,P002,Bluetooth Speaker,54
2027-01-07,P002,Bluetooth Speaker,21
2027-01-07,P003,Office Chair,36
2027-01-07,P003,Office Chair,48
2027-01-07,P003,Office Chair,49
2027-01-07,P003,Office Chair,35
2027-01-07,P004,Notebook Pack,45
2027-01-07,P004,Notebook Pack,33
2027-01-07,P004,Notebook Pack,18
2027-01-07,P004,Notebook Pack,59
2027-01-07,P005,LED Desk Lamp,37
2027-01-07,P005,LED Desk Lamp,37
2027-01-07,P005,LED Desk Lamp,45
2027-01-07,P005,LED Desk Lamp,53
2027-01-07,P006,Running Shoes,50
2027-01-07,P006,Running Shoes,41
2027-01-07,P006,Running Shoes,50
2027-01-07,P006,Running Shoes,39
2027-01-07,P007,Yoga Mat,31
2027-01-07,P007,Yoga Mat,57
2027-01-07,P007,Yoga Mat,50
2027-01-07,P007,Yoga Mat,54
2027-01-07,P008,Coffee Maker,37
2027-01-07,P008,Coffee Maker,37
2027-01-07,P008,Coffee Maker,54
2027-01-07,P008,Coffee Maker,59
2027-01-08,P001,Wireless Mouse,52
2027-01-08,P001,Wireless Mouse,58
2027-01-08,P001,Wireless Mouse,55
2027-01-08,P001,Wireless Mouse,33
2027-01-08,P002,Bluetooth Speaker,30
2027-01-08,P002,Bluetooth Speaker,30
2027-01-08,P002,Bluetooth Speaker,61
2027-01-08,P002,Bluetooth Speaker,28
2027-01-08,P003,Office Chair,35
2027-01-08,P003,Office Chair,51
2027-01-08,P003,Office Chair,42
2027-01-08,P003,Office Chair,49
2027-01-08,P004,Notebook Pack,49
2027-01-08,P004,Notebook Pack,30
2027-01-08,P004,Notebook Pack,27
2027-01-08,P004,Notebook Pack,45
2027-01-08,P005,LED Desk Lamp,42
2027-01-08,P005,LED Desk Lamp,37
2027-01-08,P005,LED Desk Lamp,46
2027-01-08,P005,LED Desk Lamp,33
2027-01-08,P006,Running Shoes,44
2027-01-08,P006,Running Shoes,45
2027-01-08,P006,Running Shoes,40
2027-01-08,P006,Running Shoes,56
2027-01-08,P007,Yoga Mat,35
2027-01-08,P007,Yoga Mat,53
2027-01-08,P007,Yoga Mat,68
2027-01-08,P007,Yoga Mat,49
2027-01-08,P008,Coffee Maker,48
2027-01-08,P008,Coffee Maker,47
2027-01-08,P008,Coffee Maker,41
2027-01-08,P008,Coffee Maker,49
2027-01-09,P001,Wireless Mouse,51
2027-01-09,P001,Wireless Mouse,56
2027-01-09,P001,Wireless Mouse,48
2027-01-09,P001,Wireless Mouse,41
2027-01-09,P002,Bluetooth Speaker,42
2027-01-09,P002,Bluetooth Speaker,37
2027-01-09,P002,Bluetooth Speaker,40
2027-01-09,P002,Bluetooth Speaker,25
2027-01-09,P003,Office Chair,58
2027-01-09,P003,Office Chair,44
2027-01-09,P003,Office Chair,56
2027-01-09,P003,Office Chair,27
2027-01-09,P004,Notebook Pack,49
2027-01-09,P004,Notebook Pack,27
2027-01-09,P004,Notebook Pack,45
2027-01-09,P004,Notebook Pack,44
2027-01-09,P005,LED Desk Lamp,38
2027-01-09,P005,LED Desk Lamp,38
2027-01-09,P005,LED Desk Lamp,56
2027-01-09,P005,LED Desk Lamp,41
2027-01-09,P006,Running Shoes,55
2027-01-09,P006,Running Shoes,56
2027-01-09,P006,Running Shoes,36
2027-01-09,P006,Running Shoes,43
2027-01-09,P007,Yoga Mat,35
2027-01-09,P007,Yoga Mat,64
2027-01-09,P007,Yoga Mat,50
2027-01-09,P007,Yoga Mat,53
2027-01-09,P008,Coffee Maker,27
2027-01-09,P008,Coffee Maker,42
2027-01-09,P008,Coffee Maker,71
2027-01-09,P008,Coffee Maker,38
2027-01-10,P001,Wireless Mouse,59
2027-01-10,P001,Wireless Mouse,48
2027-01-10,P001,Wireless Mouse,57
2027-01-10,P001,Wireless Mouse,20
2027-01-10,P002,Bluetooth Speaker,26
2027-01-10,P002,Bluetooth Speaker,33
2027-01-10,P002,Bluetooth Speaker,41
2027-01-10,P002,Bluetooth Speaker,28
2027-01-10,P003,Office Chair,40
2027-01-10,P003,Office Chair,47
2027-01-10,P003,Office Chair,39
2027-01-10,P003,Office Chair,46
2027-01-10,P004,Notebook Pack,42
2027-01-10,P004,Notebook Pack,39
2027-01-10,P004,Notebook Pack,59
2027-01-10,P004,Notebook Pack,34
2027-01-10,P005,LED Desk Lamp,49
2027-01-10,P005,LED Desk Lamp,41
2027-01-10,P005,LED Desk Lamp,38
2027-01-10,P005,LED Desk Lamp,50
2027-01-10,P006,Running Shoes,57
2027-01-10,P006,Running Shoes,43
2027-01-10,P006,Running Shoes,38
2027-01-10,P006,Running Shoes,34
2027-01-10,P007,Yoga Mat,38
2027-01-10,P007,Yoga Mat,42
2027-01-10,P007,Yoga Mat,48
2027-01-10,P007,Yoga Mat,58
2027-01-10,P008,Coffee Maker,45
2027-01-10,P008,Coffee Maker,40
2027-01-10,P008,Coffee Maker,57
2027-01-10,P008,Coffee Maker,56
2027-01-11,P001,Wireless Mouse,38
2027-01-11,P001,Wireless Mouse,43
2027-01-11,P001,Wireless Mouse,53
2027-01-11,P001,Wireless Mouse,47
2027-01-11,P002,Bluetooth Speaker,34
2027-01-11,P002,Bluetooth Speaker,48
2027-01-11,P002,Bluetooth Speaker,41
2027-01-11,P002,Bluetooth Speaker,33
2027-01-11,P003,Office Chair,39
2027-01-11,P003,Office Chair,35
2027-01-11,P003,Office Chair,39
2027-01-11,P003,Office Chair,18
2027-01-11,P004,Notebook Pack,52
2027-01-11,P004,Notebook Pack,41
2027-01-11,P004,Notebook Pack,29
2027-01-11,P004,Notebook Pack,52
2027-01-11,P005,LED Desk Lamp,57
2027-01-11,P005,LED Desk Lamp,27
2027-01-11,P005,LED Desk Lamp,48
2027-01-11,P005,LED Desk Lamp,59
2027-01-11,P006,Running Shoes,45
2027-01-11,P006,Running Shoes,50
2027-01-11,P006,Running Shoes,48
2027-01-11,P006,Running Shoes,35
2027-01-11,P007,Yoga Mat,48
2027-01-11,P007,Yoga Mat,46
2027-01-11,P007,Yoga Mat,54
2027-01-11,P007,Yoga Mat,60
2027-01-11,P008,Coffee Maker,36
2027-01-11,P008,Coffee Maker,37
2027-01-11,P008,Coffee Maker,53
2027-01-11,P008,Coffee Maker,50
2027-01-12,P001,Wireless Mouse,33
2027-01-12,P001,Wireless Mouse,43
2027-01-12,P001,Wireless Mouse,60
2027-01-12,P001,Wireless Mouse,29
2027-01-12,P002,Bluetooth Speaker,30
2027-01-12,P002,Bluetooth Speaker,39
2027-01-12,P002,Bluetooth Speaker,53
2027-01-12,P002,Bluetooth Speaker,37
2027-01-12,P003,Office Chair,47
2027-01-12,P003,Office Chair,42
2027-01-12,P003,Office Chair,45
2027-01-12,P003,Office Chair,32
2027-01-12,P004,Notebook Pack,48
2027-01-12,P004,Notebook Pack,44
2027-01-12,P004,Notebook Pack,40
2027-01-12,P004,Notebook Pack,46
2027-01-12,P005,LED Desk Lamp,48
2027-01-12,P005,LED Desk Lamp,44
2027-01-12,P005,LED Desk Lamp,61
2027-01-12,P005,LED Desk Lamp,23
2027-01-12,P006,Running Shoes,52
2027-01-12,P006,Running Shoes,63
2027-01-12,P006,Running Shoes,48
2027-01-12,P006,Running Shoes,38
2027-01-12,P007,Yoga Mat,31
2027-01-12,P007,Yoga Mat,52
2027-01-12,P007,Yoga Mat,57
2027-01-12,P007,Yoga Mat,62
2027-01-12,P008,Coffee Maker,54
2027-01-12,P008,Coffee Maker,45
2027-01-12,P008,Coffee Maker,25
2027-01-12,P008,Coffee Maker,49
2027-01-13,P001,Wireless Mouse,53
2027-01-13,P001,Wireless Mouse,49
2027-01-13,P001,Wireless Mouse,47
2027-01-13,P001,Wireless Mouse,32
2027-01-13,P002,Bluetooth Speaker,14
2027-01-13,P002,Bluetooth Speaker,40
2027-01-13,P002,Bluetooth Speaker,48
2027-01-13,P002,Bluetooth Speaker,31
2027-01-13,P003,Office Chair,40
2027-01-13,P003,Office Chair,43
2027-01-13,P003,Office Chair,34
2027-01-13,P003,Office Chair,27
2027-01-13,P004,Notebook Pack,51
2027-01-13,P004,Notebook Pack,37
2027-01-13,P004,Notebook Pack,48
2027-01-13,P004,Notebook Pack,38
2027-01-13,P005,LED Desk Lamp,52
2027-01-13,P005,LED Desk Lamp,29
2027-01-13,P005,LED Desk Lamp,49
2027-01-13,P005,LED Desk Lamp,29
2027-01-13,P006,Running Shoes,44
2027-01-13,P006,Running Shoes,38
2027-01-13,P006,Running Shoes,34
2027-01-13,P006,Running Shoes,40
2027-01-13,P007,Yoga Mat,30
2027-01-13,P007,Yoga Mat,43
2027-01-13,P007,Yoga Mat,33
2027-01-13,P007,Yoga Mat,44
2027-01-13,P008,Coffee Maker,34
2027-01-13,P008,Coffee Maker,38
2027-01-13,P008,Coffee Maker,44
2027-01-13,P008,Coffee Maker,34
2027-01-14,P001,Wireless Mouse,29
2027-01-14,P001,Wireless Mouse,47
2027-01-14,P001,Wireless Mouse,43
2027-01-14,P001,Wireless Mouse,41
2027-01-14,P002,Bluetooth Speaker,26
2027-01-14,P002,Bluetooth Speaker,32
2027-01-14,P002,Bluetooth Speaker,54
2027-01-14,P002,Bluetooth Speaker,21
2027-01-14,P003,Office Chair,35
2027-01-14,P003,Office Chair,47
2027-01-14,P003,Office Chair,49
2027-01-14,P003,Office Chair,35
2027-01-14,P004,Notebook Pack,45
2027-01-14,P004,Notebook Pack,32
2027-01-14,P004,Notebook Pack,18
2027-01-14,P004,Notebook Pack,58
2027-01-14,P005,LED Desk Lamp,37
2027-01-14,P005,LED Desk Lamp,37
2027-01-14,P005,LED Desk Lamp,45
2027-01-14,P005,LED Desk Lamp,53
2027-01-14,P006,Running Shoes,50
2027-01-14,P006,Running Shoes,41
2027-01-14,P006,Running Shoes,50
2027-01-14,P006,Running Shoes,39
2027-01-14,P007,Yoga Mat,31
2027-01-14,P007,Yoga Mat,57
2027-01-14,P007,Yoga Mat,50
2027-01-14,P007,Yoga Mat,54
2027-01-14,P008,Coffee Maker,37
2027-01-14,P008,Coffee Maker,37
2027-01-14,P008,Coffee Maker,54
2027-01-14,P008,Coffee Maker,60
2027-01-15,P001,Wireless Mouse,52
2027-01-15,P001,Wireless Mouse,58
2027-01-15,P001,Wireless Mouse,55
2027-01-15,P001,Wireless Mouse,33
2027-01-15,P002,Bluetooth Speaker,30
2027-01-15,P002,Bluetooth Speaker,30
2027-01-15,P002,Bluetooth Speaker,61
2027-01-15,P002,Bluetooth Speaker,28
2027-01-15,P003,Office Chair,34
2027-01-15,P003,Office Chair,51
2027-01-15,P003,Office Chair,42
2027-01-15,P003,Office Chair,49
2027-01-15,P004,Notebook Pack,49
2027-01-15,P004,Notebook Pack,30
2027-01-15,P004,Notebook Pack,27
2027-01-15,P004,Notebook Pack,45
2027-01-15,P005,LED Desk Lamp,42
2027-01-15,P005,LED Desk Lamp,37
2027-01-15,P005,LED Desk Lamp,46
2027-01-15,P005,LED Desk Lamp,33
2027-01-15,P006,Running Shoes,44
2027-01-15,P006,Running Shoes,45
2027-01-15,P006,Running Shoes,40
2027-01-15,P006,Running Shoes,57
2027-01-15,P007,Yoga Mat,35
2027-01-15,P007,Yoga Mat,53
2027-01-15,P007,Yoga Mat,68
2027-01-15,P007,Yoga Mat,49
2027-01-15,P008,Coffee Maker,48
2027-01-15,P008,Coffee Maker,47
2027-01-15,P008,Coffee Maker,41
2027-01-15,P008,Coffee Maker,49
2027-01-16,P001,Wireless Mouse,51
2027-01-16,P001,Wireless Mouse,56
2027-01-16,P001,Wireless Mouse,48
2027-01-16,P001,Wireless Mouse,40
2027-01-16,P002,Bluetooth Speaker,42
2027-01-16,P002,Bluetooth Speaker,37
2027-01-16,P002,Bluetooth Speaker,40
2027-01-16,P002,Bluetooth Speaker,25
2027-01-16,P003,Office Chair,57
2027-01-16,P003,Office Chair,43
2027-01-16,P003,Office Chair,56
2027-01-16,P003,Office Chair,27
2027-01-16,P004,Notebook Pack,49
2027-01-16,P004,Notebook Pack,27
2027-01-16,P004,Notebook Pack,45
2027-01-16,P004,Notebook Pack,44
2027-01-16,P005,LED Desk Lamp,38
2027-01-16,P005,LED Desk Lamp,38
2027-01-16,P005,LED Desk Lamp,56
2027-01-16,P005,LED Desk Lamp,41
2027-01-16,P006,Running Shoes,55
2027-01-16,P006,Running Shoes,56
2027-01-16,P006,Running Shoes,36
2027-01-16,P006,Running Shoes,43
2027-01-16,P007,Yoga Mat,35
2027-01-16,P007,Yoga Mat,64
2027-01-16,P007,Yoga Mat,50
2027-01-16,P007,Yoga Mat,53
2027-01-16,P008,Coffee Maker,27
2027-01-16,P008,Coffee Maker,42
2027-01-16,P008,Coffee Maker,71
2027-01-16,P008,Coffee Maker,38
2027-01-17,P001,Wireless Mouse,59
2027-01-17,P001,Wireless Mouse,48
2027-01-17,P001,Wireless Mouse,57
2027-01-17,P001,Wireless Mouse,20
2027-01-17,P002,Bluetooth Speaker,26
2027-01-17,P002,Bluetooth Speaker,33
2027-01-17,P002,Bluetooth Speaker,41
2027-01-17,P002,Bluetooth Speaker,28
2027-01-17,P003,Office Chair,40
2027-01-17,P003,Office Chair,47
2027-01-17,P003,Office Chair,39
2027-01-17,P003,Office Chair,46
2027-01-17,P004,Notebook Pack,42
2027-01-17,P004,Notebook Pack,38
2027-01-17,P004,Notebook Pack,59
2027-01-17,P004,Notebook Pack,34
2027-01-17,P005,LED Desk Lamp,49
2027-01-17,P005,LED Desk Lamp,41
2027-01-17,P005,LED Desk Lamp,38
2027-01-17,P005,LED Desk Lamp,50
2027-01-17,P006,Running Shoes,57
2027-01-17,P006,Running Shoes,43
2027-01-17,P006,Running Shoes,38
2027-01-17,P006,Running Shoes,34
2027-01-17,P007,Yoga Mat,39
2027-01-17,P007,Yoga Mat,42
2027-01-17,P007,Yoga Mat,48
2027-01-17,P007,Yoga Mat,58
2027-01-17,P008,Coffee Maker,45
2027-01-17,P008,Coffee Maker,40
2027-01-17,P008,Coffee Maker,57
2027-01-17,P008,Coffee Maker,56
2027-01-18,P001,Wireless Mouse,39
2027-01-18,P001,Wireless Mouse,43
2027-01-18,P001,Wireless Mouse,53
2027-01-18,P001,Wireless Mouse,47
2027-01-18,P002,Bluetooth Speaker,34
2027-01-18,P002,Bluetooth Speaker,48
2027-01-18,P002,Bluetooth Speaker,41
2027-01-18,P002,Bluetooth Speaker,33
2027-01-18,P003,Office Chair,39
2027-01-18,P003,Office Chair,34
2027-01-18,P003,Office Chair,39
2027-01-18,P003,Office Chair,18
2027-01-18,P004,Notebook Pack,53
2027-01-18,P004,Notebook Pack,41
2027-01-18,P004,Notebook Pack,29
2027-01-18,P004,Notebook Pack,52
2027-01-18,P005,LED Desk Lamp,57
2027-01-18,P005,LED Desk Lamp,27
2027-01-18,P005,LED Desk Lamp,48
2027-01-18,P005,LED Desk Lamp,58
2027-01-18,P006,Running Shoes,45
2027-01-18,P006,Running Shoes,50
2027-01-18,P006,Running Shoes,48
2027-01-18,P006,Running Shoes,35
2027-01-18,P007,Yoga Mat,48
2027-01-18,P007,Yoga Mat,46
2027-01-18,P007,Yoga Mat,54
2027-01-18,P007,Yoga Mat,60
2027-01-18,P008,Coffee Maker,36
2027-01-18,P008,Coffee Maker,37
2027-01-18,P008,Coffee Maker,52
2027-01-18,P008,Coffee Maker,51
2027-01-19,P001,Wireless Mouse,33
2027-01-19,P001,Wireless Mouse,44
2027-01-19,P001,Wireless Mouse,60
2027-01-19,P001,Wireless Mouse,29
2027-01-19,P002,Bluetooth Speaker,30
2027-01-19,P002,Bluetooth Speaker,38
2027-01-19,P002,Bluetooth Speaker,53
2027-01-19,P002,Bluetooth Speaker,37
2027-01-19,P003,Office Chair,47
2027-01-19,P003,Office Chair,42
2027-01-19,P003,Office Chair,45
2027-01-19,P003,Office Chair,32
2027-01-19,P004,Notebook Pack,48
2027-01-19,P004,Notebook Pack,44
2027-01-19,P004,Notebook Pack,40
2027-01-19,P004,Notebook Pack,46
2027-01-19,P005,LED Desk Lamp,48
2027-01-19,P005,LED Desk Lamp,44
2027-01-19,P005,LED Desk Lamp,61
2027-01-19,P005,LED Desk Lamp,23
2027-01-19,P006,Running Shoes,52
2027-01-19,P006,Running Shoes,63
2027-01-19,P006,Running Shoes,48
2027-01-19,P006,Running Shoes,38
2027-01-19,P007,Yoga Mat,31
2027-01-19,P007,Yoga Mat,52
2027-01-19,P007,Yoga Mat,57
2027-01-19,P007,Yoga Mat,62
2027-01-19,P008,Coffee Maker,54
2027-01-19,P008,Coffee Maker,45
2027-01-19,P008,Coffee Maker,25
2027-01-19,P008,Coffee Maker,49
2027-01-20,P001,Wireless Mouse,53
2027-01-20,P001,Wireless Mouse,49
2027-01-20,P001,Wireless Mouse,47
2027-01-20,P001,Wireless Mouse,32
2027-01-20,P002,Bluetooth Speaker,13
2027-01-20,P002,Bluetooth Speaker,40
2027-01-20,P002,Bluetooth Speaker,48
2027-01-20,P002,Bluetooth Speaker,31
2027-01-20,P003,Office Chair,40
2027-01-20,P003,Office Chair,43
2027-01-20,P003,Office Chair,34
2027-01-20,P003,Office Chair,27
2027-01-20,P004,Notebook Pack,51
2027-01-20,P004,Notebook Pack,36
2027-01-20,P004,Notebook Pack,48
2027-01-20,P004,Notebook Pack,38
2027-01-20,P005,LED Desk Lamp,52
2027-01-20,P005,LED Desk Lamp,29
2027-01-20,P005,LED Desk Lamp,49
2027-01-20,P005,LED Desk Lamp,29
2027-01-20,P006,Running Shoes,44
2027-01-20,P006,Running Shoes,38
2027-01-20,P006,Running Shoes,34
2027-01-20,P006,Running Shoes,41
2027-01-20,P007,Yoga Mat,30
2027-01-20,P007,Yoga Mat,43
2027-01-20,P007,Yoga Mat,33
2027-01-20,P007,Yoga Mat,45
2027-01-20,P008,Coffee Maker,34
2027-01-20,P008,Coffee Maker,38
2027-01-20,P008,Coffee Maker,44
2027-01-20,P008,Coffee Maker,34
2027-01-21,P001,Wireless Mouse,29
2027-01-21,P001,Wireless Mouse,47
2027-01-21,P001,Wireless Mouse,43
2027-01-21,P001,Wireless Mouse,40
2027-01-21,P002,Bluetooth Speaker,26
2027-01-21,P002,Bluetooth Speaker,32
2027-01-21,P002,Bluetooth Speaker,54
2027-01-21,P002,Bluetooth Speaker,21
2027-01-21,P003,Office Chair,35
2027-01-21,P003,Office Chair,47
2027-01-21,P003,Office Chair,49
2027-01-21,P003,Office Chair,35
2027-01-21,P004,Notebook Pack,45
2027-01-21,P004,Notebook Pack,32
2027-01-21,P004,Notebook Pack,18
2027-01-21,P004,Notebook Pack,58
2027-01-21,P005,LED Desk Lamp,37
2027-01-21,P005,LED Desk Lamp,37
2027-01-21,P005,LED Desk Lamp,45
2027-01-21,P005,LED Desk Lamp,52
2027-01-21,P006,Running Shoes,50
2027-01-21,P006,Running Shoes,41
2027-01-21,P006,Running Shoes,50
2027-01-21,P006,Running Shoes,39
2027-01-21,P007,Yoga Mat,31
2027-01-21,P007,Yoga Mat,57
2027-01-21,P007,Yoga Mat,50
2027-01-21,P007,Yoga Mat,55
2027-01-21,P008,Coffee Maker,37
2027-01-21,P008,Coffee Maker,37
2027-01-21,P008,Coffee Maker,54
2027-01-21,P008,Coffee Maker,60
2027-01-22,P001,Wireless Mouse,52
2027-01-22,P001,Wireless Mouse,58
2027-01-22,P001,Wireless Mouse,55
2027-01-22,P001,Wireless Mouse,33
2027-01-22,P002,Bluetooth Speaker,29
2027-01-22,P002,Bluetooth Speaker,30
2027-01-22,P002,Bluetooth Speaker,61
2027-01-22,P002,Bluetooth Speaker,28
2027-01-22,P003,Office Chair,34
2027-01-22,P003,Office Chair,51
2027-01-22,P003,Office Chair,42
2027-01-22,P003,Office Chair,49
2027-01-22,P004,Notebook Pack,49
2027-01-22,P004,Notebook Pack,30
2027-01-22,P004,Notebook Pack,27
2027-01-22,P004,Notebook Pack,44
2027-01-22,P005,LED Desk Lamp,42
2027-01-22,P005,LED Desk Lamp,37
2027-01-22,P005,LED Desk Lamp,46
2027-01-22,P005,LED Desk Lamp,33
2027-01-22,P006,Running Shoes,44
2027-01-22,P006,Running Shoes,45
2027-01-22,P006,Running Shoes,40
2027-01-22,P006,Running Shoes,57
2027-01-22,P007,Yoga Mat,36
2027-01-22,P007,Yoga Mat,53
2027-01-22,P007,Yoga Mat,68
2027-01-22,P007,Yoga Mat,49
2027-01-22,P008,Coffee Maker,48
2027-01-22,P008,Coffee Maker,47
2027-01-22,P008,Coffee Maker,41
2027-01-22,P008,Coffee Maker,49
2027-01-23,P001,Wireless Mouse,51
2027-01-23,P001,Wireless Mouse,56
2027-01-23,P001,Wireless Mouse,48
2027-01-23,P001,Wireless Mouse,40
2027-01-23,P002,Bluetooth Speaker,41
2027-01-23,P002,Bluetooth Speaker,37
2027-01-23,P002,Bluetooth Speaker,40
2027-01-23,P002,Bluetooth Speaker,24
2027-01-23,P003,Office Chair,57
2027-01-23,P003,Office Chair,43
2027-01-23,P003,Office Chair,56
2027-01-23,P003,Office Chair,27
2027-01-23,P004,Notebook Pack,49
2027-01-23,P004,Notebook Pack,27
2027-01-23,P004,Notebook Pack,45
2027-01-23,P004,Notebook Pack,44
2027-01-23,P005,LED Desk Lamp,38
2027-01-23,P005,LED Desk Lamp,38
2027-01-23,P005,LED Desk Lamp,56
2027-01-23,P005,LED Desk Lamp,41
2027-01-23,P006,Running Shoes,55
2027-01-23,P006,Running Shoes,56
2027-01-23,P006,Running Shoes,36
2027-01-23,P006,Running Shoes,43
2027-01-23,P007,Yoga Mat,35
2027-01-23,P007,Yoga Mat,65
2027-01-23,P007,Yoga Mat,50
2027-01-23,P007,Yoga Mat,54
2027-01-23,P008,Coffee Maker,27
2027-01-23,P008,Coffee Maker,42
2027-01-23,P008,Coffee Maker,71
2027-01-23,P008,Coffee Maker,38
2027-01-24,P001,Wireless Mouse,59
2027-01-24,P001,Wireless Mouse,49
2027-01-24,P001,Wireless Mouse,57
2027-01-24,P001,Wireless Mouse,20
2027-01-24,P002,Bluetooth Speaker,26
2027-01-24,P002,Bluetooth Speaker,33
2027-01-24,P002,Bluetooth Speaker,41
2027-01-24,P002,Bluetooth Speaker,28
2027-01-24,P003,Office Chair,40
2027-01-24,P003,Office Chair,47
2027-01-24,P003,Office Chair,39
2027-01-24,P003,Office Chair,46
2027-01-24,P004,Notebook Pack,42
2027-01-24,P004,Notebook Pack,38
2027-01-24,P004,Notebook Pack,59
2027-01-24,P004,Notebook Pack,34
2027-01-24,P005,LED Desk Lamp,49
2027-01-24,P005,LED Desk Lamp,41
2027-01-24,P005,LED Desk Lamp,38
2027-01-24,P005,LED Desk Lamp,50
2027-01-24,P006,Running Shoes,57
2027-01-24,P006,Running Shoes,43
2027-01-24,P006,Running Shoes,38
2027-01-24,P006,Running Shoes,34
2027-01-24,P007,Yoga Mat,39
2027-01-24,P007,Yoga Mat,42
2027-01-24,P007,Yoga Mat,48
2027-01-24,P007,Yoga Mat,58
2027-01-24,P008,Coffee Maker,45
2027-01-24,P008,Coffee Maker,40
2027-01-24,P008,Coffee Maker,57
2027-01-24,P008,Coffee Maker,57
2027-01-25,P001,Wireless Mouse,39
2027-01-25,P001,Wireless Mouse,43
2027-01-25,P001,Wireless Mouse,53
2027-01-25,P001,Wireless Mouse,47
2027-01-25,P002,Bluetooth Speaker,34
2027-01-25,P002,Bluetooth Speaker,48
2027-01-25,P002,Bluetooth Speaker,41
2027-01-25,P002,Bluetooth Speaker,33
2027-01-25,P003,Office Chair,39
2027-01-25,P003,Office Chair,34
2027-01-25,P003,Office Chair,39
2027-01-25,P003,Office Chair,18
2027-01-25,P004,Notebook Pack,53
2027-01-25,P004,Notebook Pack,41
2027-01-25,P004,Notebook Pack,28
2027-01-25,P004,Notebook Pack,52
2027-01-25,P005,LED Desk Lamp,57
2027-01-25,P005,LED Desk Lamp,27
2027-01-25,P005,LED Desk Lamp,48
2027-01-25,P005,LED Desk Lamp,58
2027-01-25,P006,Running Shoes,45
2027-01-25,P006,Running Shoes,50
2027-01-25,P006,Running Shoes,48
2027-01-25,P006,Running Shoes,35
2027-01-25,P007,Yoga Mat,48
2027-01-25,P007,Yoga Mat,46
2027-01-25,P007,Yoga Mat,54
2027-01-25,P007,Yoga Mat,60
2027-01-25,P008,Coffee Maker,36
2027-01-25,P008,Coffee Maker,36
2027-01-25,P008,Coffee Maker,52
2027-01-25,P008,Coffee Maker,51
2027-01-26,P001,Wireless Mouse,33
2027-01-26,P001,Wireless Mouse,44
2027-01-26,P001,Wireless Mouse,60
2027-01-26,P001,Wireless Mouse,29
2027-01-26,P002,Bluetooth Speaker,30
2027-01-26,P002,Bluetooth Speaker,38
2027-01-26,P002,Bluetooth Speaker,53
2027-01-26,P002,Bluetooth Speaker,37
2027-01-26,P003,Office Chair,47
2027-01-26,P003,Office Chair,42
2027-01-26,P003,Office Chair,45
2027-01-26,P003,Office Chair,31
2027-01-26,P004,Notebook Pack,48
2027-01-26,P004,Notebook Pack,44
2027-01-26,P004,Notebook Pack,40
2027-01-26,P004,Notebook Pack,46
2027-01-26,P005,LED Desk Lamp,47
2027-01-26,P005,LED Desk Lamp,44
2027-01-26,P005,LED Desk Lamp,61
2027-01-26,P005,LED Desk Lamp,23
2027-01-26,P006,Running Shoes,52
2027-01-26,P006,Running Shoes,63
2027-01-26,P006,Running Shoes,48
2027-01-26,P006,Running Shoes,38
2027-01-26,P007,Yoga Mat,31
2027-01-26,P007,Yoga Mat,52
2027-01-26,P007,Yoga Mat,57
2027-01-26,P007,Yoga Mat,62
2027-01-26,P008,Coffee Maker,55
2027-01-26,P008,Coffee Maker,45
2027-01-26,P008,Coffee Maker,25
2027-01-26,P008,Coffee Maker,49
2027-01-27,P001,Wireless Mouse,53
2027-01-27,P001,Wireless Mouse,49
2027-01-27,P001,Wireless Mouse,47
2027-01-27,P001,Wireless Mouse,32
2027-01-27,P002,Bluetooth Speaker,13
2027-01-27,P002,Bluetooth Speaker,40
2027-01-27,P002,Bluetooth Speaker,48
2027-01-27,P002,Bluetooth Speaker,31
2027-01-27,P003,Office Chair,40
2027-01-27,P003,Office Chair,43
2027-01-27,P003,Office Chair,34
2027-01-27,P003,Office Chair,27
2027-01-27,P004,Notebook Pack,51
2027-01-27,P004,Notebook Pack,36
2027-01-27,P004,Notebook Pack,48
2027-01-27,P004,Notebook Pack,38
2027-01-27,P005,LED Desk Lamp,52
2027-01-27,P005,LED Desk Lamp,29
2027-01-27,P005,LED Desk Lamp,49
2027-01-27,P005,LED Desk Lamp,29
2027-01-27,P006,Running Shoes,44
2027-01-27,P006,Running Shoes,37
2027-01-27,P006,Running Shoes,34
2027-01-27,P006,Running Shoes,41
2027-01-27,P007,Yoga Mat,30
2027-01-27,P007,Yoga Mat,43
2027-01-27,P007,Yoga Mat,33
2027-01-27,P007,Yoga Mat,45
2027-01-27,P008,Coffee Maker,34
2027-01-27,P008,Coffee Maker,38
2027-01-27,P008,Coffee Maker,44
2027-01-27,P008,Coffee Maker,34
2027-01-28,P001,Wireless Mouse,29
2027-01-28,P001,Wireless Mouse,47
2027-01-28,P001,Wireless Mouse,43
2027-01-28,P001,Wireless Mouse,40
2027-01-28,P002,Bluetooth Speaker,26
2027-01-28,P002,Bluetooth Speaker,32
2027-01-28,P002,Bluetooth Speaker,54
2027-01-28,P002,Bluetooth Speaker,21
2027-01-28,P003,Office Chair,35
2027-01-28,P003,Office Chair,47
2027-01-28,P003,Office Chair,49
2027-01-28,P003,Office Chair,35
2027-01-28,P004,Notebook Pack,45
2027-01-28,P004,Notebook Pack,32
2027-01-28,P004,Notebook Pack,18
2027-01-28,P004,Notebook Pack,58
2027-01-28,P005,LED Desk Lamp,37
2027-01-28,P005,LED Desk Lamp,37
2027-01-28,P005,LED Desk Lamp,45
2027-01-28,P005,LED Desk Lamp,52
2027-01-28,P006,Running Shoes,50
2027-01-28,P006,Running Shoes,40
2027-01-28,P006,Running Shoes,50
2027-01-28,P006,Running Shoes,39
2027-01-28,P007,Yoga Mat,31
2027-01-28,P007,Yoga Mat,57
2027-01-28,P007,Yoga Mat,51
2027-01-28,P007,Yoga Mat,55
2027-01-28,P008,Coffee Maker,37
2027-01-28,P008,Coffee Maker,37
2027-01-28,P008,Coffee Maker,53
2027-01-28,P008,Coffee Maker,60
2027-01-29,P001,Wireless Mouse,53
2027-01-29,P001,Wireless Mouse,58
2027-01-29,P001,Wireless Mouse,55
2027-01-29,P001,Wireless Mouse,33
2027-01-29,P002,Bluetooth Speaker,29
2027-01-29,P002,Bluetooth Speaker,30
2027-01-29,P002,Bluetooth Speaker,62
2027-01-29,P002,Bluetooth Speaker,28
2027-01-29,P003,Office Chair,34
2027-01-29,P003,Office Chair,50
2027-01-29,P003,Office Chair,42
2027-01-29,P003,Office Chair,49
2027-01-29,P004,Notebook Pack,49
2027-01-29,P004,Notebook Pack,30
2027-01-29,P004,Notebook Pack,27
2027-01-29,P004,Notebook Pack,44
2027-01-29,P005,LED Desk Lamp,42
2027-01-29,P005,LED Desk Lamp,37
2027-01-29,P005,LED Desk Lamp,46
2027-01-29,P005,LED Desk Lamp,33
2027-01-29,P006,Running Shoes,44
2027-01-29,P006,Running Shoes,45
2027-01-29,P006,Running Shoes,40
2027-01-29,P006,Running Shoes,57
2027-01-29,P007,Yoga Mat,36
2027-01-29,P007,Yoga Mat,53
2027-01-29,P007,Yoga Mat,68
2027-01-29,P007,Yoga Mat,50
2027-01-29,P008,Coffee Maker,48
2027-01-29,P008,Coffee Maker,46
2027-01-29,P008,Coffee Maker,41
2027-01-29,P008,Coffee Maker,49
2027-01-30,P001,Wireless Mouse,51
2027-01-30,P001,Wireless Mouse,56
2027-01-30,P001,Wireless Mouse,48
2027-01-30,P001,Wireless Mouse,40
2027-01-30,P002,Bluetooth Speaker,41
2027-01-30,P002,Bluetooth Speaker,37
2027-01-30,P002,Bluetooth Speaker,40
2027-01-30,P002,Bluetooth Speaker,24
2027-01-30,P003,Office Chair,57
2027-01-30,P003,Office Chair,43
2027-01-30,P003,Office Chair,56
2027-01-30,P003,Office Chair,26
2027-01-30,P004,Notebook Pack,49
2027-01-30,P004,Notebook Pack,27
2027-01-30,P004,Notebook Pack,45
2027-01-30,P004,Notebook Pack,44
2027-01-30,P005,LED Desk Lamp,38
2027-01-30,P005,LED Desk Lamp,38
2027-01-30,P005,LED Desk Lamp,56
2027-01-30,P005,LED Desk Lamp,41
2027-01-30,P006,Running Shoes,55
2027-01-30,P006,Running Shoes,56
2027-01-30,P006,Running Shoes,36
2027-01-30,P006,Running Shoes,44
2027-01-30,P007,Yoga Mat,35
2027-01-30,P007,Yoga Mat,65
2027-01-30,P007,Yoga Mat,50
2027-01-30,P007,Yoga Mat,54
2027-01-30,P008,Coffee Maker,27
2027-01-30,P008,Coffee Maker,42
2027-01-30,P008,Coffee Maker,71
2027-01-30,P008,Coffee Maker,38
2027-01-31,P001,Wireless Mouse,59
2027-01-31,P001,Wireless Mouse,49
2027-01-31,P001,Wireless Mouse,57
2027-01-31,P001,Wireless Mouse,20
2027-01-31,P002,Bluetooth Speaker,26
2027-01-31,P002,Bluetooth Speaker,33
2027-01-31,P002,Bluetooth Speaker,41
2027-01-31,P002,Bluetooth Speaker,28
2027-01-31,P003,Office Chair,40
2027-01-31,P003,Office Chair,47
2027-01-31,P003,Office Chair,39
2027-01-31,P003,Office Chair,46
2027-01-31,P004,Notebook Pack,42
2027-01-31,P004,Notebook Pack,38
2027-01-31,P004,Notebook Pack,59
2027-01-31,P004,Notebook Pack,34
2027-01-31,P005,LED Desk Lamp,49
2027-01-31,P005,LED Desk Lamp,40
2027-01-31,P005,LED Desk Lamp,38
2027-01-31,P005,LED Desk Lamp,50
2027-01-31,P006,Running Shoes,57
2027-01-31,P006,Running Shoes,43
2027-01-31,P006,Running Shoes,38
2027-01-31,P006,Running Shoes,34
2027-01-31,P007,Yoga Mat,39
2027-01-31,P007,Yoga Mat,42
2027-01-31,P007,Yoga Mat,48
2027-01-31,P007,Yoga Mat,58
2027-01-31,P008,Coffee Maker,45
2027-01-31,P008,Coffee Maker,39
2027-01-31,P008,Coffee Maker,57
2027-01-31,P008,Coffee Maker,57
2027-02-01,P001,Wireless Mouse,39
2027-02-01,P001,Wireless Mouse,43
2027-02-01,P001,Wireless Mouse,53
2027-02-01,P001,Wireless Mouse,47
2027-02-01,P002,Bluetooth Speaker,34
2027-02-01,P002,Bluetooth Speaker,47
2027-02-01,P002,Bluetooth Speaker,41
2027-02-01,P002,Bluetooth Speaker,33
2027-02-01,P003,Office Chair,39
2027-02-01,P003,Office Chair,34
2027-02-01,P003,Office Chair,39
2027-02-01,P003,Office Chair,18
2027-02-01,P004,Notebook Pack,53
2027-02-01,P004,Notebook Pack,41
2027-02-01,P004,Notebook Pack,28
2027-02-01,P004,Notebook Pack,52
2027-02-01,P005,LED Desk Lamp,57
2027-02-01,P005,LED Desk Lamp,27
2027-02-01,P005,LED Desk Lamp,48
2027-02-01,P005,LED Desk Lamp,58
2027-02-01,P006,Running Shoes,45
2027-02-01,P006,Running Shoes,50
2027-02-01,P006,Running Shoes,48
2027-02-01,P006,Running Shoes,36
2027-02-01,P007,Yoga Mat,48
2027-02-01,P007,Yoga Mat,46
2027-02-01,P007,Yoga Mat,54
2027-02-01,P007,Yoga Mat,61
2027-02-01,P008,Coffee Maker,36
2027-02-01,P008,Coffee Maker,36
2027-02-01,P008,Coffee Maker,52
2027-02-01,P008,Coffee Maker,51
2027-02-02,P001,Wireless Mouse,33
2027-02-02,P001,Wireless Mouse,44
2027-02-02,P001,Wireless Mouse,60
2027-02-02,P001,Wireless Mouse,29
2027-02-02,P002,Bluetooth Speaker,30
2027-02-02,P002,Bluetooth Speaker,38
2027-02-02,P002,Bluetooth Speaker,53
2027-02-02,P002,Bluetooth Speaker,36
2027-02-02,P003,Office Chair,46
2027-02-02,P003,Office Chair,42
2027-02-02,P003,Office Chair,45
2027-02-02,P003,Office Chair,31
2027-02-02,P004,Notebook Pack,48
2027-02-02,P004,Notebook Pack,44
2027-02-02,P004,Notebook Pack,40
2027-02-02,P004,Notebook Pack,46
2027-02-02,P005,LED Desk Lamp,47
2027-02-02,P005,LED Desk Lamp,44
2027-02-02,P005,LED Desk Lamp,61
2027-02-02,P005,LED Desk Lamp,22
2027-02-02,P006,Running Shoes,52
2027-02-02,P006,Running Shoes,63
2027-02-02,P006,Running Shoes,48
2027-02-02,P006,Running Shoes,38
2027-02-02,P007,Yoga Mat,31
2027-02-02,P007,Yoga Mat,52
2027-02-02,P007,Yoga Mat,57
2027-02-02,P007,Yoga Mat,62
2027-02-02,P008,Coffee Maker,55
2027-02-02,P008,Coffee Maker,45
2027-02-02,P008,Coffee Maker,25
2027-02-02,P008,Coffee Maker,49
2027-02-03,P001,Wireless Mouse,53
2027-02-03,P001,Wireless Mouse,49
2027-02-03,P001,Wireless Mouse,47
2027-02-03,P001,Wireless Mouse,32
2027-02-03,P002,Bluetooth Speaker,13
2027-02-03,P002,Bluetooth Speaker,40
2027-02-03,P002,Bluetooth Speaker,48
2027-02-03,P002,Bluetooth Speaker,30
2027-02-03,P003,Office Chair,39
2027-02-03,P003,Office Chair,43
2027-02-03,P003,Office Chair,34
2027-02-03,P003,Office Chair,27
2027-02-03,P004,Notebook Pack,51
2027-02-03,P004,Notebook Pack,36
2027-02-03,P004,Notebook Pack,47
2027-02-03,P004,Notebook Pack,38
2027-02-03,P005,LED Desk Lamp,51
2027-02-03,P005,LED Desk Lamp,28
2027-02-03,P005,LED Desk Lamp,49
2027-02-03,P005,LED Desk Lamp,29
2027-02-03,P006,Running Shoes,44
2027-02-03,P006,Running Shoes,37
2027-02-03,P006,Running Shoes,34
2027-02-03,P006,Running Shoes,41
2027-02-03,P007,Yoga Mat,30
2027-02-03,P007,Yoga Mat,43
2027-02-03,P007,Yoga Mat,33
2027-02-03,P007,Yoga Mat,45
2027-02-03,P008,Coffee Maker,34
2027-02-03,P008,Coffee Maker,37
2027-02-03,P008,Coffee Maker,44
2027-02-03,P008,Coffee Maker,34
2027-02-04,P001,Wireless Mouse,29
2027-02-04,P001,Wireless Mouse,47
2027-02-04,P001,Wireless Mouse,43
2027-02-04,P001,Wireless Mouse,40
2027-02-04,P002,Bluetooth Speaker,26
2027-02-04,P002,Bluetooth Speaker,32
2027-02-04,P002,Bluetooth Speaker,55
2027-02-04,P002,Bluetooth Speaker,21
2027-02-04,P003,Office Chair,35
2027-02-04,P003,Office Chair,47
2027-02-04,P003,Office Chair,49
2027-02-04,P003,Office Chair,35
2027-02-04,P004,Notebook Pack,45
2027-02-04,P004,Notebook Pack,32
2027-02-04,P004,Notebook Pack,18
2027-02-04,P004,Notebook Pack,58
2027-02-04,P005,LED Desk Lamp,37
2027-02-04,P005,LED Desk Lamp,37
2027-02-04,P005,LED Desk Lamp,45
2027-02-04,P005,LED Desk Lamp,52
2027-02-04,P006,Running Shoes,50
2027-02-04,P006,Running Shoes,40
2027-02-04,P006,Running Shoes,50
2027-02-04,P006,Running Shoes,39
2027-02-04,P007,Yoga Mat,31
2027-02-04,P007,Yoga Mat,57
2027-02-04,P007,Yoga Mat,51
2027-02-04,P007,Yoga Mat,55
2027-02-04,P008,Coffee Maker,37
2027-02-04,P008,Coffee Maker,37
2027-02-04,P008,Coffee Maker,53
2027-02-04,P008,Coffee Maker,60
2027-02-05,P001,Wireless Mouse,53
2027-02-05,P001,Wireless Mouse,58
2027-02-05,P001,Wireless Mouse,55
2027-02-05,P001,Wireless Mouse,32
2027-02-05,P002,Bluetooth Speaker,29
2027-02-05,P002,Bluetooth Speaker,30
2027-02-05,P002,Bluetooth Speaker,62
2027-02-05,P002,Bluetooth Speaker,28
2027-02-05,P003,Office Chair,34
2027-02-05,P003,Office Chair,50
2027-02-05,P003,Office Chair,42
2027-02-05,P003,Office Chair,48
2027-02-05,P004,Notebook Pack,50
2027-02-05,P004,Notebook Pack,30
2027-02-05,P004,Notebook Pack,27
2027-02-05,P004,Notebook Pack,44
2027-02-05,P005,LED Desk Lamp,42
2027-02-05,P005,LED Desk Lamp,37
2027-02-05,P005,LED Desk Lamp,46
2027-02-05,P005,LED Desk Lamp,33
2027-02-05,P006,Running Shoes,44
2027-02-05,P006,Running Shoes,45
2027-02-05,P006,Running Shoes,39
2027-02-05,P006,Running Shoes,57
2027-02-05,P007,Yoga Mat,36
2027-02-05,P007,Yoga Mat,53
2027-02-05,P007,Yoga Mat,69
2027-02-05,P007,Yoga Mat,50
2027-02-05,P008,Coffee Maker,48
2027-02-05,P008,Coffee Maker,46
2027-02-05,P008,Coffee Maker,41
2027-02-05,P008,Coffee Maker,49
2027-02-06,P001,Wireless Mouse,51
2027-02-06,P001,Wireless Mouse,57
2027-02-06,P001,Wireless Mouse,48
2027-02-06,P001,Wireless Mouse,40
2027-02-06,P002,Bluetooth Speaker,41
2027-02-06,P002,Bluetooth Speaker,37
2027-02-06,P002,Bluetooth Speaker,40
2027-02-06,P002,Bluetooth Speaker,24
2027-02-06,P003,Office Chair,57
2027-02-06,P003,Office Chair,43
2027-02-06,P003,Office Chair,56
2027-02-06,P003,Office Chair,26
2027-02-06,P004,Notebook Pack,49
2027-02-06,P004,Notebook Pack,27
2027-02-06,P004,Notebook Pack,45
2027-02-06,P004,Notebook Pack,44
2027-02-06,P005,LED Desk Lamp,38
2027-02-06,P005,LED Desk Lamp,37
2027-02-06,P005,LED Desk Lamp,56
2027-02-06,P005,LED Desk Lamp,41
2027-02-06,P006,Running Shoes,55
2027-02-06,P006,Running Shoes,56
2027-02-06,P006,Running Shoes,35
2027-02-06,P006,Running Shoes,44
2027-02-06,P007,Yoga Mat,35
2027-02-06,P007,Yoga Mat,65
2027-02-06,P007,Yoga Mat,50
2027-02-06,P007,Yoga Mat,54
2027-02-06,P008,Coffee Maker,27
2027-02-06,P008,Coffee Maker,42
2027-02-06,P008,Coffee Maker,71
2027-02-06,P008,Coffee Maker,38
2027-02-07,P001,Wireless Mouse,59
2027-02-07,P001,Wireless Mouse,49
2027-02-07,P001,Wireless Mouse,57
2027-02-07,P001,Wireless Mouse,20
2027-02-07,P002,Bluetooth Speaker,26
2027-02-07,P002,Bluetooth Speaker,33
2027-02-07,P002,Bluetooth Speaker,41
2027-02-07,P002,Bluetooth Speaker,28
2027-02-07,P003,Office Chair,40
2027-02-07,P003,Office Chair,46
2027-02-07,P003,Office Chair,39
2027-02-07,P003,Office Chair,46
2027-02-07,P004,Notebook Pack,42
2027-02-07,P004,Notebook Pack,38
2027-02-07,P004,Notebook Pack,59
2027-02-07,P004,Notebook Pack,34
2027-02-07,P005,LED Desk Lamp,49
2027-02-07,P005,LED Desk Lamp,40
2027-02-07,P005,LED Desk Lamp,38
2027-02-07,P005,LED Desk Lamp,49
2027-02-07,P006,Running Shoes,57
2027-02-07,P006,Running Shoes,43
2027-02-07,P006,Running Shoes,38
2027-02-07,P006,Running Shoes,34
2027-02-07,P007,Yoga Mat,39
2027-02-07,P007,Yoga Mat,42
2027-02-07,P007,Yoga Mat,48
2027-02-07,P007,Yoga Mat,58
2027-02-07,P008,Coffee Maker,45
2027-02-07,P008,Coffee Maker,39
2027-02-07,P008,Coffee Maker,57
2027-02-07,P008,Coffee Maker,57
2027-02-08,P001,Wireless Mouse,39
2027-02-08,P001,Wireless Mouse,43
2027-02-08,P001,Wireless Mouse,53
2027-02-08,P001,Wireless Mouse,46
2027-02-08,P002,Bluetooth Speaker,34
2027-02-08,P002,Bluetooth Speaker,47
2027-02-08,P002,Bluetooth Speaker,41
2027-02-08,P002,Bluetooth Speaker,33
2027-02-08,P003,Office Chair,39
2027-02-08,P003,Office Chair,34
2027-02-08,P003,Office Chair,39
2027-02-08,P003,Office Chair,18
2027-02-08,P004,Notebook Pack,53
2027-02-08,P004,Notebook Pack,40
2027-02-08,P004,Notebook Pack,28
2027-02-08,P004,Notebook Pack,51
2027-02-08,P005,LED Desk Lamp,57
2027-02-08,P005,LED Desk Lamp,27
2027-02-08,P005,LED Desk Lamp,48
2027-02-08,P005,LED Desk Lamp,58
2027-02-08,P006,Running Shoes,45
2027-02-08,P006,Running Shoes,50
2027-02-08,P006,Running Shoes,48
2027-02-08,P006,Running Shoes,36
2027-02-08,P007,Yoga Mat,49
2027-02-08,P007,Yoga Mat,46
2027-02-08,P007,Yoga Mat,54
2027-02-08,P007,Yoga Mat,61
2027-02-08,P008,Coffee Maker,36
2027-02-08,P008,Coffee Maker,36
2027-02-08,P008,Coffee Maker,52
2027-02-08,P008,Coffee Maker,51
2027-02-09,P001,Wireless Mouse,33
2027-02-09,P001,Wireless Mouse,44
2027-02-09,P001,Wireless Mouse,60
2027-02-09,P001,Wireless Mouse,29
2027-02-09,P002,Bluetooth Speaker,29
2027-02-09,P002,Bluetooth Speaker,38
2027-02-09,P002,Bluetooth Speaker,53
2027-02-09,P002,Bluetooth Speaker,36
2027-02-09,P003,Office Chair,46
2027-02-09,P003,Office Chair,42
2027-02-09,P003,Office Chair,45
2027-02-09,P003,Office Chair,31
2027-02-09,P004,Notebook Pack,48
2027-02-09,P004,Notebook Pack,43
2027-02-09,P004,Notebook Pack,40
2027-02-09,P004,Notebook Pack,46
2027-02-09,P005,LED Desk Lamp,47
2027-02-09,P005,LED Desk Lamp,44
2027-02-09,P005,LED Desk Lamp,60
2027-02-09,P005,LED Desk Lamp,22
2027-02-09,P006,Running Shoes,52
2027-02-09,P006,Running Shoes,62
2027-02-09,P006,Running Shoes,48
2027-02-09,P006,Running Shoes,38
2027-02-09,P007,Yoga Mat,31
2027-02-09,P007,Yoga Mat,52
2027-02-09,P007,Yoga Mat,57
2027-02-09,P007,Yoga Mat,62
2027-02-09,P008,Coffee Maker,55
2027-02-09,P008,Coffee Maker,45
2027-02-09,P008,Coffee Maker,25
2027-02-09,P008,Coffee Maker,49
2027-02-10,P001,Wireless Mouse,53
2027-02-10,P001,Wireless Mouse,49
2027-02-10,P001,Wireless Mouse,47
2027-02-10,P001,Wireless Mouse,32
2027-02-10,P002,Bluetooth Speaker,13
2027-02-10,P002,Bluetooth Speaker,39
2027-02-10,P002,Bluetooth Speaker,48
2027-02-10,P002,Bluetooth Speaker,30
2027-02-10,P003,Office Chair,39
2027-02-10,P003,Office Chair,43
2027-02-10,P003,Office Chair,34
2027-02-10,P003,Office Chair,27
2027-02-10,P004,Notebook Pack,52
2027-02-10,P004,Notebook Pack,36
2027-02-10,P004,Notebook Pack,47
2027-02-10,P004,Notebook Pack,38
2027-02-10,P005,LED Desk Lamp,51
2027-02-10,P005,LED Desk Lamp,28
2027-02-10,P005,LED Desk Lamp,49
2027-02-10,P005,LED Desk Lamp,29
2027-02-10,P006,Running Shoes,44
2027-02-10,P006,Running Shoes,37
2027-02-10,P006,Running Shoes,34
2027-02-10,P006,Running Shoes,41
2027-02-10,P007,Yoga Mat,30
2027-02-10,P007,Yoga Mat,43
2027-02-10,P007,Yoga Mat,33
2027-02-10,P007,Yoga Mat,45
2027-02-10,P008,Coffee Maker,34
2027-02-10,P008,Coffee Maker,37
2027-02-10,P008,Coffee Maker,44
2027-02-10,P008,Coffee Maker,34
2027-02-11,P001,Wireless Mouse,29
2027-02-11,P001,Wireless Mouse,47
2027-02-11,P001,Wireless Mouse,43
2027-02-11,P001,Wireless Mouse,40
2027-02-11,P002,Bluetooth Speaker,26
2027-02-11,P002,Bluetooth Speaker,32
2027-02-11,P002,Bluetooth Speaker,55
2027-02-11,P002,Bluetooth Speaker,21
2027-02-11,P003,Office Chair,35
2027-02-11,P003,Office Chair,47
2027-02-11,P003,Office Chair,49
2027-02-11,P003,Office Chair,35
2027-02-11,P004,Notebook Pack,45
2027-02-11,P004,Notebook Pack,32
2027-02-11,P004,Notebook Pack,18
2027-02-11,P004,Notebook Pack,58
2027-02-11,P005,LED Desk Lamp,36
2027-02-11,P005,LED Desk Lamp,36
2027-02-11,P005,LED Desk Lamp,45
2027-02-11,P005,LED Desk Lamp,52
2027-02-11,P006,Running Shoes,50
2027-02-11,P006,Running Shoes,40
2027-02-11,P006,Running Shoes,50
2027-02-11,P006,Running Shoes,39
2027-02-11,P007,Yoga Mat,31
2027-02-11,P007,Yoga Mat,57
2027-02-11,P007,Yoga Mat,51
2027-02-11,P007,Yoga Mat,55
2027-02-11,P008,Coffee Maker,37
2027-02-11,P008,Coffee Maker,37
2027-02-11,P008,Coffee Maker,53
2027-02-11,P008,Coffee Maker,60
2027-02-12,P001,Wireless Mouse,53
2027-02-12,P001,Wireless Mouse,58
2027-02-12,P001,Wireless Mouse,55
2027-02-12,P001,Wireless Mouse,32
2027-02-12,P002,Bluetooth Speaker,29
2027-02-12,P002,Bluetooth Speaker,30
2027-02-12,P002,Bluetooth Speaker,62
2027-02-12,P002,Bluetooth Speaker,27
2027-02-12,P003,Office Chair,34
2027-02-12,P003,Office Chair,50
2027-02-12,P003,Office Chair,42
2027-02-12,P003,Office Chair,48
2027-02-12,P004,Notebook Pack,50
2027-02-12,P004,Notebook Pack,30
2027-02-12,P004,Notebook Pack,27
2027-02-12,P004,Notebook Pack,44
2027-02-12,P005,LED Desk Lamp,41
2027-02-12,P005,LED Desk Lamp,36
2027-02-12,P005,LED Desk Lamp,46
2027-02-12,P005,LED Desk Lamp,33
2027-02-12,P006,Running Shoes,44
2027-02-12,P006,Running Shoes,44
2027-02-12,P006,Running Shoes,39
2027-02-12,P006,Running Shoes,57
2027-02-12,P007,Yoga Mat,36
2027-02-12,P007,Yoga Mat,53
2027-02-12,P007,Yoga Mat,69
2027-02-12,P007,Yoga Mat,50
2027-02-12,P008,Coffee Maker,48
2027-02-12,P008,Coffee Maker,46
2027-02-12,P008,Coffee Maker,41
2027-02-12,P008,Coffee Maker,49
2027-02-13,P001,Wireless Mouse,51
2027-02-13,P001,Wireless Mouse,57
2027-02-13,P001,Wireless Mouse,48
2027-02-13,P001,Wireless Mouse,40
2027-02-13,P002,Bluetooth Speaker,41
2027-02-13,P002,Bluetooth Speaker,37
2027-02-13,P002,Bluetooth Speaker,41
2027-02-13,P002,Bluetooth Speaker,24
2027-02-13,P003,Office Chair,57
2027-02-13,P003,Office Chair,43
2027-02-13,P003,Office Chair,56
2027-02-13,P003,Office Chair,26
2027-02-13,P004,Notebook Pack,49
2027-02-13,P004,Notebook Pack,27
2027-02-13,P004,Notebook Pack,45
2027-02-13,P004,Notebook Pack,44
2027-02-13,P005,LED Desk Lamp,38
2027-02-13,P005,LED Desk Lamp,37
2027-02-13,P005,LED Desk Lamp,56
2027-02-13,P005,LED Desk Lamp,40
2027-02-13,P006,Running Shoes,55
2027-02-13,P006,Running Shoes,56
2027-02-13,P006,Running Shoes,35
2027-02-13,P006,Running Shoes,44
2027-02-13,P007,Yoga Mat,35
2027-02-13,P007,Yoga Mat,65
2027-02-13,P007,Yoga Mat,50
2027-02-13,P007,Yoga Mat,54
2027-02-13,P008,Coffee Maker,27
2027-02-13,P008,Coffee Maker,41
2027-02-13,P008,Coffee Maker,71
2027-02-13,P008,Coffee Maker,38
2027-02-14,P001,Wireless Mouse,59
2027-02-14,P001,Wireless Mouse,49
2027-02-14,P001,Wireless Mouse,57
2027-02-14,P001,Wireless Mouse,20
2027-02-14,P002,Bluetooth Speaker,26
2027-02-14,P002,Bluetooth Speaker,33
2027-02-14,P002,Bluetooth Speaker,41
2027-02-14,P002,Bluetooth Speaker,28
2027-02-14,P003,Office Chair,40
2027-02-14,P003,Office Chair,46
2027-02-14,P003,Office Chair,39
2027-02-14,P003,Office Chair,45
2027-02-14,P004,Notebook Pack,42
2027-02-14,P004,Notebook Pack,38
2027-02-14,P004,Notebook Pack,59
2027-02-14,P004,Notebook Pack,34
2027-02-14,P005,LED Desk Lamp,48
2027-02-14,P005,LED Desk Lamp,40
2027-02-14,P005,LED Desk Lamp,38
2027-02-14,P005,LED Desk Lamp,49
2027-02-14,P006,Running Shoes,57
2027-02-14,P006,Running Shoes,43
2027-02-14,P006,Running Shoes,38
2027-02-14,P006,Running Shoes,34
2027-02-14,P007,Yoga Mat,39
2027-02-14,P007,Yoga Mat,42
2027-02-14,P007,Yoga Mat,48
2027-02-14,P007,Yoga Mat,58
2027-02-14,P008,Coffee Maker,45
2027-02-14,P008,Coffee Maker,39
2027-02-14,P008,Coffee Maker,57
2027-02-14,P008,Coffee Maker,57
2027-02-15,P001,Wireless Mouse,39
2027-02-15,P001,Wireless Mouse,43
2027-02-15,P001,Wireless Mouse,53
2027-02-15,P001,Wireless Mouse,46
2027-02-15,P002,Bluetooth Speaker,34
2027-02-15,P002,Bluetooth Speaker,47
2027-02-15,P002,Bluetooth Speaker,41
2027-02-15,P002,Bluetooth Speaker,33
2027-02-15,P003,Office Chair,38
2027-02-15,P003,Office Chair,34
2027-02-15,P003,Office Chair,39
2027-02-15,P003,Office Chair,18
2027-02-15,P004,Notebook Pack,53
2027-02-15,P004,Notebook Pack,40
2027-02-15,P004,Notebook Pack,28
2027-02-15,P004,Notebook Pack,51
2027-02-15,P005,LED Desk Lamp,56
2027-02-15,P005,LED Desk Lamp,27
2027-02-15,P005,LED Desk Lamp,48
2027-02-15,P005,LED Desk Lamp,58
2027-02-15,P006,Running Shoes,45
2027-02-15,P006,Running Shoes,50
2027-02-15,P006,Running Shoes,48
2027-02-15,P006,Running Shoes,36
2027-02-15,P007,Yoga Mat,49
2027-02-15,P007,Yoga Mat,46
2027-02-15,P007,Yoga Mat,54
2027-02-15,P007,Yoga Mat,61
2027-02-15,P008,Coffee Maker,36
2027-02-15,P008,Coffee Maker,36
2027-02-15,P008,Coffee Maker,52
2027-02-15,P008,Coffee Maker,51
2027-02-16,P001,Wireless Mouse,33
2027-02-16,P001,Wireless Mouse,44
2027-02-16,P001,Wireless Mouse,60
2027-02-16,P001,Wireless Mouse,29
2027-02-16,P002,Bluetooth Speaker,29
2027-02-16,P002,Bluetooth Speaker,38
2027-02-16,P002,Bluetooth Speaker,53
2027-02-16,P002,Bluetooth Speaker,36
2027-02-16,P003,Office Chair,46
2027-02-16,P003,Office Chair,42
2027-02-16,P003,Office Chair,45
2027-02-16,P003,Office Chair,31
2027-02-16,P004,Notebook Pack,49
2027-02-16,P004,Notebook Pack,43
2027-02-16,P004,Notebook Pack,40
2027-02-16,P004,Notebook Pack,46
2027-02-16,P005,LED Desk Lamp,47
2027-02-16,P005,LED Desk Lamp,43
2027-02-16,P005,LED Desk Lamp,60
2027-02-16,P005,LED Desk Lamp,22
2027-02-16,P006,Running Shoes,52
2027-02-16,P006,Running Shoes,62
2027-02-16,P006,Running Shoes,48
2027-02-16,P006,Running Shoes,38
2027-02-16,P007,Yoga Mat,31
2027-02-16,P007,Yoga Mat,52
2027-02-16,P007,Yoga Mat,57
2027-02-16,P007,Yoga Mat,63
2027-02-16,P008,Coffee Maker,55
2027-02-16,P008,Coffee Maker,45
2027-02-16,P008,Coffee Maker,25
2027-02-16,P008,Coffee Maker,49
2027-02-17,P001,Wireless Mouse,53
2027-02-17,P001,Wireless Mouse,50
2027-02-17,P001,Wireless Mouse,47
2027-02-17,P001,Wireless Mouse,32
2027-02-17,P002,Bluetooth Speaker,13
2027-02-17,P002,Bluetooth Speaker,39
2027-02-17,P002,Bluetooth Speaker,49
2027-02-17,P002,Bluetooth Speaker,30
2027-02-17,P003,Office Chair,39
2027-02-17,P003,Office Chair,43
2027-02-17,P003,Office Chair,34
2027-02-17,P003,Office Chair,27
2027-02-17,P004,Notebook Pack,52
2027-02-17,P004,Notebook Pack,36
2027-02-17,P004,Notebook Pack,47
2027-02-17,P004,Notebook Pack,37
2027-02-17,P005,LED Desk Lamp,51
2027-02-17,P005,LED Desk Lamp,28
2027-02-17,P005,LED Desk Lamp,49
2027-02-17,P005,LED Desk Lamp,28
2027-02-17,P006,Running Shoes,44
2027-02-17,P006,Running Shoes,37
2027-02-17,P006,Running Shoes,33
2027-02-17,P006,Running Shoes,41
2027-02-17,P007,Yoga Mat,30
2027-02-17,P007,Yoga Mat,43
2027-02-17,P007,Yoga Mat,33
2027-02-17,P007,Yoga Mat,45
2027-02-17,P008,Coffee Maker,34
2027-02-17,P008,Coffee Maker,37
2027-02-17,P008,Coffee Maker,44
2027-02-17,P008,Coffee Maker,35
2027-02-18,P001,Wireless Mouse,29
2027-02-18,P001,Wireless Mouse,48
2027-02-18,P001,Wireless Mouse,42
2027-02-18,P001,Wireless Mouse,40
2027-02-18,P002,Bluetooth Speaker,26
2027-02-18,P002,Bluetooth Speaker,32
2027-02-18,P002,Bluetooth Speaker,55
2027-02-18,P002,Bluetooth Speaker,21
2027-02-18,P003,Office Chair,35
2027-02-18,P003,Office Chair,47
2027-02-18,P003,Office Chair,49
2027-02-18,P003,Office Chair,34
2027-02-18,P004,Notebook Pack,46
2027-02-18,P004,Notebook Pack,32
2027-02-18,P004,Notebook Pack,18
2027-02-18,P004,Notebook Pack,58
2027-02-18,P005,LED Desk Lamp,36
2027-02-18,P005,LED Desk Lamp,36
2027-02-18,P005,LED Desk Lamp,45
2027-02-18,P005,LED Desk Lamp,52
2027-02-18,P006,Running Shoes,50
2027-02-18,P006,Running Shoes,40
2027-02-18,P006,Running Shoes,50
2027-02-18,P006,Running Shoes,39
2027-02-18,P007,Yoga Mat,31
2027-02-18,P007,Yoga Mat,57
2027-02-18,P007,Yoga Mat,51
2027-02-18,P007,Yoga Mat,55
2027-02-18,P008,Coffee Maker,37
2027-02-18,P008,Coffee Maker,37
2027-02-18,P008,Coffee Maker,53
2027-02-18,P008,Coffee Maker,60
2027-02-19,P001,Wireless Mouse,53
2027-02-19,P001,Wireless Mouse,59
2027-02-19,P001,Wireless Mouse,55
2027-02-19,P001,Wireless Mouse,32
2027-02-19,P002,Bluetooth Speaker,29
2027-02-19,P002,Bluetooth Speaker,30
2027-02-19,P002,Bluetooth Speaker,62
2027-02-19,P002,Bluetooth Speaker,27
2027-02-19,P003,Office Chair,34
2027-02-19,P003,Office Chair,50
2027-02-19,P003,Office Chair,42
2027-02-19,P003,Office Chair,48
2027-02-19,P004,Notebook Pack,50
2027-02-19,P004,Notebook Pack,30
2027-02-19,P004,Notebook Pack,27
2027-02-19,P004,Notebook Pack,44
2027-02-19,P005,LED Desk Lamp,41
2027-02-19,P005,LED Desk Lamp,36
2027-02-19,P005,LED Desk Lamp,46
2027-02-19,P005,LED Desk Lamp,33
2027-02-19,P006,Running Shoes,44
2027-02-19,P006,Running Shoes,44
2027-02-19,P006,Running Shoes,39
2027-02-19,P006,Running Shoes,57
2027-02-19,P007,Yoga Mat,36
2027-02-19,P007,Yoga Mat,53
2027-02-19,P007,Yoga Mat,69
2027-02-19,P007,Yoga Mat,50
2027-02-19,P008,Coffee Maker,48
2027-02-19,P008,Coffee Maker,46
2027-02-19,P008,Coffee Maker,41
2027-02-19,P008,Coffee Maker,49
2027-02-20,P001,Wireless Mouse,51
2027-02-20,P001,Wireless Mouse,57
2027-02-20,P001,Wireless Mouse,48
2027-02-20,P001,Wireless Mouse,40
2027-02-20,P002,Bluetooth Speaker,41
2027-02-20,P002,Bluetooth Speaker,36
2027-02-20,P002,Bluetooth Speaker,41
2027-02-20,P002,Bluetooth Speaker,24
2027-02-20,P003,Office Chair,56
2027-02-20,P003,Office Chair,43
2027-02-20,P003,Office Chair,56
2027-02-20,P003,Office Chair,26
2027-02-20,P004,Notebook Pack,50
2027-02-20,P004,Notebook Pack,27
2027-02-20,P004,Notebook Pack,45
2027-02-20,P004,Notebook Pack,44
2027-02-20,P005,LED Desk Lamp,38
2027-02-20,P005,LED Desk Lamp,37
2027-02-20,P005,LED Desk Lamp,56
2027-02-20,P005,LED Desk Lamp,40
2027-02-20,P006,Running Shoes,55
2027-02-20,P006,Running Shoes,56
2027-02-20,P006,Running Shoes,35
2027-02-20,P006,Running Shoes,44
2027-02-20,P007,Yoga Mat,35
2027-02-20,P007,Yoga Mat,65
2027-02-20,P007,Yoga Mat,51
2027-02-20,P007,Yoga Mat,54
2027-02-20,P008,Coffee Maker,27
2027-02-20,P008,Coffee Maker,41
2027-02-20,P008,Coffee Maker,70
2027-02-20,P008,Coffee Maker,38
2027-02-21,P001,Wireless Mouse,59
2027-02-21,P001,Wireless Mouse,49
2027-02-21,P001,Wireless Mouse,57
2027-02-21,P001,Wireless Mouse,20
2027-02-21,P002,Bluetooth Speaker,26
2027-02-21,P002,Bluetooth Speaker,33
2027-02-21,P002,Bluetooth Speaker,41
2027-02-21,P002,Bluetooth Speaker,27
2027-02-21,P003,Office Chair,40
2027-02-21,P003,Office Chair,46
2027-02-21,P003,Office Chair,39
2027-02-21,P003,Office Chair,45
2027-02-21,P004,Notebook Pack,42
2027-02-21,P004,Notebook Pack,38
2027-02-21,P004,Notebook Pack,58
2027-02-21,P004,Notebook Pack,34
2027-02-21,P005,LED Desk Lamp,48
2027-02-21,P005,LED Desk Lamp,40
2027-02-21,P005,LED Desk Lamp,38
2027-02-21,P005,LED Desk Lamp,49
2027-02-21,P006,Running Shoes,57
2027-02-21,P006,Running Shoes,42
2027-02-21,P006,Running Shoes,38
2027-02-21,P006,Running Shoes,34
2027-02-21,P007,Yoga Mat,39
2027-02-21,P007,Yoga Mat,42
2027-02-21,P007,Yoga Mat,49
2027-02-21,P007,Yoga Mat,59
2027-02-21,P008,Coffee Maker,45
2027-02-21,P008,Coffee Maker,39
2027-02-21,P008,Coffee Maker,56
2027-02-21,P008,Coffee Maker,57
2027-02-22,P001,Wireless Mouse,39
2027-02-22,P001,Wireless Mouse,44
2027-02-22,P001,Wireless Mouse,53
2027-02-22,P001,Wireless Mouse,46
2027-02-22,P002,Bluetooth Speaker,33
2027-02-22,P002,Bluetooth Speaker,47
2027-02-22,P002,Bluetooth Speaker,41
2027-02-22,P002,Bluetooth Speaker,33
2027-02-22,P003,Office Chair,38
2027-02-22,P003,Office Chair,34
2027-02-22,P003,Office Chair,39
2027-02-22,P003,Office Chair,18
2027-02-22,P004,Notebook Pack,53
2027-02-22,P004,Notebook Pack,40
2027-02-22,P004,Notebook Pack,28
2027-02-22,P004,Notebook Pack,51
2027-02-22,P005,LED Desk Lamp,56
2027-02-22,P005,LED Desk Lamp,27
2027-02-22,P005,LED Desk Lamp,48
2027-02-22,P005,LED Desk Lamp,57
2027-02-22,P006,Running Shoes,45
2027-02-22,P006,Running Shoes,50
2027-02-22,P006,Running Shoes,48
2027-02-22,P006,Running Shoes,36
2027-02-22,P007,Yoga Mat,49
2027-02-22,P007,Yoga Mat,46
2027-02-22,P007,Yoga Mat,55
2027-02-22,P007,Yoga Mat,61
2027-02-22,P008,Coffee Maker,36
2027-02-22,P008,Coffee Maker,36
2027-02-22,P008,Coffee Maker,52
2027-02-22,P008,Coffee Maker,51
2027-02-23,P001,Wireless Mouse,33
2027-02-23,P001,Wireless Mouse,44
2027-02-23,P001,Wireless Mouse,60
2027-02-23,P001,Wireless Mouse,28
2027-02-23,P002,Bluetooth Speaker,29
2027-02-23,P002,Bluetooth Speaker,38
2027-02-23,P002,Bluetooth Speaker,54
2027-02-23,P002,Bluetooth Speaker,36
2027-02-23,P003,Office Chair,46
2027-02-23,P003,Office Chair,42
2027-02-23,P003,Office Chair,45
2027-02-23,P003,Office Chair,31
2027-02-23,P004,Notebook Pack,49
2027-02-23,P004,Notebook Pack,43
2027-02-23,P004,Notebook Pack,40
2027-02-23,P004,Notebook Pack,46
2027-02-23,P005,LED Desk Lamp,47
2027-02-23,P005,LED Desk Lamp,43
2027-02-23,P005,LED Desk Lamp,60
2027-02-23,P005,LED Desk Lamp,22
2027-02-23,P006,Running Shoes,52
2027-02-23,P006,Running Shoes,62
2027-02-23,P006,Running Shoes,47
2027-02-23,P006,Running Shoes,38
2027-02-23,P007,Yoga Mat,31
2027-02-23,P007,Yoga Mat,53
2027-02-23,P007,Yoga Mat,58
2027-02-23,P007,Yoga Mat,63
2027-02-23,P008,Coffee Maker,55
2027-02-23,P008,Coffee Maker,44
2027-02-23,P008,Coffee Maker,25
2027-02-23,P008,Coffee Maker,49
2027-02-24,P001,Wireless Mouse,53
2027-02-24,P001,Wireless Mouse,50
2027-02-24,P001,Wireless Mouse,47
2027-02-24,P001,Wireless Mouse,31
2027-02-24,P002,Bluetooth Speaker,13
2027-02-24,P002,Bluetooth Speaker,39
2027-02-24,P002,Bluetooth Speaker,49
2027-02-24,P002,Bluetooth Speaker,30
2027-02-24,P003,Office Chair,39
2027-02-24,P003,Office Chair,43
2027-02-24,P003,Office Chair,34
2027-02-24,P003,Office Chair,27
2027-02-24,P004,Notebook Pack,52
2027-02-24,P004,Notebook Pack,36
2027-02-24,P004,Notebook Pack,47
2027-02-24,P004,Notebook Pack,37
2027-02-24,P005,LED Desk Lamp,51
2027-02-24,P005,LED Desk Lamp,28
2027-02-24,P005,LED Desk Lamp,49
2027-02-24,P005,LED Desk Lamp,28
2027-02-24,P006,Running Shoes,44
2027-02-24,P006,Running Shoes,37
2027-02-24,P006,Running Shoes,33
2027-02-24,P006,Running Shoes,41
2027-02-24,P007,Yoga Mat,30
2027-02-24,P007,Yoga Mat,43
2027-02-24,P007,Yoga Mat,33
2027-02-24,P007,Yoga Mat,45
2027-02-24,P008,Coffee Maker,34
2027-02-24,P008,Coffee Maker,37
2027-02-24,P008,Coffee Maker,44
2027-02-24,P008,Coffee Maker,35
2027-02-25,P001,Wireless Mouse,29
2027-02-25,P001,Wireless Mouse,48
2027-02-25,P001,Wireless Mouse,42
2027-02-25,P001,Wireless Mouse,40
2027-02-25,P002,Bluetooth Speaker,25
2027-02-25,P002,Bluetooth Speaker,31
2027-02-25,P002,Bluetooth Speaker,55
2027-02-25,P002,Bluetooth Speaker,21
2027-02-25,P003,Office Chair,35
2027-02-25,P003,Office Chair,47
2027-02-25,P003,Office Chair,49
2027-02-25,P003,Office Chair,34
2027-02-25,P004,Notebook Pack,46
2027-02-25,P004,Notebook Pack,32
2027-02-25,P004,Notebook Pack,18
2027-02-25,P004,Notebook Pack,58
2027-02-25,P005,LED Desk Lamp,36
2027-02-25,P005,LED Desk Lamp,36
2027-02-25,P005,LED Desk Lamp,45
2027-02-25,P005,LED Desk Lamp,52
2027-02-25,P006,Running Shoes,50
2027-02-25,P006,Running Shoes,40
2027-02-25,P006,Running Shoes,49
2027-02-25,P006,Running Shoes,39
2027-02-25,P007,Yoga Mat,31
2027-02-25,P007,Yoga Mat,57
2027-02-25,P007,Yoga Mat,51
2027-02-25,P007,Yoga Mat,55
2027-02-25,P008,Coffee Maker,37
2027-02-25,P008,Coffee Maker,36
2027-02-25,P008,Coffee Maker,53
2027-02-25,P008,Coffee Maker,61
2027-02-26,P001,Wireless Mouse,53
2027-02-26,P001,Wireless Mouse,59
2027-02-26,P001,Wireless Mouse,55
2027-02-26,P001,Wireless Mouse,32
2027-02-26,P002,Bluetooth Speaker,29
2027-02-26,P002,Bluetooth Speaker,30
2027-02-26,P002,Bluetooth Speaker,62
2027-02-26,P002,Bluetooth Speaker,27
2027-02-26,P003,Office Chair,34
2027-02-26,P003,Office Chair,50
2027-02-26,P003,Office Chair,42
2027-02-26,P003,Office Chair,48
2027-02-26,P004,Notebook Pack,50
2027-02-26,P004,Notebook Pack,30
2027-02-26,P004,Notebook Pack,27
2027-02-26,P004,Notebook Pack,44
2027-02-26,P005,LED Desk Lamp,41
2027-02-26,P005,LED Desk Lamp,36
2027-02-26,P005,LED Desk Lamp,46
2027-02-26,P005,LED Desk Lamp,33
2027-02-26,P006,Running Shoes,44
2027-02-26,P006,Running Shoes,44
2027-02-26,P006,Running Shoes,39
2027-02-26,P006,Running Shoes,58
2027-02-26,P007,Yoga Mat,36
2027-02-26,P007,Yoga Mat,53
2027-02-26,P007,Yoga Mat,69
2027-02-26,P007,Yoga Mat,50
2027-02-26,P008,Coffee Maker,48
2027-02-26,P008,Coffee Maker,46
2027-02-26,P008,Coffee Maker,41
2027-02-26,P008,Coffee Maker,49
2027-02-27,P001,Wireless Mouse,52
2027-02-27,P001,Wireless Mouse,57
2027-02-27,P001,Wireless Mouse,48
2027-02-27,P001,Wireless Mouse,40
2027-02-27,P002,Bluetooth Speaker,41
2027-02-27,P002,Bluetooth Speaker,36
2027-02-27,P002,Bluetooth Speaker,41
2027-02-27,P002,Bluetooth Speaker,24
2027-02-27,P003,Office Chair,56
2027-02-27,P003,Office Chair,43
2027-02-27,P003,Office Chair,56
2027-02-27,P003,Office Chair,26
2027-02-27,P004,Notebook Pack,50
2027-02-27,P004,Notebook Pack,27
2027-02-27,P004,Notebook Pack,45
2027-02-27,P004,Notebook Pack,43
2027-02-27,P005,LED Desk Lamp,38
2027-02-27,P005,LED Desk Lamp,37
2027-02-27,P005,LED Desk Lamp,56
2027-02-27,P005,LED Desk Lamp,40
2027-02-27,P006,Running Shoes,55
2027-02-27,P006,Running Shoes,55
2027-02-27,P006,Running Shoes,35
2027-02-27,P006,Running Shoes,44
2027-02-27,P007,Yoga Mat,35
2027-02-27,P007,Yoga Mat,65
2027-02-27,P007,Yoga Mat,51
2027-02-27,P007,Yoga Mat,54
2027-02-27,P008,Coffee Maker,27
2027-02-27,P008,Coffee Maker,41
2027-02-27,P008,Coffee Maker,70
2027-02-27,P008,Coffee Maker,38
2027-02-28,P001,Wireless Mouse,60
2027-02-28,P001,Wireless Mouse,49
2027-02-28,P001,Wireless Mouse,57
2027-02-28,P001,Wireless Mouse,20
2027-02-28,P002,Bluetooth Speaker,26
2027-02-28,P002,Bluetooth Speaker,32
2027-02-28,P002,Bluetooth Speaker,41
2027-02-28,P002,Bluetooth Speaker,27
2027-02-28,P003,Office Chair,39
2027-02-28,P003,Office Chair,46
2027-02-28,P003,Office Chair,39
2027-02-28,P003,Office Chair,45
2027-02-28,P004,Notebook Pack,42
2027-02-28,P004,Notebook Pack,38
2027-02-28,P004,Notebook Pack,58
2027-02-28,P004,Notebook Pack,34
2027-02-28,P005,LED Desk Lamp,48
2027-02-28,P005,LED Desk Lamp,40
2027-02-28,P005,LED Desk Lamp,38
2027-02-28,P005,LED Desk Lamp,49
2027-02-28,P006,Running Shoes,57
2027-02-28,P006,Running Shoes,42
2027-02-28,P006,Running Shoes,38
2027-02-28,P006,Running Shoes,34
2027-02-28,P007,Yoga Mat,39
2027-02-28,P007,Yoga Mat,42
2027-02-28,P007,Yoga Mat,49
2027-02-28,P007,Yoga Mat,59
2027-02-28,P008,Coffee Maker,45
2027-02-28,P008,Coffee Maker,39
2027-02-28,P008,Coffee Maker,56
2027-02-28,P008,Coffee Maker,57
2027-03-01,P001,Wireless Mouse,39
2027-03-01,P001,Wireless Mouse,44
2027-03-01,P001,Wireless Mouse,53
2027-03-01,P001,Wireless Mouse,46
2027-03-01,P002,Bluetooth Speaker,33
2027-03-01,P002,Bluetooth Speaker,47
2027-03-01,P002,Bluetooth Speaker,42
2027-03-01,P002,Bluetooth Speaker,32
2027-03-01,P003,Office Chair,38
2027-03-01,P003,Office Chair,34
2027-03-01,P003,Office Chair,40
2027-03-01,P003,Office Chair,18
2027-03-01,P004,Notebook Pack,54
2027-03-01,P004,Notebook Pack,40
2027-03-01,P004,Notebook Pack,28
2027-03-01,P004,Notebook Pack,51
2027-03-01,P005,LED Desk Lamp,56
2027-03-01,P005,LED Desk Lamp,27
2027-03-01,P005,LED Desk Lamp,48
2027-03-01,P005,LED Desk Lamp,57
2027-03-01,P006,Running Shoes,45
2027-03-01,P006,Running Shoes,50
2027-03-01,P006,Running Shoes,48
2027-03-01,P006,Running Shoes,36
2027-03-01,P007,Yoga Mat,49
2027-03-01,P007,Yoga Mat,46
2027-03-01,P007,Yoga Mat,55
2027-03-01,P007,Yoga Mat,61
2027-03-01,P008,Coffee Maker,36
2027-03-01,P008,Coffee Maker,36
2027-03-01,P008,Coffee Maker,52
2027-03-01,P008,Coffee Maker,51
2027-03-02,P001,Wireless Mouse,33
2027-03-02,P001,Wireless Mouse,44
2027-03-02,P001,Wireless Mouse,60
2027-03-02,P001,Wireless Mouse,28
2027-03-02,P002,Bluetooth Speaker,29
2027-03-02,P002,Bluetooth Speaker,38
2027-03-02,P002,Bluetooth Speaker,54
2027-03-02,P002,Bluetooth Speaker,36
2027-03-02,P003,Office Chair,46
2027-03-02,P003,Office Chair,42
2027-03-02,P003,Office Chair,45
2027-03-02,P003,Office Chair,31
2027-03-02,P004,Notebook Pack,49
2027-03-02,P004,Notebook Pack,43
2027-03-02,P004,Notebook Pack,40
2027-03-02,P004,Notebook Pack,45
2027-03-02,P005,LED Desk Lamp,47
2027-03-02,P005,LED Desk Lamp,43
2027-03-02,P005,LED Desk Lamp,60
2027-03-02,P005,LED Desk Lamp,22
2027-03-02,P006,Running Shoes,52
2027-03-02,P006,Running Shoes,62
2027-03-02,P006,Running Shoes,47
2027-03-02,P006,Running Shoes,38
2027-03-02,P007,Yoga Mat,31
2027-03-02,P007,Yoga Mat,53
2027-03-02,P007,Yoga Mat,58
2027-03-02,P007,Yoga Mat,63
2027-03-02,P008,Coffee Maker,55
2027-03-02,P008,Coffee Maker,44
2027-03-02,P008,Coffee Maker,25
2027-03-02,P008,Coffee Maker,50
2027-03-03,P001,Wireless Mouse,53
2027-03-03,P001,Wireless Mouse,50
2027-03-03,P001,Wireless Mouse,47
2027-03-03,P001,Wireless Mouse,31
2027-03-03,P002,Bluetooth Speaker,13
2027-03-03,P002,Bluetooth Speaker,39
2027-03-03,P002,Bluetooth Speaker,49
2027-03-03,P002,Bluetooth Speaker,30
2027-03-03,P003,Office Chair,39
2027-03-03,P003,Office Chair,43
2027-03-03,P003,Office Chair,34
2027-03-03,P003,Office Chair,27
2027-03-03,P004,Notebook Pack,52
2027-03-03,P004,Notebook Pack,36
2027-03-03,P004,Notebook Pack,47
2027-03-03,P004,Notebook Pack,37
2027-03-03,P005,LED Desk Lamp,51
2027-03-03,P005,LED Desk Lamp,28
2027-03-03,P005,LED Desk Lamp,49
2027-03-03,P005,LED Desk Lamp,28
2027-03-03,P006,Running Shoes,44
2027-03-03,P006,Running Shoes,37
2027-03-03,P006,Running Shoes,33
2027-03-03,P006,Running Shoes,41
2027-03-03,P007,Yoga Mat,30
2027-03-03,P007,Yoga Mat,43
2027-03-03,P007,Yoga Mat,33
2027-03-03,P007,Yoga Mat,45
2027-03-03,P008,Coffee Maker,34
2027-03-03,P008,Coffee Maker,37
2027-03-03,P008,Coffee Maker,44
2027-03-03,P008,Coffee Maker,35
2027-03-04,P001,Wireless Mouse,29
2027-03-04,P001,Wireless Mouse,48
2027-03-04,P001,Wireless Mouse,42
2027-03-04,P001,Wireless Mouse,40
2027-03-04,P002,Bluetooth Speaker,25
2027-03-04,P002,Bluetooth Speaker,31
2027-03-04,P002,Bluetooth Speaker,55
2027-03-04,P002,Bluetooth Speaker,21
2027-03-04,P003,Office Chair,35
2027-03-04,P003,Office Chair,47
2027-03-04,P003,Office Chair,49
2027-03-04,P003,Office Chair,34
2027-03-04,P004,Notebook Pack,46
2027-03-04,P004,Notebook Pack,32
2027-03-04,P004,Notebook Pack,18
2027-03-04,P004,Notebook Pack,58
2027-03-04,P005,LED Desk Lamp,36
2027-03-04,P005,LED Desk Lamp,36
2027-03-04,P005,LED Desk Lamp,45
2027-03-04,P005,LED Desk Lamp,51
2027-03-04,P006,Running Shoes,50
2027-03-04,P006,Running Shoes,40
2027-03-04,P006,Running Shoes,49
2027-03-04,P006,Running Shoes,40
2027-03-04,P007,Yoga Mat,32
2027-03-04,P007,Yoga Mat,57
2027-03-04,P007,Yoga Mat,51
2027-03-04,P007,Yoga Mat,55
2027-03-04,P008,Coffee Maker,37
2027-03-04,P008,Coffee Maker,36
2027-03-04,P008,Coffee Maker,53
2027-03-04,P008,Coffee Maker,61
2027-03-05,P001,Wireless Mouse,53
2027-03-05,P001,Wireless Mouse,59
2027-03-05,P001,Wireless Mouse,55
2027-03-05,P001,Wireless Mouse,32
2027-03-05,P002,Bluetooth Speaker,29
2027-03-05,P002,Bluetooth Speaker,30
2027-03-05,P002,Bluetooth Speaker,63
2027-03-05,P002,Bluetooth Speaker,27
2027-03-05,P003,Office Chair,34
2027-03-05,P003,Office Chair,50
2027-03-05,P003,Office Chair,43
2027-03-05,P003,Office Chair,48
2027-03-05,P004,Notebook Pack,50
2027-03-05,P004,Notebook Pack,29
2027-03-05,P004,Notebook Pack,27
2027-03-05,P004,Notebook Pack,44
2027-03-05,P005,LED Desk Lamp,41
2027-03-05,P005,LED Desk Lamp,36
2027-03-05,P005,LED Desk Lamp,46
2027-03-05,P005,LED Desk Lamp,33
2027-03-05,P006,Running Shoes,44
2027-03-05,P006,Running Shoes,44
2027-03-05,P006,Running Shoes,39
2027-03-05,P006,Running Shoes,58
2027-03-05,P007,Yoga Mat,36
2027-03-05,P007,Yoga Mat,53
2027-03-05,P007,Yoga Mat,69
2027-03-05,P007,Yoga Mat,50
2027-03-05,P008,Coffee Maker,48
2027-03-05,P008,Coffee Maker,46
2027-03-05,P008,Coffee Maker,41
2027-03-05,P008,Coffee Maker,50
2027-03-06,P001,Wireless Mouse,52
2027-03-06,P001,Wireless Mouse,57
2027-03-06,P001,Wireless Mouse,48
2027-03-06,P001,Wireless Mouse,39
2027-03-06,P002,Bluetooth Speaker,41
2027-03-06,P002,Bluetooth Speaker,36
2027-03-06,P002,Bluetooth Speaker,41
2027-03-06,P002,Bluetooth Speaker,24
2027-03-06,P003,Office Chair,56
2027-03-06,P003,Office Chair,43
2027-03-06,P003,Office Chair,56
2027-03-06,P003,Office Chair,26
2027-03-06,P004,Notebook Pack,50
2027-03-06,P004,Notebook Pack,27
2027-03-06,P004,Notebook Pack,45
2027-03-06,P004,Notebook Pack,43
2027-03-06,P005,LED Desk Lamp,37
2027-03-06,P005,LED Desk Lamp,37
2027-03-06,P005,LED Desk Lamp,56
2027-03-06,P005,LED Desk Lamp,40
2027-03-06,P006,Running Shoes,55
2027-03-06,P006,Running Shoes,55
2027-03-06,P006,Running Shoes,35
2027-03-06,P006,Running Shoes,44
2027-03-06,P007,Yoga Mat,35
2027-03-06,P007,Yoga Mat,65
2027-03-06,P007,Yoga Mat,51
2027-03-06,P007,Yoga Mat,55
2027-03-06,P008,Coffee Maker,27
2027-03-06,P008,Coffee Maker,41
2027-03-06,P008,Coffee Maker,70
2027-03-06,P008,Coffee Maker,38
2027-03-07,P001,Wireless Mouse,60
2027-03-07,P001,Wireless Mouse,49
2027-03-07,P001,Wireless Mouse,57
2027-03-07,P001,Wireless Mouse,20
2027-03-07,P002,Bluetooth Speaker,25
2027-03-07,P002,Bluetooth Speaker,32
2027-03-07,P002,Bluetooth Speaker,42
2027-03-07,P002,Bluetooth Speaker,27
2027-03-07,P003,Office Chair,39
2027-03-07,P003,Office Chair,46
2027-03-07,P003,Office Chair,39
2027-03-07,P003,Office Chair,45
2027-03-07,P004,Notebook Pack,42
2027-03-07,P004,Notebook Pack,38
2027-03-07,P004,Notebook Pack,58
2027-03-07,P004,Notebook Pack,34
2027-03-07,P005,LED Desk Lamp,48
2027-03-07,P005,LED Desk Lamp,40
2027-03-07,P005,LED Desk Lamp,38
2027-03-07,P005,LED Desk Lamp,49
2027-03-07,P006,Running Shoes,57
2027-03-07,P006,Running Shoes,42
2027-03-07,P006,Running Shoes,38
2027-03-07,P006,Running Shoes,34
2027-03-07,P007,Yoga Mat,39
2027-03-07,P007,Yoga Mat,42
2027-03-07,P007,Yoga Mat,49
2027-03-07,P007,Yoga Mat,59
2027-03-07,P008,Coffee Maker,45
2027-03-07,P008,Coffee Maker,39
2027-03-07,P008,Coffee Maker,56
2027-03-07,P008,Coffee Maker,57
2027-03-08,P001,Wireless Mouse,39
2027-03-08,P001,Wireless Mouse,44
2027-03-08,P001,Wireless Mouse,53
2027-03-08,P001,Wireless Mouse,46
2027-03-08,P002,Bluetooth Speaker,33
2027-03-08,P002,Bluetooth Speaker,47
2027-03-08,P002,Bluetooth Speaker,42
2027-03-08,P002,Bluetooth Speaker,32
2027-03-08,P003,Office Chair,38
2027-03-08,P003,Office Chair,34
2027-03-08,P003,Office Chair,40
2027-03-08,P003,Office Chair,18
2027-03-08,P004,Notebook Pack,54
2027-03-08,P004,Notebook Pack,40
2027-03-08,P004,Notebook Pack,28
2027-03-08,P004,Notebook Pack,51
2027-03-08,P005,LED Desk Lamp,56
2027-03-08,P005,LED Desk Lamp,27
2027-03-08,P005,LED Desk Lamp,48
2027-03-08,P005,LED Desk Lamp,57
2027-03-08,P006,Running Shoes,45
2027-03-08,P006,Running Shoes,49
2027-03-08,P006,Running Shoes,48
2027-03-08,P006,Running Shoes,36
2027-03-08,P007,Yoga Mat,49
2027-03-08,P007,Yoga Mat,46
2027-03-08,P007,Yoga Mat,55
2027-03-08,P007,Yoga Mat,62
2027-03-08,P008,Coffee Maker,36
2027-03-08,P008,Coffee Maker,36
2027-03-08,P008,Coffee Maker,52
2027-03-08,P008,Coffee Maker,52
2027-03-09,P001,Wireless Mouse,33
2027-03-09,P001,Wireless Mouse,44
2027-03-09,P001,Wireless Mouse,60
2027-03-09,P001,Wireless Mouse,28
2027-03-09,P002,Bluetooth Speaker,29
2027-03-09,P002,Bluetooth Speaker,38
2027-03-09,P002,Bluetooth Speaker,54
2027-03-09,P002,Bluetooth Speaker,36
2027-03-09,P003,Office Chair,46
2027-03-09,P003,Office Chair,42
2027-03-09,P003,Office Chair,45
2027-03-09,P003,Office Chair,31
2027-03-09,P004,Notebook Pack,49
2027-03-09,P004,Notebook Pack,43
2027-03-09,P004,Notebook Pack,40
2027-03-09,P004,Notebook Pack,45
2027-03-09,P005,LED Desk Lamp,47
2027-03-09,P005,LED Desk Lamp,43
2027-03-09,P005,LED Desk Lamp,60
2027-03-09,P005,LED Desk Lamp,22
2027-03-09,P006,Running Shoes,52
2027-03-09,P006,Running Shoes,62
2027-03-09,P006,Running Shoes,47
2027-03-09,P006,Running Shoes,38
2027-03-09,P007,Yoga Mat,31
2027-03-09,P007,Yoga Mat,53
2027-03-09,P007,Yoga Mat,58
2027-03-09,P007,Yoga Mat,63
2027-03-09,P008,Coffee Maker,55
2027-03-09,P008,Coffee Maker,44
2027-03-09,P008,Coffee Maker,25
2027-03-09,P008,Coffee Maker,50
2027-03-10,P001,Wireless Mouse,53
2027-03-10,P001,Wireless Mouse,50
2027-03-10,P001,Wireless Mouse,47
2027-03-10,P001,Wireless Mouse,31
2027-03-10,P002,Bluetooth Speaker,13
2027-03-10,P002,Bluetooth Speaker,39
2027-03-10,P002,Bluetooth Speaker,49
2027-03-10,P002,Bluetooth Speaker,30
2027-03-10,P003,Office Chair,39
2027-03-10,P003,Office Chair,42
2027-03-10,P003,Office Chair,34
2027-03-10,P003,Office Chair,27
2027-03-10,P004,Notebook Pack,52
2027-03-10,P004,Notebook Pack,36
2027-03-10,P004,Notebook Pack,47
2027-03-10,P004,Notebook Pack,37
2027-03-10,P005,LED Desk Lamp,51
2027-03-10,P005,LED Desk Lamp,28
2027-03-10,P005,LED Desk Lamp,48
2027-03-10,P005,LED Desk Lamp,28
2027-03-10,P006,Running Shoes,44
2027-03-10,P006,Running Shoes,37
2027-03-10,P006,Running Shoes,33
2027-03-10,P006,Running Shoes,41
2027-03-10,P007,Yoga Mat,30
2027-03-10,P007,Yoga Mat,43
2027-03-10,P007,Yoga Mat,33
2027-03-10,P007,Yoga Mat,45
2027-03-10,P008,Coffee Maker,34
2027-03-10,P008,Coffee Maker,37
2027-03-10,P008,Coffee Maker,44
2027-03-10,P008,Coffee Maker,35
2027-03-11,P001,Wireless Mouse,29
2027-03-11,P001,Wireless Mouse,48
2027-03-11,P001,Wireless Mouse,42
2027-03-11,P001,Wireless Mouse,39
2027-03-11,P002,Bluetooth Speaker,25
2027-03-11,P002,Bluetooth Speaker,31
2027-03-11,P002,Bluetooth Speaker,55
2027-03-11,P002,Bluetooth Speaker,21
2027-03-11,P003,Office Chair,34
2027-03-11,P003,Office Chair,47
2027-03-11,P003,Office Chair,49
2027-03-11,P003,Office Chair,34
2027-03-11,P004,Notebook Pack,46
2027-03-11,P004,Notebook Pack,32
2027-03-11,P004,Notebook Pack,18
2027-03-11,P004,Notebook Pack,58
2027-03-11,P005,LED Desk Lamp,36
2027-03-11,P005,LED Desk Lamp,36
2027-03-11,P005,LED Desk Lamp,45
2027-03-11,P005,LED Desk Lamp,51
2027-03-11,P006,Running Shoes,50
2027-03-11,P006,Running Shoes,40
2027-03-11,P006,Running Shoes,49
2027-03-11,P006,Running Shoes,40
2027-03-11,P007,Yoga Mat,32
2027-03-11,P007,Yoga Mat,57
2027-03-11,P007,Yoga Mat,51
2027-03-11,P007,Yoga Mat,56
2027-03-11,P008,Coffee Maker,37
2027-03-11,P008,Coffee Maker,36
2027-03-11,P008,Coffee Maker,53
2027-03-11,P008,Coffee Maker,61
2027-03-12,P001,Wireless Mouse,53
2027-03-12,P001,Wireless Mouse,59
2027-03-12,P001,Wireless Mouse,55
2027-03-12,P001,Wireless Mouse,32
2027-03-12,P002,Bluetooth Speaker,29
2027-03-12,P002,Bluetooth Speaker,30
2027-03-12,P002,Bluetooth Speaker,63
2027-03-12,P002,Bluetooth Speaker,27
2027-03-12,P003,Office Chair,33
2027-03-12,P003,Office Chair,50
2027-03-12,P003,Office Chair,43
2027-03-12,P003,Office Chair,48
2027-03-12,P004,Notebook Pack,50
2027-03-12,P004,Notebook Pack,29
2027-03-12,P004,Notebook Pack,27
2027-03-12,P004,Notebook Pack,44
2027-03-12,P005,LED Desk Lamp,41
2027-03-12,P005,LED Desk Lamp,36
2027-03-12,P005,LED Desk Lamp,46
2027-03-12,P005,LED Desk Lamp,32
2027-03-12,P006,Running Shoes,44
2027-03-12,P006,Running Shoes,44
2027-03-12,P006,Running Shoes,39
2027-03-12,P006,Running Shoes,58
2027-03-12,P007,Yoga Mat,36
2027-03-12,P007,Yoga Mat,53
2027-03-12,P007,Yoga Mat,70
2027-03-12,P007,Yoga Mat,50
2027-03-12,P008,Coffee Maker,48
2027-03-12,P008,Coffee Maker,46
2027-03-12,P008,Coffee Maker,40
2027-03-12,P008,Coffee Maker,50
2027-03-13,P001,Wireless Mouse,52
2027-03-13,P001,Wireless Mouse,57
2027-03-13,P001,Wireless Mouse,48
2027-03-13,P001,Wireless Mouse,39
2027-03-13,P002,Bluetooth Speaker,40
2027-03-13,P002,Bluetooth Speaker,36
2027-03-13,P002,Bluetooth Speaker,41
2027-03-13,P002,Bluetooth Speaker,24
2027-03-13,P003,Office Chair,56
2027-03-13,P003,Office Chair,43
2027-03-13,P003,Office Chair,56
2027-03-13,P003,Office Chair,26
2027-03-13,P004,Notebook Pack,50
2027-03-13,P004,Notebook Pack,27
2027-03-13,P004,Notebook Pack,45
2027-03-13,P004,Notebook Pack,43
2027-03-13,P005,LED Desk Lamp,37
2027-03-13,P005,LED Desk Lamp,37
2027-03-13,P005,LED Desk Lamp,56
2027-03-13,P005,LED Desk Lamp,40
2027-03-13,P006,Running Shoes,55
2027-03-13,P006,Running Shoes,55
2027-03-13,P006,Running Shoes,35
2027-03-13,P006,Running Shoes,44
2027-03-13,P007,Yoga Mat,35
2027-03-13,P007,Yoga Mat,65
2027-03-13,P007,Yoga Mat,51
2027-03-13,P007,Yoga Mat,55
2027-03-13,P008,Coffee Maker,27
2027-03-13,P008,Coffee Maker,41
2027-03-13,P008,Coffee Maker,70
2027-03-13,P008,Coffee Maker,39
2027-03-14,P001,Wireless Mouse,60
2027-03-14,P001,Wireless Mouse,50
2027-03-14,P001,Wireless Mouse,57
2027-03-14,P001,Wireless Mouse,20
2027-03-14,P002,Bluetooth Speaker,25
2027-03-14,P002,Bluetooth Speaker,32
2027-03-14,P002,Bluetooth Speaker,42
2027-03-14,P002,Bluetooth Speaker,27
2027-03-14,P003,Office Chair,39
2027-03-14,P003,Office Chair,46
2027-03-14,P003,Office Chair,39
2027-03-14,P003,Office Chair,45
2027-03-14,P004,Notebook Pack,43
2027-03-14,P004,Notebook Pack,37
2027-03-14,P004,Notebook Pack,58
2027-03-14,P004,Notebook Pack,34
2027-03-14,P005,LED Desk Lamp,48
2027-03-14,P005,LED Desk Lamp,40
2027-03-14,P005,LED Desk Lamp,38
2027-03-14,P005,LED Desk Lamp,49
2027-03-14,P006,Running Shoes,57
2027-03-14,P006,Running Shoes,42
2027-03-14,P006,Running Shoes,38
2027-03-14,P006,Running Shoes,34
2027-03-14,P007,Yoga Mat,39
2027-03-14,P007,Yoga Mat,42
2027-03-14,P007,Yoga Mat,49
2027-03-14,P007,Yoga Mat,59
2027-03-14,P008,Coffee Maker,45
2027-03-14,P008,Coffee Maker,39
2027-03-14,P008,Coffee Maker,56
2027-03-14,P008,Coffee Maker,58
2027-03-15,P001,Wireless Mouse,39
2027-03-15,P001,Wireless Mouse,44
2027-03-15,P001,Wireless Mouse,53
2027-03-15,P001,Wireless Mouse,46
2027-03-15,P002,Bluetooth Speaker,33
2027-03-15,P002,Bluetooth Speaker,47
2027-03-15,P002,Bluetooth Speaker,42
2027-03-15,P002,Bluetooth Speaker,32
2027-03-15,P003,Office Chair,38
2027-03-15,P003,Office Chair,34
2027-03-15,P003,Office Chair,40
2027-03-15,P003,Office Chair,18
2027-03-15,P004,Notebook Pack,54
2027-03-15,P004,Notebook Pack,40
2027-03-15,P004,Notebook Pack,28
2027-03-15,P004,Notebook Pack,51
2027-03-15,P005,LED Desk Lamp,56
2027-03-15,P005,LED Desk Lamp,27
2027-03-15,P005,LED Desk Lamp,48
2027-03-15,P005,LED Desk Lamp,57
2027-03-15,P006,Running Shoes,45
2027-03-15,P006,Running Shoes,49
2027-03-15,P006,Running Shoes,48
2027-03-15,P006,Running Shoes,36
2027-03-15,P007,Yoga Mat,49
2027-03-15,P007,Yoga Mat,46
2027-03-15,P007,Yoga Mat,55
2027-03-15,P007,Yoga Mat,62
2027-03-15,P008,Coffee Maker,36
2027-03-15,P008,Coffee Maker,36
2027-03-15,P008,Coffee Maker,52
2027-03-15,P008,Coffee Maker,52
2027-03-16,P001,Wireless Mouse,33
2027-03-16,P001,Wireless Mouse,45
2027-03-16,P001,Wireless Mouse,60
2027-03-16,P001,Wireless Mouse,28
2027-03-16,P002,Bluetooth Speaker,29
2027-03-16,P002,Bluetooth Speaker,38
2027-03-16,P002,Bluetooth Speaker,54
2027-03-16,P002,Bluetooth Speaker,36
2027-03-16,P003,Office Chair,45
2027-03-16,P003,Office Chair,42
2027-03-16,P003,Office Chair,45
2027-03-16,P003,Office Chair,31
2027-03-16,P004,Notebook Pack,49
2027-03-16,P004,Notebook Pack,43
2027-03-16,P004,Notebook Pack,40
2027-03-16,P004,Notebook Pack,45
2027-03-16,P005,LED Desk Lamp,46
2027-03-16,P005,LED Desk Lamp,43
2027-03-16,P005,LED Desk Lamp,60
2027-03-16,P005,LED Desk Lamp,22
2027-03-16,P006,Running Shoes,52
2027-03-16,P006,Running Shoes,62
2027-03-16,P006,Running Shoes,47
2027-03-16,P006,Running Shoes,39
2027-03-16,P007,Yoga Mat,31
2027-03-16,P007,Yoga Mat,53
2027-03-16,P007,Yoga Mat,58
2027-03-16,P007,Yoga Mat,63
2027-03-16,P008,Coffee Maker,55
2027-03-16,P008,Coffee Maker,44
2027-03-16,P008,Coffee Maker,25
2027-03-16,P008,Coffee Maker,50
2027-03-17,P001,Wireless Mouse,53
2027-03-17,P001,Wireless Mouse,50
2027-03-17,P001,Wireless Mouse,47
2027-03-17,P001,Wireless Mouse,31
2027-03-17,P002,Bluetooth Speaker,13
2027-03-17,P002,Bluetooth Speaker,39
2027-03-17,P002,Bluetooth Speaker,49
2027-03-17,P002,Bluetooth Speaker,30
2027-03-17,P003,Office Chair,39
2027-03-17,P003,Office Chair,42
2027-03-17,P003,Office Chair,34
2027-03-17,P003,Office Chair,27
2027-03-17,P004,Notebook Pack,52
2027-03-17,P004,Notebook Pack,35
2027-03-17,P004,Notebook Pack,47
2027-03-17,P004,Notebook Pack,37
2027-03-17,P005,LED Desk Lamp,50
2027-03-17,P005,LED Desk Lamp,28
2027-03-17,P005,LED Desk Lamp,48
2027-03-17,P005,LED Desk Lamp,28
2027-03-17,P006,Running Shoes,44
2027-03-17,P006,Running Shoes,37
2027-03-17,P006,Running Shoes,33
2027-03-17,P006,Running Shoes,41
2027-03-17,P007,Yoga Mat,31
2027-03-17,P007,Yoga Mat,43
2027-03-17,P007,Yoga Mat,33
2027-03-17,P007,Yoga Mat,46
2027-03-17,P008,Coffee Maker,34
2027-03-17,P008,Coffee Maker,37
2027-03-17,P008,Coffee Maker,44
2027-03-17,P008,Coffee Maker,35
2027-03-18,P001,Wireless Mouse,29
2027-03-18,P001,Wireless Mouse,48
2027-03-18,P001,Wireless Mouse,42
2027-03-18,P001,Wireless Mouse,39
2027-03-18,P002,Bluetooth Speaker,25
2027-03-18,P002,Bluetooth Speaker,31
2027-03-18,P002,Bluetooth Speaker,55
2027-03-18,P002,Bluetooth Speaker,20
2027-03-18,P003,Office Chair,34
2027-03-18,P003,Office Chair,46
2027-03-18,P003,Office Chair,49
2027-03-18,P003,Office Chair,34
2027-03-18,P004,Notebook Pack,46
2027-03-18,P004,Notebook Pack,31
2027-03-18,P004,Notebook Pack,18
2027-03-18,P004,Notebook Pack,57
2027-03-18,P005,LED Desk Lamp,36
2027-03-18,P005,LED Desk Lamp,36
2027-03-18,P005,LED Desk Lamp,45
2027-03-18,P005,LED Desk Lamp,51
2027-03-18,P006,Running Shoes,50
2027-03-18,P006,Running Shoes,40
2027-03-18,P006,Running Shoes,49
2027-03-18,P006,Running Shoes,40
2027-03-18,P007,Yoga Mat,32
2027-03-18,P007,Yoga Mat,58
2027-03-18,P007,Yoga Mat,52
2027-03-18,P007,Yoga Mat,56
2027-03-18,P008,Coffee Maker,37
2027-03-18,P008,Coffee Maker,36
2027-03-18,P008,Coffee Maker,53
2027-03-18,P008,Coffee Maker,61
2027-03-19,P001,Wireless Mouse,53
2027-03-19,P001,Wireless Mouse,59
2027-03-19,P001,Wireless Mouse,55
2027-03-19,P001,Wireless Mouse,32
2027-03-19,P002,Bluetooth Speaker,29
2027-03-19,P002,Bluetooth Speaker,29
2027-03-19,P002,Bluetooth Speaker,63
2027-03-19,P002,Bluetooth Speaker,27
2027-03-19,P003,Office Chair,33
2027-03-19,P003,Office Chair,50
2027-03-19,P003,Office Chair,43
2027-03-19,P003,Office Chair,47
2027-03-19,P004,Notebook Pack,50
2027-03-19,P004,Notebook Pack,29
2027-03-19,P004,Notebook Pack,27
2027-03-19,P004,Notebook Pack,44
2027-03-19,P005,LED Desk Lamp,41
2027-03-19,P005,LED Desk Lamp,36
2027-03-19,P005,LED Desk Lamp,46
2027-03-19,P005,LED Desk Lamp,32
2027-03-19,P006,Running Shoes,44
2027-03-19,P006,Running Shoes,44
2027-03-19,P006,Running Shoes,39
2027-03-19,P006,Running Shoes,58
2027-03-19,P007,Yoga Mat,36
2027-03-19,P007,Yoga Mat,53
2027-03-19,P007,Yoga Mat,70
2027-03-19,P007,Yoga Mat,51
2027-03-19,P008,Coffee Maker,48
2027-03-19,P008,Coffee Maker,45
2027-03-19,P008,Coffee Maker,40
2027-03-19,P008,Coffee Maker,50
2027-03-20,P001,Wireless Mouse,52
2027-03-20,P001,Wireless Mouse,58
2027-03-20,P001,Wireless Mouse,48
2027-03-20,P001,Wireless Mouse,39
2027-03-20,P002,Bluetooth Speaker,40
2027-03-20,P002,Bluetooth Speaker,36
2027-03-20,P002,Bluetooth Speaker,41
2027-03-20,P002,Bluetooth Speaker,24
2027-03-20,P003,Office Chair,56
2027-03-20,P003,Office Chair,43
2027-03-20,P003,Office Chair,56
2027-03-20,P003,Office Chair,26
2027-03-20,P004,Notebook Pack,50
2027-03-20,P004,Notebook Pack,27
2027-03-20,P004,Notebook Pack,45
2027-03-20,P004,Notebook Pack,43
2027-03-20,P005,LED Desk Lamp,37
2027-03-20,P005,LED Desk Lamp,37
2027-03-20,P005,LED Desk Lamp,55
2027-03-20,P005,LED Desk Lamp,40
2027-03-20,P006,Running Shoes,55
2027-03-20,P006,Running Shoes,55
2027-03-20,P006,Running Shoes,35
2027-03-20,P006,Running Shoes,44
2027-03-20,P007,Yoga Mat,36
2027-03-20,P007,Yoga Mat,65
2027-03-20,P007,Yoga Mat,51
2027-03-20,P007,Yoga Mat,55
2027-03-20,P008,Coffee Maker,27
2027-03-20,P008,Coffee Maker,41
2027-03-20,P008,Coffee Maker,70
2027-03-20,P008,Coffee Maker,39
2027-03-21,P001,Wireless Mouse,60
2027-03-21,P001,Wireless Mouse,50
2027-03-21,P001,Wireless Mouse,57
2027-03-21,P001,Wireless Mouse,19
2027-03-21,P002,Bluetooth Speaker,25
2027-03-21,P002,Bluetooth Speaker,32
2027-03-21,P002,Bluetooth Speaker,42
2027-03-21,P002,Bluetooth Speaker,27
2027-03-21,P003,Office Chair,39
2027-03-21,P003,Office Chair,46
2027-03-21,P003,Office Chair,39
2027-03-21,P003,Office Chair,45
2027-03-21,P004,Notebook Pack,43
2027-03-21,P004,Notebook Pack,37
2027-03-21,P004,Notebook Pack,58
2027-03-21,P004,Notebook Pack,34
2027-03-21,P005,LED Desk Lamp,48
2027-03-21,P005,LED Desk Lamp,39
2027-03-21,P005,LED Desk Lamp,38
2027-03-21,P005,LED Desk Lamp,48
2027-03-21,P006,Running Shoes,57
2027-03-21,P006,Running Shoes,42
2027-03-21,P006,Running Shoes,38
2027-03-21,P006,Running Shoes,35
2027-03-21,P007,Yoga Mat,39
2027-03-21,P007,Yoga Mat,43
2027-03-21,P007,Yoga Mat,49
2027-03-21,P007,Yoga Mat,59
2027-03-21,P008,Coffee Maker,45
2027-03-21,P008,Coffee Maker,39
2027-03-21,P008,Coffee Maker,56
2027-03-21,P008,Coffee Maker,58
2027-03-22,P001,Wireless Mouse,39
2027-03-22,P001,Wireless Mouse,44
2027-03-22,P001,Wireless Mouse,53
2027-03-22,P001,Wireless Mouse,45
2027-03-22,P002,Bluetooth Speaker,33
2027-03-22,P002,Bluetooth Speaker,47
2027-03-22,P002,Bluetooth Speaker,42
2027-03-22,P002,Bluetooth Speaker,32
2027-03-22,P003,Office Chair,38
2027-03-22,P003,Office Chair,34
2027-03-22,P003,Office Chair,40
2027-03-22,P003,Office Chair,18
2027-03-22,P004,Notebook Pack,54
2027-03-22,P004,Notebook Pack,40
2027-03-22,P004,Notebook Pack,28
2027-03-22,P004,Notebook Pack,51
2027-03-22,P005,LED Desk Lamp,55
2027-03-22,P005,LED Desk Lamp,27
2027-03-22,P005,LED Desk Lamp,48
2027-03-22,P005,LED Desk Lamp,57
2027-03-22,P006,Running Shoes,45
2027-03-22,P006,Running Shoes,49
2027-03-22,P006,Running Shoes,48
2027-03-22,P006,Running Shoes,36
2027-03-22,P007,Yoga Mat,49
2027-03-22,P007,Yoga Mat,46
2027-03-22,P007,Yoga Mat,55
2027-03-22,P007,Yoga Mat,62
2027-03-22,P008,Coffee Maker,36
2027-03-22,P008,Coffee Maker,35
2027-03-22,P008,Coffee Maker,52
2027-03-22,P008,Coffee Maker,52
2027-03-23,P001,Wireless Mouse,33
2027-03-23,P001,Wireless Mouse,45
2027-03-23,P001,Wireless Mouse,60
2027-03-23,P001,Wireless Mouse,28
2027-03-23,P002,Bluetooth Speaker,29
2027-03-23,P002,Bluetooth Speaker,38
2027-03-23,P002,Bluetooth Speaker,54
2027-03-23,P002,Bluetooth Speaker,36
2027-03-23,P003,Office Chair,45
2027-03-23,P003,Office Chair,41
2027-03-23,P003,Office Chair,45
2027-03-23,P003,Office Chair,31
2027-03-23,P004,Notebook Pack,49
2027-03-23,P004,Notebook Pack,43
2027-03-23,P004,Notebook Pack,40
2027-03-23,P004,Notebook Pack,45
2027-03-23,P005,LED Desk Lamp,46
2027-03-23,P005,LED Desk Lamp,43
2027-03-23,P005,LED Desk Lamp,60
2027-03-23,P005,LED Desk Lamp,22
2027-03-23,P006,Running Shoes,52
2027-03-23,P006,Running Shoes,62
2027-03-23,P006,Running Shoes,47
2027-03-23,P006,Running Shoes,39
2027-03-23,P007,Yoga Mat,31
2027-03-23,P007,Yoga Mat,53
2027-03-23,P007,Yoga Mat,58
2027-03-23,P007,Yoga Mat,64
2027-03-23,P008,Coffee Maker,55
2027-03-23,P008,Coffee Maker,44
2027-03-23,P008,Coffee Maker,25
2027-03-23,P008,Coffee Maker,50
2027-03-24,P001,Wireless Mouse,53
2027-03-24,P001,Wireless Mouse,50
2027-03-24,P001,Wireless Mouse,47
2027-03-24,P001,Wireless Mouse,31
2027-03-24,P002,Bluetooth Speaker,13
2027-03-24,P002,Bluetooth Speaker,39
2027-03-24,P002,Bluetooth Speaker,49
2027-03-24,P002,Bluetooth Speaker,30
2027-03-24,P003,Office Chair,38
2027-03-24,P003,Office Chair,42
2027-03-24,P003,Office Chair,34
2027-03-24,P003,Office Chair,27
2027-03-24,P004,Notebook Pack,52
2027-03-24,P004,Notebook Pack,35
2027-03-24,P004,Notebook Pack,47
2027-03-24,P004,Notebook Pack,37
2027-03-24,P005,LED Desk Lamp,50
2027-03-24,P005,LED Desk Lamp,28
2027-03-24,P005,LED Desk Lamp,48
2027-03-24,P005,LED Desk Lamp,28
2027-03-24,P006,Running Shoes,44
2027-03-24,P006,Running Shoes,37
2027-03-24,P006,Running Shoes,33
2027-03-24,P006,Running Shoes,42
2027-03-24,P007,Yoga Mat,31
2027-03-24,P007,Yoga Mat,44
2027-03-24,P007,Yoga Mat,33
2027-03-24,P007,Yoga Mat,46
2027-03-24,P008,Coffee Maker,34
2027-03-24,P008,Coffee Maker,37
2027-03-24,P008,Coffee Maker,44
2027-03-24,P008,Coffee Maker,35
2027-03-25,P001,Wireless Mouse,29
2027-03-25,P001,Wireless Mouse,48
2027-03-25,P001,Wireless Mouse,42
2027-03-25,P001,Wireless Mouse,39
2027-03-25,P002,Bluetooth Speaker,25
2027-03-25,P002,Bluetooth Speaker,31
2027-03-25,P002,Bluetooth Speaker,56
2027-03-25,P002,Bluetooth Speaker,20
2027-03-25,P003,Office Chair,34
2027-03-25,P003,Office Chair,46
2027-03-25,P003,Office Chair,49
2027-03-25,P003,Office Chair,34
2027-03-25,P004,Notebook Pack,46
2027-03-25,P004,Notebook Pack,31
2027-03-25,P004,Notebook Pack,18
2027-03-25,P004,Notebook Pack,57
2027-03-25,P005,LED Desk Lamp,36
2027-03-25,P005,LED Desk Lamp,36
2027-03-25,P005,LED Desk Lamp,45
2027-03-25,P005,LED Desk Lamp,51
2027-03-25,P006,Running Shoes,50
2027-03-25,P006,Running Shoes,40
2027-03-25,P006,Running Shoes,49
2027-03-25,P006,Running Shoes,40
2027-03-25,P007,Yoga Mat,32
2027-03-25,P007,Yoga Mat,58
2027-03-25,P007,Yoga Mat,52
2027-03-25,P007,Yoga Mat,56
2027-03-25,P008,Coffee Maker,37
2027-03-25,P008,Coffee Maker,36
2027-03-25,P008,Coffee Maker,53
2027-03-25,P008,Coffee Maker,61
2027-03-26,P001,Wireless Mouse,53
2027-03-26,P001,Wireless Mouse,59
2027-03-26,P001,Wireless Mouse,55
2027-03-26,P001,Wireless Mouse,32
2027-03-26,P002,Bluetooth Speaker,29
2027-03-26,P002,Bluetooth Speaker,29
2027-03-26,P002,Bluetooth Speaker,63
2027-03-26,P002,Bluetooth Speaker,27
2027-03-26,P003,Office Chair,33
2027-03-26,P003,Office Chair,49
2027-03-26,P003,Office Chair,43
2027-03-26,P003,Office Chair,47
2027-03-26,P004,Notebook Pack,51
2027-03-26,P004,Notebook Pack,29
2027-03-26,P004,Notebook Pack,27
2027-03-26,P004,Notebook Pack,44
2027-03-26,P005,LED Desk Lamp,41
2027-03-26,P005,LED Desk Lamp,36
2027-03-26,P005,LED Desk Lamp,46
2027-03-26,P005,LED Desk Lamp,32
2027-03-26,P006,Running Shoes,44
2027-03-26,P006,Running Shoes,44
2027-03-26,P006,Running Shoes,39
2027-03-26,P006,Running Shoes,58
2027-03-26,P007,Yoga Mat,36
2027-03-26,P007,Yoga Mat,53
2027-03-26,P007,Yoga Mat,70
2027-03-26,P007,Yoga Mat,51
2027-03-26,P008,Coffee Maker,48
2027-03-26,P008,Coffee Maker,45
2027-03-26,P008,Coffee Maker,40
2027-03-26,P008,Coffee Maker,50
2027-03-27,P001,Wireless Mouse,52
2027-03-27,P001,Wireless Mouse,58
2027-03-27,P001,Wireless Mouse,48
2027-03-27,P001,Wireless Mouse,39
2027-03-27,P002,Bluetooth Speaker,40
2027-03-27,P002,Bluetooth Speaker,36
2027-03-27,P002,Bluetooth Speaker,41
2027-03-27,P002,Bluetooth Speaker,24
2027-03-27,P003,Office Chair,56
2027-03-27,P003,Office Chair,42
2027-03-27,P003,Office Chair,56
2027-03-27,P003,Office Chair,26
2027-03-27,P004,Notebook Pack,50
2027-03-27,P004,Notebook Pack,27
2027-03-27,P004,Notebook Pack,45
2027-03-27,P004,Notebook Pack,43
2027-03-27,P005,LED Desk Lamp,37
2027-03-27,P005,LED Desk Lamp,36
2027-03-27,P005,LED Desk Lamp,55
2027-03-27,P005,LED Desk Lamp,40
2027-03-27,P006,Running Shoes,55
2027-03-27,P006,Running Shoes,55
2027-03-27,P006,Running Shoes,35
2027-03-27,P006,Running Shoes,45
2027-03-27,P007,Yoga Mat,36
2027-03-27,P007,Yoga Mat,65
2027-03-27,P007,Yoga Mat,51
2027-03-27,P007,Yoga Mat,55
2027-03-27,P008,Coffee Maker,27
2027-03-27,P008,Coffee Maker,41
2027-03-27,P008,Coffee Maker,70
2027-03-27,P008,Coffee Maker,39
2027-03-28,P001,Wireless Mouse,60
2027-03-28,P001,Wireless Mouse,50
2027-03-28,P001,Wireless Mouse,57
2027-03-28,P001,Wireless Mouse,19
2027-03-28,P002,Bluetooth Speaker,25
2027-03-28,P002,Bluetooth Speaker,32
2027-03-28,P002,Bluetooth Speaker,42
2027-03-28,P002,Bluetooth Speaker,27
2027-03-28,P003,Office Chair,39
2027-03-28,P003,Office Chair,46
2027-03-28,P003,Office Chair,39
2027-03-28,P003,Office Chair,45
2027-03-28,P004,Notebook Pack,43
2027-03-28,P004,Notebook Pack,37
2027-03-28,P004,Notebook Pack,58
2027-03-28,P004,Notebook Pack,34
2027-03-28,P005,LED Desk Lamp,47
2027-03-28,P005,LED Desk Lamp,39
2027-03-28,P005,LED Desk Lamp,38
2027-03-28,P005,LED Desk Lamp,48
2027-03-28,P006,Running Shoes,57
2027-03-28,P006,Running Shoes,42
2027-03-28,P006,Running Shoes,38
2027-03-28,P006,Running Shoes,35
2027-03-28,P007,Yoga Mat,39
2027-03-28,P007,Yoga Mat,43
2027-03-28,P007,Yoga Mat,49
2027-03-28,P007,Yoga Mat,59
2027-03-28,P008,Coffee Maker,45
2027-03-28,P008,Coffee Maker,38
2027-03-28,P008,Coffee Maker,56
2027-03-28,P008,Coffee Maker,58
2027-03-29,P001,Wireless Mouse,39
2027-03-29,P001,Wireless Mouse,44
2027-03-29,P001,Wireless Mouse,52
2027-03-29,P001,Wireless Mouse,45
2027-03-29,P002,Bluetooth Speaker,33
2027-03-29,P002,Bluetooth Speaker,47
2027-03-29,P002,Bluetooth Speaker,42
2027-03-29,P002,Bluetooth Speaker,32
2027-03-29,P003,Office Chair,38
2027-03-29,P003,Office Chair,34
2027-03-29,P003,Office Chair,40
2027-03-29,P003,Office Chair,18
2027-03-29,P004,Notebook Pack,54
2027-03-29,P004,Notebook Pack,39
2027-03-29,P004,Notebook Pack,28
2027-03-29,P004,Notebook Pack,51
2027-03-29,P005,LED Desk Lamp,55
2027-03-29,P005,LED Desk Lamp,26
2027-03-29,P005,LED Desk Lamp,48
2027-03-29,P005,LED Desk Lamp,56
2027-03-29,P006,Running Shoes,45
2027-03-29,P006,Running Shoes,49
2027-03-29,P006,Running Shoes,48
2027-03-29,P006,Running Shoes,36
2027-03-29,P007,Yoga Mat,49
2027-03-29,P007,Yoga Mat,46
2027-03-29,P007,Yoga Mat,55
2027-03-29,P007,Yoga Mat,62
2027-03-29,P008,Coffee Maker,36
2027-03-29,P008,Coffee Maker,35
2027-03-29,P008,Coffee Maker,51
2027-03-29,P008,Coffee Maker,52
2027-03-30,P001,Wireless Mouse,33
2027-03-30,P001,Wireless Mouse,45
2027-03-30,P001,Wireless Mouse,60
2027-03-30,P001,Wireless Mouse,28
2027-03-30,P002,Bluetooth Speaker,29
2027-03-30,P002,Bluetooth Speaker,38
2027-03-30,P002,Bluetooth Speaker,54
2027-03-30,P002,Bluetooth Speaker,35
2027-03-30,P003,Office Chair,45
2027-03-30,P003,Office Chair,41
2027-03-30,P003,Office Chair,45
2027-03-30,P003,Office Chair,31
2027-03-30,P004,Notebook Pack,49
2027-03-30,P004,Notebook Pack,42
2027-03-30,P004,Notebook Pack,40
2027-03-30,P004,Notebook Pack,45
2027-03-30,P005,LED Desk Lamp,46
2027-03-30,P005,LED Desk Lamp,42
2027-03-30,P005,LED Desk Lamp,60
2027-03-30,P005,LED Desk Lamp,22
2027-03-30,P006,Running Shoes,52
2027-03-30,P006,Running Shoes,61
2027-03-30,P006,Running Shoes,47
2027-03-30,P006,Running Shoes,39
2027-03-30,P007,Yoga Mat,31
2027-03-30,P007,Yoga Mat,53
2027-03-30,P007,Yoga Mat,58
2027-03-30,P007,Yoga Mat,64
2027-03-30,P008,Coffee Maker,55
2027-03-30,P008,Coffee Maker,44
2027-03-30,P008,Coffee Maker,25
2027-03-30,P008,Coffee Maker,50
2027-03-31,P001,Wireless Mouse,53
2027-03-31,P001,Wireless Mouse,50
2027-03-31,P001,Wireless Mouse,47
2027-03-31,P001,Wireless Mouse,31
2027-03-31,P002,Bluetooth Speaker,13
2027-03-31,P002,Bluetooth Speaker,39
2027-03-31,P002,Bluetooth Speaker,49
2027-03-31,P002,Bluetooth Speaker,30
2027-03-31,P003,Office Chair,38
2027-03-31,P003,Office Chair,42
2027-03-31,P003,Office Chair,34
2027-03-31,P003,Office Chair,26
2027-03-31,P004,Notebook Pack,53
2027-03-31,P004,Notebook Pack,35
2027-03-31,P004,Notebook Pack,47
2027-03-31,P004,Notebook Pack,37
2027-03-31,P005,LED Desk Lamp,50
2027-03-31,P005,LED Desk Lamp,28
2027-03-31,P005,LED Desk Lamp,48
2027-03-31,P005,LED Desk Lamp,28
2027-03-31,P006,Running Shoes,44
2027-03-31,P006,Running Shoes,37
2027-03-31,P006,Running Shoes,33
2027-03-31,P006,Running Shoes,42
2027-03-31,P007,Yoga Mat,31
2027-03-31,P007,Yoga Mat,44
2027-03-31,P007,Yoga Mat,34
2027-03-31,P007,Yoga Mat,46
2027-03-31,P008,Coffee Maker,34
2027-03-31,P008,Coffee Maker,36
2027-03-31,P008,Coffee Maker,43
2027-03-31,P008,Coffee Maker,35
2027-04-01,P001,Wireless Mouse,29
2027-04-01,P001,Wireless Mouse,48
2027-04-01,P001,Wireless Mouse,42
2027-04-01,P001,Wireless Mouse,39
2027-04-01,P002,Bluetooth Speaker,25
2027-04-01,P002,Bluetooth Speaker,31
2027-04-01,P002,Bluetooth Speaker,56
2027-04-01,P002,Bluetooth Speaker,20
2027-04-01,P003,Office Chair,34
2027-04-01,P003,Office Chair,46
2027-04-01,P003,Office Chair,49
2027-04-01,P003,Office Chair,34
2027-04-01,P004,Notebook Pack,46
2027-04-01,P004,Notebook Pack,31
2027-04-01,P004,Notebook Pack,17
2027-04-01,P004,Notebook Pack,57
2027-04-01,P005,LED Desk Lamp,36
2027-04-01,P005,LED Desk Lamp,36
2027-04-01,P005,LED Desk Lamp,45
2027-04-01,P005,LED Desk Lamp,51
2027-04-01,P006,Running Shoes,50
2027-04-01,P006,Running Shoes,40
2027-04-01,P006,Running Shoes,49
2027-04-01,P006,Running Shoes,40
2027-04-01,P007,Yoga Mat,32
2027-04-01,P007,Yoga Mat,58
2027-04-01,P007,Yoga Mat,52
2027-04-01,P007,Yoga Mat,56
2027-04-01,P008,Coffee Maker,37
2027-04-01,P008,Coffee Maker,36
2027-04-01,P008,Coffee Maker,53
2027-04-01,P008,Coffee Maker,61
2027-04-02,P001,Wireless Mouse,53
2027-04-02,P001,Wireless Mouse,60
2027-04-02,P001,Wireless Mouse,55
2027-04-02,P001,Wireless Mouse,31
2027-04-02,P002,Bluetooth Speaker,28
2027-04-02,P002,Bluetooth Speaker,29
2027-04-02,P002,Bluetooth Speaker,63
2027-04-02,P002,Bluetooth Speaker,27
2027-04-02,P003,Office Chair,33
2027-04-02,P003,Office Chair,49
2027-04-02,P003,Office Chair,43
2027-04-02,P003,Office Chair,47
2027-04-02,P004,Notebook Pack,51
2027-04-02,P004,Notebook Pack,29
2027-04-02,P004,Notebook Pack,27
2027-04-02,P004,Notebook Pack,44
2027-04-02,P005,LED Desk Lamp,40
2027-04-02,P005,LED Desk Lamp,36
2027-04-02,P005,LED Desk Lamp,46
2027-04-02,P005,LED Desk Lamp,32
2027-04-02,P006,Running Shoes,44
2027-04-02,P006,Running Shoes,44
2027-04-02,P006,Running Shoes,39
2027-04-02,P006,Running Shoes,58
2027-04-02,P007,Yoga Mat,36
2027-04-02,P007,Yoga Mat,54
2027-04-02,P007,Yoga Mat,70
2027-04-02,P007,Yoga Mat,51
2027-04-02,P008,Coffee Maker,48
2027-04-02,P008,Coffee Maker,45
2027-04-02,P008,Coffee Maker,40
2027-04-02,P008,Coffee Maker,50
2027-04-03,P001,Wireless Mouse,52
2027-04-03,P001,Wireless Mouse,58
2027-04-03,P001,Wireless Mouse,48
2027-04-03,P001,Wireless Mouse,39
2027-04-03,P002,Bluetooth Speaker,40
2027-04-03,P002,Bluetooth Speaker,36
2027-04-03,P002,Bluetooth Speaker,41
2027-04-03,P002,Bluetooth Speaker,24
2027-04-03,P003,Office Chair,55
2027-04-03,P003,Office Chair,42
2027-04-03,P003,Office Chair,56
2027-04-03,P003,Office Chair,26
2027-04-03,P004,Notebook Pack,50
2027-04-03,P004,Notebook Pack,26
2027-04-03,P004,Notebook Pack,44
2027-04-03,P004,Notebook Pack,43
2027-04-03,P005,LED Desk Lamp,37
2027-04-03,P005,LED Desk Lamp,36
2027-04-03,P005,LED Desk Lamp,55
2027-04-03,P005,LED Desk Lamp,40
2027-04-03,P006,Running Shoes,55
2027-04-03,P006,Running Shoes,55
2027-04-03,P006,Running Shoes,35
2027-04-03,P006,Running Shoes,45
2027-04-03,P007,Yoga Mat,36
2027-04-03,P007,Yoga Mat,65
2027-04-03,P007,Yoga Mat,51
2027-04-03,P007,Yoga Mat,55
2027-04-03,P008,Coffee Maker,27
2027-04-03,P008,Coffee Maker,40
2027-04-03,P008,Coffee Maker,70
2027-04-03,P008,Coffee Maker,39
2027-04-04,P001,Wireless Mouse,60
2027-04-04,P001,Wireless Mouse,50
2027-04-04,P001,Wireless Mouse,57
2027-04-04,P001,Wireless Mouse,19
2027-04-04,P002,Bluetooth Speaker,25
2027-04-04,P002,Bluetooth Speaker,32
2027-04-04,P002,Bluetooth Speaker,42
2027-04-04,P002,Bluetooth Speaker,27
2027-04-04,P003,Office Chair,39
2027-04-04,P003,Office Chair,46
2027-04-04,P003,Office Chair,39
2027-04-04,P003,Office Chair,44
2027-04-04,P004,Notebook Pack,43
2027-04-04,P004,Notebook Pack,37
2027-04-04,P004,Notebook Pack,58
2027-04-04,P004,Notebook Pack,34
2027-04-04,P005,LED Desk Lamp,47
2027-04-04,P005,LED Desk Lamp,39
2027-04-04,P005,LED Desk Lamp,38
2027-04-04,P005,LED Desk Lamp,48
2027-04-04,P006,Running Shoes,57
2027-04-04,P006,Running Shoes,42
2027-04-04,P006,Running Shoes,38
2027-04-04,P006,Running Shoes,35
2027-04-04,P007,Yoga Mat,39
2027-04-04,P007,Yoga Mat,43
2027-04-04,P007,Yoga Mat,49
2027-04-04,P007,Yoga Mat,60
2027-04-04,P008,Coffee Maker,45
2027-04-04,P008,Coffee Maker,38
2027-04-04,P008,Coffee Maker,56
2027-04-04,P008,Coffee Maker,58
2027-04-05,P001,Wireless Mouse,39
2027-04-05,P001,Wireless Mouse,44
2027-04-05,P001,Wireless Mouse,52
2027-04-05,P001,Wireless Mouse,45
2027-04-05,P002,Bluetooth Speaker,33
2027-04-05,P002,Bluetooth Speaker,46
2027-04-05,P002,Bluetooth Speaker,42
2027-04-05,P002,Bluetooth Speaker,32
2027-04-05,P003,Office Chair,37
2027-04-05,P003,Office Chair,34
2027-04-05,P003,Office Chair,40
2027-04-05,P003,Office Chair,18
2027-04-05,P004,Notebook Pack,54
2027-04-05,P004,Notebook Pack,39
2027-04-05,P004,Notebook Pack,28
2027-04-05,P004,Notebook Pack,51
2027-04-05,P005,LED Desk Lamp,55
2027-04-05,P005,LED Desk Lamp,26
2027-04-05,P005,LED Desk Lamp,48
2027-04-05,P005,LED Desk Lamp,56
2027-04-05,P006,Running Shoes,45
2027-04-05,P006,Running Shoes,49
2027-04-05,P006,Running Shoes,48
2027-04-05,P006,Running Shoes,36
2027-04-05,P007,Yoga Mat,49
2027-04-05,P007,Yoga Mat,46
2027-04-05,P007,Yoga Mat,55
2027-04-05,P007,Yoga Mat,62
2027-04-05,P008,Coffee Maker,36
2027-04-05,P008,Coffee Maker,35
2027-04-05,P008,Coffee Maker,51
2027-04-05,P008,Coffee Maker,52
2027-04-06,P001,Wireless Mouse,33
2027-04-06,P001,Wireless Mouse,45
2027-04-06,P001,Wireless Mouse,60
2027-04-06,P001,Wireless Mouse,28
2027-04-06,P002,Bluetooth Speaker,29
2027-04-06,P002,Bluetooth Speaker,37
2027-04-06,P002,Bluetooth Speaker,54
2027-04-06,P002,Bluetooth Speaker,35
2027-04-06,P003,Office Chair,45
2027-04-06,P003,Office Chair,41
2027-04-06,P003,Office Chair,45
2027-04-06,P003,Office Chair,30
2027-04-06,P004,Notebook Pack,49
2027-04-06,P004,Notebook Pack,42
2027-04-06,P004,Notebook Pack,40
2027-04-06,P004,Notebook Pack,45
2027-04-06,P005,LED Desk Lamp,46
2027-04-06,P005,LED Desk Lamp,42
2027-04-06,P005,LED Desk Lamp,60
2027-04-06,P005,LED Desk Lamp,22
2027-04-06,P006,Running Shoes,52
2027-04-06,P006,Running Shoes,61
2027-04-06,P006,Running Shoes,47
2027-04-06,P006,Running Shoes,39
2027-04-06,P007,Yoga Mat,31
2027-04-06,P007,Yoga Mat,53
2027-04-06,P007,Yoga Mat,59
2027-04-06,P007,Yoga Mat,64
2027-04-06,P008,Coffee Maker,55
2027-04-06,P008,Coffee Maker,43
2027-04-06,P008,Coffee Maker,25
2027-04-06,P008,Coffee Maker,50
2027-04-07,P001,Wireless Mouse,53
2027-04-07,P001,Wireless Mouse,51
2027-04-07,P001,Wireless Mouse,47
2027-04-07,P001,Wireless Mouse,31
2027-04-07,P002,Bluetooth Speaker,13
2027-04-07,P002,Bluetooth Speaker,39
2027-04-07,P002,Bluetooth Speaker,50
2027-04-07,P002,Bluetooth Speaker,29
2027-04-07,P003,Office Chair,38
2027-04-07,P003,Office Chair,42
2027-04-07,P003,Office Chair,34
2027-04-07,P003,Office Chair,26
2027-04-07,P004,Notebook Pack,53
2027-04-07,P004,Notebook Pack,35
2027-04-07,P004,Notebook Pack,47
2027-04-07,P004,Notebook Pack,37
2027-04-07,P005,LED Desk Lamp,50
2027-04-07,P005,LED Desk Lamp,28
2027-04-07,P005,LED Desk Lamp,48
2027-04-07,P005,LED Desk Lamp,28
2027-04-07,P006,Running Shoes,44
2027-04-07,P006,Running Shoes,37
2027-04-07,P006,Running Shoes,33
2027-04-07,P006,Running Shoes,42
2027-04-07,P007,Yoga Mat,31
2027-04-07,P007,Yoga Mat,44
2027-04-07,P007,Yoga Mat,34
2027-04-07,P007,Yoga Mat,46
2027-04-07,P008,Coffee Maker,34
2027-04-07,P008,Coffee Maker,36
2027-04-07,P008,Coffee Maker,43
2027-04-07,P008,Coffee Maker,35
2027-04-08,P001,Wireless Mouse,29
2027-04-08,P001,Wireless Mouse,49
2027-04-08,P001,Wireless Mouse,42
2027-04-08,P001,Wireless Mouse,39
2027-04-08,P002,Bluetooth Speaker,25
2027-04-08,P002,Bluetooth Speaker,31
2027-04-08,P002,Bluetooth Speaker,56
2027-04-08,P002,Bluetooth Speaker,20
2027-04-08,P003,Office Chair,34
2027-04-08,P003,Office Chair,46
2027-04-08,P003,Office Chair,49
2027-04-08,P003,Office Chair,34
2027-04-08,P004,Notebook Pack,47
2027-04-08,P004,Notebook Pack,31
2027-04-08,P004,Notebook Pack,17
2027-04-08,P004,Notebook Pack,57
2027-04-08,P005,LED Desk Lamp,35
2027-04-08,P005,LED Desk Lamp,35
2027-04-08,P005,LED Desk Lamp,45
2027-04-08,P005,LED Desk Lamp,51
2027-04-08,P006,Running Shoes,50
2027-04-08,P006,Running Shoes,40
2027-04-08,P006,Running Shoes,49
2027-04-08,P006,Running Shoes,40
2027-04-08,P007,Yoga Mat,32
2027-04-08,P007,Yoga Mat,58
2027-04-08,P007,Yoga Mat,52
2027-04-08,P007,Yoga Mat,56
2027-04-08,P008,Coffee Maker,37
2027-04-08,P008,Coffee Maker,36
2027-04-08,P008,Coffee Maker,52
2027-04-08,P008,Coffee Maker,62
2027-04-09,P001,Wireless Mouse,53
2027-04-09,P001,Wireless Mouse,60
2027-04-09,P001,Wireless Mouse,55
2027-04-09,P001,Wireless Mouse,31
2027-04-09,P002,Bluetooth Speaker,28
2027-04-09,P002,Bluetooth Speaker,29
2027-04-09,P002,Bluetooth Speaker,63
2027-04-09,P002,Bluetooth Speaker,27
2027-04-09,P003,Office Chair,33
2027-04-09,P003,Office Chair,49
2027-04-09,P003,Office Chair,43
2027-04-09,P003,Office Chair,47
2027-04-09,P004,Notebook Pack,51
2027-04-09,P004,Notebook Pack,29
2027-04-09,P004,Notebook Pack,27
2027-04-09,P004,Notebook Pack,44
2027-04-09,P005,LED Desk Lamp,40
2027-04-09,P005,LED Desk Lamp,35
2027-04-09,P005,LED Desk Lamp,46
2027-04-09,P005,LED Desk Lamp,32
2027-04-09,P006,Running Shoes,44
2027-04-09,P006,Running Shoes,44
2027-04-09,P006,Running Shoes,39
2027-04-09,P006,Running Shoes,59
2027-04-09,P007,Yoga Mat,36
2027-04-09,P007,Yoga Mat,54
2027-04-09,P007,Yoga Mat,70
2027-04-09,P007,Yoga Mat,51
2027-04-09,P008,Coffee Maker,48
2027-04-09,P008,Coffee Maker,45
2027-04-09,P008,Coffee Maker,40
2027-04-09,P008,Coffee Maker,50
2027-04-10,P001,Wireless Mouse,52
2027-04-10,P001,Wireless Mouse,58
2027-04-10,P001,Wireless Mouse,48
2027-04-10,P001,Wireless Mouse,39
2027-04-10,P002,Bluetooth Speaker,40
2027-04-10,P002,Bluetooth Speaker,36
2027-04-10,P002,Bluetooth Speaker,42
2027-04-10,P002,Bluetooth Speaker,24
2027-04-10,P003,Office Chair,55
2027-04-10,P003,Office Chair,42
2027-04-10,P003,Office Chair,56
2027-04-10,P003,Office Chair,26
2027-04-10,P004,Notebook Pack,51
2027-04-10,P004,Notebook Pack,26
2027-04-10,P004,Notebook Pack,44
2027-04-10,P004,Notebook Pack,43
2027-04-10,P005,LED Desk Lamp,37
2027-04-10,P005,LED Desk Lamp,36
2027-04-10,P005,LED Desk Lamp,55
2027-04-10,P005,LED Desk Lamp,39
2027-04-10,P006,Running Shoes,55
2027-04-10,P006,Running Shoes,55
2027-04-10,P006,Running Shoes,35
2027-04-10,P006,Running Shoes,45
2027-04-10,P007,Yoga Mat,36
2027-04-10,P007,Yoga Mat,65
2027-04-10,P007,Yoga Mat,51
2027-04-10,P007,Yoga Mat,55
2027-04-10,P008,Coffee Maker,27
2027-04-10,P008,Coffee Maker,40
2027-04-10,P008,Coffee Maker,69
2027-04-10,P008,Coffee Maker,39
2027-04-11,P001,Wireless Mouse,60
2027-04-11,P001,Wireless Mouse,50
2027-04-11,P001,Wireless Mouse,57
2027-04-11,P001,Wireless Mouse,19
2027-04-11,P002,Bluetooth Speaker,25
2027-04-11,P002,Bluetooth Speaker,32
2027-04-11,P002,Bluetooth Speaker,42
2027-04-11,P002,Bluetooth Speaker,27
2027-04-11,P003,Office Chair,39
2027-04-11,P003,Office Chair,45
2027-04-11,P003,Office Chair,39
2027-04-11,P003,Office Chair,44
2027-04-11,P004,Notebook Pack,43
2027-04-11,P004,Notebook Pack,37
2027-04-11,P004,Notebook Pack,58
2027-04-11,P004,Notebook Pack,34
2027-04-11,P005,LED Desk Lamp,47
2027-04-11,P005,LED Desk Lamp,39
2027-04-11,P005,LED Desk Lamp,38
2027-04-11,P005,LED Desk Lamp,48
2027-04-11,P006,Running Shoes,57
2027-04-11,P006,Running Shoes,42
2027-04-11,P006,Running Shoes,38
2027-04-11,P006,Running Shoes,35
2027-04-11,P007,Yoga Mat,40
2027-04-11,P007,Yoga Mat,43
2027-04-11,P007,Yoga Mat,49
2027-04-11,P007,Yoga Mat,60
2027-04-11,P008,Coffee Maker,45
2027-04-11,P008,Coffee Maker,38
2027-04-11,P008,Coffee Maker,56
2027-04-11,P008,Coffee Maker,58
2027-04-12,P001,Wireless Mouse,39
2027-04-12,P001,Wireless Mouse,44
2027-04-12,P001,Wireless Mouse,52
2027-04-12,P001,Wireless Mouse,45
2027-04-12,P002,Bluetooth Speaker,33
2027-04-12,P002,Bluetooth Speaker,46
2027-04-12,P002,Bluetooth Speaker,42
2027-04-12,P002,Bluetooth Speaker,32
2027-04-12,P003,Office Chair,37
2027-04-12,P003,Office Chair,33
2027-04-12,P003,Office Chair,40
2027-04-12,P003,Office Chair,17
2027-04-12,P004,Notebook Pack,54
2027-04-12,P004,Notebook Pack,39
2027-04-12,P004,Notebook Pack,28
2027-04-12,P004,Notebook Pack,51
2027-04-12,P005,LED Desk Lamp,55
2027-04-12,P005,LED Desk Lamp,26
2027-04-12,P005,LED Desk Lamp,48
2027-04-12,P005,LED Desk Lamp,56
2027-04-12,P006,Running Shoes,45
2027-04-12,P006,Running Shoes,49
2027-04-12,P006,Running Shoes,47
2027-04-12,P006,Running Shoes,37
2027-04-12,P007,Yoga Mat,49
2027-04-12,P007,Yoga Mat,47
2027-04-12,P007,Yoga Mat,56
2027-04-12,P007,Yoga Mat,62
2027-04-12,P008,Coffee Maker,36
2027-04-12,P008,Coffee Maker,35
2027-04-12,P008,Coffee Maker,51
2027-04-12,P008,Coffee Maker,52
2027-04-13,P001,Wireless Mouse,33
2027-04-13,P001,Wireless Mouse,45
2027-04-13,P001,Wireless Mouse,60
2027-04-13,P001,Wireless Mouse,28
2027-04-13,P002,Bluetooth Speaker,29
2027-04-13,P002,Bluetooth Speaker,37
2027-04-13,P002,Bluetooth Speaker,55
2027-04-13,P002,Bluetooth Speaker,35
2027-04-13,P003,Office Chair,45
2027-04-13,P003,Office Chair,41
2027-04-13,P003,Office Chair,45
2027-04-13,P003,Office Chair,30
2027-04-13,P004,Notebook Pack,50
2027-04-13,P004,Notebook Pack,42
2027-04-13,P004,Notebook Pack,40
2027-04-13,P004,Notebook Pack,45
2027-04-13,P005,LED Desk Lamp,46
2027-04-13,P005,LED Desk Lamp,42
2027-04-13,P005,LED Desk Lamp,60
2027-04-13,P005,LED Desk Lamp,22
2027-04-13,P006,Running Shoes,52
2027-04-13,P006,Running Shoes,61
2027-04-13,P006,Running Shoes,47
2027-04-13,P006,Running Shoes,39
2027-04-13,P007,Yoga Mat,32
2027-04-13,P007,Yoga Mat,53
2027-04-13,P007,Yoga Mat,59
2027-04-13,P007,Yoga Mat,64
2027-04-13,P008,Coffee Maker,55
2027-04-13,P008,Coffee Maker,43
2027-04-13,P008,Coffee Maker,25
2027-04-13,P008,Coffee Maker,50
2027-04-14,P001,Wireless Mouse,53
2027-04-14,P001,Wireless Mouse,51
2027-04-14,P001,Wireless Mouse,47
2027-04-14,P001,Wireless Mouse,31
2027-04-14,P002,Bluetooth Speaker,13
2027-04-14,P002,Bluetooth Speaker,39
2027-04-14,P002,Bluetooth Speaker,50
2027-04-14,P002,Bluetooth Speaker,29
2027-04-14,P003,Office Chair,38
2027-04-14,P003,Office Chair,42
2027-04-14,P003,Office Chair,34
2027-04-14,P003,Office Chair,26
2027-04-14,P004,Notebook Pack,53
2027-04-14,P004,Notebook Pack,35
2027-04-14,P004,Notebook Pack,47
2027-04-14,P004,Notebook Pack,37
2027-04-14,P005,LED Desk Lamp,50
2027-04-14,P005,LED Desk Lamp,27
2027-04-14,P005,LED Desk Lamp,48
2027-04-14,P005,LED Desk Lamp,28
2027-04-14,P006,Running Shoes,44
2027-04-14,P006,Running Shoes,37
2027-04-14,P006,Running Shoes,33
2027-04-14,P006,Running Shoes,42
2027-04-14,P007,Yoga Mat,31
2027-04-14,P007,Yoga Mat,44
2027-04-14,P007,Yoga Mat,34
2027-04-14,P007,Yoga Mat,46
2027-04-14,P008,Coffee Maker,34
2027-04-14,P008,Coffee Maker,36
2027-04-14,P008,Coffee Maker,43
2027-04-14,P008,Coffee Maker,35
2027-04-15,P001,Wireless Mouse,30
2027-04-15,P001,Wireless Mouse,49
2027-04-15,P001,Wireless Mouse,42
2027-04-15,P001,Wireless Mouse,39
2027-04-15,P002,Bluetooth Speaker,25
2027-04-15,P002,Bluetooth Speaker,31
2027-04-15,P002,Bluetooth Speaker,56
2027-04-15,P002,Bluetooth Speaker,20
2027-04-15,P003,Office Chair,34
2027-04-15,P003,Office Chair,46
2027-04-15,P003,Office Chair,49
2027-04-15,P003,Office Chair,34
2027-04-15,P004,Notebook Pack,47
2027-04-15,P004,Notebook Pack,31
2027-04-15,P004,Notebook Pack,17
2027-04-15,P004,Notebook Pack,57
2027-04-15,P005,LED Desk Lamp,35
2027-04-15,P005,LED Desk Lamp,35
2027-04-15,P005,LED Desk Lamp,45
2027-04-15,P005,LED Desk Lamp,50
2027-04-15,P006,Running Shoes,50
2027-04-15,P006,Running Shoes,40
2027-04-15,P006,Running Shoes,49
2027-04-15,P006,Running Shoes,40
2027-04-15,P007,Yoga Mat,32
2027-04-15,P007,Yoga Mat,58
2027-04-15,P007,Yoga Mat,52
2027-04-15,P007,Yoga Mat,56
2027-04-15,P008,Coffee Maker,37
2027-04-15,P008,Coffee Maker,36
2027-04-15,P008,Coffee Maker,52
2027-04-15,P008,Coffee Maker,62
2027-04-16,P001,Wireless Mouse,53
2027-04-16,P001,Wireless Mouse,60
2027-04-16,P001,Wireless Mouse,54
2027-04-16,P001,Wireless Mouse,31
2027-04-16,P002,Bluetooth Speaker,28
2027-04-16,P002,Bluetooth Speaker,29
2027-04-16,P002,Bluetooth Speaker,64
2027-04-16,P002,Bluetooth Speaker,27
2027-04-16,P003,Office Chair,33
2027-04-16,P003,Office Chair,49
2027-04-16,P003,Office Chair,43
2027-04-16,P003,Office Chair,47
2027-04-16,P004,Notebook Pack,51
2027-04-16,P004,Notebook Pack,29
2027-04-16,P004,Notebook Pack,27
2027-04-16,P004,Notebook Pack,44
2027-04-16,P005,LED Desk Lamp,40
2027-04-16,P005,LED Desk Lamp,35
2027-04-16,P005,LED Desk Lamp,46
2027-04-16,P005,LED Desk Lamp,32
2027-04-16,P006,Running Shoes,44
2027-04-16,P006,Running Shoes,44
2027-04-16,P006,Running Shoes,39
2027-04-16,P006,Running Shoes,59
2027-04-16,P007,Yoga Mat,36
2027-04-16,P007,Yoga Mat,54
2027-04-16,P007,Yoga Mat,71
2027-04-16,P007,Yoga Mat,51
2027-04-16,P008,Coffee Maker,48
2027-04-16,P008,Coffee Maker,45
2027-04-16,P008,Coffee Maker,40
2027-04-16,P008,Coffee Maker,50
2027-04-17,P001,Wireless Mouse,52
2027-04-17,P001,Wireless Mouse,58
2027-04-17,P001,Wireless Mouse,47
2027-04-17,P001,Wireless Mouse,39
2027-04-17,P002,Bluetooth Speaker,40
2027-04-17,P002,Bluetooth Speaker,36
2027-04-17,P002,Bluetooth Speaker,42
2027-04-17,P002,Bluetooth Speaker,23
2027-04-17,P003,Office Chair,55
2027-04-17,P003,Office Chair,42
2027-04-17,P003,Office Chair,56
2027-04-17,P003,Office Chair,25
2027-04-17,P004,Notebook Pack,51
2027-04-17,P004,Notebook Pack,26
2027-04-17,P004,Notebook Pack,44
2027-04-17,P004,Notebook Pack,43
2027-04-17,P005,LED Desk Lamp,37
2027-04-17,P005,LED Desk Lamp,36
2027-04-17,P005,LED Desk Lamp,55
2027-04-17,P005,LED Desk Lamp,39
2027-04-17,P006,Running Shoes,55
2027-04-17,P006,Running Shoes,55
2027-04-17,P006,Running Shoes,35
2027-04-17,P006,Running Shoes,45
2027-04-17,P007,Yoga Mat,36
2027-04-17,P007,Yoga Mat,66
2027-04-17,P007,Yoga Mat,52
2027-04-17,P007,Yoga Mat,55
2027-04-17,P008,Coffee Maker,27
2027-04-17,P008,Coffee Maker,40
2027-04-17,P008,Coffee Maker,69
2027-04-17,P008,Coffee Maker,39
2027-04-18,P001,Wireless Mouse,60
2027-04-18,P001,Wireless Mouse,50
2027-04-18,P001,Wireless Mouse,57
2027-04-18,P001,Wireless Mouse,19
2027-04-18,P002,Bluetooth Speaker,25
2027-04-18,P002,Bluetooth Speaker,32
2027-04-18,P002,Bluetooth Speaker,42
2027-04-18,P002,Bluetooth Speaker,27
2027-04-18,P003,Office Chair,38
2027-04-18,P003,Office Chair,45
2027-04-18,P003,Office Chair,39
2027-04-18,P003,Office Chair,44
2027-04-18,P004,Notebook Pack,43
2027-04-18,P004,Notebook Pack,37
2027-04-18,P004,Notebook Pack,58
2027-04-18,P004,Notebook Pack,34
2027-04-18,P005,LED Desk Lamp,47
2027-04-18,P005,LED Desk Lamp,39
2027-04-18,P005,LED Desk Lamp,38
2027-04-18,P005,LED Desk Lamp,48
2027-04-18,P006,Running Shoes,57
2027-04-18,P006,Running Shoes,42
2027-04-18,P006,Running Shoes,37
2027-04-18,P006,Running Shoes,35
2027-04-18,P007,Yoga Mat,40
2027-04-18,P007,Yoga Mat,43
2027-04-18,P007,Yoga Mat,50
2027-04-18,P007,Yoga Mat,60
2027-04-18,P008,Coffee Maker,45
2027-04-18,P008,Coffee Maker,38
2027-04-18,P008,Coffee Maker,56
2027-04-18,P008,Coffee Maker,58
2027-04-19,P001,Wireless Mouse,39
2027-04-19,P001,Wireless Mouse,45
2027-04-19,P001,Wireless Mouse,52
2027-04-19,P001,Wireless Mouse,45
2027-04-19,P002,Bluetooth Speaker,32
2027-04-19,P002,Bluetooth Speaker,46
2027-04-19,P002,Bluetooth Speaker,42
2027-04-19,P002,Bluetooth Speaker,32
2027-04-19,P003,Office Chair,37
2027-04-19,P003,Office Chair,33
2027-04-19,P003,Office Chair,40
2027-04-19,P003,Office Chair,17
2027-04-19,P004,Notebook Pack,55
2027-04-19,P004,Notebook Pack,39
2027-04-19,P004,Notebook Pack,28
2027-04-19,P004,Notebook Pack,51
2027-04-19,P005,LED Desk Lamp,55
2027-04-19,P005,LED Desk Lamp,26
2027-04-19,P005,LED Desk Lamp,48
2027-04-19,P005,LED Desk Lamp,56
2027-04-19,P006,Running Shoes,45
2027-04-19,P006,Running Shoes,49
2027-04-19,P006,Running Shoes,47
2027-04-19,P006,Running Shoes,37
2027-04-19,P007,Yoga Mat,50
2027-04-19,P007,Yoga Mat,47
2027-04-19,P007,Yoga Mat,56
2027-04-19,P007,Yoga Mat,63
2027-04-19,P008,Coffee Maker,36
2027-04-19,P008,Coffee Maker,35
2027-04-19,P008,Coffee Maker,51
2027-04-19,P008,Coffee Maker,52
2027-04-20,P001,Wireless Mouse,33
2027-04-20,P001,Wireless Mouse,45
2027-04-20,P001,Wireless Mouse,60
2027-04-20,P001,Wireless Mouse,28
2027-04-20,P002,Bluetooth Speaker,28
2027-04-20,P002,Bluetooth Speaker,37
2027-04-20,P002,Bluetooth Speaker,55
2027-04-20,P002,Bluetooth Speaker,35
2027-04-20,P003,Office Chair,45
2027-04-20,P003,Office Chair,41
2027-04-20,P003,Office Chair,45
2027-04-20,P003,Office Chair,30
2027-04-20,P004,Notebook Pack,50
2027-04-20,P004,Notebook Pack,42
2027-04-20,P004,Notebook Pack,39
2027-04-20,P004,Notebook Pack,45
2027-04-20,P005,LED Desk Lamp,46
2027-04-20,P005,LED Desk Lamp,42
2027-04-20,P005,LED Desk Lamp,60
2027-04-20,P005,LED Desk Lamp,22
2027-04-20,P006,Running Shoes,52
2027-04-20,P006,Running Shoes,61
2027-04-20,P006,Running Shoes,47
2027-04-20,P006,Running Shoes,39
2027-04-20,P007,Yoga Mat,32
2027-04-20,P007,Yoga Mat,53
2027-04-20,P007,Yoga Mat,59
2027-04-20,P007,Yoga Mat,64
2027-04-20,P008,Coffee Maker,55
2027-04-20,P008,Coffee Maker,43
2027-04-20,P008,Coffee Maker,25
2027-04-20,P008,Coffee Maker,51
2027-04-21,P001,Wireless Mouse,54
2027-04-21,P001,Wireless Mouse,51
2027-04-21,P001,Wireless Mouse,47
2027-04-21,P001,Wireless Mouse,31
2027-04-21,P002,Bluetooth Speaker,13
2027-04-21,P002,Bluetooth Speaker,39
2027-04-21,P002,Bluetooth Speaker,50
2027-04-21,P002,Bluetooth Speaker,29
2027-04-21,P003,Office Chair,38
2027-04-21,P003,Office Chair,42
2027-04-21,P003,Office Chair,34
2027-04-21,P003,Office Chair,26
2027-04-21,P004,Notebook Pack,53
2027-04-21,P004,Notebook Pack,35
2027-04-21,P004,Notebook Pack,47
2027-04-21,P004,Notebook Pack,37
2027-04-21,P005,LED Desk Lamp,50
2027-04-21,P005,LED Desk Lamp,27
2027-04-21,P005,LED Desk Lamp,48
2027-04-21,P005,LED Desk Lamp,28
2027-04-21,P006,Running Shoes,44
2027-04-21,P006,Running Shoes,37
2027-04-21,P006,Running Shoes,33
2027-04-21,P006,Running Shoes,42
2027-04-21,P007,Yoga Mat,31
2027-04-21,P007,Yoga Mat,44
2027-04-21,P007,Yoga Mat,34
2027-04-21,P007,Yoga Mat,46
2027-04-21,P008,Coffee Maker,34
2027-04-21,P008,Coffee Maker,36
2027-04-21,P008,Coffee Maker,43
2027-04-21,P008,Coffee Maker,35
2027-04-22,P001,Wireless Mouse,30
2027-04-22,P001,Wireless Mouse,49
2027-04-22,P001,Wireless Mouse,42
2027-04-22,P001,Wireless Mouse,39
2027-04-22,P002,Bluetooth Speaker,25
2027-04-22,P002,Bluetooth Speaker,31
2027-04-22,P002,Bluetooth Speaker,56
2027-04-22,P002,Bluetooth Speaker,20
2027-04-22,P003,Office Chair,34
2027-04-22,P003,Office Chair,46
2027-04-22,P003,Office Chair,49
2027-04-22,P003,Office Chair,33
2027-04-22,P004,Notebook Pack,47
2027-04-22,P004,Notebook Pack,31
2027-04-22,P004,Notebook Pack,17
2027-04-22,P004,Notebook Pack,57
2027-04-22,P005,LED Desk Lamp,35
2027-04-22,P005,LED Desk Lamp,35
2027-04-22,P005,LED Desk Lamp,44
2027-04-22,P005,LED Desk Lamp,50
2027-04-22,P006,Running Shoes,50
2027-04-22,P006,Running Shoes,39
2027-04-22,P006,Running Shoes,49
2027-04-22,P006,Running Shoes,40
2027-04-22,P007,Yoga Mat,32
2027-04-22,P007,Yoga Mat,58
2027-04-22,P007,Yoga Mat,52
2027-04-22,P007,Yoga Mat,57
2027-04-22,P008,Coffee Maker,37
2027-04-22,P008,Coffee Maker,35
2027-04-22,P008,Coffee Maker,52
2027-04-22,P008,Coffee Maker,62
2027-04-23,P001,Wireless Mouse,53
2027-04-23,P001,Wireless Mouse,60
2027-04-23,P001,Wireless Mouse,54
2027-04-23,P001,Wireless Mouse,31
2027-04-23,P002,Bluetooth Speaker,28
2027-04-23,P002,Bluetooth Speaker,29
2027-04-23,P002,Bluetooth Speaker,64
2027-04-23,P002,Bluetooth Speaker,27
2027-04-23,P003,Office Chair,33
2027-04-23,P003,Office Chair,49
2027-04-23,P003,Office Chair,43
2027-04-23,P003,Office Chair,47
2027-04-23,P004,Notebook Pack,51
2027-04-23,P004,Notebook Pack,29
2027-04-23,P004,Notebook Pack,27
2027-04-23,P004,Notebook Pack,43
2027-04-23,P005,LED Desk Lamp,40
2027-04-23,P005,LED Desk Lamp,35
2027-04-23,P005,LED Desk Lamp,46
2027-04-23,P005,LED Desk Lamp,32
2027-04-23,P006,Running Shoes,44
2027-04-23,P006,Running Shoes,44
2027-04-23,P006,Running Shoes,39
2027-04-23,P006,Running Shoes,59
2027-04-23,P007,Yoga Mat,36
2027-04-23,P007,Yoga Mat,54
2027-04-23,P007,Yoga Mat,71
2027-04-23,P007,Yoga Mat,51
2027-04-23,P008,Coffee Maker,48
2027-04-23,P008,Coffee Maker,45
2027-04-23,P008,Coffee Maker,40
2027-04-23,P008,Coffee Maker,51
2027-04-24,P001,Wireless Mouse,52
2027-04-24,P001,Wireless Mouse,58
2027-04-24,P001,Wireless Mouse,47
2027-04-24,P001,Wireless Mouse,38
2027-04-24,P002,Bluetooth Speaker,40
2027-04-24,P002,Bluetooth Speaker,36
2027-04-24,P002,Bluetooth Speaker,42
2027-04-24,P002,Bluetooth Speaker,23
2027-04-24,P003,Office Chair,55
2027-04-24,P003,Office Chair,42
2027-04-24,P003,Office Chair,56
2027-04-24,P003,Office Chair,25
2027-04-24,P004,Notebook Pack,51
2027-04-24,P004,Notebook Pack,26
2027-04-24,P004,Notebook Pack,44
2027-04-24,P004,Notebook Pack,43
2027-04-24,P005,LED Desk Lamp,37
2027-04-24,P005,LED Desk Lamp,36
2027-04-24,P005,LED Desk Lamp,55
2027-04-24,P005,LED Desk Lamp,39
2027-04-24,P006,Running Shoes,55
2027-04-24,P006,Running Shoes,54
2027-04-24,P006,Running Shoes,35
2027-04-24,P006,Running Shoes,45
2027-04-24,P007,Yoga Mat,36
2027-04-24,P007,Yoga Mat,66
2027-04-24,P007,Yoga Mat,52
2027-04-24,P007,Yoga Mat,56
2027-04-24,P008,Coffee Maker,27
2027-04-24,P008,Coffee Maker,40
2027-04-24,P008,Coffee Maker,69
2027-04-24,P008,Coffee Maker,39
2027-04-25,P001,Wireless Mouse,60
2027-04-25,P001,Wireless Mouse,50
2027-04-25,P001,Wireless Mouse,57
2027-04-25,P001,Wireless Mouse,19
2027-04-25,P002,Bluetooth Speaker,25
2027-04-25,P002,Bluetooth Speaker,32
2027-04-25,P002,Bluetooth Speaker,42
2027-04-25,P002,Bluetooth Speaker,27
2027-04-25,P003,Office Chair,38
2027-04-25,P003,Office Chair,45
2027-04-25,P003,Office Chair,39
2027-04-25,P003,Office Chair,44
2027-04-25,P004,Notebook Pack,43
2027-04-25,P004,Notebook Pack,37
2027-04-25,P004,Notebook Pack,58
2027-04-25,P004,Notebook Pack,33
2027-04-25,P005,LED Desk Lamp,47
2027-04-25,P005,LED Desk Lamp,39
2027-04-25,P005,LED Desk Lamp,38
2027-04-25,P005,LED Desk Lamp,48
2027-04-25,P006,Running Shoes,57
2027-04-25,P006,Running Shoes,42
2027-04-25,P006,Running Shoes,37
2027-04-25,P006,Running Shoes,35
2027-04-25,P007,Yoga Mat,40
2027-04-25,P007,Yoga Mat,43
2027-04-25,P007,Yoga Mat,50
2027-04-25,P007,Yoga Mat,60
2027-04-25,P008,Coffee Maker,45
2027-04-25,P008,Coffee Maker,38
2027-04-25,P008,Coffee Maker,55
2027-04-25,P008,Coffee Maker,59
2027-04-26,P001,Wireless Mouse,39
2027-04-26,P001,Wireless Mouse,45
2027-04-26,P001,Wireless Mouse,52
2027-04-26,P001,Wireless Mouse,45
2027-04-26,P002,Bluetooth Speaker,32
2027-04-26,P002,Bluetooth Speaker,46
2027-04-26,P002,Bluetooth Speaker,42
2027-04-26,P002,Bluetooth Speaker,32
2027-04-26,P003,Office Chair,37
2027-04-26,P003,Office Chair,33
2027-04-26,P003,Office Chair,40
2027-04-26,P003,Office Chair,17
2027-04-26,P004,Notebook Pack,55
2027-04-26,P004,Notebook Pack,39
2027-04-26,P004,Notebook Pack,28
2027-04-26,P004,Notebook Pack,50
2027-04-26,P005,LED Desk Lamp,54
2027-04-26,P005,LED Desk Lamp,26
2027-04-26,P005,LED Desk Lamp,48
2027-04-26,P005,LED Desk Lamp,56
2027-04-26,P006,Running Shoes,45
2027-04-26,P006,Running Shoes,49
2027-04-26,P006,Running Shoes,47
2027-04-26,P006,Running Shoes,37
2027-04-26,P007,Yoga Mat,50
2027-04-26,P007,Yoga Mat,47
2027-04-26,P007,Yoga Mat,56
2027-04-26,P007,Yoga Mat,63
2027-04-26,P008,Coffee Maker,36
2027-04-26,P008,Coffee Maker,35
2027-04-26,P008,Coffee Maker,51
2027-04-26,P008,Coffee Maker,53
2027-04-27,P001,Wireless Mouse,33
2027-04-27,P001,Wireless Mouse,45
2027-04-27,P001,Wireless Mouse,60
2027-04-27,P001,Wireless Mouse,27
2027-04-27,P002,Bluetooth Speaker,28
2027-04-27,P002,Bluetooth Speaker,37
2027-04-27,P002,Bluetooth Speaker,55
2027-04-27,P002,Bluetooth Speaker,35
2027-04-27,P003,Office Chair,44
2027-04-27,P003,Office Chair,41
2027-04-27,P003,Office Chair,45
2027-04-27,P003,Office Chair,30
2027-04-27,P004,Notebook Pack,50
2027-04-27,P004,Notebook Pack,42
2027-04-27,P004,Notebook Pack,39
2027-04-27,P004,Notebook Pack,45
2027-04-27,P005,LED Desk Lamp,45
2027-04-27,P005,LED Desk Lamp,42
2027-04-27,P005,LED Desk Lamp,60
2027-04-27,P005,LED Desk Lamp,22
2027-04-27,P006,Running Shoes,52
2027-04-27,P006,Running Shoes,61
2027-04-27,P006,Running Shoes,47
2027-04-27,P006,Running Shoes,39
2027-04-27,P007,Yoga Mat,32
2027-04-27,P007,Yoga Mat,53
2027-04-27,P007,Yoga Mat,59
2027-04-27,P007,Yoga Mat,64
2027-04-27,P008,Coffee Maker,55
2027-04-27,P008,Coffee Maker,43
2027-04-27,P008,Coffee Maker,25
2027-04-27,P008,Coffee Maker,51
2027-04-28,P001,Wireless Mouse,54
2027-04-28,P001,Wireless Mouse,51
2027-04-28,P001,Wireless Mouse,47
2027-04-28,P001,Wireless Mouse,30
2027-04-28,P002,Bluetooth Speaker,13
2027-04-28,P002,Bluetooth Speaker,38
2027-04-28,P002,Bluetooth Speaker,50
2027-04-28,P002,Bluetooth Speaker,29
2027-04-28,P003,Office Chair,38
2027-04-28,P003,Office Chair,42
2027-04-28,P003,Office Chair,34
2027-04-28,P003,Office Chair,26
2027-04-28,P004,Notebook Pack,53
2027-04-28,P004,Notebook Pack,35
2027-04-28,P004,Notebook Pack,47
2027-04-28,P004,Notebook Pack,37
2027-04-28,P005,LED Desk Lamp,49
2027-04-28,P005,LED Desk Lamp,27
2027-04-28,P005,LED Desk Lamp,48
2027-04-28,P005,LED Desk Lamp,27
2027-04-28,P006,Running Shoes,44
2027-04-28,P006,Running Shoes,36
2027-04-28,P006,Running Shoes,33
2027-04-28,P006,Running Shoes,42
2027-04-28,P007,Yoga Mat,31
2027-04-28,P007,Yoga Mat,44
2027-04-28,P007,Yoga Mat,34
2027-04-28,P007,Yoga Mat,46
2027-04-28,P008,Coffee Maker,34
2027-04-28,P008,Coffee Maker,36
2027-04-28,P008,Coffee Maker,43
2027-04-28,P008,Coffee Maker,36
2027-04-29,P001,Wireless Mouse,30
2027-04-29,P001,Wireless Mouse,49
2027-04-29,P001,Wireless Mouse,42
2027-04-29,P001,Wireless Mouse,38
2027-04-29,P002,Bluetooth Speaker,25
2027-04-29,P002,Bluetooth Speaker,31
2027-04-29,P002,Bluetooth Speaker,56
2027-04-29,P002,Bluetooth Speaker,20
2027-04-29,P003,Office Chair,34
2027-04-29,P003,Office Chair,46
2027-04-29,P003,Office Chair,49
2027-04-29,P003,Office Chair,33
2027-04-29,P004,Notebook Pack,47
2027-04-29,P004,Notebook Pack,31
2027-04-29,P004,Notebook Pack,17
2027-04-29,P004,Notebook Pack,57
2027-04-29,P005,LED Desk Lamp,35
2027-04-29,P005,LED Desk Lamp,35
2027-04-29,P005,LED Desk Lamp,44
2027-04-29,P005,LED Desk Lamp,50
2027-04-29,P006,Running Shoes,50
2027-04-29,P006,Running Shoes,39
2027-04-29,P006,Running Shoes,49
2027-04-29,P006,Running Shoes,40
2027-04-29,P007,Yoga Mat,32
2027-04-29,P007,Yoga Mat,58
2027-04-29,P007,Yoga Mat,52
2027-04-29,P007,Yoga Mat,57
2027-04-29,P008,Coffee Maker,37
2027-04-29,P008,Coffee Maker,35
2027-04-29,P008,Coffee Maker,52
2027-04-29,P008,Coffee Maker,62
2027-04-30,P001,Wireless Mouse,53
2027-04-30,P001,Wireless Mouse,60
2027-04-30,P001,Wireless Mouse,54
2027-04-30,P001,Wireless Mouse,31
2027-04-30,P002,Bluetooth Speaker,28
2027-04-30,P002,Bluetooth Speaker,29
2027-04-30,P002,Bluetooth Speaker,64
2027-04-30,P002,Bluetooth Speaker,26
2027-04-30,P003,Office Chair,33
2027-04-30,P003,Office Chair,49
2027-04-30,P003,Office Chair,43
2027-04-30,P003,Office Chair,47
2027-04-30,P004,Notebook Pack,51
2027-04-30,P004,Notebook Pack,29
2027-04-30,P004,Notebook Pack,27
2027-04-30,P004,Notebook Pack,43
2027-04-30,P005,LED Desk Lamp,40
2027-04-30,P005,LED Desk Lamp,35
2027-04-30,P005,LED Desk Lamp,46
2027-04-30,P005,LED Desk Lamp,32
2027-04-30,P006,Running Shoes,44
2027-04-30,P006,Running Shoes,43
2027-04-30,P006,Running Shoes,39
2027-04-30,P006,Running Shoes,59
2027-04-30,P007,Yoga Mat,37
2027-04-30,P007,Yoga Mat,54
2027-04-30,P007,Yoga Mat,71
2027-04-30,P007,Yoga Mat,51
2027-04-30,P008,Coffee Maker,48
2027-04-30,P008,Coffee Maker,44
2027-04-30,P008,Coffee Maker,40
2027-04-30,P008,Coffee Maker,51
2027-05-01,P001,Wireless Mouse,52
2027-05-01,P001,Wireless Mouse,59
2027-05-01,P001,Wireless Mouse,47
2027-05-01,P001,Wireless Mouse,38
2027-05-01,P002,Bluetooth Speaker,39
2027-05-01,P002,Bluetooth Speaker,36
2027-05-01,P002,Bluetooth Speaker,42
2027-05-01,P002,Bluetooth Speaker,23
2027-05-01,P003,Office Chair,55
2027-05-01,P003,Office Chair,42
2027-05-01,P003,Office Chair,56
2027-05-01,P003,Office Chair,25
2027-05-01,P004,Notebook Pack,51
2027-05-01,P004,Notebook Pack,26
2027-05-01,P004,Notebook Pack,44
2027-05-01,P004,Notebook Pack,43
2027-05-01,P005,LED Desk Lamp,36
2027-05-01,P005,LED Desk Lamp,36
2027-05-01,P005,LED Desk Lamp,55
2027-05-01,P005,LED Desk Lamp,39
2027-05-01,P006,Running Shoes,55
2027-05-01,P006,Running Shoes,54
2027-05-01,P006,Running Shoes,35
2027-05-01,P006,Running Shoes,45
2027-05-01,P007,Yoga Mat,36
2027-05-01,P007,Yoga Mat,66
2027-05-01,P007,Yoga Mat,52
2027-05-01,P007,Yoga Mat,56
2027-05-01,P008,Coffee Maker,27
2027-05-01,P008,Coffee Maker,40
2027-05-01,P008,Coffee Maker,69
2027-05-01,P008,Coffee Maker,39
2027-05-02,P001,Wireless Mouse,60
2027-05-02,P001,Wireless Mouse,50
2027-05-02,P001,Wireless Mouse,57
2027-05-02,P001,Wireless Mouse,19
2027-05-02,P002,Bluetooth Speaker,25
2027-05-02,P002,Bluetooth Speaker,32
2027-05-02,P002,Bluetooth Speaker,42
2027-05-02,P002,Bluetooth Speaker,26
2027-05-02,P003,Office Chair,38
2027-05-02,P003,Office Chair,45
2027-05-02,P003,Office Chair,39
2027-05-02,P003,Office Chair,44
2027-05-02,P004,Notebook Pack,43
2027-05-02,P004,Notebook Pack,37
2027-05-02,P004,Notebook Pack,58
2027-05-02,P004,Notebook Pack,33
2027-05-02,P005,LED Desk Lamp,47
2027-05-02,P005,LED Desk Lamp,39
2027-05-02,P005,LED Desk Lamp,37
2027-05-02,P005,LED Desk Lamp,47
2027-05-02,P006,Running Shoes,57
2027-05-02,P006,Running Shoes,42
2027-05-02,P006,Running Shoes,37
2027-05-02,P006,Running Shoes,35
2027-05-02,P007,Yoga Mat,40
2027-05-02,P007,Yoga Mat,43
2027-05-02,P007,Yoga Mat,50
2027-05-02,P007,Yoga Mat,60
2027-05-02,P008,Coffee Maker,45
2027-05-02,P008,Coffee Maker,38
2027-05-02,P008,Coffee Maker,55
2027-05-02,P008,Coffee Maker,59
2027-05-03,P001,Wireless Mouse,39
2027-05-03,P001,Wireless Mouse,45
2027-05-03,P001,Wireless Mouse,52
2027-05-03,P001,Wireless Mouse,44
2027-05-03,P002,Bluetooth Speaker,32
2027-05-03,P002,Bluetooth Speaker,46
2027-05-03,P002,Bluetooth Speaker,43
2027-05-03,P002,Bluetooth Speaker,31
2027-05-03,P003,Office Chair,37
2027-05-03,P003,Office Chair,33
2027-05-03,P003,Office Chair,40
2027-05-03,P003,Office Chair,17
2027-05-03,P004,Notebook Pack,55
2027-05-03,P004,Notebook Pack,39
2027-05-03,P004,Notebook Pack,28
2027-05-03,P004,Notebook Pack,50
2027-05-03,P005,LED Desk Lamp,54
2027-05-03,P005,LED Desk Lamp,26
2027-05-03,P005,LED Desk Lamp,47
2027-05-03,P005,LED Desk Lamp,56
2027-05-03,P006,Running Shoes,45
2027-05-03,P006,Running Shoes,49
2027-05-03,P006,Running Shoes,47
2027-05-03,P006,Running Shoes,37
2027-05-03,P007,Yoga Mat,50
2027-05-03,P007,Yoga Mat,47
2027-05-03,P007,Yoga Mat,56
2027-05-03,P007,Yoga Mat,63
2027-05-03,P008,Coffee Maker,36
2027-05-03,P008,Coffee Maker,35
2027-05-03,P008,Coffee Maker,51
2027-05-03,P008,Coffee Maker,53
2027-05-04,P001,Wireless Mouse,33
2027-05-04,P001,Wireless Mouse,45
2027-05-04,P001,Wireless Mouse,60
2027-05-04,P001,Wireless Mouse,27
2027-05-04,P002,Bluetooth Speaker,28
2027-05-04,P002,Bluetooth Speaker,37
2027-05-04,P002,Bluetooth Speaker,55
2027-05-04,P002,Bluetooth Speaker,35
2027-05-04,P003,Office Chair,44
2027-05-04,P003,Office Chair,41
2027-05-04,P003,Office Chair,45
2027-05-04,P003,Office Chair,30
2027-05-04,P004,Notebook Pack,50
2027-05-04,P004,Notebook Pack,42
2027-05-04,P004,Notebook Pack,39
2027-05-04,P004,Notebook Pack,45
2027-05-04,P005,LED Desk Lamp,45
2027-05-04,P005,LED Desk Lamp,42
2027-05-04,P005,LED Desk Lamp,60
2027-05-04,P005,LED Desk Lamp,21
2027-05-04,P006,Running Shoes,52
2027-05-04,P006,Running Shoes,61
2027-05-04,P006,Running Shoes,47
2027-05-04,P006,Running Shoes,39
2027-05-04,P007,Yoga Mat,32
2027-05-04,P007,Yoga Mat,53
2027-05-04,P007,Yoga Mat,59
2027-05-04,P007,Yoga Mat,65
2027-05-04,P008,Coffee Maker,55
2027-05-04,P008,Coffee Maker,43
2027-05-04,P008,Coffee Maker,25
2027-05-04,P008,Coffee Maker,51
2027-05-05,P001,Wireless Mouse,54
2027-05-05,P001,Wireless Mouse,51
2027-05-05,P001,Wireless Mouse,47
2027-05-05,P001,Wireless Mouse,30
2027-05-05,P002,Bluetooth Speaker,13
2027-05-05,P002,Bluetooth Speaker,38
2027-05-05,P002,Bluetooth Speaker,50
2027-05-05,P002,Bluetooth Speaker,29
2027-05-05,P003,Office Chair,38
2027-05-05,P003,Office Chair,42
2027-05-05,P003,Office Chair,34
2027-05-05,P003,Office Chair,26
2027-05-05,P004,Notebook Pack,53
2027-05-05,P004,Notebook Pack,35
2027-05-05,P004,Notebook Pack,47
2027-05-05,P004,Notebook Pack,37
2027-05-05,P005,LED Desk Lamp,49
2027-05-05,P005,LED Desk Lamp,27
2027-05-05,P005,LED Desk Lamp,48
2027-05-05,P005,LED Desk Lamp,27
2027-05-05,P006,Running Shoes,44
2027-05-05,P006,Running Shoes,36
2027-05-05,P006,Running Shoes,33
2027-05-05,P006,Running Shoes,42
2027-05-05,P007,Yoga Mat,31
2027-05-05,P007,Yoga Mat,44
2027-05-05,P007,Yoga Mat,34
2027-05-05,P007,Yoga Mat,46
2027-05-05,P008,Coffee Maker,34
2027-05-05,P008,Coffee Maker,36
2027-05-05,P008,Coffee Maker,43
2027-05-05,P008,Coffee Maker,36
2027-05-06,P001,Wireless Mouse,30
2027-05-06,P001,Wireless Mouse,49
2027-05-06,P001,Wireless Mouse,42
2027-05-06,P001,Wireless Mouse,38
2027-05-06,P002,Bluetooth Speaker,25
2027-05-06,P002,Bluetooth Speaker,31
2027-05-06,P002,Bluetooth Speaker,57
2027-05-06,P002,Bluetooth Speaker,20
2027-05-06,P003,Office Chair,34
2027-05-06,P003,Office Chair,46
2027-05-06,P003,Office Chair,49
2027-05-06,P003,Office Chair,33
2027-05-06,P004,Notebook Pack,47
2027-05-06,P004,Notebook Pack,31
2027-05-06,P004,Notebook Pack,17
2027-05-06,P004,Notebook Pack,57
2027-05-06,P005,LED Desk Lamp,35
2027-05-06,P005,LED Desk Lamp,35
2027-05-06,P005,LED Desk Lamp,44
2027-05-06,P005,LED Desk Lamp,50
2027-05-06,P006,Running Shoes,50
2027-05-06,P006,Running Shoes,39
2027-05-06,P006,Running Shoes,49
2027-05-06,P006,Running Shoes,41
2027-05-06,P007,Yoga Mat,32
2027-05-06,P007,Yoga Mat,58
2027-05-06,P007,Yoga Mat,53
2027-05-06,P007,Yoga Mat,57
2027-05-06,P008,Coffee Maker,37
2027-05-06,P008,Coffee Maker,35
2027-05-06,P008,Coffee Maker,52
2027-05-06,P008,Coffee Maker,62
2027-05-07,P001,Wireless Mouse,53
2027-05-07,P001,Wireless Mouse,60
2027-05-07,P001,Wireless Mouse,54
2027-05-07,P001,Wireless Mouse,31
2027-05-07,P002,Bluetooth Speaker,28
2027-05-07,P002,Bluetooth Speaker,29
2027-05-07,P002,Bluetooth Speaker,64
2027-05-07,P002,Bluetooth Speaker,26
2027-05-07,P003,Office Chair,33
2027-05-07,P003,Office Chair,49
2027-05-07,P003,Office Chair,43
2027-05-07,P003,Office Chair,46
2027-05-07,P004,Notebook Pack,51
2027-05-07,P004,Notebook Pack,29
2027-05-07,P004,Notebook Pack,27
2027-05-07,P004,Notebook Pack,43
2027-05-07,P005,LED Desk Lamp,40
2027-05-07,P005,LED Desk Lamp,35
2027-05-07,P005,LED Desk Lamp,45
2027-05-07,P005,LED Desk Lamp,32
2027-05-07,P006,Running Shoes,44
2027-05-07,P006,Running Shoes,43
2027-05-07,P006,Running Shoes,39
2027-05-07,P006,Running Shoes,59
2027-05-07,P007,Yoga Mat,37
2027-05-07,P007,Yoga Mat,54
2027-05-07,P007,Yoga Mat,71
2027-05-07,P007,Yoga Mat,52
2027-05-07,P008,Coffee Maker,48
2027-05-07,P008,Coffee Maker,44
2027-05-07,P008,Coffee Maker,40
2027-05-07,P008,Coffee Maker,51
2027-05-08,P001,Wireless Mouse,52
2027-05-08,P001,Wireless Mouse,59
2027-05-08,P001,Wireless Mouse,47
2027-05-08,P001,Wireless Mouse,38
2027-05-08,P002,Bluetooth Speaker,39
2027-05-08,P002,Bluetooth Speaker,35
2027-05-08,P002,Bluetooth Speaker,42
2027-05-08,P002,Bluetooth Speaker,23
2027-05-08,P003,Office Chair,54
2027-05-08,P003,Office Chair,42
2027-05-08,P003,Office Chair,56
2027-05-08,P003,Office Chair,25
2027-05-08,P004,Notebook Pack,51
2027-05-08,P004,Notebook Pack,26
2027-05-08,P004,Notebook Pack,44
2027-05-08,P004,Notebook Pack,43
2027-05-08,P005,LED Desk Lamp,36
2027-05-08,P005,LED Desk Lamp,36
2027-05-08,P005,LED Desk Lamp,55
2027-05-08,P005,LED Desk Lamp,39
2027-05-08,P006,Running Shoes,55
2027-05-08,P006,Running Shoes,54
2027-05-08,P006,Running Shoes,35
2027-05-08,P006,Running Shoes,45
2027-05-08,P007,Yoga Mat,36
2027-05-08,P007,Yoga Mat,66
2027-05-08,P007,Yoga Mat,52
2027-05-08,P007,Yoga Mat,56
2027-05-08,P008,Coffee Maker,27
2027-05-08,P008,Coffee Maker,40
2027-05-08,P008,Coffee Maker,69
2027-05-08,P008,Coffee Maker,39
2027-05-09,P001,Wireless Mouse,60
2027-05-09,P001,Wireless Mouse,51
2027-05-09,P001,Wireless Mouse,57
2027-05-09,P001,Wireless Mouse,19
2027-05-09,P002,Bluetooth Speaker,25
2027-05-09,P002,Bluetooth Speaker,32
2027-05-09,P002,Bluetooth Speaker,43
2027-05-09,P002,Bluetooth Speaker,26
2027-05-09,P003,Office Chair,38
2027-05-09,P003,Office Chair,45
2027-05-09,P003,Office Chair,39
2027-05-09,P003,Office Chair,44
2027-05-09,P004,Notebook Pack,44
2027-05-09,P004,Notebook Pack,36
2027-05-09,P004,Notebook Pack,58
2027-05-09,P004,Notebook Pack,33
2027-05-09,P005,LED Desk Lamp,46
2027-05-09,P005,LED Desk Lamp,39
2027-05-09,P005,LED Desk Lamp,37
2027-05-09,P005,LED Desk Lamp,47
2027-05-09,P006,Running Shoes,57
2027-05-09,P006,Running Shoes,41
2027-05-09,P006,Running Shoes,37
2027-05-09,P006,Running Shoes,35
2027-05-09,P007,Yoga Mat,40
2027-05-09,P007,Yoga Mat,43
2027-05-09,P007,Yoga Mat,50
2027-05-09,P007,Yoga Mat,60
2027-05-09,P008,Coffee Maker,45
2027-05-09,P008,Coffee Maker,38
2027-05-09,P008,Coffee Maker,55
2027-05-09,P008,Coffee Maker,59
2027-05-10,P001,Wireless Mouse,39
2027-05-10,P001,Wireless Mouse,45
2027-05-10,P001,Wireless Mouse,52
2027-05-10,P001,Wireless Mouse,44
2027-05-10,P002,Bluetooth Speaker,32
2027-05-10,P002,Bluetooth Speaker,46
2027-05-10,P002,Bluetooth Speaker,43
2027-05-10,P002,Bluetooth Speaker,31
2027-05-10,P003,Office Chair,37
2027-05-10,P003,Office Chair,33
2027-05-10,P003,Office Chair,40
2027-05-10,P003,Office Chair,17
2027-05-10,P004,Notebook Pack,55
2027-05-10,P004,Notebook Pack,39
2027-05-10,P004,Notebook Pack,28
2027-05-10,P004,Notebook Pack,50
2027-05-10,P005,LED Desk Lamp,54
2027-05-10,P005,LED Desk Lamp,26
2027-05-10,P005,LED Desk Lamp,47
2027-05-10,P005,LED Desk Lamp,55
2027-05-10,P006,Running Shoes,45
2027-05-10,P006,Running Shoes,48
2027-05-10,P006,Running Shoes,47
2027-05-10,P006,Running Shoes,37
2027-05-10,P007,Yoga Mat,50
2027-05-10,P007,Yoga Mat,47
2027-05-10,P007,Yoga Mat,56
2027-05-10,P007,Yoga Mat,63
2027-05-10,P008,Coffee Maker,36
2027-05-10,P008,Coffee Maker,35
2027-05-10,P008,Coffee Maker,51
2027-05-10,P008,Coffee Maker,53
2027-05-11,P001,Wireless Mouse,33
2027-05-11,P001,Wireless Mouse,46
2027-05-11,P001,Wireless Mouse,60
2027-05-11,P001,Wireless Mouse,27
2027-05-11,P002,Bluetooth Speaker,28
2027-05-11,P002,Bluetooth Speaker,37
2027-05-11,P002,Bluetooth Speaker,55
2027-05-11,P002,Bluetooth Speaker,35
2027-05-11,P003,Office Chair,44
2027-05-11,P003,Office Chair,41
2027-05-11,P003,Office Chair,45
2027-05-11,P003,Office Chair,30
2027-05-11,P004,Notebook Pack,50
2027-05-11,P004,Notebook Pack,42
2027-05-11,P004,Notebook Pack,39
2027-05-11,P004,Notebook Pack,45
2027-05-11,P005,LED Desk Lamp,45
2027-05-11,P005,LED Desk Lamp,42
2027-05-11,P005,LED Desk Lamp,60
2027-05-11,P005,LED Desk Lamp,21
2027-05-11,P006,Running Shoes,52
2027-05-11,P006,Running Shoes,61
2027-05-11,P006,Running Shoes,47
2027-05-11,P006,Running Shoes,39
2027-05-11,P007,Yoga Mat,32
2027-05-11,P007,Yoga Mat,53
2027-05-11,P007,Yoga Mat,59
2027-05-11,P007,Yoga Mat,65
2027-05-11,P008,Coffee Maker,55
2027-05-11,P008,Coffee Maker,43
2027-05-11,P008,Coffee Maker,25
2027-05-11,P008,Coffee Maker,51
2027-05-12,P001,Wireless Mouse,54
2027-05-12,P001,Wireless Mouse,51
2027-05-12,P001,Wireless Mouse,47
2027-05-12,P001,Wireless Mouse,30
2027-05-12,P002,Bluetooth Speaker,13
2027-05-12,P002,Bluetooth Speaker,38
2027-05-12,P002,Bluetooth Speaker,50
2027-05-12,P002,Bluetooth Speaker,29
2027-05-12,P003,Office Chair,38
2027-05-12,P003,Office Chair,42
2027-05-12,P003,Office Chair,34
2027-05-12,P003,Office Chair,26
2027-05-12,P004,Notebook Pack,54
2027-05-12,P004,Notebook Pack,34
2027-05-12,P004,Notebook Pack,47
2027-05-12,P004,Notebook Pack,37
2027-05-12,P005,LED Desk Lamp,49
2027-05-12,P005,LED Desk Lamp,27
2027-05-12,P005,LED Desk Lamp,48
2027-05-12,P005,LED Desk Lamp,27
2027-05-12,P006,Running Shoes,44
2027-05-12,P006,Running Shoes,36
2027-05-12,P006,Running Shoes,33
2027-05-12,P006,Running Shoes,42
2027-05-12,P007,Yoga Mat,31
2027-05-12,P007,Yoga Mat,44
2027-05-12,P007,Yoga Mat,34
2027-05-12,P007,Yoga Mat,47
2027-05-12,P008,Coffee Maker,34
2027-05-12,P008,Coffee Maker,36
2027-05-12,P008,Coffee Maker,43
2027-05-12,P008,Coffee Maker,36
2027-05-13,P001,Wireless Mouse,30
2027-05-13,P001,Wireless Mouse,49
2027-05-13,P001,Wireless Mouse,42
2027-05-13,P001,Wireless Mouse,38
2027-05-13,P002,Bluetooth Speaker,25
2027-05-13,P002,Bluetooth Speaker,31
2027-05-13,P002,Bluetooth Speaker,57
2027-05-13,P002,Bluetooth Speaker,20
2027-05-13,P003,Office Chair,33
2027-05-13,P003,Office Chair,46
2027-05-13,P003,Office Chair,49
2027-05-13,P003,Office Chair,33
2027-05-13,P004,Notebook Pack,47
2027-05-13,P004,Notebook Pack,31
2027-05-13,P004,Notebook Pack,17
2027-05-13,P004,Notebook Pack,57
2027-05-13,P005,LED Desk Lamp,35
2027-05-13,P005,LED Desk Lamp,35
2027-05-13,P005,LED Desk Lamp,44
2027-05-13,P005,LED Desk Lamp,50
2027-05-13,P006,Running Shoes,50
2027-05-13,P006,Running Shoes,39
2027-05-13,P006,Running Shoes,49
2027-05-13,P006,Running Shoes,41
2027-05-13,P007,Yoga Mat,32
2027-05-13,P007,Yoga Mat,58
2027-05-13,P007,Yoga Mat,53
2027-05-13,P007,Yoga Mat,57
2027-05-13,P008,Coffee Maker,37
2027-05-13,P008,Coffee Maker,35
2027-05-13,P008,Coffee Maker,52
2027-05-13,P008,Coffee Maker,62
2027-05-14,P001,Wireless Mouse,53
2027-05-14,P001,Wireless Mouse,61
2027-05-14,P001,Wireless Mouse,54
2027-05-14,P001,Wireless Mouse,31
2027-05-14,P002,Bluetooth Speaker,28
2027-05-14,P002,Bluetooth Speaker,29
2027-05-14,P002,Bluetooth Speaker,64
2027-05-14,P002,Bluetooth Speaker,26
2027-05-14,P003,Office Chair,32
2027-05-14,P003,Office Chair,49
2027-05-14,P003,Office Chair,43
2027-05-14,P003,Office Chair,46
2027-05-14,P004,Notebook Pack,52
2027-05-14,P004,Notebook Pack,29
2027-05-14,P004,Notebook Pack,27
2027-05-14,P004,Notebook Pack,43
2027-05-14,P005,LED Desk Lamp,40
2027-05-14,P005,LED Desk Lamp,35
2027-05-14,P005,LED Desk Lamp,45
2027-05-14,P005,LED Desk Lamp,31
2027-05-14,P006,Running Shoes,44
2027-05-14,P006,Running Shoes,43
2027-05-14,P006,Running Shoes,39
2027-05-14,P006,Running Shoes,59
2027-05-14,P007,Yoga Mat,37
2027-05-14,P007,Yoga Mat,54
2027-05-14,P007,Yoga Mat,71
2027-05-14,P007,Yoga Mat,52
2027-05-14,P008,Coffee Maker,48
2027-05-14,P008,Coffee Maker,44
2027-05-14,P008,Coffee Maker,40
2027-05-14,P008,Coffee Maker,51
2027-05-15,P001,Wireless Mouse,52
2027-05-15,P001,Wireless Mouse,59
2027-05-15,P001,Wireless Mouse,47
2027-05-15,P001,Wireless Mouse,38
2027-05-15,P002,Bluetooth Speaker,39
2027-05-15,P002,Bluetooth Speaker,35
2027-05-15,P002,Bluetooth Speaker,42
2027-05-15,P002,Bluetooth Speaker,23
2027-05-15,P003,Office Chair,54
2027-05-15,P003,Office Chair,42
2027-05-15,P003,Office Chair,56
2027-05-15,P003,Office Chair,25
2027-05-15,P004,Notebook Pack,51
2027-05-15,P004,Notebook Pack,26
2027-05-15,P004,Notebook Pack,44
2027-05-15,P004,Notebook Pack,43
2027-05-15,P005,LED Desk Lamp,36
2027-05-15,P005,LED Desk Lamp,36
2027-05-15,P005,LED Desk Lamp,55
2027-05-15,P005,LED Desk Lamp,39
2027-05-15,P006,Running Shoes,55
2027-05-15,P006,Running Shoes,54
2027-05-15,P006,Running Shoes,35
2027-05-15,P006,Running Shoes,45
2027-05-15,P007,Yoga Mat,36
2027-05-15,P007,Yoga Mat,66
2027-05-15,P007,Yoga Mat,52
2027-05-15,P007,Yoga Mat,56
2027-05-15,P008,Coffee Maker,27
2027-05-15,P008,Coffee Maker,40
2027-05-15,P008,Coffee Maker,69
2027-05-15,P008,Coffee Maker,40
2027-05-16,P001,Wireless Mouse,60
2027-05-16,P001,Wireless Mouse,51
2027-05-16,P001,Wireless Mouse,57
2027-05-16,P001,Wireless Mouse,19
2027-05-16,P002,Bluetooth Speaker,25
2027-05-16,P002,Bluetooth Speaker,32
2027-05-16,P002,Bluetooth Speaker,43
2027-05-16,P002,Bluetooth Speaker,26
2027-05-16,P003,Office Chair,38
2027-05-16,P003,Office Chair,45
2027-05-16,P003,Office Chair,39
2027-05-16,P003,Office Chair,43
2027-05-16,P004,Notebook Pack,44
2027-05-16,P004,Notebook Pack,36
2027-05-16,P004,Notebook Pack,57
2027-05-16,P004,Notebook Pack,33
2027-05-16,P005,LED Desk Lamp,46
2027-05-16,P005,LED Desk Lamp,38
2027-05-16,P005,LED Desk Lamp,37
2027-05-16,P005,LED Desk Lamp,47
2027-05-16,P006,Running Shoes,57
2027-05-16,P006,Running Shoes,41
2027-05-16,P006,Running Shoes,37
2027-05-16,P006,Running Shoes,35
2027-05-16,P007,Yoga Mat,40
2027-05-16,P007,Yoga Mat,43
2027-05-16,P007,Yoga Mat,50
2027-05-16,P007,Yoga Mat,61
2027-05-16,P008,Coffee Maker,45
2027-05-16,P008,Coffee Maker,37
2027-05-16,P008,Coffee Maker,55
2027-05-16,P008,Coffee Maker,59
2027-05-17,P001,Wireless Mouse,39
2027-05-17,P001,Wireless Mouse,45
2027-05-17,P001,Wireless Mouse,52
2027-05-17,P001,Wireless Mouse,44
2027-05-17,P002,Bluetooth Speaker,32
2027-05-17,P002,Bluetooth Speaker,46
2027-05-17,P002,Bluetooth Speaker,43
2027-05-17,P002,Bluetooth Speaker,31
2027-05-17,P003,Office Chair,37
2027-05-17,P003,Office Chair,33
2027-05-17,P003,Office Chair,40
2027-05-17,P003,Office Chair,17
2027-05-17,P004,Notebook Pack,55
2027-05-17,P004,Notebook Pack,39
2027-05-17,P004,Notebook Pack,28
2027-05-17,P004,Notebook Pack,50
2027-05-17,P005,LED Desk Lamp,54
2027-05-17,P005,LED Desk Lamp,26
2027-05-17,P005,LED Desk Lamp,47
2027-05-17,P005,LED Desk Lamp,55
2027-05-17,P006,Running Shoes,45
2027-05-17,P006,Running Shoes,48
2027-05-17,P006,Running Shoes,47
2027-05-17,P006,Running Shoes,37
2027-05-17,P007,Yoga Mat,50
2027-05-17,P007,Yoga Mat,47
2027-05-17,P007,Yoga Mat,56
2027-05-17,P007,Yoga Mat,63
2027-05-17,P008,Coffee Maker,36
2027-05-17,P008,Coffee Maker,34
2027-05-17,P008,Coffee Maker,51
2027-05-17,P008,Coffee Maker,53
2027-05-18,P001,Wireless Mouse,33
2027-05-18,P001,Wireless Mouse,46
2027-05-18,P001,Wireless Mouse,60
2027-05-18,P001,Wireless Mouse,27
2027-05-18,P002,Bluetooth Speaker,28
2027-05-18,P002,Bluetooth Speaker,37
2027-05-18,P002,Bluetooth Speaker,55
2027-05-18,P002,Bluetooth Speaker,35
2027-05-18,P003,Office Chair,44
2027-05-18,P003,Office Chair,41
2027-05-18,P003,Office Chair,45
2027-05-18,P003,Office Chair,30
2027-05-18,P004,Notebook Pack,50
2027-05-18,P004,Notebook Pack,41
2027-05-18,P004,Notebook Pack,39
2027-05-18,P004,Notebook Pack,45
2027-05-18,P005,LED Desk Lamp,45
2027-05-18,P005,LED Desk Lamp,41
2027-05-18,P005,LED Desk Lamp,59
2027-05-18,P005,LED Desk Lamp,21
2027-05-18,P006,Running Shoes,52
2027-05-18,P006,Running Shoes,61
2027-05-18,P006,Running Shoes,47
2027-05-18,P006,Running Shoes,40
2027-05-18,P007,Yoga Mat,32
2027-05-18,P007,Yoga Mat,53
2027-05-18,P007,Yoga Mat,60
2027-05-18,P007,Yoga Mat,65
2027-05-18,P008,Coffee Maker,55
2027-05-18,P008,Coffee Maker,43
2027-05-18,P008,Coffee Maker,25
2027-05-18,P008,Coffee Maker,51
2027-05-19,P001,Wireless Mouse,54
2027-05-19,P001,Wireless Mouse,51
2027-05-19,P001,Wireless Mouse,47
2027-05-19,P001,Wireless Mouse,30
2027-05-19,P002,Bluetooth Speaker,13
2027-05-19,P002,Bluetooth Speaker,38
2027-05-19,P002,Bluetooth Speaker,50
2027-05-19,P002,Bluetooth Speaker,29
2027-05-19,P003,Office Chair,37
2027-05-19,P003,Office Chair,41
2027-05-19,P003,Office Chair,34
2027-05-19,P003,Office Chair,26
2027-05-19,P004,Notebook Pack,54
2027-05-19,P004,Notebook Pack,34
2027-05-19,P004,Notebook Pack,46
2027-05-19,P004,Notebook Pack,37
2027-05-19,P005,LED Desk Lamp,49
2027-05-19,P005,LED Desk Lamp,27
2027-05-19,P005,LED Desk Lamp,48
2027-05-19,P005,LED Desk Lamp,27
2027-05-19,P006,Running Shoes,44
2027-05-19,P006,Running Shoes,36
2027-05-19,P006,Running Shoes,33
2027-05-19,P006,Running Shoes,43
2027-05-19,P007,Yoga Mat,31
2027-05-19,P007,Yoga Mat,44
2027-05-19,P007,Yoga Mat,34
2027-05-19,P007,Yoga Mat,47
2027-05-19,P008,Coffee Maker,34
2027-05-19,P008,Coffee Maker,36
2027-05-19,P008,Coffee Maker,43
2027-05-19,P008,Coffee Maker,36
2027-05-20,P001,Wireless Mouse,30
2027-05-20,P001,Wireless Mouse,49
2027-05-20,P001,Wireless Mouse,42
2027-05-20,P001,Wireless Mouse,38
2027-05-20,P002,Bluetooth Speaker,24
2027-05-20,P002,Bluetooth Speaker,31
2027-05-20,P002,Bluetooth Speaker,57
2027-05-20,P002,Bluetooth Speaker,20
2027-05-20,P003,Office Chair,33
2027-05-20,P003,Office Chair,45
2027-05-20,P003,Office Chair,49
2027-05-20,P003,Office Chair,33
2027-05-20,P004,Notebook Pack,47
2027-05-20,P004,Notebook Pack,30
2027-05-20,P004,Notebook Pack,17
2027-05-20,P004,Notebook Pack,57
2027-05-20,P005,LED Desk Lamp,35
2027-05-20,P005,LED Desk Lamp,35
2027-05-20,P005,LED Desk Lamp,44
2027-05-20,P005,LED Desk Lamp,49
2027-05-20,P006,Running Shoes,50
2027-05-20,P006,Running Shoes,39
2027-05-20,P006,Running Shoes,49
2027-05-20,P006,Running Shoes,41
2027-05-20,P007,Yoga Mat,32
2027-05-20,P007,Yoga Mat,58
2027-05-20,P007,Yoga Mat,53
2027-05-20,P007,Yoga Mat,57
2027-05-20,P008,Coffee Maker,37
2027-05-20,P008,Coffee Maker,35
2027-05-20,P008,Coffee Maker,52
2027-05-20,P008,Coffee Maker,63
2027-05-21,P001,Wireless Mouse,53
2027-05-21,P001,Wireless Mouse,61
2027-05-21,P001,Wireless Mouse,54
2027-05-21,P001,Wireless Mouse,31
2027-05-21,P002,Bluetooth Speaker,28
2027-05-21,P002,Bluetooth Speaker,29
2027-05-21,P002,Bluetooth Speaker,64
2027-05-21,P002,Bluetooth Speaker,26
2027-05-21,P003,Office Chair,32
2027-05-21,P003,Office Chair,49
2027-05-21,P003,Office Chair,43
2027-05-21,P003,Office Chair,46
2027-05-21,P004,Notebook Pack,52
2027-05-21,P004,Notebook Pack,28
2027-05-21,P004,Notebook Pack,27
2027-05-21,P004,Notebook Pack,43
2027-05-21,P005,LED Desk Lamp,39
2027-05-21,P005,LED Desk Lamp,35
2027-05-21,P005,LED Desk Lamp,45
2027-05-21,P005,LED Desk Lamp,31
2027-05-21,P006,Running Shoes,44
2027-05-21,P006,Running Shoes,43
2027-05-21,P006,Running Shoes,39
2027-05-21,P006,Running Shoes,60
2027-05-21,P007,Yoga Mat,37
2027-05-21,P007,Yoga Mat,54
2027-05-21,P007,Yoga Mat,72
2027-05-21,P007,Yoga Mat,52
2027-05-21,P008,Coffee Maker,48
2027-05-21,P008,Coffee Maker,44
2027-05-21,P008,Coffee Maker,40
2027-05-21,P008,Coffee Maker,51
2027-05-22,P001,Wireless Mouse,52
2027-05-22,P001,Wireless Mouse,59
2027-05-22,P001,Wireless Mouse,47
2027-05-22,P001,Wireless Mouse,38
2027-05-22,P002,Bluetooth Speaker,39
2027-05-22,P002,Bluetooth Speaker,35
2027-05-22,P002,Bluetooth Speaker,42
2027-05-22,P002,Bluetooth Speaker,23
2027-05-22,P003,Office Chair,54
2027-05-22,P003,Office Chair,42
2027-05-22,P003,Office Chair,56
2027-05-22,P003,Office Chair,25
2027-05-22,P004,Notebook Pack,51
2027-05-22,P004,Notebook Pack,26
2027-05-22,P004,Notebook Pack,44
2027-05-22,P004,Notebook Pack,43
2027-05-22,P005,LED Desk Lamp,36
2027-05-22,P005,LED Desk Lamp,35
2027-05-22,P005,LED Desk Lamp,55
2027-05-22,P005,LED Desk Lamp,39
2027-05-22,P006,Running Shoes,55
2027-05-22,P006,Running Shoes,54
2027-05-22,P006,Running Shoes,35
2027-05-22,P006,Running Shoes,46
2027-05-22,P007,Yoga Mat,36
2027-05-22,P007,Yoga Mat,66
2027-05-22,P007,Yoga Mat,52
2027-05-22,P007,Yoga Mat,56
2027-05-22,P008,Coffee Maker,27
2027-05-22,P008,Coffee Maker,39
2027-05-22,P008,Coffee Maker,69
2027-05-22,P008,Coffee Maker,40
2027-05-23,P001,Wireless Mouse,60
2027-05-23,P001,Wireless Mouse,51
2027-05-23,P001,Wireless Mouse,57
2027-05-23,P001,Wireless Mouse,19
2027-05-23,P002,Bluetooth Speaker,24
2027-05-23,P002,Bluetooth Speaker,31
2027-05-23,P002,Bluetooth Speaker,43
2027-05-23,P002,Bluetooth Speaker,26
2027-05-23,P003,Office Chair,38
2027-05-23,P003,Office Chair,45
2027-05-23,P003,Office Chair,39
2027-05-23,P003,Office Chair,43
2027-05-23,P004,Notebook Pack,44
2027-05-23,P004,Notebook Pack,36
2027-05-23,P004,Notebook Pack,57
2027-05-23,P004,Notebook Pack,33
2027-05-23,P005,LED Desk Lamp,46
2027-05-23,P005,LED Desk Lamp,38
2027-05-23,P005,LED Desk Lamp,37
2027-05-23,P005,LED Desk Lamp,47
2027-05-23,P006,Running Shoes,57
2027-05-23,P006,Running Shoes,41
2027-05-23,P006,Running Shoes,37
2027-05-23,P006,Running Shoes,35
2027-05-23,P007,Yoga Mat,40
2027-05-23,P007,Yoga Mat,43
2027-05-23,P007,Yoga Mat,50
2027-05-23,P007,Yoga Mat,61
2027-05-23,P008,Coffee Maker,45
2027-05-23,P008,Coffee Maker,37
2027-05-23,P008,Coffee Maker,55
2027-05-23,P008,Coffee Maker,59
2027-05-24,P001,Wireless Mouse,39
2027-05-24,P001,Wireless Mouse,45
2027-05-24,P001,Wireless Mouse,52
2027-05-24,P001,Wireless Mouse,44
2027-05-24,P002,Bluetooth Speaker,32
2027-05-24,P002,Bluetooth Speaker,46
2027-05-24,P002,Bluetooth Speaker,43
2027-05-24,P002,Bluetooth Speaker,31
2027-05-24,P003,Office Chair,37
2027-05-24,P003,Office Chair,33
2027-05-24,P003,Office Chair,40
2027-05-24,P003,Office Chair,17
2027-05-24,P004,Notebook Pack,55
2027-05-24,P004,Notebook Pack,38
2027-05-24,P004,Notebook Pack,28
2027-05-24,P004,Notebook Pack,50
2027-05-24,P005,LED Desk Lamp,54
2027-05-24,P005,LED Desk Lamp,26
2027-05-24,P005,LED Desk Lamp,47
2027-05-24,P005,LED Desk Lamp,55
2027-05-24,P006,Running Shoes,45
2027-05-24,P006,Running Shoes,48
2027-05-24,P006,Running Shoes,47
2027-05-24,P006,Running Shoes,37
2027-05-24,P007,Yoga Mat,50
2027-05-24,P007,Yoga Mat,47
2027-05-24,P007,Yoga Mat,57
2027-05-24,P007,Yoga Mat,63
2027-05-24,P008,Coffee Maker,36
2027-05-24,P008,Coffee Maker,34
2027-05-24,P008,Coffee Maker,51
2027-05-24,P008,Coffee Maker,53
2027-05-25,P001,Wireless Mouse,33
2027-05-25,P001,Wireless Mouse,46
2027-05-25,P001,Wireless Mouse,60
2027-05-25,P001,Wireless Mouse,27
2027-05-25,P002,Bluetooth Speaker,28
2027-05-25,P002,Bluetooth Speaker,37
2027-05-25,P002,Bluetooth Speaker,56
2027-05-25,P002,Bluetooth Speaker,34
2027-05-25,P003,Office Chair,44
2027-05-25,P003,Office Chair,41
2027-05-25,P003,Office Chair,45
2027-05-25,P003,Office Chair,30
2027-05-25,P004,Notebook Pack,50
2027-05-25,P004,Notebook Pack,41
2027-05-25,P004,Notebook Pack,39
2027-05-25,P004,Notebook Pack,44
2027-05-25,P005,LED Desk Lamp,45
2027-05-25,P005,LED Desk Lamp,41
2027-05-25,P005,LED Desk Lamp,59
2027-05-25,P005,LED Desk Lamp,21
2027-05-25,P006,Running Shoes,52
2027-05-25,P006,Running Shoes,60
2027-05-25,P006,Running Shoes,47
2027-05-25,P006,Running Shoes,40
2027-05-25,P007,Yoga Mat,32
2027-05-25,P007,Yoga Mat,53
2027-05-25,P007,Yoga Mat,60
2027-05-25,P007,Yoga Mat,65
2027-05-25,P008,Coffee Maker,55
2027-05-25,P008,Coffee Maker,42
2027-05-25,P008,Coffee Maker,24
2027-05-25,P008,Coffee Maker,51
2027-05-26,P001,Wireless Mouse,54
2027-05-26,P001,Wireless Mouse,52
2027-05-26,P001,Wireless Mouse,47
2027-05-26,P001,Wireless Mouse,30
2027-05-26,P002,Bluetooth Speaker,13
2027-05-26,P002,Bluetooth Speaker,38
2027-05-26,P002,Bluetooth Speaker,51
2027-05-26,P002,Bluetooth Speaker,29
2027-05-26,P003,Office Chair,37
2027-05-26,P003,Office Chair,41
2027-05-26,P003,Office Chair,34
2027-05-26,P003,Office Chair,26
2027-05-26,P004,Notebook Pack,54
2027-05-26,P004,Notebook Pack,34
2027-05-26,P004,Notebook Pack,46
2027-05-26,P004,Notebook Pack,37
2027-05-26,P005,LED Desk Lamp,49
2027-05-26,P005,LED Desk Lamp,27
2027-05-26,P005,LED Desk Lamp,48
2027-05-26,P005,LED Desk Lamp,27
2027-05-26,P006,Running Shoes,44
2027-05-26,P006,Running Shoes,36
2027-05-26,P006,Running Shoes,33
2027-05-26,P006,Running Shoes,43
2027-05-26,P007,Yoga Mat,31
2027-05-26,P007,Yoga Mat,44
2027-05-26,P007,Yoga Mat,34
2027-05-26,P007,Yoga Mat,47
2027-05-26,P008,Coffee Maker,34
2027-05-26,P008,Coffee Maker,35
2027-05-26,P008,Coffee Maker,43
2027-05-26,P008,Coffee Maker,36
2027-05-27,P001,Wireless Mouse,30
2027-05-27,P001,Wireless Mouse,49
2027-05-27,P001,Wireless Mouse,42
2027-05-27,P001,Wireless Mouse,38
2027-05-27,P002,Bluetooth Speaker,24
2027-05-27,P002,Bluetooth Speaker,30
2027-05-27,P002,Bluetooth Speaker,57
2027-05-27,P002,Bluetooth Speaker,20
2027-05-27,P003,Office Chair,33
2027-05-27,P003,Office Chair,45
2027-05-27,P003,Office Chair,49
2027-05-27,P003,Office Chair,33
2027-05-27,P004,Notebook Pack,47
2027-05-27,P004,Notebook Pack,30
2027-05-27,P004,Notebook Pack,17
2027-05-27,P004,Notebook Pack,56
2027-05-27,P005,LED Desk Lamp,35
2027-05-27,P005,LED Desk Lamp,35
2027-05-27,P005,LED Desk Lamp,44
2027-05-27,P005,LED Desk Lamp,49
2027-05-27,P006,Running Shoes,50
2027-05-27,P006,Running Shoes,39
2027-05-27,P006,Running Shoes,49
2027-05-27,P006,Running Shoes,41
2027-05-27,P007,Yoga Mat,32
2027-05-27,P007,Yoga Mat,58
2027-05-27,P007,Yoga Mat,53
2027-05-27,P007,Yoga Mat,57
2027-05-27,P008,Coffee Maker,37
2027-05-27,P008,Coffee Maker,35
2027-05-27,P008,Coffee Maker,52
2027-05-27,P008,Coffee Maker,63
2027-05-28,P001,Wireless Mouse,53
2027-05-28,P001,Wireless Mouse,61
2027-05-28,P001,Wireless Mouse,54
2027-05-28,P001,Wireless Mouse,31
2027-05-28,P002,Bluetooth Speaker,28
2027-05-28,P002,Bluetooth Speaker,29
2027-05-28,P002,Bluetooth Speaker,65
2027-05-28,P002,Bluetooth Speaker,26
2027-05-28,P003,Office Chair,32
2027-05-28,P003,Office Chair,48
2027-05-28,P003,Office Chair,43
2027-05-28,P003,Office Chair,46
2027-05-28,P004,Notebook Pack,52
2027-05-28,P004,Notebook Pack,28
2027-05-28,P004,Notebook Pack,27
2027-05-28,P004,Notebook Pack,43
2027-05-28,P005,LED Desk Lamp,39
2027-05-28,P005,LED Desk Lamp,35
2027-05-28,P005,LED Desk Lamp,45
2027-05-28,P005,LED Desk Lamp,31
2027-05-28,P006,Running Shoes,44
2027-05-28,P006,Running Shoes,43
2027-05-28,P006,Running Shoes,39
2027-05-28,P006,Running Shoes,60
2027-05-28,P007,Yoga Mat,37
2027-05-28,P007,Yoga Mat,54
2027-05-28,P007,Yoga Mat,72
2027-05-28,P007,Yoga Mat,52
2027-05-28,P008,Coffee Maker,48
2027-05-28,P008,Coffee Maker,44
2027-05-28,P008,Coffee Maker,40
2027-05-28,P008,Coffee Maker,51
2027-05-29,P001,Wireless Mouse,52
2027-05-29,P001,Wireless Mouse,59
2027-05-29,P001,Wireless Mouse,47
2027-05-29,P001,Wireless Mouse,38
2027-05-29,P002,Bluetooth Speaker,39
2027-05-29,P002,Bluetooth Speaker,35
2027-05-29,P002,Bluetooth Speaker,42
2027-05-29,P002,Bluetooth Speaker,23
2027-05-29,P003,Office Chair,54
2027-05-29,P003,Office Chair,42
2027-05-29,P003,Office Chair,56
2027-05-29,P003,Office Chair,25
2027-05-29,P004,Notebook Pack,52
2027-05-29,P004,Notebook Pack,26
2027-05-29,P004,Notebook Pack,44
2027-05-29,P004,Notebook Pack,42
2027-05-29,P005,LED Desk Lamp,36
2027-05-29,P005,LED Desk Lamp,35
2027-05-29,P005,LED Desk Lamp,55
2027-05-29,P005,LED Desk Lamp,38
2027-05-29,P006,Running Shoes,55
2027-05-29,P006,Running Shoes,54
2027-05-29,P006,Running Shoes,35
2027-05-29,P006,Running Shoes,46
2027-05-29,P007,Yoga Mat,36
2027-05-29,P007,Yoga Mat,66
2027-05-29,P007,Yoga Mat,52
2027-05-29,P007,Yoga Mat,56
2027-05-29,P008,Coffee Maker,27
2027-05-29,P008,Coffee Maker,39
2027-05-29,P008,Coffee Maker,69
2027-05-29,P008,Coffee Maker,40
2027-05-30,P001,Wireless Mouse,60
2027-05-30,P001,Wireless Mouse,51
2027-05-30,P001,Wireless Mouse,57
2027-05-30,P001,Wireless Mouse,19
2027-05-30,P002,Bluetooth Speaker,24
2027-05-30,P002,Bluetooth Speaker,31
2027-05-30,P002,Bluetooth Speaker,43
2027-05-30,P002,Bluetooth Speaker,26
2027-05-30,P003,Office Chair,38
2027-05-30,P003,Office Chair,45
2027-05-30,P003,Office Chair,39
2027-05-30,P003,Office Chair,43
2027-05-30,P004,Notebook Pack,44
2027-05-30,P004,Notebook Pack,36
2027-05-30,P004,Notebook Pack,57
2027-05-30,P004,Notebook Pack,33
2027-05-30,P005,LED Desk Lamp,46
2027-05-30,P005,LED Desk Lamp,38
2027-05-30,P005,LED Desk Lamp,37
2027-05-30,P005,LED Desk Lamp,47
2027-05-30,P006,Running Shoes,57
2027-05-30,P006,Running Shoes,41
2027-05-30,P006,Running Shoes,37
2027-05-30,P006,Running Shoes,36
2027-05-30,P007,Yoga Mat,40
2027-05-30,P007,Yoga Mat,43
2027-05-30,P007,Yoga Mat,50
2027-05-30,P007,Yoga Mat,61
2027-05-30,P008,Coffee Maker,45
2027-05-30,P008,Coffee Maker,37
2027-05-30,P008,Coffee Maker,55
2027-05-30,P008,Coffee Maker,59
2027-05-31,P001,Wireless Mouse,39
2027-05-31,P001,Wireless Mouse,45
2027-05-31,P001,Wireless Mouse,52
2027-05-31,P001,Wireless Mouse,44
2027-05-31,P002,Bluetooth Speaker,32
2027-05-31,P002,Bluetooth Speaker,45
2027-05-31,P002,Bluetooth Speaker,43
2027-05-31,P002,Bluetooth Speaker,31
2027-05-31,P003,Office Chair,36
2027-05-31,P003,Office Chair,33
2027-05-31,P003,Office Chair,40
2027-05-31,P003,Office Chair,17
2027-05-31,P004,Notebook Pack,55
2027-05-31,P004,Notebook Pack,38
2027-05-31,P004,Notebook Pack,28
2027-05-31,P004,Notebook Pack,50
2027-05-31,P005,LED Desk Lamp,53
2027-05-31,P005,LED Desk Lamp,26
2027-05-31,P005,LED Desk Lamp,47
2027-05-31,P005,LED Desk Lamp,55
2027-05-31,P006,Running Shoes,45
2027-05-31,P006,Running Shoes,48
2027-05-31,P006,Running Shoes,47
2027-05-31,P006,Running Shoes,37
2027-05-31,P007,Yoga Mat,50
2027-05-31,P007,Yoga Mat,47
2027-05-31,P007,Yoga Mat,57
2027-05-31,P007,Yoga Mat,64
2027-05-31,P008,Coffee Maker,36
2027-05-31,P008,Coffee Maker,34
2027-05-31,P008,Coffee Maker,51
2027-05-31,P008,Coffee Maker,53
2027-06-01,P001,Wireless Mouse,33
2027-06-01,P001,Wireless Mouse,46
2027-06-01,P001,Wireless Mouse,60
2027-06-01,P001,Wireless Mouse,27
2027-06-01,P002,Bluetooth Speaker,28
2027-06-01,P002,Bluetooth Speaker,37
2027-06-01,P002,Bluetooth Speaker,56
2027-06-01,P002,Bluetooth Speaker,34
2027-06-01,P003,Office Chair,44
2027-06-01,P003,Office Chair,41
2027-06-01,P003,Office Chair,45
2027-06-01,P003,Office Chair,30
2027-06-01,P004,Notebook Pack,51
2027-06-01,P004,Notebook Pack,41
2027-06-01,P004,Notebook Pack,39
2027-06-01,P004,Notebook Pack,44
2027-06-01,P005,LED Desk Lamp,45
2027-06-01,P005,LED Desk Lamp,41
2027-06-01,P005,LED Desk Lamp,59
2027-06-01,P005,LED Desk Lamp,21
2027-06-01,P006,Running Shoes,52
2027-06-01,P006,Running Shoes,60
2027-06-01,P006,Running Shoes,47
2027-06-01,P006,Running Shoes,40
2027-06-01,P007,Yoga Mat,32
2027-06-01,P007,Yoga Mat,53
2027-06-01,P007,Yoga Mat,60
2027-06-01,P007,Yoga Mat,65
2027-06-01,P008,Coffee Maker,55
2027-06-01,P008,Coffee Maker,42
2027-06-01,P008,Coffee Maker,24
2027-06-01,P008,Coffee Maker,51
2027-06-02,P001,Wireless Mouse,54
2027-06-02,P001,Wireless Mouse,52
2027-06-02,P001,Wireless Mouse,47
2027-06-02,P001,Wireless Mouse,30
2027-06-02,P002,Bluetooth Speaker,13
2027-06-02,P002,Bluetooth Speaker,38
2027-06-02,P002,Bluetooth Speaker,51
2027-06-02,P002,Bluetooth Speaker,29
2027-06-02,P003,Office Chair,37
2027-06-02,P003,Office Chair,41
2027-06-02,P003,Office Chair,34
2027-06-02,P003,Office Chair,26
2027-06-02,P004,Notebook Pack,54
2027-06-02,P004,Notebook Pack,34
2027-06-02,P004,Notebook Pack,46
2027-06-02,P004,Notebook Pack,36
2027-06-02,P005,LED Desk Lamp,49
2027-06-02,P005,LED Desk Lamp,27
2027-06-02,P005,LED Desk Lamp,48
2027-06-02,P005,LED Desk Lamp,27
2027-06-02,P006,Running Shoes,44
2027-06-02,P006,Running Shoes,36
2027-06-02,P006,Running Shoes,33
2027-06-02,P006,Running Shoes,43
2027-06-02,P007,Yoga Mat,31
2027-06-02,P007,Yoga Mat,44
2027-06-02,P007,Yoga Mat,34
2027-06-02,P007,Yoga Mat,47
2027-06-02,P008,Coffee Maker,34
2027-06-02,P008,Coffee Maker,35
2027-06-02,P008,Coffee Maker,43
2027-06-02,P008,Coffee Maker,36
2027-06-03,P001,Wireless Mouse,30
2027-06-03,P001,Wireless Mouse,50
2027-06-03,P001,Wireless Mouse,42
2027-06-03,P001,Wireless Mouse,38
2027-06-03,P002,Bluetooth Speaker,24
2027-06-03,P002,Bluetooth Speaker,30
2027-06-03,P002,Bluetooth Speaker,57
2027-06-03,P002,Bluetooth Speaker,20
2027-06-03,P003,Office Chair,33
2027-06-03,P003,Office Chair,45
2027-06-03,P003,Office Chair,49
2027-06-03,P003,Office Chair,33
2027-06-03,P004,Notebook Pack,48
2027-06-03,P004,Notebook Pack,30
2027-06-03,P004,Notebook Pack,17
2027-06-03,P004,Notebook Pack,56
2027-06-03,P005,LED Desk Lamp,34
2027-06-03,P005,LED Desk Lamp,34
2027-06-03,P005,LED Desk Lamp,44
2027-06-03,P005,LED Desk Lamp,49
2027-06-03,P006,Running Shoes,50
2027-06-03,P006,Running Shoes,39
2027-06-03,P006,Running Shoes,49
2027-06-03,P006,Running Shoes,41
2027-06-03,P007,Yoga Mat,32
2027-06-03,P007,Yoga Mat,58
2027-06-03,P007,Yoga Mat,53
2027-06-03,P007,Yoga Mat,58
2027-06-03,P008,Coffee Maker,37
2027-06-03,P008,Coffee Maker,35
2027-06-03,P008,Coffee Maker,52
2027-06-03,P008,Coffee Maker,63
2027-06-04,P001,Wireless Mouse,53
2027-06-04,P001,Wireless Mouse,61
2027-06-04,P001,Wireless Mouse,54
2027-06-04,P001,Wireless Mouse,30
2027-06-04,P002,Bluetooth Speaker,27
2027-06-04,P002,Bluetooth Speaker,29
2027-06-04,P002,Bluetooth Speaker,65
2027-06-04,P002,Bluetooth Speaker,26
2027-06-04,P003,Office Chair,32
2027-06-04,P003,Office Chair,48
2027-06-04,P003,Office Chair,43
2027-06-04,P003,Office Chair,46
2027-06-04,P004,Notebook Pack,52
2027-06-04,P004,Notebook Pack,28
2027-06-04,P004,Notebook Pack,26
2027-06-04,P004,Notebook Pack,43
2027-06-04,P005,LED Desk Lamp,39
2027-06-04,P005,LED Desk Lamp,34
2027-06-04,P005,LED Desk Lamp,45
2027-06-04,P005,LED Desk Lamp,31
2027-06-04,P006,Running Shoes,44
2027-06-04,P006,Running Shoes,43
2027-06-04,P006,Running Shoes,39
2027-06-04,P006,Running Shoes,60
2027-06-04,P007,Yoga Mat,37
2027-06-04,P007,Yoga Mat,54
2027-06-04,P007,Yoga Mat,72
2027-06-04,P007,Yoga Mat,52
2027-06-04,P008,Coffee Maker,48
2027-06-04,P008,Coffee Maker,44
2027-06-04,P008,Coffee Maker,39
2027-06-04,P008,Coffee Maker,51
2027-06-05,P001,Wireless Mouse,52
2027-06-05,P001,Wireless Mouse,59
2027-06-05,P001,Wireless Mouse,47
2027-06-05,P001,Wireless Mouse,38
2027-06-05,P002,Bluetooth Speaker,39
2027-06-05,P002,Bluetooth Speaker,35
2027-06-05,P002,Bluetooth Speaker,42
2027-06-05,P002,Bluetooth Speaker,23
2027-06-05,P003,Office Chair,54
2027-06-05,P003,Office Chair,41
2027-06-05,P003,Office Chair,56
2027-06-05,P003,Office Chair,25
2027-06-05,P004,Notebook Pack,52
2027-06-05,P004,Notebook Pack,26
2027-06-05,P004,Notebook Pack,44
2027-06-05,P004,Notebook Pack,42
2027-06-05,P005,LED Desk Lamp,36
2027-06-05,P005,LED Desk Lamp,35
2027-06-05,P005,LED Desk Lamp,55
2027-06-05,P005,LED Desk Lamp,38
2027-06-05,P006,Running Shoes,55
2027-06-05,P006,Running Shoes,54
2027-06-05,P006,Running Shoes,35
2027-06-05,P006,Running Shoes,46
2027-06-05,P007,Yoga Mat,36
2027-06-05,P007,Yoga Mat,66
2027-06-05,P007,Yoga Mat,53
2027-06-05,P007,Yoga Mat,57
2027-06-05,P008,Coffee Maker,27
2027-06-05,P008,Coffee Maker,39
2027-06-05,P008,Coffee Maker,68
2027-06-05,P008,Coffee Maker,40
2027-06-06,P001,Wireless Mouse,60
2027-06-06,P001,Wireless Mouse,51
2027-06-06,P001,Wireless Mouse,57
2027-06-06,P001,Wireless Mouse,19
2027-06-06,P002,Bluetooth Speaker,24
2027-06-06,P002,Bluetooth Speaker,31
2027-06-06,P002,Bluetooth Speaker,43
2027-06-06,P002,Bluetooth Speaker,26
2027-06-06,P003,Office Chair,37
2027-06-06,P003,Office Chair,45
2027-06-06,P003,Office Chair,39
2027-06-06,P003,Office Chair,43
2027-06-06,P004,Notebook Pack,44
2027-06-06,P004,Notebook Pack,36
2027-06-06,P004,Notebook Pack,57
2027-06-06,P004,Notebook Pack,33
2027-06-06,P005,LED Desk Lamp,46
2027-06-06,P005,LED Desk Lamp,38
2027-06-06,P005,LED Desk Lamp,37
2027-06-06,P005,LED Desk Lamp,47
2027-06-06,P006,Running Shoes,57
2027-06-06,P006,Running Shoes,41
2027-06-06,P006,Running Shoes,37
2027-06-06,P006,Running Shoes,36
2027-06-06,P007,Yoga Mat,40
2027-06-06,P007,Yoga Mat,43
2027-06-06,P007,Yoga Mat,51
2027-06-06,P007,Yoga Mat,61
2027-06-06,P008,Coffee Maker,45
2027-06-06,P008,Coffee Maker,37
2027-06-06,P008,Coffee Maker,55
2027-06-06,P008,Coffee Maker,60
2027-06-07,P001,Wireless Mouse,39
2027-06-07,P001,Wireless Mouse,45
2027-06-07,P001,Wireless Mouse,52
2027-06-07,P001,Wireless Mouse,44
2027-06-07,P002,Bluetooth Speaker,32
2027-06-07,P002,Bluetooth Speaker,45
2027-06-07,P002,Bluetooth Speaker,43
2027-06-07,P002,Bluetooth Speaker,31
2027-06-07,P003,Office Chair,36
2027-06-07,P003,Office Chair,33
2027-06-07,P003,Office Chair,40
2027-06-07,P003,Office Chair,17
2027-06-07,P004,Notebook Pack,56
2027-06-07,P004,Notebook Pack,38
2027-06-07,P004,Notebook Pack,28
2027-06-07,P004,Notebook Pack,50
2027-06-07,P005,LED Desk Lamp,53
2027-06-07,P005,LED Desk Lamp,25
2027-06-07,P005,LED Desk Lamp,47
2027-06-07,P005,LED Desk Lamp,55
2027-06-07,P006,Running Shoes,45
2027-06-07,P006,Running Shoes,48
2027-06-07,P006,Running Shoes,47
2027-06-07,P006,Running Shoes,37
2027-06-07,P007,Yoga Mat,50
2027-06-07,P007,Yoga Mat,47
2027-06-07,P007,Yoga Mat,57
2027-06-07,P007,Yoga Mat,64
2027-06-07,P008,Coffee Maker,36
2027-06-07,P008,Coffee Maker,34
2027-06-07,P008,Coffee Maker,50
2027-06-07,P008,Coffee Maker,53
2027-06-08,P001,Wireless Mouse,33
2027-06-08,P001,Wireless Mouse,46
2027-06-08,P001,Wireless Mouse,60
2027-06-08,P001,Wireless Mouse,27
2027-06-08,P002,Bluetooth Speaker,28
2027-06-08,P002,Bluetooth Speaker,37
2027-06-08,P002,Bluetooth Speaker,56
2027-06-08,P002,Bluetooth Speaker,34
2027-06-08,P003,Office Chair,44
2027-06-08,P003,Office Chair,40
2027-06-08,P003,Office Chair,45
2027-06-08,P003,Office Chair,30
2027-06-08,P004,Notebook Pack,51
2027-06-08,P004,Notebook Pack,41
2027-06-08,P004,Notebook Pack,39
2027-06-08,P004,Notebook Pack,44
2027-06-08,P005,LED Desk Lamp,44
2027-06-08,P005,LED Desk Lamp,41
2027-06-08,P005,LED Desk Lamp,59
2027-06-08,P005,LED Desk Lamp,21
2027-06-08,P006,Running Shoes,52
2027-06-08,P006,Running Shoes,60
2027-06-08,P006,Running Shoes,47
2027-06-08,P006,Running Shoes,40
2027-06-08,P007,Yoga Mat,32
2027-06-08,P007,Yoga Mat,54
2027-06-08,P007,Yoga Mat,60
2027-06-08,P007,Yoga Mat,66
2027-06-08,P008,Coffee Maker,55
2027-06-08,P008,Coffee Maker,42
2027-06-08,P008,Coffee Maker,24
2027-06-08,P008,Coffee Maker,51
2027-06-09,P001,Wireless Mouse,54
2027-06-09,P001,Wireless Mouse,52
2027-06-09,P001,Wireless Mouse,47
2027-06-09,P001,Wireless Mouse,30
2027-06-09,P002,Bluetooth Speaker,13
2027-06-09,P002,Bluetooth Speaker,38
2027-06-09,P002,Bluetooth Speaker,51
2027-06-09,P002,Bluetooth Speaker,29
2027-06-09,P003,Office Chair,37
2027-06-09,P003,Office Chair,41
2027-06-09,P003,Office Chair,34
2027-06-09,P003,Office Chair,26
2027-06-09,P004,Notebook Pack,54
2027-06-09,P004,Notebook Pack,34
2027-06-09,P004,Notebook Pack,46
2027-06-09,P004,Notebook Pack,36
2027-06-09,P005,LED Desk Lamp,48
2027-06-09,P005,LED Desk Lamp,27
2027-06-09,P005,LED Desk Lamp,48
2027-06-09,P005,LED Desk Lamp,27
2027-06-09,P006,Running Shoes,44
2027-06-09,P006,Running Shoes,36
2027-06-09,P006,Running Shoes,33
2027-06-09,P006,Running Shoes,43
2027-06-09,P007,Yoga Mat,31
2027-06-09,P007,Yoga Mat,44
2027-06-09,P007,Yoga Mat,34
2027-06-09,P007,Yoga Mat,47
2027-06-09,P008,Coffee Maker,34
2027-06-09,P008,Coffee Maker,35
2027-06-09,P008,Coffee Maker,43
2027-06-09,P008,Coffee Maker,36
2027-06-10,P001,Wireless Mouse,30
2027-06-10,P001,Wireless Mouse,50
2027-06-10,P001,Wireless Mouse,42
2027-06-10,P001,Wireless Mouse,38
2027-06-10,P002,Bluetooth Speaker,24
2027-06-10,P002,Bluetooth Speaker,30
2027-06-10,P002,Bluetooth Speaker,57
2027-06-10,P002,Bluetooth Speaker,20
2027-06-10,P003,Office Chair,33
2027-06-10,P003,Office Chair,45
2027-06-10,P003,Office Chair,49
2027-06-10,P003,Office Chair,33
2027-06-10,P004,Notebook Pack,48
2027-06-10,P004,Notebook Pack,30
2027-06-10,P004,Notebook Pack,17
2027-06-10,P004,Notebook Pack,56
2027-06-10,P005,LED Desk Lamp,34
2027-06-10,P005,LED Desk Lamp,34
2027-06-10,P005,LED Desk Lamp,44
2027-06-10,P005,LED Desk Lamp,49
2027-06-10,P006,Running Shoes,50
2027-06-10,P006,Running Shoes,39
2027-06-10,P006,Running Shoes,49
2027-06-10,P006,Running Shoes,41
2027-06-10,P007,Yoga Mat,32
2027-06-10,P007,Yoga Mat,58
2027-06-10,P007,Yoga Mat,53
2027-06-10,P007,Yoga Mat,58
2027-06-10,P008,Coffee Maker,37
2027-06-10,P008,Coffee Maker,35
2027-06-10,P008,Coffee Maker,52
2027-06-10,P008,Coffee Maker,63
2027-06-11,P001,Wireless Mouse,54
2027-06-11,P001,Wireless Mouse,61
2027-06-11,P001,Wireless Mouse,54
2027-06-11,P001,Wireless Mouse,30
2027-06-11,P002,Bluetooth Speaker,27
2027-06-11,P002,Bluetooth Speaker,29
2027-06-11,P002,Bluetooth Speaker,65
2027-06-11,P002,Bluetooth Speaker,26
2027-06-11,P003,Office Chair,32
2027-06-11,P003,Office Chair,48
2027-06-11,P003,Office Chair,43
2027-06-11,P003,Office Chair,46
2027-06-11,P004,Notebook Pack,52
2027-06-11,P004,Notebook Pack,28
2027-06-11,P004,Notebook Pack,26
2027-06-11,P004,Notebook Pack,43
2027-06-11,P005,LED Desk Lamp,39
2027-06-11,P005,LED Desk Lamp,34
2027-06-11,P005,LED Desk Lamp,45
2027-06-11,P005,LED Desk Lamp,31
2027-06-11,P006,Running Shoes,44
2027-06-11,P006,Running Shoes,43
2027-06-11,P006,Running Shoes,39
2027-06-11,P006,Running Shoes,60
2027-06-11,P007,Yoga Mat,37
2027-06-11,P007,Yoga Mat,54
2027-06-11,P007,Yoga Mat,72
2027-06-11,P007,Yoga Mat,52
2027-06-11,P008,Coffee Maker,48
2027-06-11,P008,Coffee Maker,43
2027-06-11,P008,Coffee Maker,39
2027-06-11,P008,Coffee Maker,51
2027-06-12,P001,Wireless Mouse,52
2027-06-12,P001,Wireless Mouse,60
2027-06-12,P001,Wireless Mouse,47
2027-06-12,P001,Wireless Mouse,37
2027-06-12,P002,Bluetooth Speaker,39
2027-06-12,P002,Bluetooth Speaker,35
2027-06-12,P002,Bluetooth Speaker,43
2027-06-12,P002,Bluetooth Speaker,23
2027-06-12,P003,Office Chair,53
2027-06-12,P003,Office Chair,41
2027-06-12,P003,Office Chair,56
2027-06-12,P003,Office Chair,25
2027-06-12,P004,Notebook Pack,52
2027-06-12,P004,Notebook Pack,26
2027-06-12,P004,Notebook Pack,44
2027-06-12,P004,Notebook Pack,42
2027-06-12,P005,LED Desk Lamp,36
2027-06-12,P005,LED Desk Lamp,35
2027-06-12,P005,LED Desk Lamp,55
2027-06-12,P005,LED Desk Lamp,38
2027-06-12,P006,Running Shoes,55
2027-06-12,P006,Running Shoes,54
2027-06-12,P006,Running Shoes,35
2027-06-12,P006,Running Shoes,46
2027-06-12,P007,Yoga Mat,36
2027-06-12,P007,Yoga Mat,66
2027-06-12,P007,Yoga Mat,53
2027-06-12,P007,Yoga Mat,57
2027-06-12,P008,Coffee Maker,27
2027-06-12,P008,Coffee Maker,39
2027-06-12,P008,Coffee Maker,68
2027-06-12,P008,Coffee Maker,40
2027-06-13,P001,Wireless Mouse,60
2027-06-13,P001,Wireless Mouse,51
2027-06-13,P001,Wireless Mouse,57
2027-06-13,P001,Wireless Mouse,19
2027-06-13,P002,Bluetooth Speaker,24
2027-06-13,P002,Bluetooth Speaker,31
2027-06-13,P002,Bluetooth Speaker,43
2027-06-13,P002,Bluetooth Speaker,26
2027-06-13,P003,Office Chair,37
2027-06-13,P003,Office Chair,45
2027-06-13,P003,Office Chair,39
2027-06-13,P003,Office Chair,43
2027-06-13,P004,Notebook Pack,44
2027-06-13,P004,Notebook Pack,36
2027-06-13,P004,Notebook Pack,57
2027-06-13,P004,Notebook Pack,33
2027-06-13,P005,LED Desk Lamp,46
2027-06-13,P005,LED Desk Lamp,38
2027-06-13,P005,LED Desk Lamp,37
2027-06-13,P005,LED Desk Lamp,46
2027-06-13,P006,Running Shoes,57
2027-06-13,P006,Running Shoes,41
2027-06-13,P006,Running Shoes,37
2027-06-13,P006,Running Shoes,36
2027-06-13,P007,Yoga Mat,40
2027-06-13,P007,Yoga Mat,43
2027-06-13,P007,Yoga Mat,51
2027-06-13,P007,Yoga Mat,61
2027-06-13,P008,Coffee Maker,45
2027-06-13,P008,Coffee Maker,37
2027-06-13,P008,Coffee Maker,55
2027-06-13,P008,Coffee Maker,60
2027-06-14,P001,Wireless Mouse,39
2027-06-14,P001,Wireless Mouse,46
2027-06-14,P001,Wireless Mouse,52
2027-06-14,P001,Wireless Mouse,43
2027-06-14,P002,Bluetooth Speaker,32
2027-06-14,P002,Bluetooth Speaker,45
2027-06-14,P002,Bluetooth Speaker,43
2027-06-14,P002,Bluetooth Speaker,31
2027-06-14,P003,Office Chair,36
2027-06-14,P003,Office Chair,33
2027-06-14,P003,Office Chair,40
2027-06-14,P003,Office Chair,17
2027-06-14,P004,Notebook Pack,56
2027-06-14,P004,Notebook Pack,38
2027-06-14,P004,Notebook Pack,28
2027-06-14,P004,Notebook Pack,50
2027-06-14,P005,LED Desk Lamp,53
2027-06-14,P005,LED Desk Lamp,25
2027-06-14,P005,LED Desk Lamp,47
2027-06-14,P005,LED Desk Lamp,54
2027-06-14,P006,Running Shoes,45
2027-06-14,P006,Running Shoes,48
2027-06-14,P006,Running Shoes,47
2027-06-14,P006,Running Shoes,37
2027-06-14,P007,Yoga Mat,50
2027-06-14,P007,Yoga Mat,47
2027-06-14,P007,Yoga Mat,57
2027-06-14,P007,Yoga Mat,64
2027-06-14,P008,Coffee Maker,36
2027-06-14,P008,Coffee Maker,34
2027-06-14,P008,Coffee Maker,50
2027-06-14,P008,Coffee Maker,54
2027-06-15,P001,Wireless Mouse,33
2027-06-15,P001,Wireless Mouse,46
2027-06-15,P001,Wireless Mouse,60
2027-06-15,P001,Wireless Mouse,27
2027-06-15,P002,Bluetooth Speaker,28
2027-06-15,P002,Bluetooth Speaker,37
2027-06-15,P002,Bluetooth Speaker,56
2027-06-15,P002,Bluetooth Speaker,34
2027-06-15,P003,Office Chair,43
2027-06-15,P003,Office Chair,40
2027-06-15,P003,Office Chair,46
2027-06-15,P003,Office Chair,29
2027-06-15,P004,Notebook Pack,51
2027-06-15,P004,Notebook Pack,41
2027-06-15,P004,Notebook Pack,39
2027-06-15,P004,Notebook Pack,44
2027-06-15,P005,LED Desk Lamp,44
2027-06-15,P005,LED Desk Lamp,41
2027-06-15,P005,LED Desk Lamp,59
2027-06-15,P005,LED Desk Lamp,21
2027-06-15,P006,Running Shoes,52
2027-06-15,P006,Running Shoes,60
2027-06-15,P006,Running Shoes,46
2027-06-15,P006,Running Shoes,40
2027-06-15,P007,Yoga Mat,32
2027-06-15,P007,Yoga Mat,54
2027-06-15,P007,Yoga Mat,60
2027-06-15,P007,Yoga Mat,66
2027-06-15,P008,Coffee Maker,55
2027-06-15,P008,Coffee Maker,42
2027-06-15,P008,Coffee Maker,24
2027-06-15,P008,Coffee Maker,52
2027-06-16,P001,Wireless Mouse,54
2027-06-16,P001,Wireless Mouse,52
2027-06-16,P001,Wireless Mouse,47
2027-06-16,P001,Wireless Mouse,30
2027-06-16,P002,Bluetooth Speaker,12
2027-06-16,P002,Bluetooth Speaker,38
2027-06-16,P002,Bluetooth Speaker,51
2027-06-16,P002,Bluetooth Speaker,28
2027-06-16,P003,Office Chair,37
2027-06-16,P003,Office Chair,41
2027-06-16,P003,Office Chair,34
2027-06-16,P003,Office Chair,25
2027-06-16,P004,Notebook Pack,54
2027-06-16,P004,Notebook Pack,34
2027-06-16,P004,Notebook Pack,46
2027-06-16,P004,Notebook Pack,36
2027-06-16,P005,LED Desk Lamp,48
2027-06-16,P005,LED Desk Lamp,27
2027-06-16,P005,LED Desk Lamp,48
2027-06-16,P005,LED Desk Lamp,27
2027-06-16,P006,Running Shoes,44
2027-06-16,P006,Running Shoes,36
2027-06-16,P006,Running Shoes,33
2027-06-16,P006,Running Shoes,43
2027-06-16,P007,Yoga Mat,31
2027-06-16,P007,Yoga Mat,44
2027-06-16,P007,Yoga Mat,35
2027-06-16,P007,Yoga Mat,47
2027-06-16,P008,Coffee Maker,34
2027-06-16,P008,Coffee Maker,35
2027-06-16,P008,Coffee Maker,43
2027-06-16,P008,Coffee Maker,36
2027-06-17,P001,Wireless Mouse,30
2027-06-17,P001,Wireless Mouse,50
2027-06-17,P001,Wireless Mouse,42
2027-06-17,P001,Wireless Mouse,37
2027-06-17,P002,Bluetooth Speaker,24
2027-06-17,P002,Bluetooth Speaker,30
2027-06-17,P002,Bluetooth Speaker,57
2027-06-17,P002,Bluetooth Speaker,20
2027-06-17,P003,Office Chair,33
2027-06-17,P003,Office Chair,45
2027-06-17,P003,Office Chair,49
2027-06-17,P003,Office Chair,33
2027-06-17,P004,Notebook Pack,48
2027-06-17,P004,Notebook Pack,30
2027-06-17,P004,Notebook Pack,17
2027-06-17,P004,Notebook Pack,56
2027-06-17,P005,LED Desk Lamp,34
2027-06-17,P005,LED Desk Lamp,34
2027-06-17,P005,LED Desk Lamp,44
2027-06-17,P005,LED Desk Lamp,49
2027-06-17,P006,Running Shoes,50
2027-06-17,P006,Running Shoes,39
2027-06-17,P006,Running Shoes,48
2027-06-17,P006,Running Shoes,41
2027-06-17,P007,Yoga Mat,33
2027-06-17,P007,Yoga Mat,58
2027-06-17,P007,Yoga Mat,53
2027-06-17,P007,Yoga Mat,58
2027-06-17,P008,Coffee Maker,37
2027-06-17,P008,Coffee Maker,34
2027-06-17,P008,Coffee Maker,51
2027-06-17,P008,Coffee Maker,63
2027-06-18,P001,Wireless Mouse,54
2027-06-18,P001,Wireless Mouse,61
2027-06-18,P001,Wireless Mouse,54
2027-06-18,P001,Wireless Mouse,30
2027-06-18,P002,Bluetooth Speaker,27
2027-06-18,P002,Bluetooth Speaker,29
2027-06-18,P002,Bluetooth Speaker,65
2027-06-18,P002,Bluetooth Speaker,26
2027-06-18,P003,Office Chair,32
2027-06-18,P003,Office Chair,48
2027-06-18,P003,Office Chair,43
2027-06-18,P003,Office Chair,45
2027-06-18,P004,Notebook Pack,52
2027-06-18,P004,Notebook Pack,28
2027-06-18,P004,Notebook Pack,26
2027-06-18,P004,Notebook Pack,43
2027-06-18,P005,LED Desk Lamp,39
2027-06-18,P005,LED Desk Lamp,34
2027-06-18,P005,LED Desk Lamp,45
2027-06-18,P005,LED Desk Lamp,31
2027-06-18,P006,Running Shoes,44
2027-06-18,P006,Running Shoes,43
2027-06-18,P006,Running Shoes,39
2027-06-18,P006,Running Shoes,60
2027-06-18,P007,Yoga Mat,37
2027-06-18,P007,Yoga Mat,54
2027-06-18,P007,Yoga Mat,72
2027-06-18,P007,Yoga Mat,52
2027-06-18,P008,Coffee Maker,49
2027-06-18,P008,Coffee Maker,43
2027-06-18,P008,Coffee Maker,39
2027-06-18,P008,Coffee Maker,52
2027-06-19,P001,Wireless Mouse,52
2027-06-19,P001,Wireless Mouse,60
2027-06-19,P001,Wireless Mouse,47
2027-06-19,P001,Wireless Mouse,37
2027-06-19,P002,Bluetooth Speaker,38
2027-06-19,P002,Bluetooth Speaker,35
2027-06-19,P002,Bluetooth Speaker,43
2027-06-19,P002,Bluetooth Speaker,23
2027-06-19,P003,Office Chair,53
2027-06-19,P003,Office Chair,41
2027-06-19,P003,Office Chair,56
2027-06-19,P003,Office Chair,25
2027-06-19,P004,Notebook Pack,52
2027-06-19,P004,Notebook Pack,25
2027-06-19,P004,Notebook Pack,44
2027-06-19,P004,Notebook Pack,42
2027-06-19,P005,LED Desk Lamp,36
2027-06-19,P005,LED Desk Lamp,35
2027-06-19,P005,LED Desk Lamp,55
2027-06-19,P005,LED Desk Lamp,38
2027-06-19,P006,Running Shoes,55
2027-06-19,P006,Running Shoes,53
2027-06-19,P006,Running Shoes,35
2027-06-19,P006,Running Shoes,46
2027-06-19,P007,Yoga Mat,36
2027-06-19,P007,Yoga Mat,66
2027-06-19,P007,Yoga Mat,53
2027-06-19,P007,Yoga Mat,57
2027-06-19,P008,Coffee Maker,27
2027-06-19,P008,Coffee Maker,39
2027-06-19,P008,Coffee Maker,68
2027-06-19,P008,Coffee Maker,40
2027-06-20,P001,Wireless Mouse,61
2027-06-20,P001,Wireless Mouse,51
2027-06-20,P001,Wireless Mouse,56
2027-06-20,P001,Wireless Mouse,19
2027-06-20,P002,Bluetooth Speaker,24
2027-06-20,P002,Bluetooth Speaker,31
2027-06-20,P002,Bluetooth Speaker,43
2027-06-20,P002,Bluetooth Speaker,26
2027-06-20,P003,Office Chair,37
2027-06-20,P003,Office Chair,44
2027-06-20,P003,Office Chair,39
2027-06-20,P003,Office Chair,43
2027-06-20,P004,Notebook Pack,44
2027-06-20,P004,Notebook Pack,36
2027-06-20,P004,Notebook Pack,57
2027-06-20,P004,Notebook Pack,33
2027-06-20,P005,LED Desk Lamp,45
2027-06-20,P005,LED Desk Lamp,38
2027-06-20,P005,LED Desk Lamp,37
2027-06-20,P005,LED Desk Lamp,46
2027-06-20,P006,Running Shoes,57
2027-06-20,P006,Running Shoes,41
2027-06-20,P006,Running Shoes,37
2027-06-20,P006,Running Shoes,36
2027-06-20,P007,Yoga Mat,40
2027-06-20,P007,Yoga Mat,43
2027-06-20,P007,Yoga Mat,51
2027-06-20,P007,Yoga Mat,61
2027-06-20,P008,Coffee Maker,45
2027-06-20,P008,Coffee Maker,37
2027-06-20,P008,Coffee Maker,55
2027-06-20,P008,Coffee Maker,60
2027-06-21,P001,Wireless Mouse,39
2027-06-21,P001,Wireless Mouse,46
2027-06-21,P001,Wireless Mouse,52
2027-06-21,P001,Wireless Mouse,43
2027-06-21,P002,Bluetooth Speaker,31
2027-06-21,P002,Bluetooth Speaker,45
2027-06-21,P002,Bluetooth Speaker,43
2027-06-21,P002,Bluetooth Speaker,31
2027-06-21,P003,Office Chair,36
2027-06-21,P003,Office Chair,33
2027-06-21,P003,Office Chair,40
2027-06-21,P003,Office Chair,17
2027-06-21,P004,Notebook Pack,56
2027-06-21,P004,Notebook Pack,38
2027-06-21,P004,Notebook Pack,28
2027-06-21,P004,Notebook Pack,50
2027-06-21,P005,LED Desk Lamp,53
2027-06-21,P005,LED Desk Lamp,25
2027-06-21,P005,LED Desk Lamp,47
2027-06-21,P005,LED Desk Lamp,54
2027-06-21,P006,Running Shoes,45
2027-06-21,P006,Running Shoes,48
2027-06-21,P006,Running Shoes,47
2027-06-21,P006,Running Shoes,38
2027-06-21,P007,Yoga Mat,50
2027-06-21,P007,Yoga Mat,47
2027-06-21,P007,Yoga Mat,57
2027-06-21,P007,Yoga Mat,64
2027-06-21,P008,Coffee Maker,36
2027-06-21,P008,Coffee Maker,34
2027-06-21,P008,Coffee Maker,50
2027-06-21,P008,Coffee Maker,54
2027-06-22,P001,Wireless Mouse,33
2027-06-22,P001,Wireless Mouse,46
2027-06-22,P001,Wireless Mouse,59
2027-06-22,P001,Wireless Mouse,27
2027-06-22,P002,Bluetooth Speaker,28
2027-06-22,P002,Bluetooth Speaker,36
2027-06-22,P002,Bluetooth Speaker,56
2027-06-22,P002,Bluetooth Speaker,34
2027-06-22,P003,Office Chair,43
2027-06-22,P003,Office Chair,40
2027-06-22,P003,Office Chair,46
2027-06-22,P003,Office Chair,29
2027-06-22,P004,Notebook Pack,51
2027-06-22,P004,Notebook Pack,41
2027-06-22,P004,Notebook Pack,39
2027-06-22,P004,Notebook Pack,44
2027-06-22,P005,LED Desk Lamp,44
2027-06-22,P005,LED Desk Lamp,41
2027-06-22,P005,LED Desk Lamp,59
2027-06-22,P005,LED Desk Lamp,21
2027-06-22,P006,Running Shoes,52
2027-06-22,P006,Running Shoes,60
2027-06-22,P006,Running Shoes,46
2027-06-22,P006,Running Shoes,40
2027-06-22,P007,Yoga Mat,32
2027-06-22,P007,Yoga Mat,54
2027-06-22,P007,Yoga Mat,60
2027-06-22,P007,Yoga Mat,66
2027-06-22,P008,Coffee Maker,55
2027-06-22,P008,Coffee Maker,42
2027-06-22,P008,Coffee Maker,24
2027-06-22,P008,Coffee Maker,52
2027-06-23,P001,Wireless Mouse,54
2027-06-23,P001,Wireless Mouse,52
2027-06-23,P001,Wireless Mouse,47
2027-06-23,P001,Wireless Mouse,30
2027-06-23,P002,Bluetooth Speaker,12
2027-06-23,P002,Bluetooth Speaker,38
2027-06-23,P002,Bluetooth Speaker,51
2027-06-23,P002,Bluetooth Speaker,28
2027-06-23,P003,Office Chair,37
2027-06-23,P003,Office Chair,41
2027-06-23,P003,Office Chair,34
2027-06-23,P003,Office Chair,25
2027-06-23,P004,Notebook Pack,54
2027-06-23,P004,Notebook Pack,34
2027-06-23,P004,Notebook Pack,46
2027-06-23,P004,Notebook Pack,36
2027-06-23,P005,LED Desk Lamp,48
2027-06-23,P005,LED Desk Lamp,26
2027-06-23,P005,LED Desk Lamp,48
2027-06-23,P005,LED Desk Lamp,27
2027-06-23,P006,Running Shoes,44
2027-06-23,P006,Running Shoes,36
2027-06-23,P006,Running Shoes,33
2027-06-23,P006,Running Shoes,43
2027-06-23,P007,Yoga Mat,31
2027-06-23,P007,Yoga Mat,44
2027-06-23,P007,Yoga Mat,35
2027-06-23,P007,Yoga Mat,47
2027-06-23,P008,Coffee Maker,34
2027-06-23,P008,Coffee Maker,35
2027-06-23,P008,Coffee Maker,42
2027-06-23,P008,Coffee Maker,36
2027-06-24,P001,Wireless Mouse,30
2027-06-24,P001,Wireless Mouse,50
2027-06-24,P001,Wireless Mouse,42
2027-06-24,P001,Wireless Mouse,37
2027-06-24,P002,Bluetooth Speaker,24
2027-06-24,P002,Bluetooth Speaker,30
2027-06-24,P002,Bluetooth Speaker,58
2027-06-24,P002,Bluetooth Speaker,19
2027-06-24,P003,Office Chair,33
2027-06-24,P003,Office Chair,45
2027-06-24,P003,Office Chair,49
2027-06-24,P003,Office Chair,32
2027-06-24,P004,Notebook Pack,48
2027-06-24,P004,Notebook Pack,30
2027-06-24,P004,Notebook Pack,17
2027-06-24,P004,Notebook Pack,56
2027-06-24,P005,LED Desk Lamp,34
2027-06-24,P005,LED Desk Lamp,34
2027-06-24,P005,LED Desk Lamp,44
2027-06-24,P005,LED Desk Lamp,49
2027-06-24,P006,Running Shoes,50
2027-06-24,P006,Running Shoes,39
2027-06-24,P006,Running Shoes,48
2027-06-24,P006,Running Shoes,41
2027-06-24,P007,Yoga Mat,33
2027-06-24,P007,Yoga Mat,59
2027-06-24,P007,Yoga Mat,54
2027-06-24,P007,Yoga Mat,58
2027-06-24,P008,Coffee Maker,37
2027-06-24,P008,Coffee Maker,34
2027-06-24,P008,Coffee Maker,51
2027-06-24,P008,Coffee Maker,63
2027-06-25,P001,Wireless Mouse,54
2027-06-25,P001,Wireless Mouse,62
2027-06-25,P001,Wireless Mouse,54
2027-06-25,P001,Wireless Mouse,30
2027-06-25,P002,Bluetooth Speaker,27
2027-06-25,P002,Bluetooth Speaker,28
2027-06-25,P002,Bluetooth Speaker,65
2027-06-25,P002,Bluetooth Speaker,26
2027-06-25,P003,Office Chair,32
2027-06-25,P003,Office Chair,48
2027-06-25,P003,Office Chair,43
2027-06-25,P003,Office Chair,45
2027-06-25,P004,Notebook Pack,52
2027-06-25,P004,Notebook Pack,28
2027-06-25,P004,Notebook Pack,26
2027-06-25,P004,Notebook Pack,43
2027-06-25,P005,LED Desk Lamp,39
2027-06-25,P005,LED Desk Lamp,34
2027-06-25,P005,LED Desk Lamp,45
2027-06-25,P005,LED Desk Lamp,31
2027-06-25,P006,Running Shoes,44
2027-06-25,P006,Running Shoes,43
2027-06-25,P006,Running Shoes,38
2027-06-25,P006,Running Shoes,60
2027-06-25,P007,Yoga Mat,37
2027-06-25,P007,Yoga Mat,54
2027-06-25,P007,Yoga Mat,72
2027-06-25,P007,Yoga Mat,53
2027-06-25,P008,Coffee Maker,49
2027-06-25,P008,Coffee Maker,43
2027-06-25,P008,Coffee Maker,39
2027-06-25,P008,Coffee Maker,52
2027-06-26,P001,Wireless Mouse,52
2027-06-26,P001,Wireless Mouse,60
2027-06-26,P001,Wireless Mouse,47
2027-06-26,P001,Wireless Mouse,37
2027-06-26,P002,Bluetooth Speaker,38
2027-06-26,P002,Bluetooth Speaker,35
2027-06-26,P002,Bluetooth Speaker,43
2027-06-26,P002,Bluetooth Speaker,23
2027-06-26,P003,Office Chair,53
2027-06-26,P003,Office Chair,41
2027-06-26,P003,Office Chair,56
2027-06-26,P003,Office Chair,25
2027-06-26,P004,Notebook Pack,52
2027-06-26,P004,Notebook Pack,25
2027-06-26,P004,Notebook Pack,44
2027-06-26,P004,Notebook Pack,42
2027-06-26,P005,LED Desk Lamp,35
2027-06-26,P005,LED Desk Lamp,35
2027-06-26,P005,LED Desk Lamp,55
2027-06-26,P005,LED Desk Lamp,38
2027-06-26,P006,Running Shoes,55
2027-06-26,P006,Running Shoes,53
2027-06-26,P006,Running Shoes,35
2027-06-26,P006,Running Shoes,46
2027-06-26,P007,Yoga Mat,37
2027-06-26,P007,Yoga Mat,66
2027-06-26,P007,Yoga Mat,53
2027-06-26,P007,Yoga Mat,57
2027-06-26,P008,Coffee Maker,27
2027-06-26,P008,Coffee Maker,39
2027-06-26,P008,Coffee Maker,68
2027-06-26,P008,Coffee Maker,40
2027-06-27,P001,Wireless Mouse,61
2027-06-27,P001,Wireless Mouse,52
2027-06-27,P001,Wireless Mouse,56
2027-06-27,P001,Wireless Mouse,18
2027-06-27,P002,Bluetooth Speaker,24
2027-06-27,P002,Bluetooth Speaker,31
2027-06-27,P002,Bluetooth Speaker,43
2027-06-27,P002,Bluetooth Speaker,26
2027-06-27,P003,Office Chair,37
2027-06-27,P003,Office Chair,44
2027-06-27,P003,Office Chair,39
2027-06-27,P003,Office Chair,43
2027-06-27,P004,Notebook Pack,44
2027-06-27,P004,Notebook Pack,36
2027-06-27,P004,Notebook Pack,57
2027-06-27,P004,Notebook Pack,33
2027-06-27,P005,LED Desk Lamp,45
2027-06-27,P005,LED Desk Lamp,38
2027-06-27,P005,LED Desk Lamp,37
2027-06-27,P005,LED Desk Lamp,46
2027-06-27,P006,Running Shoes,57
2027-06-27,P006,Running Shoes,41
2027-06-27,P006,Running Shoes,37
2027-06-27,P006,Running Shoes,36
2027-06-27,P007,Yoga Mat,40
2027-06-27,P007,Yoga Mat,43
2027-06-27,P007,Yoga Mat,51
2027-06-27,P007,Yoga Mat,62
2027-06-27,P008,Coffee Maker,45
2027-06-27,P008,Coffee Maker,37
2027-06-27,P008,Coffee Maker,54
2027-06-27,P008,Coffee Maker,60
2027-06-28,P001,Wireless Mouse,39
2027-06-28,P001,Wireless Mouse,46
2027-06-28,P001,Wireless Mouse,52
2027-06-28,P001,Wireless Mouse,43
2027-06-28,P002,Bluetooth Speaker,31
2027-06-28,P002,Bluetooth Speaker,45
2027-06-28,P002,Bluetooth Speaker,43
2027-06-28,P002,Bluetooth Speaker,31
2027-06-28,P003,Office Chair,36
2027-06-28,P003,Office Chair,33
2027-06-28,P003,Office Chair,40
2027-06-28,P003,Office Chair,17
2027-06-28,P004,Notebook Pack,56
2027-06-28,P004,Notebook Pack,38
2027-06-28,P004,Notebook Pack,28
2027-06-28,P004,Notebook Pack,50
2027-06-28,P005,LED Desk Lamp,53
2027-06-28,P005,LED Desk Lamp,25
2027-06-28,P005,LED Desk Lamp,47
2027-06-28,P005,LED Desk Lamp,54
2027-06-28,P006,Running Shoes,45
2027-06-28,P006,Running Shoes,48
2027-06-28,P006,Running Shoes,47
2027-06-28,P006,Running Shoes,38
2027-06-28,P007,Yoga Mat,51
2027-06-28,P007,Yoga Mat,47
2027-06-28,P007,Yoga Mat,57
2027-06-28,P007,Yoga Mat,64
2027-06-28,P008,Coffee Maker,36
2027-06-28,P008,Coffee Maker,34
2027-06-28,P008,Coffee Maker,50
2027-06-28,P008,Coffee Maker,54
2027-06-29,P001,Wireless Mouse,34
2027-06-29,P001,Wireless Mouse,46
2027-06-29,P001,Wireless Mouse,59
2027-06-29,P001,Wireless Mouse,27
2027-06-29,P002,Bluetooth Speaker,27
2027-06-29,P002,Bluetooth Speaker,36
2027-06-29,P002,Bluetooth Speaker,56
2027-06-29,P002,Bluetooth Speaker,34
2027-06-29,P003,Office Chair,43
2027-06-29,P003,Office Chair,40
2027-06-29,P003,Office Chair,46
2027-06-29,P003,Office Chair,29
2027-06-29,P004,Notebook Pack,51
2027-06-29,P004,Notebook Pack,41
2027-06-29,P004,Notebook Pack,39
2027-06-29,P004,Notebook Pack,44
2027-06-29,P005,LED Desk Lamp,44
2027-06-29,P005,LED Desk Lamp,41
2027-06-29,P005,LED Desk Lamp,59
2027-06-29,P005,LED Desk Lamp,21
2027-06-29,P006,Running Shoes,52
2027-06-29,P006,Running Shoes,60
2027-06-29,P006,Running Shoes,46
2027-06-29,P006,Running Shoes,40
2027-06-29,P007,Yoga Mat,32
2027-06-29,P007,Yoga Mat,54
2027-06-29,P007,Yoga Mat,60
2027-06-29,P007,Yoga Mat,66
2027-06-29,P008,Coffee Maker,55
2027-06-29,P008,Coffee Maker,42
2027-06-29,P008,Coffee Maker,24
2027-06-29,P008,Coffee Maker,52
2027-06-30,P001,Wireless Mouse,54
2027-06-30,P001,Wireless Mouse,52
2027-06-30,P001,Wireless Mouse,47
2027-06-30,P001,Wireless Mouse,29
2027-06-30,P002,Bluetooth Speaker,12
2027-06-30,P002,Bluetooth Speaker,38
2027-06-30,P002,Bluetooth Speaker,51
2027-06-30,P002,Bluetooth Speaker,28
2027-06-30,P003,Office Chair,37
2027-06-30,P003,Office Chair,41
2027-06-30,P003,Office Chair,34
2027-06-30,P003,Office Chair,25
2027-06-30,P004,Notebook Pack,55
2027-06-30,P004,Notebook Pack,34
2027-06-30,P004,Notebook Pack,46
2027-06-30,P004,Notebook Pack,36
2027-06-30,P005,LED Desk Lamp,48
2027-06-30,P005,LED Desk Lamp,26
2027-06-30,P005,LED Desk Lamp,48
2027-06-30,P005,LED Desk Lamp,27
2027-06-30,P006,Running Shoes,44
2027-06-30,P006,Running Shoes,36
2027-06-30,P006,Running Shoes,33
2027-06-30,P006,Running Shoes,43
2027-06-30,P007,Yoga Mat,31
2027-06-30,P007,Yoga Mat,44
2027-06-30,P007,Yoga Mat,35
2027-06-30,P007,Yoga Mat,48
2027-06-30,P008,Coffee Maker,34
2027-06-30,P008,Coffee Maker,35
2027-06-30,P008,Coffee Maker,42
2027-06-30,P008,Coffee Maker,36
2027-07-01,P001,Wireless Mouse,30
2027-07-01,P001,Wireless Mouse,50
2027-07-01,P001,Wireless Mouse,42
2027-07-01,P001,Wireless Mouse,37
2027-07-01,P002,Bluetooth Speaker,24
2027-07-01,P002,Bluetooth Speaker,30
2027-07-01,P002,Bluetooth Speaker,58
2027-07-01,P002,Bluetooth Speaker,19
2027-07-01,P003,Office Chair,33
2027-07-01,P003,Office Chair,45
2027-07-01,P003,Office Chair,49
2027-07-01,P003,Office Chair,32
2027-07-01,P004,Notebook Pack,48
2027-07-01,P004,Notebook Pack,30
2027-07-01,P004,Notebook Pack,17
2027-07-01,P004,Notebook Pack,56
2027-07-01,P005,LED Desk Lamp,34
2027-07-01,P005,LED Desk Lamp,34
2027-07-01,P005,LED Desk Lamp,44
2027-07-01,P005,LED Desk Lamp,48
2027-07-01,P006,Running Shoes,50
2027-07-01,P006,Running Shoes,39
2027-07-01,P006,Running Shoes,48
2027-07-01,P006,Running Shoes,41
2027-07-01,P007,Yoga Mat,33
2027-07-01,P007,Yoga Mat,59
2027-07-01,P007,Yoga Mat,54
2027-07-01,P007,Yoga Mat,58
2027-07-01,P008,Coffee Maker,37
2027-07-01,P008,Coffee Maker,34
2027-07-01,P008,Coffee Maker,51
2027-07-01,P008,Coffee Maker,64
2027-07-02,P001,Wireless Mouse,54
2027-07-02,P001,Wireless Mouse,62
2027-07-02,P001,Wireless Mouse,54
2027-07-02,P001,Wireless Mouse,30
2027-07-02,P002,Bluetooth Speaker,27
2027-07-02,P002,Bluetooth Speaker,28
2027-07-02,P002,Bluetooth Speaker,65
2027-07-02,P002,Bluetooth Speaker,26
2027-07-02,P003,Office Chair,32
2027-07-02,P003,Office Chair,48
2027-07-02,P003,Office Chair,43
2027-07-02,P003,Office Chair,45
2027-07-02,P004,Notebook Pack,53
2027-07-02,P004,Notebook Pack,28
2027-07-02,P004,Notebook Pack,26
2027-07-02,P004,Notebook Pack,43
2027-07-02,P005,LED Desk Lamp,39
2027-07-02,P005,LED Desk Lamp,34
2027-07-02,P005,LED Desk Lamp,45
2027-07-02,P005,LED Desk Lamp,31
2027-07-02,P006,Running Shoes,44
2027-07-02,P006,Running Shoes,43
2027-07-02,P006,Running Shoes,38
2027-07-02,P006,Running Shoes,61
2027-07-02,P007,Yoga Mat,37
2027-07-02,P007,Yoga Mat,54
2027-07-02,P007,Yoga Mat,73
2027-07-02,P007,Yoga Mat,53
2027-07-02,P008,Coffee Maker,49
2027-07-02,P008,Coffee Maker,43
2027-07-02,P008,Coffee Maker,39
2027-07-02,P008,Coffee Maker,52
2027-07-03,P001,Wireless Mouse,53
2027-07-03,P001,Wireless Mouse,60
2027-07-03,P001,Wireless Mouse,47
2027-07-03,P001,Wireless Mouse,37
2027-07-03,P002,Bluetooth Speaker,38
2027-07-03,P002,Bluetooth Speaker,35
2027-07-03,P002,Bluetooth Speaker,43
2027-07-03,P002,Bluetooth Speaker,23
2027-07-03,P003,Office Chair,53
2027-07-03,P003,Office Chair,41
2027-07-03,P003,Office Chair,56
2027-07-03,P003,Office Chair,25
2027-07-03,P004,Notebook Pack,52
2027-07-03,P004,Notebook Pack,25
2027-07-03,P004,Notebook Pack,44
2027-07-03,P004,Notebook Pack,42
2027-07-03,P005,LED Desk Lamp,35
2027-07-03,P005,LED Desk Lamp,35
2027-07-03,P005,LED Desk Lamp,54
2027-07-03,P005,LED Desk Lamp,38
2027-07-03,P006,Running Shoes,55
2027-07-03,P006,Running Shoes,53
2027-07-03,P006,Running Shoes,34
2027-07-03,P006,Running Shoes,46
2027-07-03,P007,Yoga Mat,37
2027-07-03,P007,Yoga Mat,66
2027-07-03,P007,Yoga Mat,53
2027-07-03,P007,Yoga Mat,57
2027-07-03,P008,Coffee Maker,27
2027-07-03,P008,Coffee Maker,39
2027-07-03,P008,Coffee Maker,68
2027-07-03,P008,Coffee Maker,40
2027-07-04,P001,Wireless Mouse,61
2027-07-04,P001,Wireless Mouse,52
2027-07-04,P001,Wireless Mouse,56
2027-07-04,P001,Wireless Mouse,18
2027-07-04,P002,Bluetooth Speaker,24
2027-07-04,P002,Bluetooth Speaker,31
2027-07-04,P002,Bluetooth Speaker,43
2027-07-04,P002,Bluetooth Speaker,26
2027-07-04,P003,Office Chair,37
2027-07-04,P003,Office Chair,44
2027-07-04,P003,Office Chair,39
2027-07-04,P003,Office Chair,42
2027-07-04,P004,Notebook Pack,44
2027-07-04,P004,Notebook Pack,35
2027-07-04,P004,Notebook Pack,57
2027-07-04,P004,Notebook Pack,33
2027-07-04,P005,LED Desk Lamp,45
2027-07-04,P005,LED Desk Lamp,37
2027-07-04,P005,LED Desk Lamp,37
2027-07-04,P005,LED Desk Lamp,46
2027-07-04,P006,Running Shoes,57
2027-07-04,P006,Running Shoes,41
2027-07-04,P006,Running Shoes,37
2027-07-04,P006,Running Shoes,36
2027-07-04,P007,Yoga Mat,40
2027-07-04,P007,Yoga Mat,43
2027-07-04,P007,Yoga Mat,51
2027-07-04,P007,Yoga Mat,62
2027-07-04,P008,Coffee Maker,45
2027-07-04,P008,Coffee Maker,37
2027-07-04,P008,Coffee Maker,54
2027-07-04,P008,Coffee Maker,60
2027-07-05,P001,Wireless Mouse,39
2027-07-05,P001,Wireless Mouse,46
2027-07-05,P001,Wireless Mouse,52
2027-07-05,P001,Wireless Mouse,43
2027-07-05,P002,Bluetooth Speaker,31
2027-07-05,P002,Bluetooth Speaker,45
2027-07-05,P002,Bluetooth Speaker,44
2027-07-05,P002,Bluetooth Speaker,30
2027-07-05,P003,Office Chair,36
2027-07-05,P003,Office Chair,33
2027-07-05,P003,Office Chair,40
2027-07-05,P003,Office Chair,17
2027-07-05,P004,Notebook Pack,56
2027-07-05,P004,Notebook Pack,38
2027-07-05,P004,Notebook Pack,28
2027-07-05,P004,Notebook Pack,50
2027-07-05,P005,LED Desk Lamp,53
2027-07-05,P005,LED Desk Lamp,25
2027-07-05,P005,LED Desk Lamp,47
2027-07-05,P005,LED Desk Lamp,54
2027-07-05,P006,Running Shoes,45
2027-07-05,P006,Running Shoes,48
2027-07-05,P006,Running Shoes,47
2027-07-05,P006,Running Shoes,38
2027-07-05,P007,Yoga Mat,51
2027-07-05,P007,Yoga Mat,47
2027-07-05,P007,Yoga Mat,57
2027-07-05,P007,Yoga Mat,64
2027-07-05,P008,Coffee Maker,36
2027-07-05,P008,Coffee Maker,34
2027-07-05,P008,Coffee Maker,50
2027-07-05,P008,Coffee Maker,54
2027-07-06,P001,Wireless Mouse,34
2027-07-06,P001,Wireless Mouse,47
2027-07-06,P001,Wireless Mouse,59
2027-07-06,P001,Wireless Mouse,26
2027-07-06,P002,Bluetooth Speaker,27
2027-07-06,P002,Bluetooth Speaker,36
2027-07-06,P002,Bluetooth Speaker,56
2027-07-06,P002,Bluetooth Speaker,34
2027-07-06,P003,Office Chair,43
2027-07-06,P003,Office Chair,40
2027-07-06,P003,Office Chair,46
2027-07-06,P003,Office Chair,29
2027-07-06,P004,Notebook Pack,51
2027-07-06,P004,Notebook Pack,40
2027-07-06,P004,Notebook Pack,39
2027-07-06,P004,Notebook Pack,44
2027-07-06,P005,LED Desk Lamp,44
2027-07-06,P005,LED Desk Lamp,40
2027-07-06,P005,LED Desk Lamp,59
2027-07-06,P005,LED Desk Lamp,21
2027-07-06,P006,Running Shoes,52
2027-07-06,P006,Running Shoes,60
2027-07-06,P006,Running Shoes,46
2027-07-06,P006,Running Shoes,40
2027-07-06,P007,Yoga Mat,32
2027-07-06,P007,Yoga Mat,54
2027-07-06,P007,Yoga Mat,61
2027-07-06,P007,Yoga Mat,66
2027-07-06,P008,Coffee Maker,55
2027-07-06,P008,Coffee Maker,42
2027-07-06,P008,Coffee Maker,24
2027-07-06,P008,Coffee Maker,52
2027-07-07,P001,Wireless Mouse,54
2027-07-07,P001,Wireless Mouse,52
2027-07-07,P001,Wireless Mouse,47
2027-07-07,P001,Wireless Mouse,29
2027-07-07,P002,Bluetooth Speaker,12
2027-07-07,P002,Bluetooth Speaker,37
2027-07-07,P002,Bluetooth Speaker,51
2027-07-07,P002,Bluetooth Speaker,28
2027-07-07,P003,Office Chair,36
2027-07-07,P003,Office Chair,41
2027-07-07,P003,Office Chair,34
2027-07-07,P003,Office Chair,25
2027-07-07,P004,Notebook Pack,55
2027-07-07,P004,Notebook Pack,34
2027-07-07,P004,Notebook Pack,46
2027-07-07,P004,Notebook Pack,36
2027-07-07,P005,LED Desk Lamp,48
2027-07-07,P005,LED Desk Lamp,26
2027-07-07,P005,LED Desk Lamp,47
2027-07-07,P005,LED Desk Lamp,27
2027-07-07,P006,Running Shoes,44
2027-07-07,P006,Running Shoes,36
2027-07-07,P006,Running Shoes,33
2027-07-07,P006,Running Shoes,43
2027-07-07,P007,Yoga Mat,32
2027-07-07,P007,Yoga Mat,44
2027-07-07,P007,Yoga Mat,35
2027-07-07,P007,Yoga Mat,48
2027-07-07,P008,Coffee Maker,34
2027-07-07,P008,Coffee Maker,35
2027-07-07,P008,Coffee Maker,42
2027-07-07,P008,Coffee Maker,37
2027-07-08,P001,Wireless Mouse,30
2027-07-08,P001,Wireless Mouse,50
2027-07-08,P001,Wireless Mouse,42
2027-07-08,P001,Wireless Mouse,37
2027-07-08,P002,Bluetooth Speaker,24
2027-07-08,P002,Bluetooth Speaker,30
2027-07-08,P002,Bluetooth Speaker,58
2027-07-08,P002,Bluetooth Speaker,19
2027-07-08,P003,Office Chair,32
2027-07-08,P003,Office Chair,45
2027-07-08,P003,Office Chair,49
2027-07-08,P003,Office Chair,32
2027-07-08,P004,Notebook Pack,48
2027-07-08,P004,Notebook Pack,30
2027-07-08,P004,Notebook Pack,17
2027-07-08,P004,Notebook Pack,56
2027-07-08,P005,LED Desk Lamp,34
2027-07-08,P005,LED Desk Lamp,34
2027-07-08,P005,LED Desk Lamp,44
2027-07-08,P005,LED Desk Lamp,48
2027-07-08,P006,Running Shoes,50
2027-07-08,P006,Running Shoes,38
2027-07-08,P006,Running Shoes,48
2027-07-08,P006,Running Shoes,42
2027-07-08,P007,Yoga Mat,33
2027-07-08,P007,Yoga Mat,59
2027-07-08,P007,Yoga Mat,54
2027-07-08,P007,Yoga Mat,58
2027-07-08,P008,Coffee Maker,37
2027-07-08,P008,Coffee Maker,34
2027-07-08,P008,Coffee Maker,51
2027-07-08,P008,Coffee Maker,64
2027-07-09,P001,Wireless Mouse,54
2027-07-09,P001,Wireless Mouse,62
2027-07-09,P001,Wireless Mouse,54
2027-07-09,P001,Wireless Mouse,30
2027-07-09,P002,Bluetooth Speaker,27
2027-07-09,P002,Bluetooth Speaker,28
2027-07-09,P002,Bluetooth Speaker,66
2027-07-09,P002,Bluetooth Speaker,25
2027-07-09,P003,Office Chair,31
2027-07-09,P003,Office Chair,48
2027-07-09,P003,Office Chair,43
2027-07-09,P003,Office Chair,45
2027-07-09,P004,Notebook Pack,53
2027-07-09,P004,Notebook Pack,28
2027-07-09,P004,Notebook Pack,26
2027-07-09,P004,Notebook Pack,43
2027-07-09,P005,LED Desk Lamp,39
2027-07-09,P005,LED Desk Lamp,34
2027-07-09,P005,LED Desk Lamp,45
2027-07-09,P005,LED Desk Lamp,31
2027-07-09,P006,Running Shoes,44
2027-07-09,P006,Running Shoes,42
2027-07-09,P006,Running Shoes,38
2027-07-09,P006,Running Shoes,61
2027-07-09,P007,Yoga Mat,37
2027-07-09,P007,Yoga Mat,54
2027-07-09,P007,Yoga Mat,73
2027-07-09,P007,Yoga Mat,53
2027-07-09,P008,Coffee Maker,49
2027-07-09,P008,Coffee Maker,43
2027-07-09,P008,Coffee Maker,39
2027-07-09,P008,Coffee Maker,52
2027-07-10,P001,Wireless Mouse,53
2027-07-10,P001,Wireless Mouse,60
2027-07-10,P001,Wireless Mouse,47
2027-07-10,P001,Wireless Mouse,37
2027-07-10,P002,Bluetooth Speaker,38
2027-07-10,P002,Bluetooth Speaker,35
2027-07-10,P002,Bluetooth Speaker,43
2027-07-10,P002,Bluetooth Speaker,22
2027-07-10,P003,Office Chair,53
2027-07-10,P003,Office Chair,41
2027-07-10,P003,Office Chair,56
2027-07-10,P003,Office Chair,24
2027-07-10,P004,Notebook Pack,52
2027-07-10,P004,Notebook Pack,25
2027-07-10,P004,Notebook Pack,44
2027-07-10,P004,Notebook Pack,42
2027-07-10,P005,LED Desk Lamp,35
2027-07-10,P005,LED Desk Lamp,35
2027-07-10,P005,LED Desk Lamp,54
2027-07-10,P005,LED Desk Lamp,38
2027-07-10,P006,Running Shoes,55
2027-07-10,P006,Running Shoes,53
2027-07-10,P006,Running Shoes,34
2027-07-10,P006,Running Shoes,46
2027-07-10,P007,Yoga Mat,37
2027-07-10,P007,Yoga Mat,67
2027-07-10,P007,Yoga Mat,53
2027-07-10,P007,Yoga Mat,57
2027-07-10,P008,Coffee Maker,27
2027-07-10,P008,Coffee Maker,38
2027-07-10,P008,Coffee Maker,68
2027-07-10,P008,Coffee Maker,40
2027-07-11,P001,Wireless Mouse,61
2027-07-11,P001,Wireless Mouse,52
2027-07-11,P001,Wireless Mouse,56
2027-07-11,P001,Wireless Mouse,18
2027-07-11,P002,Bluetooth Speaker,24
2027-07-11,P002,Bluetooth Speaker,31
2027-07-11,P002,Bluetooth Speaker,44
2027-07-11,P002,Bluetooth Speaker,26
2027-07-11,P003,Office Chair,37
2027-07-11,P003,Office Chair,44
2027-07-11,P003,Office Chair,39
2027-07-11,P003,Office Chair,42
2027-07-11,P004,Notebook Pack,45
2027-07-11,P004,Notebook Pack,35
2027-07-11,P004,Notebook Pack,57
2027-07-11,P004,Notebook Pack,33
2027-07-11,P005,LED Desk Lamp,45
2027-07-11,P005,LED Desk Lamp,37
2027-07-11,P005,LED Desk Lamp,37
2027-07-11,P005,LED Desk Lamp,46
2027-07-11,P006,Running Shoes,57
2027-07-11,P006,Running Shoes,41
2027-07-11,P006,Running Shoes,37
2027-07-11,P006,Running Shoes,36
2027-07-11,P007,Yoga Mat,41
2027-07-11,P007,Yoga Mat,43
2027-07-11,P007,Yoga Mat,51
2027-07-11,P007,Yoga Mat,62
2027-07-11,P008,Coffee Maker,45
2027-07-11,P008,Coffee Maker,36
2027-07-11,P008,Coffee Maker,54
2027-07-11,P008,Coffee Maker,60
2027-07-12,P001,Wireless Mouse,40
2027-07-12,P001,Wireless Mouse,46
2027-07-12,P001,Wireless Mouse,52
2027-07-12,P001,Wireless Mouse,43
2027-07-12,P002,Bluetooth Speaker,31
2027-07-12,P002,Bluetooth Speaker,45
2027-07-12,P002,Bluetooth Speaker,44
2027-07-12,P002,Bluetooth Speaker,30
2027-07-12,P003,Office Chair,36
2027-07-12,P003,Office Chair,32
2027-07-12,P003,Office Chair,40
2027-07-12,P003,Office Chair,17
2027-07-12,P004,Notebook Pack,56
2027-07-12,P004,Notebook Pack,37
2027-07-12,P004,Notebook Pack,28
2027-07-12,P004,Notebook Pack,49
2027-07-12,P005,LED Desk Lamp,52
2027-07-12,P005,LED Desk Lamp,25
2027-07-12,P005,LED Desk Lamp,47
2027-07-12,P005,LED Desk Lamp,54
2027-07-12,P006,Running Shoes,45
2027-07-12,P006,Running Shoes,48
2027-07-12,P006,Running Shoes,47
2027-07-12,P006,Running Shoes,38
2027-07-12,P007,Yoga Mat,51
2027-07-12,P007,Yoga Mat,47
2027-07-12,P007,Yoga Mat,58
2027-07-12,P007,Yoga Mat,65
2027-07-12,P008,Coffee Maker,36
2027-07-12,P008,Coffee Maker,34
2027-07-12,P008,Coffee Maker,50
2027-07-12,P008,Coffee Maker,54
2027-07-13,P001,Wireless Mouse,34
2027-07-13,P001,Wireless Mouse,47
2027-07-13,P001,Wireless Mouse,59
2027-07-13,P001,Wireless Mouse,26
2027-07-13,P002,Bluetooth Speaker,27
2027-07-13,P002,Bluetooth Speaker,36
2027-07-13,P002,Bluetooth Speaker,57
2027-07-13,P002,Bluetooth Speaker,34
2027-07-13,P003,Office Chair,43
2027-07-13,P003,Office Chair,40
2027-07-13,P003,Office Chair,46
2027-07-13,P003,Office Chair,29
2027-07-13,P004,Notebook Pack,51
2027-07-13,P004,Notebook Pack,40
2027-07-13,P004,Notebook Pack,39
2027-07-13,P004,Notebook Pack,44
2027-07-13,P005,LED Desk Lamp,44
2027-07-13,P005,LED Desk Lamp,40
2027-07-13,P005,LED Desk Lamp,59
2027-07-13,P005,LED Desk Lamp,21
2027-07-13,P006,Running Shoes,52
2027-07-13,P006,Running Shoes,59
2027-07-13,P006,Running Shoes,46
2027-07-13,P006,Running Shoes,40
2027-07-13,P007,Yoga Mat,32
2027-07-13,P007,Yoga Mat,54
2027-07-13,P007,Yoga Mat,61
2027-07-13,P007,Yoga Mat,66
2027-07-13,P008,Coffee Maker,55
2027-07-13,P008,Coffee Maker,41
2027-07-13,P008,Coffee Maker,24
2027-07-13,P008,Coffee Maker,52
2027-07-14,P001,Wireless Mouse,54
2027-07-14,P001,Wireless Mouse,53
2027-07-14,P001,Wireless Mouse,47
2027-07-14,P001,Wireless Mouse,29
2027-07-14,P002,Bluetooth Speaker,12
2027-07-14,P002,Bluetooth Speaker,37
2027-07-14,P002,Bluetooth Speaker,51
2027-07-14,P002,Bluetooth Speaker,28
2027-07-14,P003,Office Chair,36
2027-07-14,P003,Office Chair,41
2027-07-14,P003,Office Chair,34
2027-07-14,P003,Office Chair,25
2027-07-14,P004,Notebook Pack,55
2027-07-14,P004,Notebook Pack,33
2027-07-14,P004,Notebook Pack,46
2027-07-14,P004,Notebook Pack,36
2027-07-14,P005,LED Desk Lamp,48
2027-07-14,P005,LED Desk Lamp,26
2027-07-14,P005,LED Desk Lamp,47
2027-07-14,P005,LED Desk Lamp,26
2027-07-14,P006,Running Shoes,44
2027-07-14,P006,Running Shoes,36
2027-07-14,P006,Running Shoes,33
2027-07-14,P006,Running Shoes,43
2027-07-14,P007,Yoga Mat,32
2027-07-14,P007,Yoga Mat,44
2027-07-14,P007,Yoga Mat,35
2027-07-14,P007,Yoga Mat,48
2027-07-14,P008,Coffee Maker,34
2027-07-14,P008,Coffee Maker,35
2027-07-14,P008,Coffee Maker,42
2027-07-14,P008,Coffee Maker,37
2027-07-15,P001,Wireless Mouse,30
2027-07-15,P001,Wireless Mouse,50
2027-07-15,P001,Wireless Mouse,42
2027-07-15,P001,Wireless Mouse,37
2027-07-15,P002,Bluetooth Speaker,24
2027-07-15,P002,Bluetooth Speaker,30
2027-07-15,P002,Bluetooth Speaker,58
2027-07-15,P002,Bluetooth Speaker,19
2027-07-15,P003,Office Chair,32
2027-07-15,P003,Office Chair,45
2027-07-15,P003,Office Chair,49
2027-07-15,P003,Office Chair,32
2027-07-15,P004,Notebook Pack,48
2027-07-15,P004,Notebook Pack,30
2027-07-15,P004,Notebook Pack,17
2027-07-15,P004,Notebook Pack,56
2027-07-15,P005,LED Desk Lamp,34
2027-07-15,P005,LED Desk Lamp,34
2027-07-15,P005,LED Desk Lamp,44
2027-07-15,P005,LED Desk Lamp,48
2027-07-15,P006,Running Shoes,50
2027-07-15,P006,Running Shoes,38
2027-07-15,P006,Running Shoes,48
2027-07-15,P006,Running Shoes,42
2027-07-15,P007,Yoga Mat,33
2027-07-15,P007,Yoga Mat,59
2027-07-15,P007,Yoga Mat,54
2027-07-15,P007,Yoga Mat,59
2027-07-15,P008,Coffee Maker,37
2027-07-15,P008,Coffee Maker,34
2027-07-15,P008,Coffee Maker,51
2027-07-15,P008,Coffee Maker,64
2027-07-16,P001,Wireless Mouse,54
2027-07-16,P001,Wireless Mouse,62
2027-07-16,P001,Wireless Mouse,54
2027-07-16,P001,Wireless Mouse,30
2027-07-16,P002,Bluetooth Speaker,27
2027-07-16,P002,Bluetooth Speaker,28
2027-07-16,P002,Bluetooth Speaker,66
2027-07-16,P002,Bluetooth Speaker,25
2027-07-16,P003,Office Chair,31
2027-07-16,P003,Office Chair,48
2027-07-16,P003,Office Chair,43
2027-07-16,P003,Office Chair,45
2027-07-16,P004,Notebook Pack,53
2027-07-16,P004,Notebook Pack,28
2027-07-16,P004,Notebook Pack,26
2027-07-16,P004,Notebook Pack,43
2027-07-16,P005,LED Desk Lamp,38
2027-07-16,P005,LED Desk Lamp,34
2027-07-16,P005,LED Desk Lamp,45
2027-07-16,P005,LED Desk Lamp,30
2027-07-16,P006,Running Shoes,44
2027-07-16,P006,Running Shoes,42
2027-07-16,P006,Running Shoes,38
2027-07-16,P006,Running Shoes,61
2027-07-16,P007,Yoga Mat,37
2027-07-16,P007,Yoga Mat,55
2027-07-16,P007,Yoga Mat,73
2027-07-16,P007,Yoga Mat,53
2027-07-16,P008,Coffee Maker,49
2027-07-16,P008,Coffee Maker,43
2027-07-16,P008,Coffee Maker,39
2027-07-16,P008,Coffee Maker,52
2027-07-17,P001,Wireless Mouse,53
2027-07-17,P001,Wireless Mouse,60
2027-07-17,P001,Wireless Mouse,47
2027-07-17,P001,Wireless Mouse,37
2027-07-17,P002,Bluetooth Speaker,38
2027-07-17,P002,Bluetooth Speaker,35
2027-07-17,P002,Bluetooth Speaker,43
2027-07-17,P002,Bluetooth Speaker,22
2027-07-17,P003,Office Chair,52
2027-07-17,P003,Office Chair,41
2027-07-17,P003,Office Chair,56
2027-07-17,P003,Office Chair,24
2027-07-17,P004,Notebook Pack,53
2027-07-17,P004,Notebook Pack,25
2027-07-17,P004,Notebook Pack,43
2027-07-17,P004,Notebook Pack,42
2027-07-17,P005,LED Desk Lamp,35
2027-07-17,P005,LED Desk Lamp,34
2027-07-17,P005,LED Desk Lamp,54
2027-07-17,P005,LED Desk Lamp,38
2027-07-17,P006,Running Shoes,55
2027-07-17,P006,Running Shoes,53
2027-07-17,P006,Running Shoes,34
2027-07-17,P006,Running Shoes,47
2027-07-17,P007,Yoga Mat,37
2027-07-17,P007,Yoga Mat,67
2027-07-17,P007,Yoga Mat,53
2027-07-17,P007,Yoga Mat,58
2027-07-17,P008,Coffee Maker,27
2027-07-17,P008,Coffee Maker,38
2027-07-17,P008,Coffee Maker,68
2027-07-17,P008,Coffee Maker,40
2027-07-18,P001,Wireless Mouse,61
2027-07-18,P001,Wireless Mouse,52
2027-07-18,P001,Wireless Mouse,56
2027-07-18,P001,Wireless Mouse,18
2027-07-18,P002,Bluetooth Speaker,24
2027-07-18,P002,Bluetooth Speaker,31
2027-07-18,P002,Bluetooth Speaker,44
2027-07-18,P002,Bluetooth Speaker,25
2027-07-18,P003,Office Chair,37
2027-07-18,P003,Office Chair,44
2027-07-18,P003,Office Chair,39
2027-07-18,P003,Office Chair,42
2027-07-18,P004,Notebook Pack,45
2027-07-18,P004,Notebook Pack,35
2027-07-18,P004,Notebook Pack,57
2027-07-18,P004,Notebook Pack,33
2027-07-18,P005,LED Desk Lamp,45
2027-07-18,P005,LED Desk Lamp,37
2027-07-18,P005,LED Desk Lamp,37
2027-07-18,P005,LED Desk Lamp,46
2027-07-18,P006,Running Shoes,57
2027-07-18,P006,Running Shoes,41
2027-07-18,P006,Running Shoes,37
2027-07-18,P006,Running Shoes,36
2027-07-18,P007,Yoga Mat,41
2027-07-18,P007,Yoga Mat,43
2027-07-18,P007,Yoga Mat,51
2027-07-18,P007,Yoga Mat,62
2027-07-18,P008,Coffee Maker,45
2027-07-18,P008,Coffee Maker,36
2027-07-18,P008,Coffee Maker,54
2027-07-18,P008,Coffee Maker,60
2027-07-19,P001,Wireless Mouse,40
2027-07-19,P001,Wireless Mouse,46
2027-07-19,P001,Wireless Mouse,52
2027-07-19,P001,Wireless Mouse,43
2027-07-19,P002,Bluetooth Speaker,31
2027-07-19,P002,Bluetooth Speaker,45
2027-07-19,P002,Bluetooth Speaker,44
2027-07-19,P002,Bluetooth Speaker,30
2027-07-19,P003,Office Chair,36
2027-07-19,P003,Office Chair,32
2027-07-19,P003,Office Chair,40
2027-07-19,P003,Office Chair,17
2027-07-19,P004,Notebook Pack,57
2027-07-19,P004,Notebook Pack,37
2027-07-19,P004,Notebook Pack,27
2027-07-19,P004,Notebook Pack,49
2027-07-19,P005,LED Desk Lamp,52
2027-07-19,P005,LED Desk Lamp,25
2027-07-19,P005,LED Desk Lamp,47
2027-07-19,P005,LED Desk Lamp,53
2027-07-19,P006,Running Shoes,45
2027-07-19,P006,Running Shoes,47
2027-07-19,P006,Running Shoes,47
2027-07-19,P006,Running Shoes,38
2027-07-19,P007,Yoga Mat,51
2027-07-19,P007,Yoga Mat,47
2027-07-19,P007,Yoga Mat,58
2027-07-19,P007,Yoga Mat,65
2027-07-19,P008,Coffee Maker,36
2027-07-19,P008,Coffee Maker,33
2027-07-19,P008,Coffee Maker,50
2027-07-19,P008,Coffee Maker,54
2027-07-20,P001,Wireless Mouse,34
2027-07-20,P001,Wireless Mouse,47
2027-07-20,P001,Wireless Mouse,59
2027-07-20,P001,Wireless Mouse,26
2027-07-20,P002,Bluetooth Speaker,27
2027-07-20,P002,Bluetooth Speaker,36
2027-07-20,P002,Bluetooth Speaker,57
2027-07-20,P002,Bluetooth Speaker,34
2027-07-20,P003,Office Chair,43
2027-07-20,P003,Office Chair,40
2027-07-20,P003,Office Chair,46
2027-07-20,P003,Office Chair,29
2027-07-20,P004,Notebook Pack,52
2027-07-20,P004,Notebook Pack,40
2027-07-20,P004,Notebook Pack,39
2027-07-20,P004,Notebook Pack,44
2027-07-20,P005,LED Desk Lamp,44
2027-07-20,P005,LED Desk Lamp,40
2027-07-20,P005,LED Desk Lamp,59
2027-07-20,P005,LED Desk Lamp,21
2027-07-20,P006,Running Shoes,52
2027-07-20,P006,Running Shoes,59
2027-07-20,P006,Running Shoes,46
2027-07-20,P006,Running Shoes,40
2027-07-20,P007,Yoga Mat,32
2027-07-20,P007,Yoga Mat,54
2027-07-20,P007,Yoga Mat,61
2027-07-20,P007,Yoga Mat,67
2027-07-20,P008,Coffee Maker,55
2027-07-20,P008,Coffee Maker,41
2027-07-20,P008,Coffee Maker,24
2027-07-20,P008,Coffee Maker,52
2027-07-21,P001,Wireless Mouse,54
2027-07-21,P001,Wireless Mouse,53
2027-07-21,P001,Wireless Mouse,47
2027-07-21,P001,Wireless Mouse,29
2027-07-21,P002,Bluetooth Speaker,12
2027-07-21,P002,Bluetooth Speaker,37
2027-07-21,P002,Bluetooth Speaker,52
2027-07-21,P002,Bluetooth Speaker,28
2027-07-21,P003,Office Chair,36
2027-07-21,P003,Office Chair,41
2027-07-21,P003,Office Chair,34
2027-07-21,P003,Office Chair,25
2027-07-21,P004,Notebook Pack,55
2027-07-21,P004,Notebook Pack,33
2027-07-21,P004,Notebook Pack,46
2027-07-21,P004,Notebook Pack,36
2027-07-21,P005,LED Desk Lamp,47
2027-07-21,P005,LED Desk Lamp,26
2027-07-21,P005,LED Desk Lamp,47
2027-07-21,P005,LED Desk Lamp,26
2027-07-21,P006,Running Shoes,44
2027-07-21,P006,Running Shoes,35
2027-07-21,P006,Running Shoes,33
2027-07-21,P006,Running Shoes,44
2027-07-21,P007,Yoga Mat,32
2027-07-21,P007,Yoga Mat,44
2027-07-21,P007,Yoga Mat,35
2027-07-21,P007,Yoga Mat,48
2027-07-21,P008,Coffee Maker,34
2027-07-21,P008,Coffee Maker,34
2027-07-21,P008,Coffee Maker,42
2027-07-21,P008,Coffee Maker,37
2027-07-22,P001,Wireless Mouse,30
2027-07-22,P001,Wireless Mouse,51
2027-07-22,P001,Wireless Mouse,42
2027-07-22,P001,Wireless Mouse,37
2027-07-22,P002,Bluetooth Speaker,24
2027-07-22,P002,Bluetooth Speaker,30
2027-07-22,P002,Bluetooth Speaker,58
2027-07-22,P002,Bluetooth Speaker,19
2027-07-22,P003,Office Chair,32
2027-07-22,P003,Office Chair,44
2027-07-22,P003,Office Chair,49
2027-07-22,P003,Office Chair,32
2027-07-22,P004,Notebook Pack,48
2027-07-22,P004,Notebook Pack,30
2027-07-22,P004,Notebook Pack,17
2027-07-22,P004,Notebook Pack,56
2027-07-22,P005,LED Desk Lamp,34
2027-07-22,P005,LED Desk Lamp,34
2027-07-22,P005,LED Desk Lamp,44
2027-07-22,P005,LED Desk Lamp,48
2027-07-22,P006,Running Shoes,50
2027-07-22,P006,Running Shoes,38
2027-07-22,P006,Running Shoes,48
2027-07-22,P006,Running Shoes,42
2027-07-22,P007,Yoga Mat,33
2027-07-22,P007,Yoga Mat,59
2027-07-22,P007,Yoga Mat,54
2027-07-22,P007,Yoga Mat,59
2027-07-22,P008,Coffee Maker,37
2027-07-22,P008,Coffee Maker,34
2027-07-22,P008,Coffee Maker,51
2027-07-22,P008,Coffee Maker,64
2027-07-23,P001,Wireless Mouse,54
2027-07-23,P001,Wireless Mouse,62
2027-07-23,P001,Wireless Mouse,54
2027-07-23,P001,Wireless Mouse,30
2027-07-23,P002,Bluetooth Speaker,27
2027-07-23,P002,Bluetooth Speaker,28
2027-07-23,P002,Bluetooth Speaker,66
2027-07-23,P002,Bluetooth Speaker,25
2027-07-23,P003,Office Chair,31
2027-07-23,P003,Office Chair,48
2027-07-23,P003,Office Chair,43
2027-07-23,P003,Office Chair,45
2027-07-23,P004,Notebook Pack,53
2027-07-23,P004,Notebook Pack,28
2027-07-23,P004,Notebook Pack,26
2027-07-23,P004,Notebook Pack,42
2027-07-23,P005,LED Desk Lamp,38
2027-07-23,P005,LED Desk Lamp,34
2027-07-23,P005,LED Desk Lamp,45
2027-07-23,P005,LED Desk Lamp,30
2027-07-23,P006,Running Shoes,44
2027-07-23,P006,Running Shoes,42
2027-07-23,P006,Running Shoes,38
2027-07-23,P006,Running Shoes,61
2027-07-23,P007,Yoga Mat,37
2027-07-23,P007,Yoga Mat,55
2027-07-23,P007,Yoga Mat,73
2027-07-23,P007,Yoga Mat,53
2027-07-23,P008,Coffee Maker,49
2027-07-23,P008,Coffee Maker,43
2027-07-23,P008,Coffee Maker,39
2027-07-23,P008,Coffee Maker,52
2027-07-24,P001,Wireless Mouse,53
2027-07-24,P001,Wireless Mouse,61
2027-07-24,P001,Wireless Mouse,47
2027-07-24,P001,Wireless Mouse,37
2027-07-24,P002,Bluetooth Speaker,38
2027-07-24,P002,Bluetooth Speaker,34
2027-07-24,P002,Bluetooth Speaker,43
2027-07-24,P002,Bluetooth Speaker,22
2027-07-24,P003,Office Chair,52
2027-07-24,P003,Office Chair,41
2027-07-24,P003,Office Chair,56
2027-07-24,P003,Office Chair,24
2027-07-24,P004,Notebook Pack,53
2027-07-24,P004,Notebook Pack,25
2027-07-24,P004,Notebook Pack,43
2027-07-24,P004,Notebook Pack,42
2027-07-24,P005,LED Desk Lamp,35
2027-07-24,P005,LED Desk Lamp,34
2027-07-24,P005,LED Desk Lamp,54
2027-07-24,P005,LED Desk Lamp,37
2027-07-24,P006,Running Shoes,55
2027-07-24,P006,Running Shoes,53
2027-07-24,P006,Running Shoes,34
2027-07-24,P006,Running Shoes,47
2027-07-24,P007,Yoga Mat,37
2027-07-24,P007,Yoga Mat,67
2027-07-24,P007,Yoga Mat,54
2027-07-24,P007,Yoga Mat,58
2027-07-24,P008,Coffee Maker,27
2027-07-24,P008,Coffee Maker,38
2027-07-24,P008,Coffee Maker,67
2027-07-24,P008,Coffee Maker,41
2027-07-25,P001,Wireless Mouse,61
2027-07-25,P001,Wireless Mouse,52
2027-07-25,P001,Wireless Mouse,56
2027-07-25,P001,Wireless Mouse,18
2027-07-25,P002,Bluetooth Speaker,24
2027-07-25,P002,Bluetooth Speaker,31
2027-07-25,P002,Bluetooth Speaker,44
2027-07-25,P002,Bluetooth Speaker,25
2027-07-25,P003,Office Chair,37
2027-07-25,P003,Office Chair,44
2027-07-25,P003,Office Chair,39
2027-07-25,P003,Office Chair,42
2027-07-25,P004,Notebook Pack,45
2027-07-25,P004,Notebook Pack,35
2027-07-25,P004,Notebook Pack,57
2027-07-25,P004,Notebook Pack,33
2027-07-25,P005,LED Desk Lamp,45
2027-07-25,P005,LED Desk Lamp,37
2027-07-25,P005,LED Desk Lamp,37
2027-07-25,P005,LED Desk Lamp,45
2027-07-25,P006,Running Shoes,57
2027-07-25,P006,Running Shoes,40
2027-07-25,P006,Running Shoes,37
2027-07-25,P006,Running Shoes,36
2027-07-25,P007,Yoga Mat,41
2027-07-25,P007,Yoga Mat,44
2027-07-25,P007,Yoga Mat,51
2027-07-25,P007,Yoga Mat,62
2027-07-25,P008,Coffee Maker,45
2027-07-25,P008,Coffee Maker,36
2027-07-25,P008,Coffee Maker,54
2027-07-25,P008,Coffee Maker,61
2027-07-26,P001,Wireless Mouse,40
2027-07-26,P001,Wireless Mouse,46
2027-07-26,P001,Wireless Mouse,52
2027-07-26,P001,Wireless Mouse,43
2027-07-26,P002,Bluetooth Speaker,31
2027-07-26,P002,Bluetooth Speaker,45
2027-07-26,P002,Bluetooth Speaker,44
2027-07-26,P002,Bluetooth Speaker,30
2027-07-26,P003,Office Chair,35
2027-07-26,P003,Office Chair,32
2027-07-26,P003,Office Chair,40
2027-07-26,P003,Office Chair,17
2027-07-26,P004,Notebook Pack,57
2027-07-26,P004,Notebook Pack,37
2027-07-26,P004,Notebook Pack,27
2027-07-26,P004,Notebook Pack,49
2027-07-26,P005,LED Desk Lamp,52
2027-07-26,P005,LED Desk Lamp,25
2027-07-26,P005,LED Desk Lamp,47
2027-07-26,P005,LED Desk Lamp,53
2027-07-26,P006,Running Shoes,45
2027-07-26,P006,Running Shoes,47
2027-07-26,P006,Running Shoes,47
2027-07-26,P006,Running Shoes,38
2027-07-26,P007,Yoga Mat,51
2027-07-26,P007,Yoga Mat,47
2027-07-26,P007,Yoga Mat,58
2027-07-26,P007,Yoga Mat,65
2027-07-26,P008,Coffee Maker,36
2027-07-26,P008,Coffee Maker,33
2027-07-26,P008,Coffee Maker,50
2027-07-26,P008,Coffee Maker,54
2027-07-27,P001,Wireless Mouse,34
2027-07-27,P001,Wireless Mouse,47
2027-07-27,P001,Wireless Mouse,59
2027-07-27,P001,Wireless Mouse,26
2027-07-27,P002,Bluetooth Speaker,27
2027-07-27,P002,Bluetooth Speaker,36
2027-07-27,P002,Bluetooth Speaker,57
2027-07-27,P002,Bluetooth Speaker,33
2027-07-27,P003,Office Chair,42
2027-07-27,P003,Office Chair,40
2027-07-27,P003,Office Chair,46
2027-07-27,P003,Office Chair,29
2027-07-27,P004,Notebook Pack,52
2027-07-27,P004,Notebook Pack,40
2027-07-27,P004,Notebook Pack,39
2027-07-27,P004,Notebook Pack,44
2027-07-27,P005,LED Desk Lamp,43
2027-07-27,P005,LED Desk Lamp,40
2027-07-27,P005,LED Desk Lamp,59
2027-07-27,P005,LED Desk Lamp,21
2027-07-27,P006,Running Shoes,52
2027-07-27,P006,Running Shoes,59
2027-07-27,P006,Running Shoes,46
2027-07-27,P006,Running Shoes,41
2027-07-27,P007,Yoga Mat,32
2027-07-27,P007,Yoga Mat,54
2027-07-27,P007,Yoga Mat,61
2027-07-27,P007,Yoga Mat,67
2027-07-27,P008,Coffee Maker,55
2027-07-27,P008,Coffee Maker,41
2027-07-27,P008,Coffee Maker,24
2027-07-27,P008,Coffee Maker,52
2027-07-28,P001,Wireless Mouse,54
2027-07-28,P001,Wireless Mouse,53
2027-07-28,P001,Wireless Mouse,47
2027-07-28,P001,Wireless Mouse,29
2027-07-28,P002,Bluetooth Speaker,12
2027-07-28,P002,Bluetooth Speaker,37
2027-07-28,P002,Bluetooth Speaker,52
2027-07-28,P002,Bluetooth Speaker,28
2027-07-28,P003,Office Chair,36
2027-07-28,P003,Office Chair,40
2027-07-28,P003,Office Chair,34
2027-07-28,P003,Office Chair,25
2027-07-28,P004,Notebook Pack,55
2027-07-28,P004,Notebook Pack,33
2027-07-28,P004,Notebook Pack,46
2027-07-28,P004,Notebook Pack,36
2027-07-28,P005,LED Desk Lamp,47
2027-07-28,P005,LED Desk Lamp,26
2027-07-28,P005,LED Desk Lamp,47
2027-07-28,P005,LED Desk Lamp,26
2027-07-28,P006,Running Shoes,44
2027-07-28,P006,Running Shoes,35
2027-07-28,P006,Running Shoes,32
2027-07-28,P006,Running Shoes,44
2027-07-28,P007,Yoga Mat,32
2027-07-28,P007,Yoga Mat,45
2027-07-28,P007,Yoga Mat,35
2027-07-28,P007,Yoga Mat,48
2027-07-28,P008,Coffee Maker,34
2027-07-28,P008,Coffee Maker,34
2027-07-28,P008,Coffee Maker,42
2027-07-28,P008,Coffee Maker,37
2027-07-29,P001,Wireless Mouse,30
2027-07-29,P001,Wireless Mouse,51
2027-07-29,P001,Wireless Mouse,42
2027-07-29,P001,Wireless Mouse,37
2027-07-29,P002,Bluetooth Speaker,24
2027-07-29,P002,Bluetooth Speaker,30
2027-07-29,P002,Bluetooth Speaker,58
2027-07-29,P002,Bluetooth Speaker,19
2027-07-29,P003,Office Chair,32
2027-07-29,P003,Office Chair,44
2027-07-29,P003,Office Chair,49
2027-07-29,P003,Office Chair,32
2027-07-29,P004,Notebook Pack,49
2027-07-29,P004,Notebook Pack,29
2027-07-29,P004,Notebook Pack,17
2027-07-29,P004,Notebook Pack,56
2027-07-29,P005,LED Desk Lamp,33
2027-07-29,P005,LED Desk Lamp,33
2027-07-29,P005,LED Desk Lamp,44
2027-07-29,P005,LED Desk Lamp,48
2027-07-29,P006,Running Shoes,50
2027-07-29,P006,Running Shoes,38
2027-07-29,P006,Running Shoes,48
2027-07-29,P006,Running Shoes,42
2027-07-29,P007,Yoga Mat,33
2027-07-29,P007,Yoga Mat,59
2027-07-29,P007,Yoga Mat,54
2027-07-29,P007,Yoga Mat,59
2027-07-29,P008,Coffee Maker,38
2027-07-29,P008,Coffee Maker,34
2027-07-29,P008,Coffee Maker,51
2027-07-29,P008,Coffee Maker,64
2027-07-30,P001,Wireless Mouse,54
2027-07-30,P001,Wireless Mouse,62
2027-07-30,P001,Wireless Mouse,54
2027-07-30,P001,Wireless Mouse,30
2027-07-30,P002,Bluetooth Speaker,27
2027-07-30,P002,Bluetooth Speaker,28
2027-07-30,P002,Bluetooth Speaker,66
2027-07-30,P002,Bluetooth Speaker,25
2027-07-30,P003,Office Chair,31
2027-07-30,P003,Office Chair,47
2027-07-30,P003,Office Chair,43
2027-07-30,P003,Office Chair,44
2027-07-30,P004,Notebook Pack,53
2027-07-30,P004,Notebook Pack,27
2027-07-30,P004,Notebook Pack,26
2027-07-30,P004,Notebook Pack,42
2027-07-30,P005,LED Desk Lamp,38
2027-07-30,P005,LED Desk Lamp,33
2027-07-30,P005,LED Desk Lamp,45
2027-07-30,P005,LED Desk Lamp,30
2027-07-30,P006,Running Shoes,44
2027-07-30,P006,Running Shoes,42
2027-07-30,P006,Running Shoes,38
2027-07-30,P006,Running Shoes,61
2027-07-30,P007,Yoga Mat,37
2027-07-30,P007,Yoga Mat,55
2027-07-30,P007,Yoga Mat,73
2027-07-30,P007,Yoga Mat,53
2027-07-30,P008,Coffee Maker,49
2027-07-30,P008,Coffee Maker,42
2027-07-30,P008,Coffee Maker,39
2027-07-30,P008,Coffee Maker,52
2027-07-31,P001,Wireless Mouse,53
2027-07-31,P001,Wireless Mouse,61
2027-07-31,P001,Wireless Mouse,47
2027-07-31,P001,Wireless Mouse,37
2027-07-31,P002,Bluetooth Speaker,38
2027-07-31,P002,Bluetooth Speaker,34
2027-07-31,P002,Bluetooth Speaker,43
2027-07-31,P002,Bluetooth Speaker,22
2027-07-31,P003,Office Chair,52
2027-07-31,P003,Office Chair,41
2027-07-31,P003,Office Chair,56
2027-07-31,P003,Office Chair,24
2027-07-31,P004,Notebook Pack,53
2027-07-31,P004,Notebook Pack,25
2027-07-31,P004,Notebook Pack,43
2027-07-31,P004,Notebook Pack,42
2027-07-31,P005,LED Desk Lamp,35
2027-07-31,P005,LED Desk Lamp,34
2027-07-31,P005,LED Desk Lamp,54
2027-07-31,P005,LED Desk Lamp,37
2027-07-31,P006,Running Shoes,55
2027-07-31,P006,Running Shoes,53
2027-07-31,P006,Running Shoes,34
2027-07-31,P006,Running Shoes,47
2027-07-31,P007,Yoga Mat,37
2027-07-31,P007,Yoga Mat,67
2027-07-31,P007,Yoga Mat,54
2027-07-31,P007,Yoga Mat,58
2027-07-31,P008,Coffee Maker,27
2027-07-31,P008,Coffee Maker,38
2027-07-31,P008,Coffee Maker,67
2027-07-31,P008,Coffee Maker,41
2027-08-01,P001,Wireless Mouse,61
2027-08-01,P001,Wireless Mouse,52
2027-08-01,P001,Wireless Mouse,56
2027-08-01,P001,Wireless Mouse,18
2027-08-01,P002,Bluetooth Speaker,24
2027-08-01,P002,Bluetooth Speaker,31
2027-08-01,P002,Bluetooth Speaker,44
2027-08-01,P002,Bluetooth Speaker,25
2027-08-01,P003,Office Chair,36
2027-08-01,P003,Office Chair,44
2027-08-01,P003,Office Chair,39
2027-08-01,P003,Office Chair,42
2027-08-01,P004,Notebook Pack,45
2027-08-01,P004,Notebook Pack,35
2027-08-01,P004,Notebook Pack,57
2027-08-01,P004,Notebook Pack,33
2027-08-01,P005,LED Desk Lamp,44
2027-08-01,P005,LED Desk Lamp,37
2027-08-01,P005,LED Desk Lamp,37
2027-08-01,P005,LED Desk Lamp,45
2027-08-01,P006,Running Shoes,57
2027-08-01,P006,Running Shoes,40
2027-08-01,P006,Running Shoes,37
2027-08-01,P006,Running Shoes,36
2027-08-01,P007,Yoga Mat,41
2027-08-01,P007,Yoga Mat,44
2027-08-01,P007,Yoga Mat,52
2027-08-01,P007,Yoga Mat,62
2027-08-01,P008,Coffee Maker,45
2027-08-01,P008,Coffee Maker,36
2027-08-01,P008,Coffee Maker,54
2027-08-01,P008,Coffee Maker,61
2027-08-02,P001,Wireless Mouse,40
2027-08-02,P001,Wireless Mouse,46
2027-08-02,P001,Wireless Mouse,52
2027-08-02,P001,Wireless Mouse,43
2027-08-02,P002,Bluetooth Speaker,31
2027-08-02,P002,Bluetooth Speaker,44
2027-08-02,P002,Bluetooth Speaker,44
2027-08-02,P002,Bluetooth Speaker,30
2027-08-02,P003,Office Chair,35
2027-08-02,P003,Office Chair,32
2027-08-02,P003,Office Chair,40
2027-08-02,P003,Office Chair,17
2027-08-02,P004,Notebook Pack,57
2027-08-02,P004,Notebook Pack,37
2027-08-02,P004,Notebook Pack,27
2027-08-02,P004,Notebook Pack,49
2027-08-02,P005,LED Desk Lamp,52
2027-08-02,P005,LED Desk Lamp,25
2027-08-02,P005,LED Desk Lamp,47
2027-08-02,P005,LED Desk Lamp,53
2027-08-02,P006,Running Shoes,45
2027-08-02,P006,Running Shoes,47
2027-08-02,P006,Running Shoes,47
2027-08-02,P006,Running Shoes,38
2027-08-02,P007,Yoga Mat,51
2027-08-02,P007,Yoga Mat,47
2027-08-02,P007,Yoga Mat,58
2027-08-02,P007,Yoga Mat,65
2027-08-02,P008,Coffee Maker,36
2027-08-02,P008,Coffee Maker,33
2027-08-02,P008,Coffee Maker,50
2027-08-02,P008,Coffee Maker,55
2027-08-03,P001,Wireless Mouse,34
2027-08-03,P001,Wireless Mouse,47
2027-08-03,P001,Wireless Mouse,59
2027-08-03,P001,Wireless Mouse,26
2027-08-03,P002,Bluetooth Speaker,27
2027-08-03,P002,Bluetooth Speaker,36
2027-08-03,P002,Bluetooth Speaker,57
2027-08-03,P002,Bluetooth Speaker,33
2027-08-03,P003,Office Chair,42
2027-08-03,P003,Office Chair,40
2027-08-03,P003,Office Chair,46
2027-08-03,P003,Office Chair,29
2027-08-03,P004,Notebook Pack,52
2027-08-03,P004,Notebook Pack,40
2027-08-03,P004,Notebook Pack,39
2027-08-03,P004,Notebook Pack,44
2027-08-03,P005,LED Desk Lamp,43
2027-08-03,P005,LED Desk Lamp,40
2027-08-03,P005,LED Desk Lamp,59
2027-08-03,P005,LED Desk Lamp,20
2027-08-03,P006,Running Shoes,52
2027-08-03,P006,Running Shoes,59
2027-08-03,P006,Running Shoes,46
2027-08-03,P006,Running Shoes,41
2027-08-03,P007,Yoga Mat,33
2027-08-03,P007,Yoga Mat,54
2027-08-03,P007,Yoga Mat,61
2027-08-03,P007,Yoga Mat,67
2027-08-03,P008,Coffee Maker,55
2027-08-03,P008,Coffee Maker,41
2027-08-03,P008,Coffee Maker,24
2027-08-03,P008,Coffee Maker,53
2027-08-04,P001,Wireless Mouse,54
2027-08-04,P001,Wireless Mouse,53
2027-08-04,P001,Wireless Mouse,47
2027-08-04,P001,Wireless Mouse,29
2027-08-04,P002,Bluetooth Speaker,12
2027-08-04,P002,Bluetooth Speaker,37
2027-08-04,P002,Bluetooth Speaker,52
2027-08-04,P002,Bluetooth Speaker,28
2027-08-04,P003,Office Chair,36
2027-08-04,P003,Office Chair,40
2027-08-04,P003,Office Chair,34
2027-08-04,P003,Office Chair,25
2027-08-04,P004,Notebook Pack,55
2027-08-04,P004,Notebook Pack,33
2027-08-04,P004,Notebook Pack,46
2027-08-04,P004,Notebook Pack,36
2027-08-04,P005,LED Desk Lamp,47
2027-08-04,P005,LED Desk Lamp,26
2027-08-04,P005,LED Desk Lamp,47
2027-08-04,P005,LED Desk Lamp,26
2027-08-04,P006,Running Shoes,44
2027-08-04,P006,Running Shoes,35
2027-08-04,P006,Running Shoes,32
2027-08-04,P006,Running Shoes,44
2027-08-04,P007,Yoga Mat,32
2027-08-04,P007,Yoga Mat,45
2027-08-04,P007,Yoga Mat,35
2027-08-04,P007,Yoga Mat,48
2027-08-04,P008,Coffee Maker,34
2027-08-04,P008,Coffee Maker,34
2027-08-04,P008,Coffee Maker,42
2027-08-04,P008,Coffee Maker,37
2027-08-05,P001,Wireless Mouse,30
2027-08-05,P001,Wireless Mouse,51
2027-08-05,P001,Wireless Mouse,42
2027-08-05,P001,Wireless Mouse,37
2027-08-05,P002,Bluetooth Speaker,23
2027-08-05,P002,Bluetooth Speaker,30
2027-08-05,P002,Bluetooth Speaker,59
2027-08-05,P002,Bluetooth Speaker,19
2027-08-05,P003,Office Chair,32
2027-08-05,P003,Office Chair,44
2027-08-05,P003,Office Chair,49
2027-08-05,P003,Office Chair,32
2027-08-05,P004,Notebook Pack,49
2027-08-05,P004,Notebook Pack,29
2027-08-05,P004,Notebook Pack,17
2027-08-05,P004,Notebook Pack,55
2027-08-05,P005,LED Desk Lamp,33
2027-08-05,P005,LED Desk Lamp,33
2027-08-05,P005,LED Desk Lamp,44
2027-08-05,P005,LED Desk Lamp,48
2027-08-05,P006,Running Shoes,50
2027-08-05,P006,Running Shoes,38
2027-08-05,P006,Running Shoes,48
2027-08-05,P006,Running Shoes,42
2027-08-05,P007,Yoga Mat,33
2027-08-05,P007,Yoga Mat,59
2027-08-05,P007,Yoga Mat,54
2027-08-05,P007,Yoga Mat,59
2027-08-05,P008,Coffee Maker,38
2027-08-05,P008,Coffee Maker,34
2027-08-05,P008,Coffee Maker,51
2027-08-05,P008,Coffee Maker,64
2027-08-06,P001,Wireless Mouse,54
2027-08-06,P001,Wireless Mouse,63
2027-08-06,P001,Wireless Mouse,54
2027-08-06,P001,Wireless Mouse,30
2027-08-06,P002,Bluetooth Speaker,27
2027-08-06,P002,Bluetooth Speaker,28
2027-08-06,P002,Bluetooth Speaker,66
2027-08-06,P002,Bluetooth Speaker,25
2027-08-06,P003,Office Chair,31
2027-08-06,P003,Office Chair,47
2027-08-06,P003,Office Chair,43
2027-08-06,P003,Office Chair,44
2027-08-06,P004,Notebook Pack,53
2027-08-06,P004,Notebook Pack,27
2027-08-06,P004,Notebook Pack,26
2027-08-06,P004,Notebook Pack,42
2027-08-06,P005,LED Desk Lamp,38
2027-08-06,P005,LED Desk Lamp,33
2027-08-06,P005,LED Desk Lamp,45
2027-08-06,P005,LED Desk Lamp,30
2027-08-06,P006,Running Shoes,44
2027-08-06,P006,Running Shoes,42
2027-08-06,P006,Running Shoes,38
2027-08-06,P006,Running Shoes,61
2027-08-06,P007,Yoga Mat,38
2027-08-06,P007,Yoga Mat,55
2027-08-06,P007,Yoga Mat,74
2027-08-06,P007,Yoga Mat,53
2027-08-06,P008,Coffee Maker,49
2027-08-06,P008,Coffee Maker,42
2027-08-06,P008,Coffee Maker,39
2027-08-06,P008,Coffee Maker,53
2027-08-07,P001,Wireless Mouse,53
2027-08-07,P001,Wireless Mouse,61
2027-08-07,P001,Wireless Mouse,47
2027-08-07,P001,Wireless Mouse,37
2027-08-07,P002,Bluetooth Speaker,37
2027-08-07,P002,Bluetooth Speaker,34
2027-08-07,P002,Bluetooth Speaker,43
2027-08-07,P002,Bluetooth Speaker,22
2027-08-07,P003,Office Chair,52
2027-08-07,P003,Office Chair,41
2027-08-07,P003,Office Chair,57
2027-08-07,P003,Office Chair,24
2027-08-07,P004,Notebook Pack,53
2027-08-07,P004,Notebook Pack,25
2027-08-07,P004,Notebook Pack,43
2027-08-07,P004,Notebook Pack,42
2027-08-07,P005,LED Desk Lamp,35
2027-08-07,P005,LED Desk Lamp,34
2027-08-07,P005,LED Desk Lamp,54
2027-08-07,P005,LED Desk Lamp,37
2027-08-07,P006,Running Shoes,55
2027-08-07,P006,Running Shoes,53
2027-08-07,P006,Running Shoes,34
2027-08-07,P006,Running Shoes,47
2027-08-07,P007,Yoga Mat,37
2027-08-07,P007,Yoga Mat,67
2027-08-07,P007,Yoga Mat,54
2027-08-07,P007,Yoga Mat,58
2027-08-07,P008,Coffee Maker,27
2027-08-07,P008,Coffee Maker,38
2027-08-07,P008,Coffee Maker,67
2027-08-07,P008,Coffee Maker,41
2027-08-08,P001,Wireless Mouse,61
2027-08-08,P001,Wireless Mouse,52
2027-08-08,P001,Wireless Mouse,56
2027-08-08,P001,Wireless Mouse,18
2027-08-08,P002,Bluetooth Speaker,23
2027-08-08,P002,Bluetooth Speaker,31
2027-08-08,P002,Bluetooth Speaker,44
2027-08-08,P002,Bluetooth Speaker,25
2027-08-08,P003,Office Chair,36
2027-08-08,P003,Office Chair,44
2027-08-08,P003,Office Chair,39
2027-08-08,P003,Office Chair,42
2027-08-08,P004,Notebook Pack,45
2027-08-08,P004,Notebook Pack,35
2027-08-08,P004,Notebook Pack,56
2027-08-08,P004,Notebook Pack,33
2027-08-08,P005,LED Desk Lamp,44
2027-08-08,P005,LED Desk Lamp,37
2027-08-08,P005,LED Desk Lamp,37
2027-08-08,P005,LED Desk Lamp,45
2027-08-08,P006,Running Shoes,57
2027-08-08,P006,Running Shoes,40
2027-08-08,P006,Running Shoes,37
2027-08-08,P006,Running Shoes,37
2027-08-08,P007,Yoga Mat,41
2027-08-08,P007,Yoga Mat,44
2027-08-08,P007,Yoga Mat,52
2027-08-08,P007,Yoga Mat,63
2027-08-08,P008,Coffee Maker,45
2027-08-08,P008,Coffee Maker,36
2027-08-08,P008,Coffee Maker,54
2027-08-08,P008,Coffee Maker,61
2027-08-09,P001,Wireless Mouse,40
2027-08-09,P001,Wireless Mouse,47
2027-08-09,P001,Wireless Mouse,52
2027-08-09,P001,Wireless Mouse,43
2027-08-09,P002,Bluetooth Speaker,31
2027-08-09,P002,Bluetooth Speaker,44
2027-08-09,P002,Bluetooth Speaker,44
2027-08-09,P002,Bluetooth Speaker,30
2027-08-09,P003,Office Chair,35
2027-08-09,P003,Office Chair,32
2027-08-09,P003,Office Chair,40
2027-08-09,P003,Office Chair,16
2027-08-09,P004,Notebook Pack,57
2027-08-09,P004,Notebook Pack,37
2027-08-09,P004,Notebook Pack,27
2027-08-09,P004,Notebook Pack,49
2027-08-09,P005,LED Desk Lamp,52
2027-08-09,P005,LED Desk Lamp,25
2027-08-09,P005,LED Desk Lamp,47
2027-08-09,P005,LED Desk Lamp,53
2027-08-09,P006,Running Shoes,45
2027-08-09,P006,Running Shoes,47
2027-08-09,P006,Running Shoes,46
2027-08-09,P006,Running Shoes,38
2027-08-09,P007,Yoga Mat,51
2027-08-09,P007,Yoga Mat,48
2027-08-09,P007,Yoga Mat,58
2027-08-09,P007,Yoga Mat,65
2027-08-09,P008,Coffee Maker,36
2027-08-09,P008,Coffee Maker,33
2027-08-09,P008,Coffee Maker,50
2027-08-09,P008,Coffee Maker,55
2027-08-10,P001,Wireless Mouse,34
2027-08-10,P001,Wireless Mouse,47
2027-08-10,P001,Wireless Mouse,59
2027-08-10,P001,Wireless Mouse,26
2027-08-10,P002,Bluetooth Speaker,27
2027-08-10,P002,Bluetooth Speaker,36
2027-08-10,P002,Bluetooth Speaker,57
2027-08-10,P002,Bluetooth Speaker,33
2027-08-10,P003,Office Chair,42
2027-08-10,P003,Office Chair,40
2027-08-10,P003,Office Chair,46
2027-08-10,P003,Office Chair,29
2027-08-10,P004,Notebook Pack,52
2027-08-10,P004,Notebook Pack,40
2027-08-10,P004,Notebook Pack,39
2027-08-10,P004,Notebook Pack,44
2027-08-10,P005,LED Desk Lamp,43
2027-08-10,P005,LED Desk Lamp,40
2027-08-10,P005,LED Desk Lamp,59
2027-08-10,P005,LED Desk Lamp,20
2027-08-10,P006,Running Shoes,52
2027-08-10,P006,Running Shoes,59
2027-08-10,P006,Running Shoes,46
2027-08-10,P006,Running Shoes,41
2027-08-10,P007,Yoga Mat,33
2027-08-10,P007,Yoga Mat,54
2027-08-10,P007,Yoga Mat,61
2027-08-10,P007,Yoga Mat,67
2027-08-10,P008,Coffee Maker,55
2027-08-10,P008,Coffee Maker,41
2027-08-10,P008,Coffee Maker,24
2027-08-10,P008,Coffee Maker,53
2027-08-11,P001,Wireless Mouse,54
2027-08-11,P001,Wireless Mouse,53
2027-08-11,P001,Wireless Mouse,47
2027-08-11,P001,Wireless Mouse,29
2027-08-11,P002,Bluetooth Speaker,12
2027-08-11,P002,Bluetooth Speaker,37
2027-08-11,P002,Bluetooth Speaker,52
2027-08-11,P002,Bluetooth Speaker,28
2027-08-11,P003,Office Chair,36
2027-08-11,P003,Office Chair,40
2027-08-11,P003,Office Chair,34
2027-08-11,P003,Office Chair,25
2027-08-11,P004,Notebook Pack,55
2027-08-11,P004,Notebook Pack,33
2027-08-11,P004,Notebook Pack,46
2027-08-11,P004,Notebook Pack,36
2027-08-11,P005,LED Desk Lamp,47
2027-08-11,P005,LED Desk Lamp,26
2027-08-11,P005,LED Desk Lamp,47
2027-08-11,P005,LED Desk Lamp,26
2027-08-11,P006,Running Shoes,44
2027-08-11,P006,Running Shoes,35
2027-08-11,P006,Running Shoes,32
2027-08-11,P006,Running Shoes,44
2027-08-11,P007,Yoga Mat,32
2027-08-11,P007,Yoga Mat,45
2027-08-11,P007,Yoga Mat,35
2027-08-11,P007,Yoga Mat,48
2027-08-11,P008,Coffee Maker,34
2027-08-11,P008,Coffee Maker,34
2027-08-11,P008,Coffee Maker,42
2027-08-11,P008,Coffee Maker,37
2027-08-12,P001,Wireless Mouse,30
2027-08-12,P001,Wireless Mouse,51
2027-08-12,P001,Wireless Mouse,42
2027-08-12,P001,Wireless Mouse,37
2027-08-12,P002,Bluetooth Speaker,23
2027-08-12,P002,Bluetooth Speaker,30
2027-08-12,P002,Bluetooth Speaker,59
2027-08-12,P002,Bluetooth Speaker,19
2027-08-12,P003,Office Chair,32
2027-08-12,P003,Office Chair,44
2027-08-12,P003,Office Chair,50
2027-08-12,P003,Office Chair,32
2027-08-12,P004,Notebook Pack,49
2027-08-12,P004,Notebook Pack,29
2027-08-12,P004,Notebook Pack,17
2027-08-12,P004,Notebook Pack,55
2027-08-12,P005,LED Desk Lamp,33
2027-08-12,P005,LED Desk Lamp,33
2027-08-12,P005,LED Desk Lamp,44
2027-08-12,P005,LED Desk Lamp,47
2027-08-12,P006,Running Shoes,50
2027-08-12,P006,Running Shoes,38
2027-08-12,P006,Running Shoes,48
2027-08-12,P006,Running Shoes,42
2027-08-12,P007,Yoga Mat,33
2027-08-12,P007,Yoga Mat,59
2027-08-12,P007,Yoga Mat,55
2027-08-12,P007,Yoga Mat,59
2027-08-12,P008,Coffee Maker,38
2027-08-12,P008,Coffee Maker,33
2027-08-12,P008,Coffee Maker,51
2027-08-12,P008,Coffee Maker,65
2027-08-13,P001,Wireless Mouse,54
2027-08-13,P001,Wireless Mouse,63
2027-08-13,P001,Wireless Mouse,54
2027-08-13,P001,Wireless Mouse,30
2027-08-13,P002,Bluetooth Speaker,26
2027-08-13,P002,Bluetooth Speaker,28
2027-08-13,P002,Bluetooth Speaker,66
2027-08-13,P002,Bluetooth Speaker,25
2027-08-13,P003,Office Chair,31
2027-08-13,P003,Office Chair,47
2027-08-13,P003,Office Chair,43
2027-08-13,P003,Office Chair,44
2027-08-13,P004,Notebook Pack,53
2027-08-13,P004,Notebook Pack,27
2027-08-13,P004,Notebook Pack,26
2027-08-13,P004,Notebook Pack,42
2027-08-13,P005,LED Desk Lamp,38
2027-08-13,P005,LED Desk Lamp,33
2027-08-13,P005,LED Desk Lamp,45
2027-08-13,P005,LED Desk Lamp,30
2027-08-13,P006,Running Shoes,44
2027-08-13,P006,Running Shoes,42
2027-08-13,P006,Running Shoes,38
2027-08-13,P006,Running Shoes,61
2027-08-13,P007,Yoga Mat,38
2027-08-13,P007,Yoga Mat,55
2027-08-13,P007,Yoga Mat,74
2027-08-13,P007,Yoga Mat,54
2027-08-13,P008,Coffee Maker,49
2027-08-13,P008,Coffee Maker,42
2027-08-13,P008,Coffee Maker,39
2027-08-13,P008,Coffee Maker,53
2027-08-14,P001,Wireless Mouse,53
2027-08-14,P001,Wireless Mouse,61
2027-08-14,P001,Wireless Mouse,47
2027-08-14,P001,Wireless Mouse,37
2027-08-14,P002,Bluetooth Speaker,37
2027-08-14,P002,Bluetooth Speaker,34
2027-08-14,P002,Bluetooth Speaker,44
2027-08-14,P002,Bluetooth Speaker,22
2027-08-14,P003,Office Chair,52
2027-08-14,P003,Office Chair,40
2027-08-14,P003,Office Chair,57
2027-08-14,P003,Office Chair,24
2027-08-14,P004,Notebook Pack,53
2027-08-14,P004,Notebook Pack,25
2027-08-14,P004,Notebook Pack,43
2027-08-14,P004,Notebook Pack,42
2027-08-14,P005,LED Desk Lamp,35
2027-08-14,P005,LED Desk Lamp,34
2027-08-14,P005,LED Desk Lamp,54
2027-08-14,P005,LED Desk Lamp,37
2027-08-14,P006,Running Shoes,55
2027-08-14,P006,Running Shoes,52
2027-08-14,P006,Running Shoes,34
2027-08-14,P006,Running Shoes,47
2027-08-14,P007,Yoga Mat,37
2027-08-14,P007,Yoga Mat,67
2027-08-14,P007,Yoga Mat,54
2027-08-14,P007,Yoga Mat,58
2027-08-14,P008,Coffee Maker,27
2027-08-14,P008,Coffee Maker,38
2027-08-14,P008,Coffee Maker,67
2027-08-14,P008,Coffee Maker,41
2027-08-15,P001,Wireless Mouse,61
2027-08-15,P001,Wireless Mouse,53
2027-08-15,P001,Wireless Mouse,56
2027-08-15,P001,Wireless Mouse,18
2027-08-15,P002,Bluetooth Speaker,23
2027-08-15,P002,Bluetooth Speaker,31
2027-08-15,P002,Bluetooth Speaker,44
2027-08-15,P002,Bluetooth Speaker,25
2027-08-15,P003,Office Chair,36
2027-08-15,P003,Office Chair,44
2027-08-15,P003,Office Chair,39
2027-08-15,P003,Office Chair,42
2027-08-15,P004,Notebook Pack,45
2027-08-15,P004,Notebook Pack,35
2027-08-15,P004,Notebook Pack,56
2027-08-15,P004,Notebook Pack,32
2027-08-15,P005,LED Desk Lamp,44
2027-08-15,P005,LED Desk Lamp,37
2027-08-15,P005,LED Desk Lamp,37
2027-08-15,P005,LED Desk Lamp,45
2027-08-15,P006,Running Shoes,57
2027-08-15,P006,Running Shoes,40
2027-08-15,P006,Running Shoes,37
2027-08-15,P006,Running Shoes,37
2027-08-15,P007,Yoga Mat,41
2027-08-15,P007,Yoga Mat,44
2027-08-15,P007,Yoga Mat,52
2027-08-15,P007,Yoga Mat,63
2027-08-15,P008,Coffee Maker,45
2027-08-15,P008,Coffee Maker,36
2027-08-15,P008,Coffee Maker,54
2027-08-15,P008,Coffee Maker,61
2027-08-16,P001,Wireless Mouse,40
2027-08-16,P001,Wireless Mouse,47
2027-08-16,P001,Wireless Mouse,52
2027-08-16,P001,Wireless Mouse,43
2027-08-16,P002,Bluetooth Speaker,30
2027-08-16,P002,Bluetooth Speaker,44
2027-08-16,P002,Bluetooth Speaker,44
2027-08-16,P002,Bluetooth Speaker,30
2027-08-16,P003,Office Chair,35
2027-08-16,P003,Office Chair,32
2027-08-16,P003,Office Chair,40
2027-08-16,P003,Office Chair,16
2027-08-16,P004,Notebook Pack,57
2027-08-16,P004,Notebook Pack,37
2027-08-16,P004,Notebook Pack,27
2027-08-16,P004,Notebook Pack,49
2027-08-16,P005,LED Desk Lamp,51
2027-08-16,P005,LED Desk Lamp,25
2027-08-16,P005,LED Desk Lamp,47
2027-08-16,P005,LED Desk Lamp,53
2027-08-16,P006,Running Shoes,45
2027-08-16,P006,Running Shoes,47
2027-08-16,P006,Running Shoes,46
2027-08-16,P006,Running Shoes,38
2027-08-16,P007,Yoga Mat,51
2027-08-16,P007,Yoga Mat,48
2027-08-16,P007,Yoga Mat,58
2027-08-16,P007,Yoga Mat,66
2027-08-16,P008,Coffee Maker,36
2027-08-16,P008,Coffee Maker,33
2027-08-16,P008,Coffee Maker,49
2027-08-16,P008,Coffee Maker,55
2027-08-17,P001,Wireless Mouse,34
2027-08-17,P001,Wireless Mouse,47
2027-08-17,P001,Wireless Mouse,59
2027-08-17,P001,Wireless Mouse,26
2027-08-17,P002,Bluetooth Speaker,27
2027-08-17,P002,Bluetooth Speaker,36
2027-08-17,P002,Bluetooth Speaker,57
2027-08-17,P002,Bluetooth Speaker,33
2027-08-17,P003,Office Chair,42
2027-08-17,P003,Office Chair,39
2027-08-17,P003,Office Chair,46
2027-08-17,P003,Office Chair,28
2027-08-17,P004,Notebook Pack,52
2027-08-17,P004,Notebook Pack,40
2027-08-17,P004,Notebook Pack,39
2027-08-17,P004,Notebook Pack,44
2027-08-17,P005,LED Desk Lamp,43
2027-08-17,P005,LED Desk Lamp,40
2027-08-17,P005,LED Desk Lamp,58
2027-08-17,P005,LED Desk Lamp,20
2027-08-17,P006,Running Shoes,52
2027-08-17,P006,Running Shoes,59
2027-08-17,P006,Running Shoes,46
2027-08-17,P006,Running Shoes,41
2027-08-17,P007,Yoga Mat,33
2027-08-17,P007,Yoga Mat,54
2027-08-17,P007,Yoga Mat,62
2027-08-17,P007,Yoga Mat,67
2027-08-17,P008,Coffee Maker,55
2027-08-17,P008,Coffee Maker,41
2027-08-17,P008,Coffee Maker,24
2027-08-17,P008,Coffee Maker,53
2027-08-18,P001,Wireless Mouse,54
2027-08-18,P001,Wireless Mouse,53
2027-08-18,P001,Wireless Mouse,47
2027-08-18,P001,Wireless Mouse,29
2027-08-18,P002,Bluetooth Speaker,12
2027-08-18,P002,Bluetooth Speaker,37
2027-08-18,P002,Bluetooth Speaker,52
2027-08-18,P002,Bluetooth Speaker,28
2027-08-18,P003,Office Chair,36
2027-08-18,P003,Office Chair,40
2027-08-18,P003,Office Chair,34
2027-08-18,P003,Office Chair,25
2027-08-18,P004,Notebook Pack,56
2027-08-18,P004,Notebook Pack,33
2027-08-18,P004,Notebook Pack,46
2027-08-18,P004,Notebook Pack,36
2027-08-18,P005,LED Desk Lamp,47
2027-08-18,P005,LED Desk Lamp,26
2027-08-18,P005,LED Desk Lamp,47
2027-08-18,P005,LED Desk Lamp,26
2027-08-18,P006,Running Shoes,44
2027-08-18,P006,Running Shoes,35
2027-08-18,P006,Running Shoes,32
2027-08-18,P006,Running Shoes,44
2027-08-18,P007,Yoga Mat,32
2027-08-18,P007,Yoga Mat,45
2027-08-18,P007,Yoga Mat,35
2027-08-18,P007,Yoga Mat,48
2027-08-18,P008,Coffee Maker,34
2027-08-18,P008,Coffee Maker,34
2027-08-18,P008,Coffee Maker,42
2027-08-18,P008,Coffee Maker,37
2027-08-19,P001,Wireless Mouse,30
2027-08-19,P001,Wireless Mouse,51
2027-08-19,P001,Wireless Mouse,42
2027-08-19,P001,Wireless Mouse,37
2027-08-19,P002,Bluetooth Speaker,23
2027-08-19,P002,Bluetooth Speaker,30
2027-08-19,P002,Bluetooth Speaker,59
2027-08-19,P002,Bluetooth Speaker,19
2027-08-19,P003,Office Chair,32
2027-08-19,P003,Office Chair,44
2027-08-19,P003,Office Chair,50
2027-08-19,P003,Office Chair,31
2027-08-19,P004,Notebook Pack,49
2027-08-19,P004,Notebook Pack,29
2027-08-19,P004,Notebook Pack,17
2027-08-19,P004,Notebook Pack,55
2027-08-19,P005,LED Desk Lamp,33
2027-08-19,P005,LED Desk Lamp,33
2027-08-19,P005,LED Desk Lamp,44
2027-08-19,P005,LED Desk Lamp,47
2027-08-19,P006,Running Shoes,50
2027-08-19,P006,Running Shoes,38
2027-08-19,P006,Running Shoes,48
2027-08-19,P006,Running Shoes,42
2027-08-19,P007,Yoga Mat,33
2027-08-19,P007,Yoga Mat,59
2027-08-19,P007,Yoga Mat,55
2027-08-19,P007,Yoga Mat,59
2027-08-19,P008,Coffee Maker,38
2027-08-19,P008,Coffee Maker,33
2027-08-19,P008,Coffee Maker,50
2027-08-19,P008,Coffee Maker,65
2027-08-20,P001,Wireless Mouse,54
2027-08-20,P001,Wireless Mouse,63
2027-08-20,P001,Wireless Mouse,54
2027-08-20,P001,Wireless Mouse,30
2027-08-20,P002,Bluetooth Speaker,26
2027-08-20,P002,Bluetooth Speaker,28
2027-08-20,P002,Bluetooth Speaker,67
2027-08-20,P002,Bluetooth Speaker,25
2027-08-20,P003,Office Chair,31
2027-08-20,P003,Office Chair,47
2027-08-20,P003,Office Chair,43
2027-08-20,P003,Office Chair,44
2027-08-20,P004,Notebook Pack,53
2027-08-20,P004,Notebook Pack,27
2027-08-20,P004,Notebook Pack,26
2027-08-20,P004,Notebook Pack,42
2027-08-20,P005,LED Desk Lamp,38
2027-08-20,P005,LED Desk Lamp,33
2027-08-20,P005,LED Desk Lamp,45
2027-08-20,P005,LED Desk Lamp,30
2027-08-20,P006,Running Shoes,44
2027-08-20,P006,Running Shoes,42
2027-08-20,P006,Running Shoes,38
2027-08-20,P006,Running Shoes,62
2027-08-20,P007,Yoga Mat,38
2027-08-20,P007,Yoga Mat,55
2027-08-20,P007,Yoga Mat,74
2027-08-20,P007,Yoga Mat,54
2027-08-20,P008,Coffee Maker,49
2027-08-20,P008,Coffee Maker,42
2027-08-20,P008,Coffee Maker,39
2027-08-20,P008,Coffee Maker,53
2027-08-21,P001,Wireless Mouse,53
2027-08-21,P001,Wireless Mouse,61
2027-08-21,P001,Wireless Mouse,47
2027-08-21,P001,Wireless Mouse,37
2027-08-21,P002,Bluetooth Speaker,37
2027-08-21,P002,Bluetooth Speaker,34
2027-08-21,P002,Bluetooth Speaker,44
2027-08-21,P002,Bluetooth Speaker,22
2027-08-21,P003,Office Chair,51
2027-08-21,P003,Office Chair,40
2027-08-21,P003,Office Chair,57
2027-08-21,P003,Office Chair,24
2027-08-21,P004,Notebook Pack,53
2027-08-21,P004,Notebook Pack,25
2027-08-21,P004,Notebook Pack,43
2027-08-21,P004,Notebook Pack,42
2027-08-21,P005,LED Desk Lamp,34
2027-08-21,P005,LED Desk Lamp,34
2027-08-21,P005,LED Desk Lamp,54
2027-08-21,P005,LED Desk Lamp,37
2027-08-21,P006,Running Shoes,55
2027-08-21,P006,Running Shoes,52
2027-08-21,P006,Running Shoes,34
2027-08-21,P006,Running Shoes,47
2027-08-21,P007,Yoga Mat,37
2027-08-21,P007,Yoga Mat,67
2027-08-21,P007,Yoga Mat,54
2027-08-21,P007,Yoga Mat,58
2027-08-21,P008,Coffee Maker,27
2027-08-21,P008,Coffee Maker,38
2027-08-21,P008,Coffee Maker,67
2027-08-21,P008,Coffee Maker,41
2027-08-22,P001,Wireless Mouse,61
2027-08-22,P001,Wireless Mouse,53
2027-08-22,P001,Wireless Mouse,56
2027-08-22,P001,Wireless Mouse,18
2027-08-22,P002,Bluetooth Speaker,23
2027-08-22,P002,Bluetooth Speaker,30
2027-08-22,P002,Bluetooth Speaker,44
2027-08-22,P002,Bluetooth Speaker,25
2027-08-22,P003,Office Chair,36
2027-08-22,P003,Office Chair,43
2027-08-22,P003,Office Chair,39
2027-08-22,P003,Office Chair,41
2027-08-22,P004,Notebook Pack,45
2027-08-22,P004,Notebook Pack,35
2027-08-22,P004,Notebook Pack,56
2027-08-22,P004,Notebook Pack,32
2027-08-22,P005,LED Desk Lamp,44
2027-08-22,P005,LED Desk Lamp,36
2027-08-22,P005,LED Desk Lamp,37
2027-08-22,P005,LED Desk Lamp,45
2027-08-22,P006,Running Shoes,57
2027-08-22,P006,Running Shoes,40
2027-08-22,P006,Running Shoes,37
2027-08-22,P006,Running Shoes,37
2027-08-22,P007,Yoga Mat,41
2027-08-22,P007,Yoga Mat,44
2027-08-22,P007,Yoga Mat,52
2027-08-22,P007,Yoga Mat,63
2027-08-22,P008,Coffee Maker,45
2027-08-22,P008,Coffee Maker,36
2027-08-22,P008,Coffee Maker,54
2027-08-22,P008,Coffee Maker,61
2027-08-23,P001,Wireless Mouse,40
2027-08-23,P001,Wireless Mouse,47
2027-08-23,P001,Wireless Mouse,52
2027-08-23,P001,Wireless Mouse,43
2027-08-23,P002,Bluetooth Speaker,30
2027-08-23,P002,Bluetooth Speaker,44
2027-08-23,P002,Bluetooth Speaker,44
2027-08-23,P002,Bluetooth Speaker,30
2027-08-23,P003,Office Chair,35
2027-08-23,P003,Office Chair,32
2027-08-23,P003,Office Chair,40
2027-08-23,P003,Office Chair,16
2027-08-23,P004,Notebook Pack,57
2027-08-23,P004,Notebook Pack,37
2027-08-23,P004,Notebook Pack,27
2027-08-23,P004,Notebook Pack,49
2027-08-23,P005,LED Desk Lamp,51
2027-08-23,P005,LED Desk Lamp,24
2027-08-23,P005,LED Desk Lamp,47
2027-08-23,P005,LED Desk Lamp,52
2027-08-23,P006,Running Shoes,45
2027-08-23,P006,Running Shoes,47
2027-08-23,P006,Running Shoes,46
2027-08-23,P006,Running Shoes,38
2027-08-23,P007,Yoga Mat,51
2027-08-23,P007,Yoga Mat,48
2027-08-23,P007,Yoga Mat,58
2027-08-23,P007,Yoga Mat,66
2027-08-23,P008,Coffee Maker,36
2027-08-23,P008,Coffee Maker,33
2027-08-23,P008,Coffee Maker,49
2027-08-23,P008,Coffee Maker,55
2027-08-24,P001,Wireless Mouse,34
2027-08-24,P001,Wireless Mouse,47
2027-08-24,P001,Wireless Mouse,59
2027-08-24,P001,Wireless Mouse,26
2027-08-24,P002,Bluetooth Speaker,27
2027-08-24,P002,Bluetooth Speaker,36
2027-08-24,P002,Bluetooth Speaker,57
2027-08-24,P002,Bluetooth Speaker,33
2027-08-24,P003,Office Chair,42
2027-08-24,P003,Office Chair,39
2027-08-24,P003,Office Chair,46
2027-08-24,P003,Office Chair,28
2027-08-24,P004,Notebook Pack,52
2027-08-24,P004,Notebook Pack,39
2027-08-24,P004,Notebook Pack,38
2027-08-24,P004,Notebook Pack,43
2027-08-24,P005,LED Desk Lamp,43
2027-08-24,P005,LED Desk Lamp,39
2027-08-24,P005,LED Desk Lamp,58
2027-08-24,P005,LED Desk Lamp,20
2027-08-24,P006,Running Shoes,52
2027-08-24,P006,Running Shoes,59
2027-08-24,P006,Running Shoes,46
2027-08-24,P006,Running Shoes,41
2027-08-24,P007,Yoga Mat,33
2027-08-24,P007,Yoga Mat,54
2027-08-24,P007,Yoga Mat,62
2027-08-24,P007,Yoga Mat,68
2027-08-24,P008,Coffee Maker,55
2027-08-24,P008,Coffee Maker,40
2027-08-24,P008,Coffee Maker,24
2027-08-24,P008,Coffee Maker,53
2027-08-25,P001,Wireless Mouse,55
2027-08-25,P001,Wireless Mouse,53
2027-08-25,P001,Wireless Mouse,47
2027-08-25,P001,Wireless Mouse,29
2027-08-25,P002,Bluetooth Speaker,12
2027-08-25,P002,Bluetooth Speaker,37
2027-08-25,P002,Bluetooth Speaker,52
2027-08-25,P002,Bluetooth Speaker,27
2027-08-25,P003,Office Chair,36
2027-08-25,P003,Office Chair,40
2027-08-25,P003,Office Chair,34
2027-08-25,P003,Office Chair,25
2027-08-25,P004,Notebook Pack,56
2027-08-25,P004,Notebook Pack,33
2027-08-25,P004,Notebook Pack,46
2027-08-25,P004,Notebook Pack,36
2027-08-25,P005,LED Desk Lamp,46
2027-08-25,P005,LED Desk Lamp,26
2027-08-25,P005,LED Desk Lamp,47
2027-08-25,P005,LED Desk Lamp,26
2027-08-25,P006,Running Shoes,44
2027-08-25,P006,Running Shoes,35
2027-08-25,P006,Running Shoes,32
2027-08-25,P006,Running Shoes,44
2027-08-25,P007,Yoga Mat,32
2027-08-25,P007,Yoga Mat,45
2027-08-25,P007,Yoga Mat,35
2027-08-25,P007,Yoga Mat,49
2027-08-25,P008,Coffee Maker,34
2027-08-25,P008,Coffee Maker,34
2027-08-25,P008,Coffee Maker,42
2027-08-25,P008,Coffee Maker,37
2027-08-26,P001,Wireless Mouse,30
2027-08-26,P001,Wireless Mouse,51
2027-08-26,P001,Wireless Mouse,42
2027-08-26,P001,Wireless Mouse,37
2027-08-26,P002,Bluetooth Speaker,23
2027-08-26,P002,Bluetooth Speaker,29
2027-08-26,P002,Bluetooth Speaker,59
2027-08-26,P002,Bluetooth Speaker,19
2027-08-26,P003,Office Chair,32
2027-08-26,P003,Office Chair,44
2027-08-26,P003,Office Chair,50
2027-08-26,P003,Office Chair,31
2027-08-26,P004,Notebook Pack,49
2027-08-26,P004,Notebook Pack,29
2027-08-26,P004,Notebook Pack,17
2027-08-26,P004,Notebook Pack,55
2027-08-26,P005,LED Desk Lamp,33
2027-08-26,P005,LED Desk Lamp,33
2027-08-26,P005,LED Desk Lamp,43
2027-08-26,P005,LED Desk Lamp,47
2027-08-26,P006,Running Shoes,50
2027-08-26,P006,Running Shoes,38
2027-08-26,P006,Running Shoes,48
2027-08-26,P006,Running Shoes,42
2027-08-26,P007,Yoga Mat,33
2027-08-26,P007,Yoga Mat,59
2027-08-26,P007,Yoga Mat,55
2027-08-26,P007,Yoga Mat,59
2027-08-26,P008,Coffee Maker,38
2027-08-26,P008,Coffee Maker,33
2027-08-26,P008,Coffee Maker,50
2027-08-26,P008,Coffee Maker,65
2027-08-27,P001,Wireless Mouse,54
2027-08-27,P001,Wireless Mouse,63
2027-08-27,P001,Wireless Mouse,54
2027-08-27,P001,Wireless Mouse,30
2027-08-27,P002,Bluetooth Speaker,26
2027-08-27,P002,Bluetooth Speaker,28
2027-08-27,P002,Bluetooth Speaker,67
2027-08-27,P002,Bluetooth Speaker,25
2027-08-27,P003,Office Chair,31
2027-08-27,P003,Office Chair,47
2027-08-27,P003,Office Chair,43
2027-08-27,P003,Office Chair,44
2027-08-27,P004,Notebook Pack,54
2027-08-27,P004,Notebook Pack,27
2027-08-27,P004,Notebook Pack,26
2027-08-27,P004,Notebook Pack,42
2027-08-27,P005,LED Desk Lamp,38
2027-08-27,P005,LED Desk Lamp,33
2027-08-27,P005,LED Desk Lamp,45
2027-08-27,P005,LED Desk Lamp,30
2027-08-27,P006,Running Shoes,44
2027-08-27,P006,Running Shoes,42
2027-08-27,P006,Running Shoes,38
2027-08-27,P006,Running Shoes,62
2027-08-27,P007,Yoga Mat,38
2027-08-27,P007,Yoga Mat,55
2027-08-27,P007,Yoga Mat,74
2027-08-27,P007,Yoga Mat,54
2027-08-27,P008,Coffee Maker,49
2027-08-27,P008,Coffee Maker,42
2027-08-27,P008,Coffee Maker,39
2027-08-27,P008,Coffee Maker,53
2027-08-28,P001,Wireless Mouse,53
2027-08-28,P001,Wireless Mouse,61
2027-08-28,P001,Wireless Mouse,47
2027-08-28,P001,Wireless Mouse,37
2027-08-28,P002,Bluetooth Speaker,37
2027-08-28,P002,Bluetooth Speaker,34
2027-08-28,P002,Bluetooth Speaker,44
2027-08-28,P002,Bluetooth Speaker,22
2027-08-28,P003,Office Chair,51
2027-08-28,P003,Office Chair,40
2027-08-28,P003,Office Chair,57
2027-08-28,P003,Office Chair,24
2027-08-28,P004,Notebook Pack,53
2027-08-28,P004,Notebook Pack,25
2027-08-28,P004,Notebook Pack,43
2027-08-28,P004,Notebook Pack,41
2027-08-28,P005,LED Desk Lamp,34
2027-08-28,P005,LED Desk Lamp,34
2027-08-28,P005,LED Desk Lamp,54
2027-08-28,P005,LED Desk Lamp,37
2027-08-28,P006,Running Shoes,55
2027-08-28,P006,Running Shoes,52
2027-08-28,P006,Running Shoes,34
2027-08-28,P006,Running Shoes,47
2027-08-28,P007,Yoga Mat,37
2027-08-28,P007,Yoga Mat,67
2027-08-28,P007,Yoga Mat,54
2027-08-28,P007,Yoga Mat,58
2027-08-28,P008,Coffee Maker,27
2027-08-28,P008,Coffee Maker,37
2027-08-28,P008,Coffee Maker,67
2027-08-28,P008,Coffee Maker,41
2027-08-29,P001,Wireless Mouse,61
2027-08-29,P001,Wireless Mouse,53
2027-08-29,P001,Wireless Mouse,56
2027-08-29,P001,Wireless Mouse,18
2027-08-29,P002,Bluetooth Speaker,23
2027-08-29,P002,Bluetooth Speaker,30
2027-08-29,P002,Bluetooth Speaker,44
2027-08-29,P002,Bluetooth Speaker,25
2027-08-29,P003,Office Chair,36
2027-08-29,P003,Office Chair,43
2027-08-29,P003,Office Chair,39
2027-08-29,P003,Office Chair,41
2027-08-29,P004,Notebook Pack,45
2027-08-29,P004,Notebook Pack,34
2027-08-29,P004,Notebook Pack,56
2027-08-29,P004,Notebook Pack,32
2027-08-29,P005,LED Desk Lamp,44
2027-08-29,P005,LED Desk Lamp,36
2027-08-29,P005,LED Desk Lamp,37
2027-08-29,P005,LED Desk Lamp,45
2027-08-29,P006,Running Shoes,57
2027-08-29,P006,Running Shoes,40
2027-08-29,P006,Running Shoes,37
2027-08-29,P006,Running Shoes,37
2027-08-29,P007,Yoga Mat,41
2027-08-29,P007,Yoga Mat,44
2027-08-29,P007,Yoga Mat,52
2027-08-29,P007,Yoga Mat,63
2027-08-29,P008,Coffee Maker,45
2027-08-29,P008,Coffee Maker,35
2027-08-29,P008,Coffee Maker,53
2027-08-29,P008,Coffee Maker,61
2027-08-30,P001,Wireless Mouse,40
2027-08-30,P001,Wireless Mouse,47
2027-08-30,P001,Wireless Mouse,52
2027-08-30,P001,Wireless Mouse,43
2027-08-30,P002,Bluetooth Speaker,30
2027-08-30,P002,Bluetooth Speaker,44
2027-08-30,P002,Bluetooth Speaker,45
2027-08-30,P002,Bluetooth Speaker,30
2027-08-30,P003,Office Chair,35
2027-08-30,P003,Office Chair,32
2027-08-30,P003,Office Chair,40
2027-08-30,P003,Office Chair,16
2027-08-30,P004,Notebook Pack,57
2027-08-30,P004,Notebook Pack,37
2027-08-30,P004,Notebook Pack,27
2027-08-30,P004,Notebook Pack,49
2027-08-30,P005,LED Desk Lamp,51
2027-08-30,P005,LED Desk Lamp,24
2027-08-30,P005,LED Desk Lamp,46
2027-08-30,P005,LED Desk Lamp,52
2027-08-30,P006,Running Shoes,45
2027-08-30,P006,Running Shoes,47
2027-08-30,P006,Running Shoes,46
2027-08-30,P006,Running Shoes,39
2027-08-30,P007,Yoga Mat,51
2027-08-30,P007,Yoga Mat,48
2027-08-30,P007,Yoga Mat,59
2027-08-30,P007,Yoga Mat,66
2027-08-30,P008,Coffee Maker,36
2027-08-30,P008,Coffee Maker,33
2027-08-30,P008,Coffee Maker,49
2027-08-30,P008,Coffee Maker,55
2027-08-31,P001,Wireless Mouse,34
2027-08-31,P001,Wireless Mouse,48
2027-08-31,P001,Wireless Mouse,59
2027-08-31,P001,Wireless Mouse,26
2027-08-31,P002,Bluetooth Speaker,27
2027-08-31,P002,Bluetooth Speaker,36
2027-08-31,P002,Bluetooth Speaker,58
2027-08-31,P002,Bluetooth Speaker,33
2027-08-31,P003,Office Chair,42
2027-08-31,P003,Office Chair,39
2027-08-31,P003,Office Chair,46
2027-08-31,P003,Office Chair,28
2027-08-31,P004,Notebook Pack,52
2027-08-31,P004,Notebook Pack,39
2027-08-31,P004,Notebook Pack,38
2027-08-31,P004,Notebook Pack,43
2027-08-31,P005,LED Desk Lamp,43
2027-08-31,P005,LED Desk Lamp,39
2027-08-31,P005,LED Desk Lamp,58
2027-08-31,P005,LED Desk Lamp,20
2027-08-31,P006,Running Shoes,52
2027-08-31,P006,Running Shoes,58
2027-08-31,P006,Running Shoes,46
2027-08-31,P006,Running Shoes,41
2027-08-31,P007,Yoga Mat,33
2027-08-31,P007,Yoga Mat,54
2027-08-31,P007,Yoga Mat,62
2027-08-31,P007,Yoga Mat,68
2027-08-31,P008,Coffee Maker,55
2027-08-31,P008,Coffee Maker,40
2027-08-31,P008,Coffee Maker,24
2027-08-31,P008,Coffee Maker,53
2027-09-01,P001,Wireless Mouse,55
2027-09-01,P001,Wireless Mouse,54
2027-09-01,P001,Wireless Mouse,47
2027-09-01,P001,Wireless Mouse,29
2027-09-01,P002,Bluetooth Speaker,12
2027-09-01,P002,Bluetooth Speaker,37
2027-09-01,P002,Bluetooth Speaker,52
2027-09-01,P002,Bluetooth Speaker,27
2027-09-01,P003,Office Chair,35
2027-09-01,P003,Office Chair,40
2027-09-01,P003,Office Chair,34
2027-09-01,P003,Office Chair,24
2027-09-01,P004,Notebook Pack,56
2027-09-01,P004,Notebook Pack,33
2027-09-01,P004,Notebook Pack,45
2027-09-01,P004,Notebook Pack,36
2027-09-01,P005,LED Desk Lamp,46
2027-09-01,P005,LED Desk Lamp,26
2027-09-01,P005,LED Desk Lamp,47
2027-09-01,P005,LED Desk Lamp,26
2027-09-01,P006,Running Shoes,44
2027-09-01,P006,Running Shoes,35
2027-09-01,P006,Running Shoes,32
2027-09-01,P006,Running Shoes,44
2027-09-01,P007,Yoga Mat,32
2027-09-01,P007,Yoga Mat,45
2027-09-01,P007,Yoga Mat,36
2027-09-01,P007,Yoga Mat,49
2027-09-01,P008,Coffee Maker,34
2027-09-01,P008,Coffee Maker,34
2027-09-01,P008,Coffee Maker,42
2027-09-01,P008,Coffee Maker,37
2027-09-02,P001,Wireless Mouse,30
2027-09-02,P001,Wireless Mouse,51
2027-09-02,P001,Wireless Mouse,42
2027-09-02,P001,Wireless Mouse,37
2027-09-02,P002,Bluetooth Speaker,23
2027-09-02,P002,Bluetooth Speaker,29
2027-09-02,P002,Bluetooth Speaker,59
2027-09-02,P002,Bluetooth Speaker,19
2027-09-02,P003,Office Chair,31
2027-09-02,P003,Office Chair,44
2027-09-02,P003,Office Chair,50
2027-09-02,P003,Office Chair,31
2027-09-02,P004,Notebook Pack,49
2027-09-02,P004,Notebook Pack,29
2027-09-02,P004,Notebook Pack,17
2027-09-02,P004,Notebook Pack,55
2027-09-02,P005,LED Desk Lamp,33
2027-09-02,P005,LED Desk Lamp,33
2027-09-02,P005,LED Desk Lamp,43
2027-09-02,P005,LED Desk Lamp,47
2027-09-02,P006,Running Shoes,50
2027-09-02,P006,Running Shoes,38
2027-09-02,P006,Running Shoes,48
2027-09-02,P006,Running Shoes,42
2027-09-02,P007,Yoga Mat,33
2027-09-02,P007,Yoga Mat,59
2027-09-02,P007,Yoga Mat,55
2027-09-02,P007,Yoga Mat,60
2027-09-02,P008,Coffee Maker,38
2027-09-02,P008,Coffee Maker,33
2027-09-02,P008,Coffee Maker,50
2027-09-02,P008,Coffee Maker,65
2027-09-03,P001,Wireless Mouse,54
2027-09-03,P001,Wireless Mouse,63
2027-09-03,P001,Wireless Mouse,54
2027-09-03,P001,Wireless Mouse,30
2027-09-03,P002,Bluetooth Speaker,26
2027-09-03,P002,Bluetooth Speaker,28
2027-09-03,P002,Bluetooth Speaker,67
2027-09-03,P002,Bluetooth Speaker,25
2027-09-03,P003,Office Chair,31
2027-09-03,P003,Office Chair,47
2027-09-03,P003,Office Chair,43
2027-09-03,P003,Office Chair,44
2027-09-03,P004,Notebook Pack,54
2027-09-03,P004,Notebook Pack,27
2027-09-03,P004,Notebook Pack,26
2027-09-03,P004,Notebook Pack,42
2027-09-03,P005,LED Desk Lamp,37
2027-09-03,P005,LED Desk Lamp,33
2027-09-03,P005,LED Desk Lamp,45
2027-09-03,P005,LED Desk Lamp,30
2027-09-03,P006,Running Shoes,44
2027-09-03,P006,Running Shoes,42
2027-09-03,P006,Running Shoes,38
2027-09-03,P006,Running Shoes,62
2027-09-03,P007,Yoga Mat,38
2027-09-03,P007,Yoga Mat,55
2027-09-03,P007,Yoga Mat,74
2027-09-03,P007,Yoga Mat,54
2027-09-03,P008,Coffee Maker,49
2027-09-03,P008,Coffee Maker,42
2027-09-03,P008,Coffee Maker,38
2027-09-03,P008,Coffee Maker,53
2027-09-04,P001,Wireless Mouse,53
2027-09-04,P001,Wireless Mouse,62
2027-09-04,P001,Wireless Mouse,47
2027-09-04,P001,Wireless Mouse,37
2027-09-04,P002,Bluetooth Speaker,37
2027-09-04,P002,Bluetooth Speaker,34
2027-09-04,P002,Bluetooth Speaker,44
2027-09-04,P002,Bluetooth Speaker,22
2027-09-04,P003,Office Chair,51
2027-09-04,P003,Office Chair,40
2027-09-04,P003,Office Chair,57
2027-09-04,P003,Office Chair,24
2027-09-04,P004,Notebook Pack,54
2027-09-04,P004,Notebook Pack,24
2027-09-04,P004,Notebook Pack,43
2027-09-04,P004,Notebook Pack,41
2027-09-04,P005,LED Desk Lamp,34
2027-09-04,P005,LED Desk Lamp,34
2027-09-04,P005,LED Desk Lamp,54
2027-09-04,P005,LED Desk Lamp,37
2027-09-04,P006,Running Shoes,55
2027-09-04,P006,Running Shoes,52
2027-09-04,P006,Running Shoes,34
2027-09-04,P006,Running Shoes,47
2027-09-04,P007,Yoga Mat,37
2027-09-04,P007,Yoga Mat,67
2027-09-04,P007,Yoga Mat,54
2027-09-04,P007,Yoga Mat,59
2027-09-04,P008,Coffee Maker,27
2027-09-04,P008,Coffee Maker,37
2027-09-04,P008,Coffee Maker,67
2027-09-04,P008,Coffee Maker,41
2027-09-05,P001,Wireless Mouse,61
2027-09-05,P001,Wireless Mouse,53
2027-09-05,P001,Wireless Mouse,56
2027-09-05,P001,Wireless Mouse,18
2027-09-05,P002,Bluetooth Speaker,23
2027-09-05,P002,Bluetooth Speaker,30
2027-09-05,P002,Bluetooth Speaker,45
2027-09-05,P002,Bluetooth Speaker,25
2027-09-05,P003,Office Chair,36
2027-09-05,P003,Office Chair,43
2027-09-05,P003,Office Chair,39
2027-09-05,P003,Office Chair,41
2027-09-05,P004,Notebook Pack,46
2027-09-05,P004,Notebook Pack,34
2027-09-05,P004,Notebook Pack,56
2027-09-05,P004,Notebook Pack,32
2027-09-05,P005,LED Desk Lamp,44
2027-09-05,P005,LED Desk Lamp,36
2027-09-05,P005,LED Desk Lamp,37
2027-09-05,P005,LED Desk Lamp,44
2027-09-05,P006,Running Shoes,57
2027-09-05,P006,Running Shoes,40
2027-09-05,P006,Running Shoes,36
2027-09-05,P006,Running Shoes,37
2027-09-05,P007,Yoga Mat,41
2027-09-05,P007,Yoga Mat,44
2027-09-05,P007,Yoga Mat,52
2027-09-05,P007,Yoga Mat,63
2027-09-05,P008,Coffee Maker,45
2027-09-05,P008,Coffee Maker,35
2027-09-05,P008,Coffee Maker,53
2027-09-05,P008,Coffee Maker,62
2027-09-06,P001,Wireless Mouse,40
2027-09-06,P001,Wireless Mouse,47
2027-09-06,P001,Wireless Mouse,52
2027-09-06,P001,Wireless Mouse,43
2027-09-06,P002,Bluetooth Speaker,30
2027-09-06,P002,Bluetooth Speaker,44
2027-09-06,P002,Bluetooth Speaker,45
2027-09-06,P002,Bluetooth Speaker,29
2027-09-06,P003,Office Chair,35
2027-09-06,P003,Office Chair,32
2027-09-06,P003,Office Chair,40
2027-09-06,P003,Office Chair,16
2027-09-06,P004,Notebook Pack,58
2027-09-06,P004,Notebook Pack,36
2027-09-06,P004,Notebook Pack,27
2027-09-06,P004,Notebook Pack,49
2027-09-06,P005,LED Desk Lamp,51
2027-09-06,P005,LED Desk Lamp,24
2027-09-06,P005,LED Desk Lamp,46
2027-09-06,P005,LED Desk Lamp,52
2027-09-06,P006,Running Shoes,45
2027-09-06,P006,Running Shoes,47
2027-09-06,P006,Running Shoes,46
2027-09-06,P006,Running Shoes,39
2027-09-06,P007,Yoga Mat,52
2027-09-06,P007,Yoga Mat,48
2027-09-06,P007,Yoga Mat,59
2027-09-06,P007,Yoga Mat,66
2027-09-06,P008,Coffee Maker,36
2027-09-06,P008,Coffee Maker,33
2027-09-06,P008,Coffee Maker,49
2027-09-06,P008,Coffee Maker,55
2027-09-07,P001,Wireless Mouse,34
2027-09-07,P001,Wireless Mouse,48
2027-09-07,P001,Wireless Mouse,59
2027-09-07,P001,Wireless Mouse,26
2027-09-07,P002,Bluetooth Speaker,26
2027-09-07,P002,Bluetooth Speaker,35
2027-09-07,P002,Bluetooth Speaker,58
2027-09-07,P002,Bluetooth Speaker,33
2027-09-07,P003,Office Chair,41
2027-09-07,P003,Office Chair,39
2027-09-07,P003,Office Chair,46
2027-09-07,P003,Office Chair,28
2027-09-07,P004,Notebook Pack,52
2027-09-07,P004,Notebook Pack,39
2027-09-07,P004,Notebook Pack,38
2027-09-07,P004,Notebook Pack,43
2027-09-07,P005,LED Desk Lamp,42
2027-09-07,P005,LED Desk Lamp,39
2027-09-07,P005,LED Desk Lamp,58
2027-09-07,P005,LED Desk Lamp,20
2027-09-07,P006,Running Shoes,52
2027-09-07,P006,Running Shoes,58
2027-09-07,P006,Running Shoes,46
2027-09-07,P006,Running Shoes,41
2027-09-07,P007,Yoga Mat,33
2027-09-07,P007,Yoga Mat,54
2027-09-07,P007,Yoga Mat,62
2027-09-07,P007,Yoga Mat,68
2027-09-07,P008,Coffee Maker,55
2027-09-07,P008,Coffee Maker,40
2027-09-07,P008,Coffee Maker,24
2027-09-07,P008,Coffee Maker,53
2027-09-08,P001,Wireless Mouse,55
2027-09-08,P001,Wireless Mouse,54
2027-09-08,P001,Wireless Mouse,47
2027-09-08,P001,Wireless Mouse,29
2027-09-08,P002,Bluetooth Speaker,12
2027-09-08,P002,Bluetooth Speaker,37
2027-09-08,P002,Bluetooth Speaker,53
2027-09-08,P002,Bluetooth Speaker,27
2027-09-08,P003,Office Chair,35
2027-09-08,P003,Office Chair,40
2027-09-08,P003,Office Chair,34
2027-09-08,P003,Office Chair,24
2027-09-08,P004,Notebook Pack,56
2027-09-08,P004,Notebook Pack,32
2027-09-08,P004,Notebook Pack,45
2027-09-08,P004,Notebook Pack,36
2027-09-08,P005,LED Desk Lamp,46
2027-09-08,P005,LED Desk Lamp,25
2027-09-08,P005,LED Desk Lamp,47
2027-09-08,P005,LED Desk Lamp,26
2027-09-08,P006,Running Shoes,44
2027-09-08,P006,Running Shoes,35
2027-09-08,P006,Running Shoes,32
2027-09-08,P006,Running Shoes,44
2027-09-08,P007,Yoga Mat,32
2027-09-08,P007,Yoga Mat,45
2027-09-08,P007,Yoga Mat,36
2027-09-08,P007,Yoga Mat,49
2027-09-08,P008,Coffee Maker,34
2027-09-08,P008,Coffee Maker,34
2027-09-08,P008,Coffee Maker,41
2027-09-08,P008,Coffee Maker,37
2027-09-09,P001,Wireless Mouse,30
2027-09-09,P001,Wireless Mouse,52
2027-09-09,P001,Wireless Mouse,42
2027-09-09,P001,Wireless Mouse,37
2027-09-09,P002,Bluetooth Speaker,23
2027-09-09,P002,Bluetooth Speaker,29
2027-09-09,P002,Bluetooth Speaker,59
2027-09-09,P002,Bluetooth Speaker,19
2027-09-09,P003,Office Chair,31
2027-09-09,P003,Office Chair,44
2027-09-09,P003,Office Chair,50
2027-09-09,P003,Office Chair,31
2027-09-09,P004,Notebook Pack,49
2027-09-09,P004,Notebook Pack,29
2027-09-09,P004,Notebook Pack,17
2027-09-09,P004,Notebook Pack,55
2027-09-09,P005,LED Desk Lamp,33
2027-09-09,P005,LED Desk Lamp,33
2027-09-09,P005,LED Desk Lamp,43
2027-09-09,P005,LED Desk Lamp,47
2027-09-09,P006,Running Shoes,50
2027-09-09,P006,Running Shoes,38
2027-09-09,P006,Running Shoes,48
2027-09-09,P006,Running Shoes,43
2027-09-09,P007,Yoga Mat,33
2027-09-09,P007,Yoga Mat,59
2027-09-09,P007,Yoga Mat,55
2027-09-09,P007,Yoga Mat,60
2027-09-09,P008,Coffee Maker,38
2027-09-09,P008,Coffee Maker,33
2027-09-09,P008,Coffee Maker,50
2027-09-09,P008,Coffee Maker,65
2027-09-10,P001,Wireless Mouse,54
2027-09-10,P001,Wireless Mouse,63
2027-09-10,P001,Wireless Mouse,54
2027-09-10,P001,Wireless Mouse,30
2027-09-10,P002,Bluetooth Speaker,26
2027-09-10,P002,Bluetooth Speaker,28
2027-09-10,P002,Bluetooth Speaker,67
2027-09-10,P002,Bluetooth Speaker,25
2027-09-10,P003,Office Chair,30
2027-09-10,P003,Office Chair,47
2027-09-10,P003,Office Chair,43
2027-09-10,P003,Office Chair,43
2027-09-10,P004,Notebook Pack,54
2027-09-10,P004,Notebook Pack,27
2027-09-10,P004,Notebook Pack,26
2027-09-10,P004,Notebook Pack,42
2027-09-10,P005,LED Desk Lamp,37
2027-09-10,P005,LED Desk Lamp,33
2027-09-10,P005,LED Desk Lamp,44
2027-09-10,P005,LED Desk Lamp,30
2027-09-10,P006,Running Shoes,44
2027-09-10,P006,Running Shoes,42
2027-09-10,P006,Running Shoes,38
2027-09-10,P006,Running Shoes,62
2027-09-10,P007,Yoga Mat,38
2027-09-10,P007,Yoga Mat,55
2027-09-10,P007,Yoga Mat,75
2027-09-10,P007,Yoga Mat,54
2027-09-10,P008,Coffee Maker,49
2027-09-10,P008,Coffee Maker,41
2027-09-10,P008,Coffee Maker,38
2027-09-10,P008,Coffee Maker,53
2027-09-11,P001,Wireless Mouse,53
2027-09-11,P001,Wireless Mouse,62
2027-09-11,P001,Wireless Mouse,47
2027-09-11,P001,Wireless Mouse,37
2027-09-11,P002,Bluetooth Speaker,37
2027-09-11,P002,Bluetooth Speaker,34
2027-09-11,P002,Bluetooth Speaker,44
2027-09-11,P002,Bluetooth Speaker,22
2027-09-11,P003,Office Chair,51
2027-09-11,P003,Office Chair,40
2027-09-11,P003,Office Chair,57
2027-09-11,P003,Office Chair,24
2027-09-11,P004,Notebook Pack,54
2027-09-11,P004,Notebook Pack,24
2027-09-11,P004,Notebook Pack,43
2027-09-11,P004,Notebook Pack,41
2027-09-11,P005,LED Desk Lamp,34
2027-09-11,P005,LED Desk Lamp,33
2027-09-11,P005,LED Desk Lamp,54
2027-09-11,P005,LED Desk Lamp,36
2027-09-11,P006,Running Shoes,55
2027-09-11,P006,Running Shoes,52
2027-09-11,P006,Running Shoes,34
2027-09-11,P006,Running Shoes,48
2027-09-11,P007,Yoga Mat,37
2027-09-11,P007,Yoga Mat,67
2027-09-11,P007,Yoga Mat,55
2027-09-11,P007,Yoga Mat,59
2027-09-11,P008,Coffee Maker,27
2027-09-11,P008,Coffee Maker,37
2027-09-11,P008,Coffee Maker,66
2027-09-11,P008,Coffee Maker,41
2027-09-12,P001,Wireless Mouse,61
2027-09-12,P001,Wireless Mouse,53
2027-09-12,P001,Wireless Mouse,56
2027-09-12,P001,Wireless Mouse,18
2027-09-12,P002,Bluetooth Speaker,23
2027-09-12,P002,Bluetooth Speaker,30
2027-09-12,P002,Bluetooth Speaker,45
2027-09-12,P002,Bluetooth Speaker,25
2027-09-12,P003,Office Chair,36
2027-09-12,P003,Office Chair,43
2027-09-12,P003,Office Chair,39
2027-09-12,P003,Office Chair,41
2027-09-12,P004,Notebook Pack,46
2027-09-12,P004,Notebook Pack,34
2027-09-12,P004,Notebook Pack,56
2027-09-12,P004,Notebook Pack,32
2027-09-12,P005,LED Desk Lamp,43
2027-09-12,P005,LED Desk Lamp,36
2027-09-12,P005,LED Desk Lamp,37
2027-09-12,P005,LED Desk Lamp,44
2027-09-12,P006,Running Shoes,57
2027-09-12,P006,Running Shoes,40
2027-09-12,P006,Running Shoes,36
2027-09-12,P006,Running Shoes,37
2027-09-12,P007,Yoga Mat,41
2027-09-12,P007,Yoga Mat,44
2027-09-12,P007,Yoga Mat,52
2027-09-12,P007,Yoga Mat,63
2027-09-12,P008,Coffee Maker,45
2027-09-12,P008,Coffee Maker,35
2027-09-12,P008,Coffee Maker,53
2027-09-12,P008,Coffee Maker,62
2027-09-13,P001,Wireless Mouse,40
2027-09-13,P001,Wireless Mouse,47
2027-09-13,P001,Wireless Mouse,52
2027-09-13,P001,Wireless Mouse,43
2027-09-13,P002,Bluetooth Speaker,30
2027-09-13,P002,Bluetooth Speaker,44
2027-09-13,P002,Bluetooth Speaker,45
2027-09-13,P002,Bluetooth Speaker,29
2027-09-13,P003,Office Chair,34
2027-09-13,P003,Office Chair,32
2027-09-13,P003,Office Chair,40
2027-09-13,P003,Office Chair,16
2027-09-13,P004,Notebook Pack,58
2027-09-13,P004,Notebook Pack,36
2027-09-13,P004,Notebook Pack,27
2027-09-13,P004,Notebook Pack,49
2027-09-13,P005,LED Desk Lamp,51
2027-09-13,P005,LED Desk Lamp,24
2027-09-13,P005,LED Desk Lamp,46
2027-09-13,P005,LED Desk Lamp,52
2027-09-13,P006,Running Shoes,45
2027-09-13,P006,Running Shoes,47
2027-09-13,P006,Running Shoes,46
2027-09-13,P006,Running Shoes,39
2027-09-13,P007,Yoga Mat,52
2027-09-13,P007,Yoga Mat,48
2027-09-13,P007,Yoga Mat,59
2027-09-13,P007,Yoga Mat,66
2027-09-13,P008,Coffee Maker,36
2027-09-13,P008,Coffee Maker,32
2027-09-13,P008,Coffee Maker,49
2027-09-13,P008,Coffee Maker,55
2027-09-14,P001,Wireless Mouse,34
2027-09-14,P001,Wireless Mouse,48
2027-09-14,P001,Wireless Mouse,59
2027-09-14,P001,Wireless Mouse,26
2027-09-14,P002,Bluetooth Speaker,26
2027-09-14,P002,Bluetooth Speaker,35
2027-09-14,P002,Bluetooth Speaker,58
2027-09-14,P002,Bluetooth Speaker,33
2027-09-14,P003,Office Chair,41
2027-09-14,P003,Office Chair,39
2027-09-14,P003,Office Chair,46
2027-09-14,P003,Office Chair,28
2027-09-14,P004,Notebook Pack,53
2027-09-14,P004,Notebook Pack,39
2027-09-14,P004,Notebook Pack,38
2027-09-14,P004,Notebook Pack,43
2027-09-14,P005,LED Desk Lamp,42
2027-09-14,P005,LED Desk Lamp,39
2027-09-14,P005,LED Desk Lamp,58
2027-09-14,P005,LED Desk Lamp,20
2027-09-14,P006,Running Shoes,52
2027-09-14,P006,Running Shoes,58
2027-09-14,P006,Running Shoes,46
2027-09-14,P006,Running Shoes,41
2027-09-14,P007,Yoga Mat,33
2027-09-14,P007,Yoga Mat,54
2027-09-14,P007,Yoga Mat,62
2027-09-14,P007,Yoga Mat,68
2027-09-14,P008,Coffee Maker,55
2027-09-14,P008,Coffee Maker,40
2027-09-14,P008,Coffee Maker,24
2027-09-14,P008,Coffee Maker,53
2027-09-15,P001,Wireless Mouse,55
2027-09-15,P001,Wireless Mouse,54
2027-09-15,P001,Wireless Mouse,47
2027-09-15,P001,Wireless Mouse,29
2027-09-15,P002,Bluetooth Speaker,12
2027-09-15,P002,Bluetooth Speaker,37
2027-09-15,P002,Bluetooth Speaker,53
2027-09-15,P002,Bluetooth Speaker,27
2027-09-15,P003,Office Chair,35
2027-09-15,P003,Office Chair,40
2027-09-15,P003,Office Chair,34
2027-09-15,P003,Office Chair,24
2027-09-15,P004,Notebook Pack,56
2027-09-15,P004,Notebook Pack,32
2027-09-15,P004,Notebook Pack,45
2027-09-15,P004,Notebook Pack,36
2027-09-15,P005,LED Desk Lamp,46
2027-09-15,P005,LED Desk Lamp,25
2027-09-15,P005,LED Desk Lamp,47
2027-09-15,P005,LED Desk Lamp,26
2027-09-15,P006,Running Shoes,44
2027-09-15,P006,Running Shoes,35
2027-09-15,P006,Running Shoes,32
2027-09-15,P006,Running Shoes,44
2027-09-15,P007,Yoga Mat,32
2027-09-15,P007,Yoga Mat,45
2027-09-15,P007,Yoga Mat,36
2027-09-15,P007,Yoga Mat,49
2027-09-15,P008,Coffee Maker,34
2027-09-15,P008,Coffee Maker,33
2027-09-15,P008,Coffee Maker,41
2027-09-15,P008,Coffee Maker,37
2027-09-16,P001,Wireless Mouse,30
2027-09-16,P001,Wireless Mouse,52
2027-09-16,P001,Wireless Mouse,42
2027-09-16,P001,Wireless Mouse,37
2027-09-16,P002,Bluetooth Speaker,23
2027-09-16,P002,Bluetooth Speaker,29
2027-09-16,P002,Bluetooth Speaker,59
2027-09-16,P002,Bluetooth Speaker,19
2027-09-16,P003,Office Chair,31
2027-09-16,P003,Office Chair,44
2027-09-16,P003,Office Chair,50
2027-09-16,P003,Office Chair,31
2027-09-16,P004,Notebook Pack,49
2027-09-16,P004,Notebook Pack,29
2027-09-16,P004,Notebook Pack,17
2027-09-16,P004,Notebook Pack,55
2027-09-16,P005,LED Desk Lamp,33
2027-09-16,P005,LED Desk Lamp,33
2027-09-16,P005,LED Desk Lamp,43
2027-09-16,P005,LED Desk Lamp,47
2027-09-16,P006,Running Shoes,50
2027-09-16,P006,Running Shoes,38
2027-09-16,P006,Running Shoes,48
2027-09-16,P006,Running Shoes,43
2027-09-16,P007,Yoga Mat,33
2027-09-16,P007,Yoga Mat,59
2027-09-16,P007,Yoga Mat,55
2027-09-16,P007,Yoga Mat,60
2027-09-16,P008,Coffee Maker,38
2027-09-16,P008,Coffee Maker,33
2027-09-16,P008,Coffee Maker,50
2027-09-16,P008,Coffee Maker,65
2027-09-17,P001,Wireless Mouse,54
2027-09-17,P001,Wireless Mouse,64
2027-09-17,P001,Wireless Mouse,54
2027-09-17,P001,Wireless Mouse,30
2027-09-17,P002,Bluetooth Speaker,26
2027-09-17,P002,Bluetooth Speaker,28
2027-09-17,P002,Bluetooth Speaker,67
2027-09-17,P002,Bluetooth Speaker,25
2027-09-17,P003,Office Chair,30
2027-09-17,P003,Office Chair,47
2027-09-17,P003,Office Chair,43
2027-09-17,P003,Office Chair,43
2027-09-17,P004,Notebook Pack,54
2027-09-17,P004,Notebook Pack,27
2027-09-17,P004,Notebook Pack,26
2027-09-17,P004,Notebook Pack,42
2027-09-17,P005,LED Desk Lamp,37
2027-09-17,P005,LED Desk Lamp,33
2027-09-17,P005,LED Desk Lamp,44
2027-09-17,P005,LED Desk Lamp,29
2027-09-17,P006,Running Shoes,44
2027-09-17,P006,Running Shoes,41
2027-09-17,P006,Running Shoes,38
2027-09-17,P006,Running Shoes,62
2027-09-17,P007,Yoga Mat,38
2027-09-17,P007,Yoga Mat,55
2027-09-17,P007,Yoga Mat,75
2027-09-17,P007,Yoga Mat,54
2027-09-17,P008,Coffee Maker,49
2027-09-17,P008,Coffee Maker,41
2027-09-17,P008,Coffee Maker,38
2027-09-17,P008,Coffee Maker,53
2027-09-18,P001,Wireless Mouse,53
2027-09-18,P001,Wireless Mouse,62
2027-09-18,P001,Wireless Mouse,47
2027-09-18,P001,Wireless Mouse,37
2027-09-18,P002,Bluetooth Speaker,37
2027-09-18,P002,Bluetooth Speaker,34
2027-09-18,P002,Bluetooth Speaker,44
2027-09-18,P002,Bluetooth Speaker,22
2027-09-18,P003,Office Chair,51
2027-09-18,P003,Office Chair,40
2027-09-18,P003,Office Chair,57
2027-09-18,P003,Office Chair,24
2027-09-18,P004,Notebook Pack,54
2027-09-18,P004,Notebook Pack,24
2027-09-18,P004,Notebook Pack,43
2027-09-18,P004,Notebook Pack,41
2027-09-18,P005,LED Desk Lamp,34
2027-09-18,P005,LED Desk Lamp,33
2027-09-18,P005,LED Desk Lamp,54
2027-09-18,P005,LED Desk Lamp,36
2027-09-18,P006,Running Shoes,55
2027-09-18,P006,Running Shoes,52
2027-09-18,P006,Running Shoes,34
2027-09-18,P006,Running Shoes,48
2027-09-18,P007,Yoga Mat,37
2027-09-18,P007,Yoga Mat,67
2027-09-18,P007,Yoga Mat,55
2027-09-18,P007,Yoga Mat,59
2027-09-18,P008,Coffee Maker,27
2027-09-18,P008,Coffee Maker,37
2027-09-18,P008,Coffee Maker,66
2027-09-18,P008,Coffee Maker,41
2027-09-19,P001,Wireless Mouse,61
2027-09-19,P001,Wireless Mouse,53
2027-09-19,P001,Wireless Mouse,56
2027-09-19,P001,Wireless Mouse,18
2027-09-19,P002,Bluetooth Speaker,23
2027-09-19,P002,Bluetooth Speaker,30
2027-09-19,P002,Bluetooth Speaker,45
2027-09-19,P002,Bluetooth Speaker,25
2027-09-19,P003,Office Chair,35
2027-09-19,P003,Office Chair,43
2027-09-19,P003,Office Chair,39
2027-09-19,P003,Office Chair,41
2027-09-19,P004,Notebook Pack,46
2027-09-19,P004,Notebook Pack,34
2027-09-19,P004,Notebook Pack,56
2027-09-19,P004,Notebook Pack,32
2027-09-19,P005,LED Desk Lamp,43
2027-09-19,P005,LED Desk Lamp,36
2027-09-19,P005,LED Desk Lamp,37
2027-09-19,P005,LED Desk Lamp,44
2027-09-19,P006,Running Shoes,57
2027-09-19,P006,Running Shoes,40
2027-09-19,P006,Running Shoes,36
2027-09-19,P006,Running Shoes,37
2027-09-19,P007,Yoga Mat,41
2027-09-19,P007,Yoga Mat,44
2027-09-19,P007,Yoga Mat,53
2027-09-19,P007,Yoga Mat,64
2027-09-19,P008,Coffee Maker,45
2027-09-19,P008,Coffee Maker,35
2027-09-19,P008,Coffee Maker,53
2027-09-19,P008,Coffee Maker,62
2027-09-20,P001,Wireless Mouse,40
2027-09-20,P001,Wireless Mouse,47
2027-09-20,P001,Wireless Mouse,52
2027-09-20,P001,Wireless Mouse,43
2027-09-20,P002,Bluetooth Speaker,30
2027-09-20,P002,Bluetooth Speaker,44
2027-09-20,P002,Bluetooth Speaker,45
2027-09-20,P002,Bluetooth Speaker,29
2027-09-20,P003,Office Chair,34
2027-09-20,P003,Office Chair,32
2027-09-20,P003,Office Chair,40
2027-09-20,P003,Office Chair,16
2027-09-20,P004,Notebook Pack,58
2027-09-20,P004,Notebook Pack,36
2027-09-20,P004,Notebook Pack,27
2027-09-20,P004,Notebook Pack,49
2027-09-20,P005,LED Desk Lamp,50
2027-09-20,P005,LED Desk Lamp,24
2027-09-20,P005,LED Desk Lamp,46
2027-09-20,P005,LED Desk Lamp,52
2027-09-20,P006,Running Shoes,45
2027-09-20,P006,Running Shoes,46
2027-09-20,P006,Running Shoes,46
2027-09-20,P006,Running Shoes,39
2027-09-20,P007,Yoga Mat,52
2027-09-20,P007,Yoga Mat,48
2027-09-20,P007,Yoga Mat,59
2027-09-20,P007,Yoga Mat,66
2027-09-20,P008,Coffee Maker,36
2027-09-20,P008,Coffee Maker,32
2027-09-20,P008,Coffee Maker,49
2027-09-20,P008,Coffee Maker,55
2027-09-21,P001,Wireless Mouse,34
2027-09-21,P001,Wireless Mouse,48
2027-09-21,P001,Wireless Mouse,59
2027-09-21,P001,Wireless Mouse,26
2027-09-21,P002,Bluetooth Speaker,26
2027-09-21,P002,Bluetooth Speaker,35
2027-09-21,P002,Bluetooth Speaker,58
2027-09-21,P002,Bluetooth Speaker,32
2027-09-21,P003,Office Chair,41
2027-09-21,P003,Office Chair,39
2027-09-21,P003,Office Chair,46
2027-09-21,P003,Office Chair,28
2027-09-21,P004,Notebook Pack,53
2027-09-21,P004,Notebook Pack,39
2027-09-21,P004,Notebook Pack,38
2027-09-21,P004,Notebook Pack,43
2027-09-21,P005,LED Desk Lamp,42
2027-09-21,P005,LED Desk Lamp,39
2027-09-21,P005,LED Desk Lamp,58
2027-09-21,P005,LED Desk Lamp,20
2027-09-21,P006,Running Shoes,52
2027-09-21,P006,Running Shoes,58
2027-09-21,P006,Running Shoes,46
2027-09-21,P006,Running Shoes,41
2027-09-21,P007,Yoga Mat,33
2027-09-21,P007,Yoga Mat,55
2027-09-21,P007,Yoga Mat,62
2027-09-21,P007,Yoga Mat,68
2027-09-21,P008,Coffee Maker,55
2027-09-21,P008,Coffee Maker,40
2027-09-21,P008,Coffee Maker,24
2027-09-21,P008,Coffee Maker,53
2027-09-22,P001,Wireless Mouse,55
2027-09-22,P001,Wireless Mouse,54
2027-09-22,P001,Wireless Mouse,47
2027-09-22,P001,Wireless Mouse,29
2027-09-22,P002,Bluetooth Speaker,12
2027-09-22,P002,Bluetooth Speaker,36
2027-09-22,P002,Bluetooth Speaker,53
2027-09-22,P002,Bluetooth Speaker,27
2027-09-22,P003,Office Chair,35
2027-09-22,P003,Office Chair,40
2027-09-22,P003,Office Chair,34
2027-09-22,P003,Office Chair,24
2027-09-22,P004,Notebook Pack,56
2027-09-22,P004,Notebook Pack,32
2027-09-22,P004,Notebook Pack,45
2027-09-22,P004,Notebook Pack,36
2027-09-22,P005,LED Desk Lamp,46
2027-09-22,P005,LED Desk Lamp,25
2027-09-22,P005,LED Desk Lamp,47
2027-09-22,P005,LED Desk Lamp,25
2027-09-22,P006,Running Shoes,44
2027-09-22,P006,Running Shoes,35
2027-09-22,P006,Running Shoes,32
2027-09-22,P006,Running Shoes,45
2027-09-22,P007,Yoga Mat,32
2027-09-22,P007,Yoga Mat,45
2027-09-22,P007,Yoga Mat,36
2027-09-22,P007,Yoga Mat,49
2027-09-22,P008,Coffee Maker,34
2027-09-22,P008,Coffee Maker,33
2027-09-22,P008,Coffee Maker,41
2027-09-22,P008,Coffee Maker,38
2027-09-23,P001,Wireless Mouse,30
2027-09-23,P001,Wireless Mouse,52
2027-09-23,P001,Wireless Mouse,42
2027-09-23,P001,Wireless Mouse,37
2027-09-23,P002,Bluetooth Speaker,23
2027-09-23,P002,Bluetooth Speaker,29
2027-09-23,P002,Bluetooth Speaker,60
2027-09-23,P002,Bluetooth Speaker,19
2027-09-23,P003,Office Chair,31
2027-09-23,P003,Office Chair,43
2027-09-23,P003,Office Chair,50
2027-09-23,P003,Office Chair,31
2027-09-23,P004,Notebook Pack,50
2027-09-23,P004,Notebook Pack,29
2027-09-23,P004,Notebook Pack,17
2027-09-23,P004,Notebook Pack,55
2027-09-23,P005,LED Desk Lamp,33
2027-09-23,P005,LED Desk Lamp,32
2027-09-23,P005,LED Desk Lamp,43
2027-09-23,P005,LED Desk Lamp,46
2027-09-23,P006,Running Shoes,50
2027-09-23,P006,Running Shoes,38
2027-09-23,P006,Running Shoes,48
2027-09-23,P006,Running Shoes,43
2027-09-23,P007,Yoga Mat,33
2027-09-23,P007,Yoga Mat,60
2027-09-23,P007,Yoga Mat,55
2027-09-23,P007,Yoga Mat,60
2027-09-23,P008,Coffee Maker,38
2027-09-23,P008,Coffee Maker,33
2027-09-23,P008,Coffee Maker,50
2027-09-23,P008,Coffee Maker,66
2027-09-24,P001,Wireless Mouse,54
2027-09-24,P001,Wireless Mouse,64
2027-09-24,P001,Wireless Mouse,54
2027-09-24,P001,Wireless Mouse,30
2027-09-24,P002,Bluetooth Speaker,26
2027-09-24,P002,Bluetooth Speaker,27
2027-09-24,P002,Bluetooth Speaker,68
2027-09-24,P002,Bluetooth Speaker,24
2027-09-24,P003,Office Chair,30
2027-09-24,P003,Office Chair,46
2027-09-24,P003,Office Chair,43
2027-09-24,P003,Office Chair,43
2027-09-24,P004,Notebook Pack,54
2027-09-24,P004,Notebook Pack,27
2027-09-24,P004,Notebook Pack,26
2027-09-24,P004,Notebook Pack,42
2027-09-24,P005,LED Desk Lamp,37
2027-09-24,P005,LED Desk Lamp,32
2027-09-24,P005,LED Desk Lamp,44
2027-09-24,P005,LED Desk Lamp,29
2027-09-24,P006,Running Shoes,44
2027-09-24,P006,Running Shoes,41
2027-09-24,P006,Running Shoes,38
2027-09-24,P006,Running Shoes,62
2027-09-24,P007,Yoga Mat,38
2027-09-24,P007,Yoga Mat,55
2027-09-24,P007,Yoga Mat,75
2027-09-24,P007,Yoga Mat,54
2027-09-24,P008,Coffee Maker,49
2027-09-24,P008,Coffee Maker,41
2027-09-24,P008,Coffee Maker,38
2027-09-24,P008,Coffee Maker,53
2027-09-25,P001,Wireless Mouse,53
2027-09-25,P001,Wireless Mouse,62
2027-09-25,P001,Wireless Mouse,47
2027-09-25,P001,Wireless Mouse,37
2027-09-25,P002,Bluetooth Speaker,37
2027-09-25,P002,Bluetooth Speaker,34
2027-09-25,P002,Bluetooth Speaker,44
2027-09-25,P002,Bluetooth Speaker,22
2027-09-25,P003,Office Chair,50
2027-09-25,P003,Office Chair,40
2027-09-25,P003,Office Chair,57
2027-09-25,P003,Office Chair,23
2027-09-25,P004,Notebook Pack,54
2027-09-25,P004,Notebook Pack,24
2027-09-25,P004,Notebook Pack,43
2027-09-25,P004,Notebook Pack,41
2027-09-25,P005,LED Desk Lamp,34
2027-09-25,P005,LED Desk Lamp,33
2027-09-25,P005,LED Desk Lamp,54
2027-09-25,P005,LED Desk Lamp,36
2027-09-25,P006,Running Shoes,55
2027-09-25,P006,Running Shoes,52
2027-09-25,P006,Running Shoes,34
2027-09-25,P006,Running Shoes,48
2027-09-25,P007,Yoga Mat,37
2027-09-25,P007,Yoga Mat,67
2027-09-25,P007,Yoga Mat,55
2027-09-25,P007,Yoga Mat,59
2027-09-25,P008,Coffee Maker,27
2027-09-25,P008,Coffee Maker,37
2027-09-25,P008,Coffee Maker,66
2027-09-25,P008,Coffee Maker,41
2027-09-26,P001,Wireless Mouse,61
2027-09-26,P001,Wireless Mouse,53
2027-09-26,P001,Wireless Mouse,56
2027-09-26,P001,Wireless Mouse,18
2027-09-26,P002,Bluetooth Speaker,23
2027-09-26,P002,Bluetooth Speaker,30
2027-09-26,P002,Bluetooth Speaker,45
2027-09-26,P002,Bluetooth Speaker,25
2027-09-26,P003,Office Chair,35
2027-09-26,P003,Office Chair,43
2027-09-26,P003,Office Chair,39
2027-09-26,P003,Office Chair,41
2027-09-26,P004,Notebook Pack,46
2027-09-26,P004,Notebook Pack,34
2027-09-26,P004,Notebook Pack,56
2027-09-26,P004,Notebook Pack,32
2027-09-26,P005,LED Desk Lamp,43
2027-09-26,P005,LED Desk Lamp,36
2027-09-26,P005,LED Desk Lamp,36
2027-09-26,P005,LED Desk Lamp,44
2027-09-26,P006,Running Shoes,57
2027-09-26,P006,Running Shoes,40
2027-09-26,P006,Running Shoes,36
2027-09-26,P006,Running Shoes,37
2027-09-26,P007,Yoga Mat,41
2027-09-26,P007,Yoga Mat,44
2027-09-26,P007,Yoga Mat,53
2027-09-26,P007,Yoga Mat,64
2027-09-26,P008,Coffee Maker,46
2027-09-26,P008,Coffee Maker,35
2027-09-26,P008,Coffee Maker,53
2027-09-26,P008,Coffee Maker,62
2027-09-27,P001,Wireless Mouse,40
2027-09-27,P001,Wireless Mouse,47
2027-09-27,P001,Wireless Mouse,52
2027-09-27,P001,Wireless Mouse,43
2027-09-27,P002,Bluetooth Speaker,30
2027-09-27,P002,Bluetooth Speaker,44
2027-09-27,P002,Bluetooth Speaker,45
2027-09-27,P002,Bluetooth Speaker,29
2027-09-27,P003,Office Chair,34
2027-09-27,P003,Office Chair,32
2027-09-27,P003,Office Chair,40
2027-09-27,P003,Office Chair,16
2027-09-27,P004,Notebook Pack,58
2027-09-27,P004,Notebook Pack,36
2027-09-27,P004,Notebook Pack,27
2027-09-27,P004,Notebook Pack,49
2027-09-27,P005,LED Desk Lamp,50
2027-09-27,P005,LED Desk Lamp,24
2027-09-27,P005,LED Desk Lamp,46
2027-09-27,P005,LED Desk Lamp,51
2027-09-27,P006,Running Shoes,45
2027-09-27,P006,Running Shoes,46
2027-09-27,P006,Running Shoes,46
2027-09-27,P006,Running Shoes,39
2027-09-27,P007,Yoga Mat,52
2027-09-27,P007,Yoga Mat,48
2027-09-27,P007,Yoga Mat,59
2027-09-27,P007,Yoga Mat,67
2027-09-27,P008,Coffee Maker,36
2027-09-27,P008,Coffee Maker,32
2027-09-27,P008,Coffee Maker,49
2027-09-27,P008,Coffee Maker,55
2027-09-28,P001,Wireless Mouse,34
2027-09-28,P001,Wireless Mouse,48
2027-09-28,P001,Wireless Mouse,59
2027-09-28,P001,Wireless Mouse,26
2027-09-28,P002,Bluetooth Speaker,26
2027-09-28,P002,Bluetooth Speaker,35
2027-09-28,P002,Bluetooth Speaker,58
2027-09-28,P002,Bluetooth Speaker,32
2027-09-28,P003,Office Chair,41
2027-09-28,P003,Office Chair,39
2027-09-28,P003,Office Chair,46
2027-09-28,P003,Office Chair,28
2027-09-28,P004,Notebook Pack,53
2027-09-28,P004,Notebook Pack,39
2027-09-28,P004,Notebook Pack,38
2027-09-28,P004,Notebook Pack,43
2027-09-28,P005,LED Desk Lamp,42
2027-09-28,P005,LED Desk Lamp,39
2027-09-28,P005,LED Desk Lamp,58
2027-09-28,P005,LED Desk Lamp,20
2027-09-28,P006,Running Shoes,52
2027-09-28,P006,Running Shoes,58
2027-09-28,P006,Running Shoes,46
2027-09-28,P006,Running Shoes,42
2027-09-28,P007,Yoga Mat,33
2027-09-28,P007,Yoga Mat,55
2027-09-28,P007,Yoga Mat,63
2027-09-28,P007,Yoga Mat,68
2027-09-28,P008,Coffee Maker,55
2027-09-28,P008,Coffee Maker,40
2027-09-28,P008,Coffee Maker,24
2027-09-28,P008,Coffee Maker,53
2027-09-29,P001,Wireless Mouse,55
2027-09-29,P001,Wireless Mouse,54
2027-09-29,P001,Wireless Mouse,47
2027-09-29,P001,Wireless Mouse,29
2027-09-29,P002,Bluetooth Speaker,12
2027-09-29,P002,Bluetooth Speaker,36
2027-09-29,P002,Bluetooth Speaker,53
2027-09-29,P002,Bluetooth Speaker,27
2027-09-29,P003,Office Chair,35
2027-09-29,P003,Office Chair,40
2027-09-29,P003,Office Chair,34
2027-09-29,P003,Office Chair,24
2027-09-29,P004,Notebook Pack,56
2027-09-29,P004,Notebook Pack,32
2027-09-29,P004,Notebook Pack,45
2027-09-29,P004,Notebook Pack,36
2027-09-29,P005,LED Desk Lamp,46
2027-09-29,P005,LED Desk Lamp,25
2027-09-29,P005,LED Desk Lamp,47
2027-09-29,P005,LED Desk Lamp,25
2027-09-29,P006,Running Shoes,44
2027-09-29,P006,Running Shoes,35
2027-09-29,P006,Running Shoes,32
2027-09-29,P006,Running Shoes,45
2027-09-29,P007,Yoga Mat,32
2027-09-29,P007,Yoga Mat,45
2027-09-29,P007,Yoga Mat,36
2027-09-29,P007,Yoga Mat,49
2027-09-29,P008,Coffee Maker,34
2027-09-29,P008,Coffee Maker,33
2027-09-29,P008,Coffee Maker,41
2027-09-29,P008,Coffee Maker,38
2027-09-30,P001,Wireless Mouse,30
2027-09-30,P001,Wireless Mouse,52
2027-09-30,P001,Wireless Mouse,42
2027-09-30,P001,Wireless Mouse,37
2027-09-30,P002,Bluetooth Speaker,23
2027-09-30,P002,Bluetooth Speaker,29
2027-09-30,P002,Bluetooth Speaker,60
2027-09-30,P002,Bluetooth Speaker,18
2027-09-30,P003,Office Chair,31
2027-09-30,P003,Office Chair,43
2027-09-30,P003,Office Chair,50
2027-09-30,P003,Office Chair,31
2027-09-30,P004,Notebook Pack,50
2027-09-30,P004,Notebook Pack,28
2027-09-30,P004,Notebook Pack,17
2027-09-30,P004,Notebook Pack,55
2027-09-30,P005,LED Desk Lamp,32
2027-09-30,P005,LED Desk Lamp,32
2027-09-30,P005,LED Desk Lamp,43
2027-09-30,P005,LED Desk Lamp,46
2027-09-30,P006,Running Shoes,50
2027-09-30,P006,Running Shoes,37
2027-09-30,P006,Running Shoes,47
2027-09-30,P006,Running Shoes,43
2027-09-30,P007,Yoga Mat,33
2027-09-30,P007,Yoga Mat,60
2027-09-30,P007,Yoga Mat,55
2027-09-30,P007,Yoga Mat,60
2027-09-30,P008,Coffee Maker,38
2027-09-30,P008,Coffee Maker,33
2027-09-30,P008,Coffee Maker,50
2027-09-30,P008,Coffee Maker,66
2027-10-01,P001,Wireless Mouse,54
2027-10-01,P001,Wireless Mouse,64
2027-10-01,P001,Wireless Mouse,54
2027-10-01,P001,Wireless Mouse,30
2027-10-01,P002,Bluetooth Speaker,26
2027-10-01,P002,Bluetooth Speaker,27
2027-10-01,P002,Bluetooth Speaker,68
2027-10-01,P002,Bluetooth Speaker,24
2027-10-01,P003,Office Chair,30
2027-10-01,P003,Office Chair,46
2027-10-01,P003,Office Chair,43
2027-10-01,P003,Office Chair,43
2027-10-01,P004,Notebook Pack,54
2027-10-01,P004,Notebook Pack,27
2027-10-01,P004,Notebook Pack,26
2027-10-01,P004,Notebook Pack,42
2027-10-01,P005,LED Desk Lamp,37
2027-10-01,P005,LED Desk Lamp,32
2027-10-01,P005,LED Desk Lamp,44
2027-10-01,P005,LED Desk Lamp,29
2027-10-01,P006,Running Shoes,44
2027-10-01,P006,Running Shoes,41
2027-10-01,P006,Running Shoes,38
2027-10-01,P006,Running Shoes,63
2027-10-01,P007,Yoga Mat,38
2027-10-01,P007,Yoga Mat,55
2027-10-01,P007,Yoga Mat,75
2027-10-01,P007,Yoga Mat,55
2027-10-01,P008,Coffee Maker,49
2027-10-01,P008,Coffee Maker,41
2027-10-01,P008,Coffee Maker,38
2027-10-01,P008,Coffee Maker,53
2027-10-02,P001,Wireless Mouse,53
2027-10-02,P001,Wireless Mouse,62
2027-10-02,P001,Wireless Mouse,47
2027-10-02,P001,Wireless Mouse,37
2027-10-02,P002,Bluetooth Speaker,37
2027-10-02,P002,Bluetooth Speaker,34
2027-10-02,P002,Bluetooth Speaker,44
2027-10-02,P002,Bluetooth Speaker,21
2027-10-02,P003,Office Chair,50
2027-10-02,P003,Office Chair,40
2027-10-02,P003,Office Chair,57
2027-10-02,P003,Office Chair,23
2027-10-02,P004,Notebook Pack,54
2027-10-02,P004,Notebook Pack,24
2027-10-02,P004,Notebook Pack,43
2027-10-02,P004,Notebook Pack,41
2027-10-02,P005,LED Desk Lamp,34
2027-10-02,P005,LED Desk Lamp,33
2027-10-02,P005,LED Desk Lamp,54
2027-10-02,P005,LED Desk Lamp,36
2027-10-02,P006,Running Shoes,56
2027-10-02,P006,Running Shoes,52
2027-10-02,P006,Running Shoes,34
2027-10-02,P006,Running Shoes,48
2027-10-02,P007,Yoga Mat,38
2027-10-02,P007,Yoga Mat,68
2027-10-02,P007,Yoga Mat,55
2027-10-02,P007,Yoga Mat,59
2027-10-02,P008,Coffee Maker,27
2027-10-02,P008,Coffee Maker,37
2027-10-02,P008,Coffee Maker,66
2027-10-02,P008,Coffee Maker,41
2027-10-03,P001,Wireless Mouse,61
2027-10-03,P001,Wireless Mouse,54
2027-10-03,P001,Wireless Mouse,56
2027-10-03,P001,Wireless Mouse,18
2027-10-03,P002,Bluetooth Speaker,23
2027-10-03,P002,Bluetooth Speaker,30
2027-10-03,P002,Bluetooth Speaker,45
2027-10-03,P002,Bluetooth Speaker,24
2027-10-03,P003,Office Chair,35
2027-10-03,P003,Office Chair,43
2027-10-03,P003,Office Chair,39
2027-10-03,P003,Office Chair,40
2027-10-03,P004,Notebook Pack,46
2027-10-03,P004,Notebook Pack,34
2027-10-03,P004,Notebook Pack,56
2027-10-03,P004,Notebook Pack,32
2027-10-03,P005,LED Desk Lamp,43
2027-10-03,P005,LED Desk Lamp,36
2027-10-03,P005,LED Desk Lamp,36
2027-10-03,P005,LED Desk Lamp,44
2027-10-03,P006,Running Shoes,57
2027-10-03,P006,Running Shoes,40
2027-10-03,P006,Running Shoes,36
2027-10-03,P006,Running Shoes,37
2027-10-03,P007,Yoga Mat,41
2027-10-03,P007,Yoga Mat,44
2027-10-03,P007,Yoga Mat,53
2027-10-03,P007,Yoga Mat,64
2027-10-03,P008,Coffee Maker,46
2027-10-03,P008,Coffee Maker,35
2027-10-03,P008,Coffee Maker,53
2027-10-03,P008,Coffee Maker,62
2027-10-04,P001,Wireless Mouse,40
2027-10-04,P001,Wireless Mouse,48
2027-10-04,P001,Wireless Mouse,52
2027-10-04,P001,Wireless Mouse,43
2027-10-04,P002,Bluetooth Speaker,30
2027-10-04,P002,Bluetooth Speaker,43
2027-10-04,P002,Bluetooth Speaker,45
2027-10-04,P002,Bluetooth Speaker,29
2027-10-04,P003,Office Chair,34
2027-10-04,P003,Office Chair,31
2027-10-04,P003,Office Chair,40
2027-10-04,P003,Office Chair,16
2027-10-04,P004,Notebook Pack,58
2027-10-04,P004,Notebook Pack,36
2027-10-04,P004,Notebook Pack,27
2027-10-04,P004,Notebook Pack,49
2027-10-04,P005,LED Desk Lamp,50
2027-10-04,P005,LED Desk Lamp,24
2027-10-04,P005,LED Desk Lamp,46
2027-10-04,P005,LED Desk Lamp,51
2027-10-04,P006,Running Shoes,45
2027-10-04,P006,Running Shoes,46
2027-10-04,P006,Running Shoes,46
2027-10-04,P006,Running Shoes,39
2027-10-04,P007,Yoga Mat,52
2027-10-04,P007,Yoga Mat,48
2027-10-04,P007,Yoga Mat,59
2027-10-04,P007,Yoga Mat,67
2027-10-04,P008,Coffee Maker,36
2027-10-04,P008,Coffee Maker,32
2027-10-04,P008,Coffee Maker,49
2027-10-04,P008,Coffee Maker,55
2027-10-05,P001,Wireless Mouse,34
2027-10-05,P001,Wireless Mouse,48
2027-10-05,P001,Wireless Mouse,59
2027-10-05,P001,Wireless Mouse,26
2027-10-05,P002,Bluetooth Speaker,26
2027-10-05,P002,Bluetooth Speaker,35
2027-10-05,P002,Bluetooth Speaker,58
2027-10-05,P002,Bluetooth Speaker,32
2027-10-05,P003,Office Chair,41
2027-10-05,P003,Office Chair,39
2027-10-05,P003,Office Chair,46
2027-10-05,P003,Office Chair,28
2027-10-05,P004,Notebook Pack,53
2027-10-05,P004,Notebook Pack,38
2027-10-05,P004,Notebook Pack,38
2027-10-05,P004,Notebook Pack,43
2027-10-05,P005,LED Desk Lamp,42
2027-10-05,P005,LED Desk Lamp,38
2027-10-05,P005,LED Desk Lamp,58
2027-10-05,P005,LED Desk Lamp,20
2027-10-05,P006,Running Shoes,52
2027-10-05,P006,Running Shoes,58
2027-10-05,P006,Running Shoes,46
2027-10-05,P006,Running Shoes,42
2027-10-05,P007,Yoga Mat,33
2027-10-05,P007,Yoga Mat,55
2027-10-05,P007,Yoga Mat,63
2027-10-05,P007,Yoga Mat,69
2027-10-05,P008,Coffee Maker,55
2027-10-05,P008,Coffee Maker,40
2027-10-05,P008,Coffee Maker,24
2027-10-05,P008,Coffee Maker,53
2027-10-06,P001,Wireless Mouse,55
2027-10-06,P001,Wireless Mouse,54
2027-10-06,P001,Wireless Mouse,47
2027-10-06,P001,Wireless Mouse,29
2027-10-06,P002,Bluetooth Speaker,12
2027-10-06,P002,Bluetooth Speaker,36
2027-10-06,P002,Bluetooth Speaker,53
2027-10-06,P002,Bluetooth Speaker,27
2027-10-06,P003,Office Chair,35
2027-10-06,P003,Office Chair,39
2027-10-06,P003,Office Chair,34
2027-10-06,P003,Office Chair,24
2027-10-06,P004,Notebook Pack,57
2027-10-06,P004,Notebook Pack,32
2027-10-06,P004,Notebook Pack,45
2027-10-06,P004,Notebook Pack,36
2027-10-06,P005,LED Desk Lamp,45
2027-10-06,P005,LED Desk Lamp,25
2027-10-06,P005,LED Desk Lamp,47
2027-10-06,P005,LED Desk Lamp,25
2027-10-06,P006,Running Shoes,44
2027-10-06,P006,Running Shoes,35
2027-10-06,P006,Running Shoes,32
2027-10-06,P006,Running Shoes,45
2027-10-06,P007,Yoga Mat,32
2027-10-06,P007,Yoga Mat,45
2027-10-06,P007,Yoga Mat,36
2027-10-06,P007,Yoga Mat,49
2027-10-06,P008,Coffee Maker,34
2027-10-06,P008,Coffee Maker,33
2027-10-06,P008,Coffee Maker,41
2027-10-06,P008,Coffee Maker,38
2027-10-07,P001,Wireless Mouse,30
2027-10-07,P001,Wireless Mouse,52
2027-10-07,P001,Wireless Mouse,42
2027-10-07,P001,Wireless Mouse,37
2027-10-07,P002,Bluetooth Speaker,23
2027-10-07,P002,Bluetooth Speaker,29
2027-10-07,P002,Bluetooth Speaker,60
2027-10-07,P002,Bluetooth Speaker,18
2027-10-07,P003,Office Chair,31
2027-10-07,P003,Office Chair,43
2027-10-07,P003,Office Chair,50
2027-10-07,P003,Office Chair,31
2027-10-07,P004,Notebook Pack,50
2027-10-07,P004,Notebook Pack,28
2027-10-07,P004,Notebook Pack,17
2027-10-07,P004,Notebook Pack,55
2027-10-07,P005,LED Desk Lamp,32
2027-10-07,P005,LED Desk Lamp,32
2027-10-07,P005,LED Desk Lamp,43
2027-10-07,P005,LED Desk Lamp,46
2027-10-07,P006,Running Shoes,50
2027-10-07,P006,Running Shoes,37
2027-10-07,P006,Running Shoes,47
2027-10-07,P006,Running Shoes,43
2027-10-07,P007,Yoga Mat,34
2027-10-07,P007,Yoga Mat,60
2027-10-07,P007,Yoga Mat,55
2027-10-07,P007,Yoga Mat,60
2027-10-07,P008,Coffee Maker,38
2027-10-07,P008,Coffee Maker,32
2027-10-07,P008,Coffee Maker,50
2027-10-07,P008,Coffee Maker,66
2027-10-08,P001,Wireless Mouse,54
2027-10-08,P001,Wireless Mouse,64
2027-10-08,P001,Wireless Mouse,54
2027-10-08,P001,Wireless Mouse,30
2027-10-08,P002,Bluetooth Speaker,26
2027-10-08,P002,Bluetooth Speaker,27
2027-10-08,P002,Bluetooth Speaker,68
2027-10-08,P002,Bluetooth Speaker,24
2027-10-08,P003,Office Chair,30
2027-10-08,P003,Office Chair,46
2027-10-08,P003,Office Chair,43
2027-10-08,P003,Office Chair,43
2027-10-08,P004,Notebook Pack,54
2027-10-08,P004,Notebook Pack,26
2027-10-08,P004,Notebook Pack,26
2027-10-08,P004,Notebook Pack,42
2027-10-08,P005,LED Desk Lamp,37
2027-10-08,P005,LED Desk Lamp,32
2027-10-08,P005,LED Desk Lamp,44
2027-10-08,P005,LED Desk Lamp,29
2027-10-08,P006,Running Shoes,44
2027-10-08,P006,Running Shoes,41
2027-10-08,P006,Running Shoes,38
2027-10-08,P006,Running Shoes,63
2027-10-08,P007,Yoga Mat,38
2027-10-08,P007,Yoga Mat,55
2027-10-08,P007,Yoga Mat,75
2027-10-08,P007,Yoga Mat,55
2027-10-08,P008,Coffee Maker,49
2027-10-08,P008,Coffee Maker,41
2027-10-08,P008,Coffee Maker,38
2027-10-08,P008,Coffee Maker,53
2027-10-09,P001,Wireless Mouse,53
2027-10-09,P001,Wireless Mouse,62
2027-10-09,P001,Wireless Mouse,47
2027-10-09,P001,Wireless Mouse,37
2027-10-09,P002,Bluetooth Speaker,37
2027-10-09,P002,Bluetooth Speaker,34
2027-10-09,P002,Bluetooth Speaker,44
2027-10-09,P002,Bluetooth Speaker,21
2027-10-09,P003,Office Chair,50
2027-10-09,P003,Office Chair,40
2027-10-09,P003,Office Chair,57
2027-10-09,P003,Office Chair,23
2027-10-09,P004,Notebook Pack,54
2027-10-09,P004,Notebook Pack,24
2027-10-09,P004,Notebook Pack,43
2027-10-09,P004,Notebook Pack,41
2027-10-09,P005,LED Desk Lamp,34
2027-10-09,P005,LED Desk Lamp,33
2027-10-09,P005,LED Desk Lamp,54
2027-10-09,P005,LED Desk Lamp,36
2027-10-09,P006,Running Shoes,56
2027-10-09,P006,Running Shoes,52
2027-10-09,P006,Running Shoes,34
2027-10-09,P006,Running Shoes,48
2027-10-09,P007,Yoga Mat,38
2027-10-09,P007,Yoga Mat,68
2027-10-09,P007,Yoga Mat,55
2027-10-09,P007,Yoga Mat,59
2027-10-09,P008,Coffee Maker,27
2027-10-09,P008,Coffee Maker,37
2027-10-09,P008,Coffee Maker,66
2027-10-09,P008,Coffee Maker,41
2027-10-10,P001,Wireless Mouse,62
2027-10-10,P001,Wireless Mouse,54
2027-10-10,P001,Wireless Mouse,56
2027-10-10,P001,Wireless Mouse,18
2027-10-10,P002,Bluetooth Speaker,23
2027-10-10,P002,Bluetooth Speaker,30
2027-10-10,P002,Bluetooth Speaker,45
2027-10-10,P002,Bluetooth Speaker,24
2027-10-10,P003,Office Chair,35
2027-10-10,P003,Office Chair,43
2027-10-10,P003,Office Chair,39
2027-10-10,P003,Office Chair,40
2027-10-10,P004,Notebook Pack,46
2027-10-10,P004,Notebook Pack,34
2027-10-10,P004,Notebook Pack,56
2027-10-10,P004,Notebook Pack,32
2027-10-10,P005,LED Desk Lamp,43
2027-10-10,P005,LED Desk Lamp,35
2027-10-10,P005,LED Desk Lamp,36
2027-10-10,P005,LED Desk Lamp,44
2027-10-10,P006,Running Shoes,57
2027-10-10,P006,Running Shoes,39
2027-10-10,P006,Running Shoes,36
2027-10-10,P006,Running Shoes,37
2027-10-10,P007,Yoga Mat,42
2027-10-10,P007,Yoga Mat,44
2027-10-10,P007,Yoga Mat,53
2027-10-10,P007,Yoga Mat,64
2027-10-10,P008,Coffee Maker,46
2027-10-10,P008,Coffee Maker,35
2027-10-10,P008,Coffee Maker,53
2027-10-10,P008,Coffee Maker,62
2027-10-11,P001,Wireless Mouse,40
2027-10-11,P001,Wireless Mouse,48
2027-10-11,P001,Wireless Mouse,52
2027-10-11,P001,Wireless Mouse,43
2027-10-11,P002,Bluetooth Speaker,30
2027-10-11,P002,Bluetooth Speaker,43
2027-10-11,P002,Bluetooth Speaker,45
2027-10-11,P002,Bluetooth Speaker,29
2027-10-11,P003,Office Chair,34
2027-10-11,P003,Office Chair,31
2027-10-11,P003,Office Chair,40
2027-10-11,P003,Office Chair,16
2027-10-11,P004,Notebook Pack,58
2027-10-11,P004,Notebook Pack,36
2027-10-11,P004,Notebook Pack,27
2027-10-11,P004,Notebook Pack,49
2027-10-11,P005,LED Desk Lamp,50
2027-10-11,P005,LED Desk Lamp,24
2027-10-11,P005,LED Desk Lamp,46
2027-10-11,P005,LED Desk Lamp,51
2027-10-11,P006,Running Shoes,45
2027-10-11,P006,Running Shoes,46
2027-10-11,P006,Running Shoes,46
2027-10-11,P006,Running Shoes,39
2027-10-11,P007,Yoga Mat,52
2027-10-11,P007,Yoga Mat,48
2027-10-11,P007,Yoga Mat,59
2027-10-11,P007,Yoga Mat,67
2027-10-11,P008,Coffee Maker,36
2027-10-11,P008,Coffee Maker,32
2027-10-11,P008,Coffee Maker,49
2027-10-11,P008,Coffee Maker,55
2027-10-12,P001,Wireless Mouse,34
2027-10-12,P001,Wireless Mouse,48
2027-10-12,P001,Wireless Mouse,59
2027-10-12,P001,Wireless Mouse,26
2027-10-12,P002,Bluetooth Speaker,26
2027-10-12,P002,Bluetooth Speaker,35
2027-10-12,P002,Bluetooth Speaker,58
2027-10-12,P002,Bluetooth Speaker,32
2027-10-12,P003,Office Chair,41
2027-10-12,P003,Office Chair,39
2027-10-12,P003,Office Chair,46
2027-10-12,P003,Office Chair,28
2027-10-12,P004,Notebook Pack,53
2027-10-12,P004,Notebook Pack,38
2027-10-12,P004,Notebook Pack,38
2027-10-12,P004,Notebook Pack,43
2027-10-12,P005,LED Desk Lamp,42
2027-10-12,P005,LED Desk Lamp,38
2027-10-12,P005,LED Desk Lamp,58
2027-10-12,P005,LED Desk Lamp,20
2027-10-12,P006,Running Shoes,52
2027-10-12,P006,Running Shoes,58
2027-10-12,P006,Running Shoes,45
2027-10-12,P006,Running Shoes,42
2027-10-12,P007,Yoga Mat,33
2027-10-12,P007,Yoga Mat,55
2027-10-12,P007,Yoga Mat,63
2027-10-12,P007,Yoga Mat,69
2027-10-12,P008,Coffee Maker,55
2027-10-12,P008,Coffee Maker,39
2027-10-12,P008,Coffee Maker,23
2027-10-12,P008,Coffee Maker,53
2027-10-13,P001,Wireless Mouse,55
2027-10-13,P001,Wireless Mouse,54
2027-10-13,P001,Wireless Mouse,47
2027-10-13,P001,Wireless Mouse,29
2027-10-13,P002,Bluetooth Speaker,12
2027-10-13,P002,Bluetooth Speaker,36
2027-10-13,P002,Bluetooth Speaker,53
2027-10-13,P002,Bluetooth Speaker,27
2027-10-13,P003,Office Chair,35
2027-10-13,P003,Office Chair,39
2027-10-13,P003,Office Chair,34
2027-10-13,P003,Office Chair,24
2027-10-13,P004,Notebook Pack,57
2027-10-13,P004,Notebook Pack,32
2027-10-13,P004,Notebook Pack,45
2027-10-13,P004,Notebook Pack,36
2027-10-13,P005,LED Desk Lamp,45
2027-10-13,P005,LED Desk Lamp,25
2027-10-13,P005,LED Desk Lamp,47
2027-10-13,P005,LED Desk Lamp,25
2027-10-13,P006,Running Shoes,44
2027-10-13,P006,Running Shoes,34
2027-10-13,P006,Running Shoes,32
2027-10-13,P006,Running Shoes,45
2027-10-13,P007,Yoga Mat,32
2027-10-13,P007,Yoga Mat,45
2027-10-13,P007,Yoga Mat,36
2027-10-13,P007,Yoga Mat,49
2027-10-13,P008,Coffee Maker,34
2027-10-13,P008,Coffee Maker,33
2027-10-13,P008,Coffee Maker,41
2027-10-13,P008,Coffee Maker,38
2027-10-14,P001,Wireless Mouse,30
2027-10-14,P001,Wireless Mouse,52
2027-10-14,P001,Wireless Mouse,42
2027-10-14,P001,Wireless Mouse,37
2027-10-14,P002,Bluetooth Speaker,23
2027-10-14,P002,Bluetooth Speaker,29
2027-10-14,P002,Bluetooth Speaker,60
2027-10-14,P002,Bluetooth Speaker,18
2027-10-14,P003,Office Chair,31
2027-10-14,P003,Office Chair,43
2027-10-14,P003,Office Chair,50
2027-10-14,P003,Office Chair,31
2027-10-14,P004,Notebook Pack,50
2027-10-14,P004,Notebook Pack,28
2027-10-14,P004,Notebook Pack,17
2027-10-14,P004,Notebook Pack,55
2027-10-14,P005,LED Desk Lamp,32
2027-10-14,P005,LED Desk Lamp,32
2027-10-14,P005,LED Desk Lamp,43
2027-10-14,P005,LED Desk Lamp,46
2027-10-14,P006,Running Shoes,50
2027-10-14,P006,Running Shoes,37
2027-10-14,P006,Running Shoes,47
2027-10-14,P006,Running Shoes,43
2027-10-14,P007,Yoga Mat,34
2027-10-14,P007,Yoga Mat,60
2027-10-14,P007,Yoga Mat,55
2027-10-14,P007,Yoga Mat,61
2027-10-14,P008,Coffee Maker,38
2027-10-14,P008,Coffee Maker,32
2027-10-14,P008,Coffee Maker,50
2027-10-14,P008,Coffee Maker,66
2027-10-15,P001,Wireless Mouse,55
2027-10-15,P001,Wireless Mouse,64
2027-10-15,P001,Wireless Mouse,54
2027-10-15,P001,Wireless Mouse,30
2027-10-15,P002,Bluetooth Speaker,26
2027-10-15,P002,Bluetooth Speaker,27
2027-10-15,P002,Bluetooth Speaker,68
2027-10-15,P002,Bluetooth Speaker,24
2027-10-15,P003,Office Chair,30
2027-10-15,P003,Office Chair,46
2027-10-15,P003,Office Chair,43
2027-10-15,P003,Office Chair,43
2027-10-15,P004,Notebook Pack,55
2027-10-15,P004,Notebook Pack,26
2027-10-15,P004,Notebook Pack,26
2027-10-15,P004,Notebook Pack,42
2027-10-15,P005,LED Desk Lamp,37
2027-10-15,P005,LED Desk Lamp,32
2027-10-15,P005,LED Desk Lamp,44
2027-10-15,P005,LED Desk Lamp,29
2027-10-15,P006,Running Shoes,44
2027-10-15,P006,Running Shoes,41
2027-10-15,P006,Running Shoes,38
2027-10-15,P006,Running Shoes,63
2027-10-15,P007,Yoga Mat,38
2027-10-15,P007,Yoga Mat,55
2027-10-15,P007,Yoga Mat,75
2027-10-15,P007,Yoga Mat,55
2027-10-15,P008,Coffee Maker,49
2027-10-15,P008,Coffee Maker,41
2027-10-15,P008,Coffee Maker,38
2027-10-15,P008,Coffee Maker,53
2027-10-16,P001,Wireless Mouse,53
2027-10-16,P001,Wireless Mouse,62
2027-10-16,P001,Wireless Mouse,47
2027-10-16,P001,Wireless Mouse,37
2027-10-16,P002,Bluetooth Speaker,37
2027-10-16,P002,Bluetooth Speaker,33
2027-10-16,P002,Bluetooth Speaker,44
2027-10-16,P002,Bluetooth Speaker,21
2027-10-16,P003,Office Chair,50
2027-10-16,P003,Office Chair,40
2027-10-16,P003,Office Chair,57
2027-10-16,P003,Office Chair,23
2027-10-16,P004,Notebook Pack,54
2027-10-16,P004,Notebook Pack,24
2027-10-16,P004,Notebook Pack,43
2027-10-16,P004,Notebook Pack,41
2027-10-16,P005,LED Desk Lamp,33
2027-10-16,P005,LED Desk Lamp,33
2027-10-16,P005,LED Desk Lamp,53
2027-10-16,P005,LED Desk Lamp,36
2027-10-16,P006,Running Shoes,56
2027-10-16,P006,Running Shoes,51
2027-10-16,P006,Running Shoes,34
2027-10-16,P006,Running Shoes,48
2027-10-16,P007,Yoga Mat,38
2027-10-16,P007,Yoga Mat,68
2027-10-16,P007,Yoga Mat,55
2027-10-16,P007,Yoga Mat,60
2027-10-16,P008,Coffee Maker,27
2027-10-16,P008,Coffee Maker,37
2027-10-16,P008,Coffee Maker,66
2027-10-16,P008,Coffee Maker,41
2027-10-17,P001,Wireless Mouse,62
2027-10-17,P001,Wireless Mouse,54
2027-10-17,P001,Wireless Mouse,56
2027-10-17,P001,Wireless Mouse,18
2027-10-17,P002,Bluetooth Speaker,23
2027-10-17,P002,Bluetooth Speaker,30
2027-10-17,P002,Bluetooth Speaker,45
2027-10-17,P002,Bluetooth Speaker,24
2027-10-17,P003,Office Chair,35
2027-10-17,P003,Office Chair,43
2027-10-17,P003,Office Chair,39
2027-10-17,P003,Office Chair,40
2027-10-17,P004,Notebook Pack,46
2027-10-17,P004,Notebook Pack,34
2027-10-17,P004,Notebook Pack,56
2027-10-17,P004,Notebook Pack,32
2027-10-17,P005,LED Desk Lamp,43
2027-10-17,P005,LED Desk Lamp,35
2027-10-17,P005,LED Desk Lamp,36
2027-10-17,P005,LED Desk Lamp,43
2027-10-17,P006,Running Shoes,57
2027-10-17,P006,Running Shoes,39
2027-10-17,P006,Running Shoes,36
2027-10-17,P006,Running Shoes,37
2027-10-17,P007,Yoga Mat,42
2027-10-17,P007,Yoga Mat,44
2027-10-17,P007,Yoga Mat,53
2027-10-17,P007,Yoga Mat,64
2027-10-17,P008,Coffee Maker,46
2027-10-17,P008,Coffee Maker,35
2027-10-17,P008,Coffee Maker,53
2027-10-17,P008,Coffee Maker,62
2027-10-18,P001,Wireless Mouse,40
2027-10-18,P001,Wireless Mouse,48
2027-10-18,P001,Wireless Mouse,52
2027-10-18,P001,Wireless Mouse,43
2027-10-18,P002,Bluetooth Speaker,30
2027-10-18,P002,Bluetooth Speaker,43
2027-10-18,P002,Bluetooth Speaker,45
2027-10-18,P002,Bluetooth Speaker,29
2027-10-18,P003,Office Chair,34
2027-10-18,P003,Office Chair,31
2027-10-18,P003,Office Chair,40
2027-10-18,P003,Office Chair,16
2027-10-18,P004,Notebook Pack,58
2027-10-18,P004,Notebook Pack,36
2027-10-18,P004,Notebook Pack,27
2027-10-18,P004,Notebook Pack,49
2027-10-18,P005,LED Desk Lamp,50
2027-10-18,P005,LED Desk Lamp,24
2027-10-18,P005,LED Desk Lamp,46
2027-10-18,P005,LED Desk Lamp,51
2027-10-18,P006,Running Shoes,45
2027-10-18,P006,Running Shoes,46
2027-10-18,P006,Running Shoes,46
2027-10-18,P006,Running Shoes,39
2027-10-18,P007,Yoga Mat,52
2027-10-18,P007,Yoga Mat,48
2027-10-18,P007,Yoga Mat,59
2027-10-18,P007,Yoga Mat,67
2027-10-18,P008,Coffee Maker,36
2027-10-18,P008,Coffee Maker,32
2027-10-18,P008,Coffee Maker,49
2027-10-18,P008,Coffee Maker,55
2027-10-19,P001,Wireless Mouse,34
2027-10-19,P001,Wireless Mouse,48
2027-10-19,P001,Wireless Mouse,59
2027-10-19,P001,Wireless Mouse,26
2027-10-19,P002,Bluetooth Speaker,26
2027-10-19,P002,Bluetooth Speaker,35
2027-10-19,P002,Bluetooth Speaker,58
2027-10-19,P002,Bluetooth Speaker,32
2027-10-19,P003,Office Chair,41
2027-10-19,P003,Office Chair,39
2027-10-19,P003,Office Chair,46
2027-10-19,P003,Office Chair,28
2027-10-19,P004,Notebook Pack,53
2027-10-19,P004,Notebook Pack,38
2027-10-19,P004,Notebook Pack,38
2027-10-19,P004,Notebook Pack,43
2027-10-19,P005,LED Desk Lamp,41
2027-10-19,P005,LED Desk Lamp,38
2027-10-19,P005,LED Desk Lamp,58
2027-10-19,P005,LED Desk Lamp,20
2027-10-19,P006,Running Shoes,52
2027-10-19,P006,Running Shoes,58
2027-10-19,P006,Running Shoes,45
2027-10-19,P006,Running Shoes,42
2027-10-19,P007,Yoga Mat,33
2027-10-19,P007,Yoga Mat,55
2027-10-19,P007,Yoga Mat,63
2027-10-19,P007,Yoga Mat,69
2027-10-19,P008,Coffee Maker,55
2027-10-19,P008,Coffee Maker,39
2027-10-19,P008,Coffee Maker,23
2027-10-19,P008,Coffee Maker,53
2027-10-20,P001,Wireless Mouse,55
2027-10-20,P001,Wireless Mouse,55
2027-10-20,P001,Wireless Mouse,47
2027-10-20,P001,Wireless Mouse,29
2027-10-20,P002,Bluetooth Speaker,12
2027-10-20,P002,Bluetooth Speaker,36
2027-10-20,P002,Bluetooth Speaker,53
2027-10-20,P002,Bluetooth Speaker,27
2027-10-20,P003,Office Chair,35
2027-10-20,P003,Office Chair,39
2027-10-20,P003,Office Chair,34
2027-10-20,P003,Office Chair,24
2027-10-20,P004,Notebook Pack,57
2027-10-20,P004,Notebook Pack,32
2027-10-20,P004,Notebook Pack,45
2027-10-20,P004,Notebook Pack,36
2027-10-20,P005,LED Desk Lamp,45
2027-10-20,P005,LED Desk Lamp,25
2027-10-20,P005,LED Desk Lamp,47
2027-10-20,P005,LED Desk Lamp,25
2027-10-20,P006,Running Shoes,44
2027-10-20,P006,Running Shoes,34
2027-10-20,P006,Running Shoes,32
2027-10-20,P006,Running Shoes,45
2027-10-20,P007,Yoga Mat,32
2027-10-20,P007,Yoga Mat,45
2027-10-20,P007,Yoga Mat,36
2027-10-20,P007,Yoga Mat,50
2027-10-20,P008,Coffee Maker,34
2027-10-20,P008,Coffee Maker,33
2027-10-20,P008,Coffee Maker,41
2027-10-20,P008,Coffee Maker,38
2027-10-21,P001,Wireless Mouse,30
2027-10-21,P001,Wireless Mouse,52
2027-10-21,P001,Wireless Mouse,42
2027-10-21,P001,Wireless Mouse,37
2027-10-21,P002,Bluetooth Speaker,23
2027-10-21,P002,Bluetooth Speaker,29
2027-10-21,P002,Bluetooth Speaker,60
2027-10-21,P002,Bluetooth Speaker,18
2027-10-21,P003,Office Chair,31
2027-10-21,P003,Office Chair,43
2027-10-21,P003,Office Chair,50
2027-10-21,P003,Office Chair,30
2027-10-21,P004,Notebook Pack,50
2027-10-21,P004,Notebook Pack,28
2027-10-21,P004,Notebook Pack,17
2027-10-21,P004,Notebook Pack,55
2027-10-21,P005,LED Desk Lamp,32
2027-10-21,P005,LED Desk Lamp,32
2027-10-21,P005,LED Desk Lamp,43
2027-10-21,P005,LED Desk Lamp,46
2027-10-21,P006,Running Shoes,50
2027-10-21,P006,Running Shoes,37
2027-10-21,P006,Running Shoes,47
2027-10-21,P006,Running Shoes,43
2027-10-21,P007,Yoga Mat,34
2027-10-21,P007,Yoga Mat,60
2027-10-21,P007,Yoga Mat,55
2027-10-21,P007,Yoga Mat,61
2027-10-21,P008,Coffee Maker,38
2027-10-21,P008,Coffee Maker,32
2027-10-21,P008,Coffee Maker,50
2027-10-21,P008,Coffee Maker,66
2027-10-22,P001,Wireless Mouse,55
2027-10-22,P001,Wireless Mouse,64
2027-10-22,P001,Wireless Mouse,54
2027-10-22,P001,Wireless Mouse,30
2027-10-22,P002,Bluetooth Speaker,26
2027-10-22,P002,Bluetooth Speaker,27
2027-10-22,P002,Bluetooth Speaker,68
2027-10-22,P002,Bluetooth Speaker,24
2027-10-22,P003,Office Chair,30
2027-10-22,P003,Office Chair,46
2027-10-22,P003,Office Chair,43
2027-10-22,P003,Office Chair,42
2027-10-22,P004,Notebook Pack,55
2027-10-22,P004,Notebook Pack,26
2027-10-22,P004,Notebook Pack,26
2027-10-22,P004,Notebook Pack,42
2027-10-22,P005,LED Desk Lamp,36
2027-10-22,P005,LED Desk Lamp,32
2027-10-22,P005,LED Desk Lamp,44
2027-10-22,P005,LED Desk Lamp,29
2027-10-22,P006,Running Shoes,44
2027-10-22,P006,Running Shoes,41
2027-10-22,P006,Running Shoes,38
2027-10-22,P006,Running Shoes,63
2027-10-22,P007,Yoga Mat,38
2027-10-22,P007,Yoga Mat,56
2027-10-22,P007,Yoga Mat,75
2027-10-22,P007,Yoga Mat,55
2027-10-22,P008,Coffee Maker,49
2027-10-22,P008,Coffee Maker,41
2027-10-22,P008,Coffee Maker,38
2027-10-22,P008,Coffee Maker,53
2027-10-23,P001,Wireless Mouse,53
2027-10-23,P001,Wireless Mouse,63
2027-10-23,P001,Wireless Mouse,47
2027-10-23,P001,Wireless Mouse,37
2027-10-23,P002,Bluetooth Speaker,37
2027-10-23,P002,Bluetooth Speaker,33
2027-10-23,P002,Bluetooth Speaker,44
2027-10-23,P002,Bluetooth Speaker,21
2027-10-23,P003,Office Chair,50
2027-10-23,P003,Office Chair,39
2027-10-23,P003,Office Chair,57
2027-10-23,P003,Office Chair,23
2027-10-23,P004,Notebook Pack,55
2027-10-23,P004,Notebook Pack,24
2027-10-23,P004,Notebook Pack,43
2027-10-23,P004,Notebook Pack,41
2027-10-23,P005,LED Desk Lamp,33
2027-10-23,P005,LED Desk Lamp,33
2027-10-23,P005,LED Desk Lamp,53
2027-10-23,P005,LED Desk Lamp,36
2027-10-23,P006,Running Shoes,56
2027-10-23,P006,Running Shoes,51
2027-10-23,P006,Running Shoes,34
2027-10-23,P006,Running Shoes,48
2027-10-23,P007,Yoga Mat,38
2027-10-23,P007,Yoga Mat,68
2027-10-23,P007,Yoga Mat,55
2027-10-23,P007,Yoga Mat,60
2027-10-23,P008,Coffee Maker,27
2027-10-23,P008,Coffee Maker,36
2027-10-23,P008,Coffee Maker,66
2027-10-23,P008,Coffee Maker,41
2027-10-24,P001,Wireless Mouse,62
2027-10-24,P001,Wireless Mouse,54
2027-10-24,P001,Wireless Mouse,56
2027-10-24,P001,Wireless Mouse,18
2027-10-24,P002,Bluetooth Speaker,23
2027-10-24,P002,Bluetooth Speaker,30
2027-10-24,P002,Bluetooth Speaker,45
2027-10-24,P002,Bluetooth Speaker,24
2027-10-24,P003,Office Chair,35
2027-10-24,P003,Office Chair,42
2027-10-24,P003,Office Chair,39
2027-10-24,P003,Office Chair,40
2027-10-24,P004,Notebook Pack,46
2027-10-24,P004,Notebook Pack,33
2027-10-24,P004,Notebook Pack,56
2027-10-24,P004,Notebook Pack,32
2027-10-24,P005,LED Desk Lamp,43
2027-10-24,P005,LED Desk Lamp,35
2027-10-24,P005,LED Desk Lamp,36
2027-10-24,P005,LED Desk Lamp,43
2027-10-24,P006,Running Shoes,57
2027-10-24,P006,Running Shoes,39
2027-10-24,P006,Running Shoes,36
2027-10-24,P006,Running Shoes,38
2027-10-24,P007,Yoga Mat,42
2027-10-24,P007,Yoga Mat,44
2027-10-24,P007,Yoga Mat,53
2027-10-24,P007,Yoga Mat,65
2027-10-24,P008,Coffee Maker,46
2027-10-24,P008,Coffee Maker,34
2027-10-24,P008,Coffee Maker,53
2027-10-24,P008,Coffee Maker,62
2027-10-25,P001,Wireless Mouse,40
2027-10-25,P001,Wireless Mouse,48
2027-10-25,P001,Wireless Mouse,52
2027-10-25,P001,Wireless Mouse,43
2027-10-25,P002,Bluetooth Speaker,30
2027-10-25,P002,Bluetooth Speaker,43
2027-10-25,P002,Bluetooth Speaker,45
2027-10-25,P002,Bluetooth Speaker,29
2027-10-25,P003,Office Chair,34
2027-10-25,P003,Office Chair,31
2027-10-25,P003,Office Chair,40
2027-10-25,P003,Office Chair,16
2027-10-25,P004,Notebook Pack,59
2027-10-25,P004,Notebook Pack,35
2027-10-25,P004,Notebook Pack,27
2027-10-25,P004,Notebook Pack,49
2027-10-25,P005,LED Desk Lamp,49
2027-10-25,P005,LED Desk Lamp,24
2027-10-25,P005,LED Desk Lamp,46
2027-10-25,P005,LED Desk Lamp,51
2027-10-25,P006,Running Shoes,45
2027-10-25,P006,Running Shoes,46
2027-10-25,P006,Running Shoes,46
2027-10-25,P006,Running Shoes,39
2027-10-25,P007,Yoga Mat,52
2027-10-25,P007,Yoga Mat,48
2027-10-25,P007,Yoga Mat,59
2027-10-25,P007,Yoga Mat,67
2027-10-25,P008,Coffee Maker,36
2027-10-25,P008,Coffee Maker,32
2027-10-25,P008,Coffee Maker,48
2027-10-25,P008,Coffee Maker,55
2027-10-26,P001,Wireless Mouse,34
2027-10-26,P001,Wireless Mouse,49
2027-10-26,P001,Wireless Mouse,59
2027-10-26,P001,Wireless Mouse,26
2027-10-26,P002,Bluetooth Speaker,26
2027-10-26,P002,Bluetooth Speaker,35
2027-10-26,P002,Bluetooth Speaker,58
2027-10-26,P002,Bluetooth Speaker,32
2027-10-26,P003,Office Chair,41
2027-10-26,P003,Office Chair,38
2027-10-26,P003,Office Chair,46
2027-10-26,P003,Office Chair,27
2027-10-26,P004,Notebook Pack,53
2027-10-26,P004,Notebook Pack,38
2027-10-26,P004,Notebook Pack,38
2027-10-26,P004,Notebook Pack,43
2027-10-26,P005,LED Desk Lamp,41
2027-10-26,P005,LED Desk Lamp,38
2027-10-26,P005,LED Desk Lamp,58
2027-10-26,P005,LED Desk Lamp,20
2027-10-26,P006,Running Shoes,52
2027-10-26,P006,Running Shoes,57
2027-10-26,P006,Running Shoes,45
2027-10-26,P006,Running Shoes,42
2027-10-26,P007,Yoga Mat,33
2027-10-26,P007,Yoga Mat,55
2027-10-26,P007,Yoga Mat,63
2027-10-26,P007,Yoga Mat,69
2027-10-26,P008,Coffee Maker,55
2027-10-26,P008,Coffee Maker,39
2027-10-26,P008,Coffee Maker,23
2027-10-26,P008,Coffee Maker,53
2027-10-27,P001,Wireless Mouse,55
2027-10-27,P001,Wireless Mouse,55
2027-10-27,P001,Wireless Mouse,47
2027-10-27,P001,Wireless Mouse,29
2027-10-27,P002,Bluetooth Speaker,12
2027-10-27,P002,Bluetooth Speaker,36
2027-10-27,P002,Bluetooth Speaker,53
2027-10-27,P002,Bluetooth Speaker,26
2027-10-27,P003,Office Chair,35
2027-10-27,P003,Office Chair,39
2027-10-27,P003,Office Chair,34
2027-10-27,P003,Office Chair,24
2027-10-27,P004,Notebook Pack,57
2027-10-27,P004,Notebook Pack,32
2027-10-27,P004,Notebook Pack,45
2027-10-27,P004,Notebook Pack,36
2027-10-27,P005,LED Desk Lamp,45
2027-10-27,P005,LED Desk Lamp,25
2027-10-27,P005,LED Desk Lamp,46
2027-10-27,P005,LED Desk Lamp,25
2027-10-27,P006,Running Shoes,44
2027-10-27,P006,Running Shoes,34
2027-10-27,P006,Running Shoes,32
2027-10-27,P006,Running Shoes,45
2027-10-27,P007,Yoga Mat,32
2027-10-27,P007,Yoga Mat,45
2027-10-27,P007,Yoga Mat,36
2027-10-27,P007,Yoga Mat,50
2027-10-27,P008,Coffee Maker,34
2027-10-27,P008,Coffee Maker,33
2027-10-27,P008,Coffee Maker,41
2027-10-27,P008,Coffee Maker,38
2027-10-28,P001,Wireless Mouse,30
2027-10-28,P001,Wireless Mouse,52
2027-10-28,P001,Wireless Mouse,42
2027-10-28,P001,Wireless Mouse,37
2027-10-28,P002,Bluetooth Speaker,23
2027-10-28,P002,Bluetooth Speaker,29
2027-10-28,P002,Bluetooth Speaker,60
2027-10-28,P002,Bluetooth Speaker,18
2027-10-28,P003,Office Chair,31
2027-10-28,P003,Office Chair,43
2027-10-28,P003,Office Chair,50
2027-10-28,P003,Office Chair,30
2027-10-28,P004,Notebook Pack,50
2027-10-28,P004,Notebook Pack,28
2027-10-28,P004,Notebook Pack,17
2027-10-28,P004,Notebook Pack,55
2027-10-28,P005,LED Desk Lamp,32
2027-10-28,P005,LED Desk Lamp,32
2027-10-28,P005,LED Desk Lamp,43
2027-10-28,P005,LED Desk Lamp,45
2027-10-28,P006,Running Shoes,50
2027-10-28,P006,Running Shoes,37
2027-10-28,P006,Running Shoes,47
2027-10-28,P006,Running Shoes,43
2027-10-28,P007,Yoga Mat,34
2027-10-28,P007,Yoga Mat,60
2027-10-28,P007,Yoga Mat,55
2027-10-28,P007,Yoga Mat,61
2027-10-28,P008,Coffee Maker,38
2027-10-28,P008,Coffee Maker,32
2027-10-28,P008,Coffee Maker,49
2027-10-28,P008,Coffee Maker,66
2027-10-29,P001,Wireless Mouse,55
2027-10-29,P001,Wireless Mouse,65
2027-10-29,P001,Wireless Mouse,54
2027-10-29,P001,Wireless Mouse,30
2027-10-29,P002,Bluetooth Speaker,26
2027-10-29,P002,Bluetooth Speaker,27
2027-10-29,P002,Bluetooth Speaker,68
2027-10-29,P002,Bluetooth Speaker,24
2027-10-29,P003,Office Chair,30
2027-10-29,P003,Office Chair,46
2027-10-29,P003,Office Chair,43
2027-10-29,P003,Office Chair,42
2027-10-29,P004,Notebook Pack,55
2027-10-29,P004,Notebook Pack,26
2027-10-29,P004,Notebook Pack,26
2027-10-29,P004,Notebook Pack,42
2027-10-29,P005,LED Desk Lamp,36
2027-10-29,P005,LED Desk Lamp,32
2027-10-29,P005,LED Desk Lamp,44
2027-10-29,P005,LED Desk Lamp,29
2027-10-29,P006,Running Shoes,44
2027-10-29,P006,Running Shoes,41
2027-10-29,P006,Running Shoes,38
2027-10-29,P006,Running Shoes,63
2027-10-29,P007,Yoga Mat,38
2027-10-29,P007,Yoga Mat,56
2027-10-29,P007,Yoga Mat,75
2027-10-29,P007,Yoga Mat,55
2027-10-29,P008,Coffee Maker,49
2027-10-29,P008,Coffee Maker,40
2027-10-29,P008,Coffee Maker,38
2027-10-29,P008,Coffee Maker,53
2027-10-30,P001,Wireless Mouse,53
2027-10-30,P001,Wireless Mouse,63
2027-10-30,P001,Wireless Mouse,47
2027-10-30,P001,Wireless Mouse,37
2027-10-30,P002,Bluetooth Speaker,37
2027-10-30,P002,Bluetooth Speaker,33
2027-10-30,P002,Bluetooth Speaker,44
2027-10-30,P002,Bluetooth Speaker,21
2027-10-30,P003,Office Chair,50
2027-10-30,P003,Office Chair,39
2027-10-30,P003,Office Chair,57
2027-10-30,P003,Office Chair,23
2027-10-30,P004,Notebook Pack,55
2027-10-30,P004,Notebook Pack,24
2027-10-30,P004,Notebook Pack,43
2027-10-30,P004,Notebook Pack,41
2027-10-30,P005,LED Desk Lamp,33
2027-10-30,P005,LED Desk Lamp,33
2027-10-30,P005,LED Desk Lamp,53
2027-10-30,P005,LED Desk Lamp,35
2027-10-30,P006,Running Shoes,56
2027-10-30,P006,Running Shoes,51
2027-10-30,P006,Running Shoes,34
2027-10-30,P006,Running Shoes,48
2027-10-30,P007,Yoga Mat,38
2027-10-30,P007,Yoga Mat,68
2027-10-30,P007,Yoga Mat,55
2027-10-30,P007,Yoga Mat,60
2027-10-30,P008,Coffee Maker,27
2027-10-30,P008,Coffee Maker,36
2027-10-30,P008,Coffee Maker,65
2027-10-30,P008,Coffee Maker,41
2027-10-31,P001,Wireless Mouse,62
2027-10-31,P001,Wireless Mouse,54
2027-10-31,P001,Wireless Mouse,56
2027-10-31,P001,Wireless Mouse,18
2027-10-31,P002,Bluetooth Speaker,23
2027-10-31,P002,Bluetooth Speaker,30
2027-10-31,P002,Bluetooth Speaker,45
2027-10-31,P002,Bluetooth Speaker,24
2027-10-31,P003,Office Chair,35
2027-10-31,P003,Office Chair,42
2027-10-31,P003,Office Chair,39
2027-10-31,P003,Office Chair,40
2027-10-31,P004,Notebook Pack,47
2027-10-31,P004,Notebook Pack,33
2027-10-31,P004,Notebook Pack,55
2027-10-31,P004,Notebook Pack,32
2027-10-31,P005,LED Desk Lamp,42
2027-10-31,P005,LED Desk Lamp,35
2027-10-31,P005,LED Desk Lamp,36
2027-10-31,P005,LED Desk Lamp,43
2027-10-31,P006,Running Shoes,57
2027-10-31,P006,Running Shoes,39
2027-10-31,P006,Running Shoes,36
2027-10-31,P006,Running Shoes,38
2027-10-31,P007,Yoga Mat,42
2027-10-31,P007,Yoga Mat,44
2027-10-31,P007,Yoga Mat,53
2027-10-31,P007,Yoga Mat,65
2027-10-31,P008,Coffee Maker,46
2027-10-31,P008,Coffee Maker,34
2027-10-31,P008,Coffee Maker,52
2027-10-31,P008,Coffee Maker,62
2027-11-01,P001,Wireless Mouse,40
2027-11-01,P001,Wireless Mouse,48
2027-11-01,P001,Wireless Mouse,52
2027-11-01,P001,Wireless Mouse,43
2027-11-01,P002,Bluetooth Speaker,30
2027-11-01,P002,Bluetooth Speaker,43
2027-11-01,P002,Bluetooth Speaker,45
2027-11-01,P002,Bluetooth Speaker,29
2027-11-01,P003,Office Chair,34
2027-11-01,P003,Office Chair,31
2027-11-01,P003,Office Chair,40
2027-11-01,P003,Office Chair,16
2027-11-01,P004,Notebook Pack,59
2027-11-01,P004,Notebook Pack,35
2027-11-01,P004,Notebook Pack,27
2027-11-01,P004,Notebook Pack,49
2027-11-01,P005,LED Desk Lamp,49
2027-11-01,P005,LED Desk Lamp,24
2027-11-01,P005,LED Desk Lamp,46
2027-11-01,P005,LED Desk Lamp,50
2027-11-01,P006,Running Shoes,45
2027-11-01,P006,Running Shoes,46
2027-11-01,P006,Running Shoes,46
2027-11-01,P006,Running Shoes,39
2027-11-01,P007,Yoga Mat,52
2027-11-01,P007,Yoga Mat,48
2027-11-01,P007,Yoga Mat,59
2027-11-01,P007,Yoga Mat,67
2027-11-01,P008,Coffee Maker,36
2027-11-01,P008,Coffee Maker,32
2027-11-01,P008,Coffee Maker,48
2027-11-01,P008,Coffee Maker,55
2027-11-02,P001,Wireless Mouse,34
2027-11-02,P001,Wireless Mouse,49
2027-11-02,P001,Wireless Mouse,59
2027-11-02,P001,Wireless Mouse,26
2027-11-02,P002,Bluetooth Speaker,26
2027-11-02,P002,Bluetooth Speaker,35
2027-11-02,P002,Bluetooth Speaker,58
2027-11-02,P002,Bluetooth Speaker,32
2027-11-02,P003,Office Chair,41
2027-11-02,P003,Office Chair,38
2027-11-02,P003,Office Chair,46
2027-11-02,P003,Office Chair,27
2027-11-02,P004,Notebook Pack,54
2027-11-02,P004,Notebook Pack,38
2027-11-02,P004,Notebook Pack,38
2027-11-02,P004,Notebook Pack,43
2027-11-02,P005,LED Desk Lamp,41
2027-11-02,P005,LED Desk Lamp,38
2027-11-02,P005,LED Desk Lamp,58
2027-11-02,P005,LED Desk Lamp,20
2027-11-02,P006,Running Shoes,52
2027-11-02,P006,Running Shoes,57
2027-11-02,P006,Running Shoes,45
2027-11-02,P006,Running Shoes,42
2027-11-02,P007,Yoga Mat,33
2027-11-02,P007,Yoga Mat,55
2027-11-02,P007,Yoga Mat,63
2027-11-02,P007,Yoga Mat,69
2027-11-02,P008,Coffee Maker,55
2027-11-02,P008,Coffee Maker,39
2027-11-02,P008,Coffee Maker,23
2027-11-02,P008,Coffee Maker,53
2027-11-03,P001,Wireless Mouse,55
2027-11-03,P001,Wireless Mouse,55
2027-11-03,P001,Wireless Mouse,47
2027-11-03,P001,Wireless Mouse,29
2027-11-03,P002,Bluetooth Speaker,12
2027-11-03,P002,Bluetooth Speaker,36
2027-11-03,P002,Bluetooth Speaker,53
2027-11-03,P002,Bluetooth Speaker,26
2027-11-03,P003,Office Chair,35
2027-11-03,P003,Office Chair,39
2027-11-03,P003,Office Chair,34
2027-11-03,P003,Office Chair,24
2027-11-03,P004,Notebook Pack,57
2027-11-03,P004,Notebook Pack,31
2027-11-03,P004,Notebook Pack,45
2027-11-03,P004,Notebook Pack,36
2027-11-03,P005,LED Desk Lamp,45
2027-11-03,P005,LED Desk Lamp,25
2027-11-03,P005,LED Desk Lamp,46
2027-11-03,P005,LED Desk Lamp,25
2027-11-03,P006,Running Shoes,44
2027-11-03,P006,Running Shoes,34
2027-11-03,P006,Running Shoes,32
2027-11-03,P006,Running Shoes,45
2027-11-03,P007,Yoga Mat,32
2027-11-03,P007,Yoga Mat,45
2027-11-03,P007,Yoga Mat,36
2027-11-03,P007,Yoga Mat,50
2027-11-03,P008,Coffee Maker,34
2027-11-03,P008,Coffee Maker,33
2027-11-03,P008,Coffee Maker,41
2027-11-03,P008,Coffee Maker,38
2027-11-04,P001,Wireless Mouse,30
2027-11-04,P001,Wireless Mouse,53
2027-11-04,P001,Wireless Mouse,42
2027-11-04,P001,Wireless Mouse,37
2027-11-04,P002,Bluetooth Speaker,23
2027-11-04,P002,Bluetooth Speaker,29
2027-11-04,P002,Bluetooth Speaker,60
2027-11-04,P002,Bluetooth Speaker,18
2027-11-04,P003,Office Chair,31
2027-11-04,P003,Office Chair,43
2027-11-04,P003,Office Chair,50
2027-11-04,P003,Office Chair,30
2027-11-04,P004,Notebook Pack,50
2027-11-04,P004,Notebook Pack,28
2027-11-04,P004,Notebook Pack,17
2027-11-04,P004,Notebook Pack,55
2027-11-04,P005,LED Desk Lamp,32
2027-11-04,P005,LED Desk Lamp,32
2027-11-04,P005,LED Desk Lamp,43
2027-11-04,P005,LED Desk Lamp,45
2027-11-04,P006,Running Shoes,50
2027-11-04,P006,Running Shoes,37
2027-11-04,P006,Running Shoes,47
2027-11-04,P006,Running Shoes,43
2027-11-04,P007,Yoga Mat,34
2027-11-04,P007,Yoga Mat,60
2027-11-04,P007,Yoga Mat,55
2027-11-04,P007,Yoga Mat,61
2027-11-04,P008,Coffee Maker,38
2027-11-04,P008,Coffee Maker,32
2027-11-04,P008,Coffee Maker,49
2027-11-04,P008,Coffee Maker,66
2027-11-05,P001,Wireless Mouse,55
2027-11-05,P001,Wireless Mouse,65
2027-11-05,P001,Wireless Mouse,54
2027-11-05,P001,Wireless Mouse,30
2027-11-05,P002,Bluetooth Speaker,26
2027-11-05,P002,Bluetooth Speaker,27
2027-11-05,P002,Bluetooth Speaker,68
2027-11-05,P002,Bluetooth Speaker,24
2027-11-05,P003,Office Chair,30
2027-11-05,P003,Office Chair,46
2027-11-05,P003,Office Chair,43
2027-11-05,P003,Office Chair,42
2027-11-05,P004,Notebook Pack,55
2027-11-05,P004,Notebook Pack,26
2027-11-05,P004,Notebook Pack,26
2027-11-05,P004,Notebook Pack,42
2027-11-05,P005,LED Desk Lamp,36
2027-11-05,P005,LED Desk Lamp,32
2027-11-05,P005,LED Desk Lamp,44
2027-11-05,P005,LED Desk Lamp,29
2027-11-05,P006,Running Shoes,44
2027-11-05,P006,Running Shoes,41
2027-11-05,P006,Running Shoes,37
2027-11-05,P006,Running Shoes,63
2027-11-05,P007,Yoga Mat,38
2027-11-05,P007,Yoga Mat,56
2027-11-05,P007,Yoga Mat,75
2027-11-05,P007,Yoga Mat,55
2027-11-05,P008,Coffee Maker,49
2027-11-05,P008,Coffee Maker,40
2027-11-05,P008,Coffee Maker,38
2027-11-05,P008,Coffee Maker,53
2027-11-06,P001,Wireless Mouse,53
2027-11-06,P001,Wireless Mouse,63
2027-11-06,P001,Wireless Mouse,47
2027-11-06,P001,Wireless Mouse,37
2027-11-06,P002,Bluetooth Speaker,37
2027-11-06,P002,Bluetooth Speaker,33
2027-11-06,P002,Bluetooth Speaker,44
2027-11-06,P002,Bluetooth Speaker,21
2027-11-06,P003,Office Chair,50
2027-11-06,P003,Office Chair,39
2027-11-06,P003,Office Chair,57
2027-11-06,P003,Office Chair,23
2027-11-06,P004,Notebook Pack,55
2027-11-06,P004,Notebook Pack,24
2027-11-06,P004,Notebook Pack,43
2027-11-06,P004,Notebook Pack,41
2027-11-06,P005,LED Desk Lamp,33
2027-11-06,P005,LED Desk Lamp,33
2027-11-06,P005,LED Desk Lamp,53
2027-11-06,P005,LED Desk Lamp,35
2027-11-06,P006,Running Shoes,56
2027-11-06,P006,Running Shoes,51
2027-11-06,P006,Running Shoes,34
2027-11-06,P006,Running Shoes,49
2027-11-06,P007,Yoga Mat,38
2027-11-06,P007,Yoga Mat,68
2027-11-06,P007,Yoga Mat,55
2027-11-06,P007,Yoga Mat,60
2027-11-06,P008,Coffee Maker,27
2027-11-06,P008,Coffee Maker,36
2027-11-06,P008,Coffee Maker,65
2027-11-06,P008,Coffee Maker,41
2027-11-07,P001,Wireless Mouse,62
2027-11-07,P001,Wireless Mouse,54
2027-11-07,P001,Wireless Mouse,56
2027-11-07,P001,Wireless Mouse,18
2027-11-07,P002,Bluetooth Speaker,23
2027-11-07,P002,Bluetooth Speaker,30
2027-11-07,P002,Bluetooth Speaker,45
2027-11-07,P002,Bluetooth Speaker,24
2027-11-07,P003,Office Chair,35
2027-11-07,P003,Office Chair,42
2027-11-07,P003,Office Chair,39
2027-11-07,P003,Office Chair,40
2027-11-07,P004,Notebook Pack,47
2027-11-07,P004,Notebook Pack,33
2027-11-07,P004,Notebook Pack,55
2027-11-07,P004,Notebook Pack,32
2027-11-07,P005,LED Desk Lamp,42
2027-11-07,P005,LED Desk Lamp,35
2027-11-07,P005,LED Desk Lamp,36
2027-11-07,P005,LED Desk Lamp,43
2027-11-07,P006,Running Shoes,57
2027-11-07,P006,Running Shoes,39
2027-11-07,P006,Running Shoes,36
2027-11-07,P006,Running Shoes,38
2027-11-07,P007,Yoga Mat,42
2027-11-07,P007,Yoga Mat,44
2027-11-07,P007,Yoga Mat,53
2027-11-07,P007,Yoga Mat,65
2027-11-07,P008,Coffee Maker,46
2027-11-07,P008,Coffee Maker,34
2027-11-07,P008,Coffee Maker,52
2027-11-07,P008,Coffee Maker,62
2027-11-08,P001,Wireless Mouse,40
2027-11-08,P001,Wireless Mouse,48
2027-11-08,P001,Wireless Mouse,52
2027-11-08,P001,Wireless Mouse,43
2027-11-08,P002,Bluetooth Speaker,30
2027-11-08,P002,Bluetooth Speaker,43
2027-11-08,P002,Bluetooth Speaker,45
2027-11-08,P002,Bluetooth Speaker,29
2027-11-08,P003,Office Chair,34
2027-11-08,P003,Office Chair,31
2027-11-08,P003,Office Chair,40
2027-11-08,P003,Office Chair,16
2027-11-08,P004,Notebook Pack,59
2027-11-08,P004,Notebook Pack,35
2027-11-08,P004,Notebook Pack,27
2027-11-08,P004,Notebook Pack,49
2027-11-08,P005,LED Desk Lamp,49
2027-11-08,P005,LED Desk Lamp,24
2027-11-08,P005,LED Desk Lamp,46
2027-11-08,P005,LED Desk Lamp,50
2027-11-08,P006,Running Shoes,45
2027-11-08,P006,Running Shoes,46
2027-11-08,P006,Running Shoes,46
2027-11-08,P006,Running Shoes,40
2027-11-08,P007,Yoga Mat,52
2027-11-08,P007,Yoga Mat,48
2027-11-08,P007,Yoga Mat,59
2027-11-08,P007,Yoga Mat,68
2027-11-08,P008,Coffee Maker,36
2027-11-08,P008,Coffee Maker,31
2027-11-08,P008,Coffee Maker,48
2027-11-08,P008,Coffee Maker,55
2027-11-09,P001,Wireless Mouse,34
2027-11-09,P001,Wireless Mouse,49
2027-11-09,P001,Wireless Mouse,59
2027-11-09,P001,Wireless Mouse,26
2027-11-09,P002,Bluetooth Speaker,26
2027-11-09,P002,Bluetooth Speaker,35
2027-11-09,P002,Bluetooth Speaker,58
2027-11-09,P002,Bluetooth Speaker,32
2027-11-09,P003,Office Chair,41
2027-11-09,P003,Office Chair,38
2027-11-09,P003,Office Chair,46
2027-11-09,P003,Office Chair,27
2027-11-09,P004,Notebook Pack,54
2027-11-09,P004,Notebook Pack,38
2027-11-09,P004,Notebook Pack,38
2027-11-09,P004,Notebook Pack,43
2027-11-09,P005,LED Desk Lamp,41
2027-11-09,P005,LED Desk Lamp,38
2027-11-09,P005,LED Desk Lamp,58
2027-11-09,P005,LED Desk Lamp,19
2027-11-09,P006,Running Shoes,52
2027-11-09,P006,Running Shoes,57
2027-11-09,P006,Running Shoes,45
2027-11-09,P006,Running Shoes,42
2027-11-09,P007,Yoga Mat,33
2027-11-09,P007,Yoga Mat,55
2027-11-09,P007,Yoga Mat,63
2027-11-09,P007,Yoga Mat,70
2027-11-09,P008,Coffee Maker,55
2027-11-09,P008,Coffee Maker,39
2027-11-09,P008,Coffee Maker,23
2027-11-09,P008,Coffee Maker,53
2027-11-10,P001,Wireless Mouse,55
2027-11-10,P001,Wireless Mouse,55
2027-11-10,P001,Wireless Mouse,47
2027-11-10,P001,Wireless Mouse,29
2027-11-10,P002,Bluetooth Speaker,12
2027-11-10,P002,Bluetooth Speaker,36
2027-11-10,P002,Bluetooth Speaker,53
2027-11-10,P002,Bluetooth Speaker,26
2027-11-10,P003,Office Chair,35
2027-11-10,P003,Office Chair,39
2027-11-10,P003,Office Chair,34
2027-11-10,P003,Office Chair,24
2027-11-10,P004,Notebook Pack,57
2027-11-10,P004,Notebook Pack,31
2027-11-10,P004,Notebook Pack,45
2027-11-10,P004,Notebook Pack,36
2027-11-10,P005,LED Desk Lamp,45
2027-11-10,P005,LED Desk Lamp,25
2027-11-10,P005,LED Desk Lamp,46
2027-11-10,P005,LED Desk Lamp,25
2027-11-10,P006,Running Shoes,44
2027-11-10,P006,Running Shoes,34
2027-11-10,P006,Running Shoes,32
2027-11-10,P006,Running Shoes,45
2027-11-10,P007,Yoga Mat,32
2027-11-10,P007,Yoga Mat,45
2027-11-10,P007,Yoga Mat,36
2027-11-10,P007,Yoga Mat,50
2027-11-10,P008,Coffee Maker,34
2027-11-10,P008,Coffee Maker,32
2027-11-10,P008,Coffee Maker,41
2027-11-10,P008,Coffee Maker,38
2027-11-11,P001,Wireless Mouse,30
2027-11-11,P001,Wireless Mouse,53
2027-11-11,P001,Wireless Mouse,42
2027-11-11,P001,Wireless Mouse,37
2027-11-11,P002,Bluetooth Speaker,23
2027-11-11,P002,Bluetooth Speaker,29
2027-11-11,P002,Bluetooth Speaker,60
2027-11-11,P002,Bluetooth Speaker,18
2027-11-11,P003,Office Chair,31
2027-11-11,P003,Office Chair,43
2027-11-11,P003,Office Chair,50
2027-11-11,P003,Office Chair,30
2027-11-11,P004,Notebook Pack,51
2027-11-11,P004,Notebook Pack,28
2027-11-11,P004,Notebook Pack,17
2027-11-11,P004,Notebook Pack,55
2027-11-11,P005,LED Desk Lamp,32
2027-11-11,P005,LED Desk Lamp,32
2027-11-11,P005,LED Desk Lamp,43
2027-11-11,P005,LED Desk Lamp,45
2027-11-11,P006,Running Shoes,50
2027-11-11,P006,Running Shoes,37
2027-11-11,P006,Running Shoes,47
2027-11-11,P006,Running Shoes,44
2027-11-11,P007,Yoga Mat,34
2027-11-11,P007,Yoga Mat,60
2027-11-11,P007,Yoga Mat,55
2027-11-11,P007,Yoga Mat,61
2027-11-11,P008,Coffee Maker,38
2027-11-11,P008,Coffee Maker,32
2027-11-11,P008,Coffee Maker,49
2027-11-11,P008,Coffee Maker,66
2027-11-12,P001,Wireless Mouse,55
2027-11-12,P001,Wireless Mouse,65
2027-11-12,P001,Wireless Mouse,54
2027-11-12,P001,Wireless Mouse,30
2027-11-12,P002,Bluetooth Speaker,26
2027-11-12,P002,Bluetooth Speaker,27
2027-11-12,P002,Bluetooth Speaker,68
2027-11-12,P002,Bluetooth Speaker,24
2027-11-12,P003,Office Chair,30
2027-11-12,P003,Office Chair,46
2027-11-12,P003,Office Chair,43
2027-11-12,P003,Office Chair,42
2027-11-12,P004,Notebook Pack,55
2027-11-12,P004,Notebook Pack,26
2027-11-12,P004,Notebook Pack,26
2027-11-12,P004,Notebook Pack,42
2027-11-12,P005,LED Desk Lamp,36
2027-11-12,P005,LED Desk Lamp,32
2027-11-12,P005,LED Desk Lamp,44
2027-11-12,P005,LED Desk Lamp,29
2027-11-12,P006,Running Shoes,44
2027-11-12,P006,Running Shoes,41
2027-11-12,P006,Running Shoes,37
2027-11-12,P006,Running Shoes,64
2027-11-12,P007,Yoga Mat,38
2027-11-12,P007,Yoga Mat,56
2027-11-12,P007,Yoga Mat,75
2027-11-12,P007,Yoga Mat,55
2027-11-12,P008,Coffee Maker,49
2027-11-12,P008,Coffee Maker,40
2027-11-12,P008,Coffee Maker,38
2027-11-12,P008,Coffee Maker,53
2027-11-13,P001,Wireless Mouse,54
2027-11-13,P001,Wireless Mouse,63
2027-11-13,P001,Wireless Mouse,47
2027-11-13,P001,Wireless Mouse,37
2027-11-13,P002,Bluetooth Speaker,37
2027-11-13,P002,Bluetooth Speaker,33
2027-11-13,P002,Bluetooth Speaker,44
2027-11-13,P002,Bluetooth Speaker,21
2027-11-13,P003,Office Chair,50
2027-11-13,P003,Office Chair,39
2027-11-13,P003,Office Chair,57
2027-11-13,P003,Office Chair,23
2027-11-13,P004,Notebook Pack,55
2027-11-13,P004,Notebook Pack,24
2027-11-13,P004,Notebook Pack,43
2027-11-13,P004,Notebook Pack,41
2027-11-13,P005,LED Desk Lamp,33
2027-11-13,P005,LED Desk Lamp,33
2027-11-13,P005,LED Desk Lamp,53
2027-11-13,P005,LED Desk Lamp,35
2027-11-13,P006,Running Shoes,56
2027-11-13,P006,Running Shoes,51
2027-11-13,P006,Running Shoes,34
2027-11-13,P006,Running Shoes,49
2027-11-13,P007,Yoga Mat,38
2027-11-13,P007,Yoga Mat,68
2027-11-13,P007,Yoga Mat,55
2027-11-13,P007,Yoga Mat,60
2027-11-13,P008,Coffee Maker,27
2027-11-13,P008,Coffee Maker,36
2027-11-13,P008,Coffee Maker,65
2027-11-13,P008,Coffee Maker,41
2027-11-14,P001,Wireless Mouse,62
2027-11-14,P001,Wireless Mouse,54
2027-11-14,P001,Wireless Mouse,56
2027-11-14,P001,Wireless Mouse,18
2027-11-14,P002,Bluetooth Speaker,23
2027-11-14,P002,Bluetooth Speaker,30
2027-11-14,P002,Bluetooth Speaker,45
2027-11-14,P002,Bluetooth Speaker,24
2027-11-14,P003,Office Chair,35
2027-11-14,P003,Office Chair,42
2027-11-14,P003,Office Chair,39
2027-11-14,P003,Office Chair,40
2027-11-14,P004,Notebook Pack,47
2027-11-14,P004,Notebook Pack,33
2027-11-14,P004,Notebook Pack,55
2027-11-14,P004,Notebook Pack,32
2027-11-14,P005,LED Desk Lamp,42
2027-11-14,P005,LED Desk Lamp,35
2027-11-14,P005,LED Desk Lamp,36
2027-11-14,P005,LED Desk Lamp,43
2027-11-14,P006,Running Shoes,57
2027-11-14,P006,Running Shoes,39
2027-11-14,P006,Running Shoes,36
2027-11-14,P006,Running Shoes,38
2027-11-14,P007,Yoga Mat,42
2027-11-14,P007,Yoga Mat,44
2027-11-14,P007,Yoga Mat,53
2027-11-14,P007,Yoga Mat,65
2027-11-14,P008,Coffee Maker,46
2027-11-14,P008,Coffee Maker,34
2027-11-14,P008,Coffee Maker,52
2027-11-14,P008,Coffee Maker,62
2027-11-15,P001,Wireless Mouse,40
2027-11-15,P001,Wireless Mouse,48
2027-11-15,P001,Wireless Mouse,52
2027-11-15,P001,Wireless Mouse,43
2027-11-15,P002,Bluetooth Speaker,30
2027-11-15,P002,Bluetooth Speaker,43
2027-11-15,P002,Bluetooth Speaker,45
2027-11-15,P002,Bluetooth Speaker,29
2027-11-15,P003,Office Chair,34
2027-11-15,P003,Office Chair,31
2027-11-15,P003,Office Chair,40
2027-11-15,P003,Office Chair,16
2027-11-15,P004,Notebook Pack,59
2027-11-15,P004,Notebook Pack,35
2027-11-15,P004,Notebook Pack,27
2027-11-15,P004,Notebook Pack,49
2027-11-15,P005,LED Desk Lamp,49
2027-11-15,P005,LED Desk Lamp,24
2027-11-15,P005,LED Desk Lamp,46
2027-11-15,P005,LED Desk Lamp,50
2027-11-15,P006,Running Shoes,45
2027-11-15,P006,Running Shoes,46
2027-11-15,P006,Running Shoes,46
2027-11-15,P006,Running Shoes,40
2027-11-15,P007,Yoga Mat,52
2027-11-15,P007,Yoga Mat,48
2027-11-15,P007,Yoga Mat,59
2027-11-15,P007,Yoga Mat,68
2027-11-15,P008,Coffee Maker,36
2027-11-15,P008,Coffee Maker,31
2027-11-15,P008,Coffee Maker,48
2027-11-15,P008,Coffee Maker,55
2027-11-16,P001,Wireless Mouse,34
2027-11-16,P001,Wireless Mouse,49
2027-11-16,P001,Wireless Mouse,59
2027-11-16,P001,Wireless Mouse,26
2027-11-16,P002,Bluetooth Speaker,26
2027-11-16,P002,Bluetooth Speaker,34
2027-11-16,P002,Bluetooth Speaker,58
2027-11-16,P002,Bluetooth Speaker,32
2027-11-16,P003,Office Chair,41
2027-11-16,P003,Office Chair,38
2027-11-16,P003,Office Chair,46
2027-11-16,P003,Office Chair,27
2027-11-16,P004,Notebook Pack,54
2027-11-16,P004,Notebook Pack,38
2027-11-16,P004,Notebook Pack,38
2027-11-16,P004,Notebook Pack,43
2027-11-16,P005,LED Desk Lamp,41
2027-11-16,P005,LED Desk Lamp,38
2027-11-16,P005,LED Desk Lamp,58
2027-11-16,P005,LED Desk Lamp,19
2027-11-16,P006,Running Shoes,52
2027-11-16,P006,Running Shoes,57
2027-11-16,P006,Running Shoes,45
2027-11-16,P006,Running Shoes,42
2027-11-16,P007,Yoga Mat,33
2027-11-16,P007,Yoga Mat,55
2027-11-16,P007,Yoga Mat,63
2027-11-16,P007,Yoga Mat,70
2027-11-16,P008,Coffee Maker,55
2027-11-16,P008,Coffee Maker,39
2027-11-16,P008,Coffee Maker,23
2027-11-16,P008,Coffee Maker,53
2027-11-17,P001,Wireless Mouse,55
2027-11-17,P001,Wireless Mouse,55
2027-11-17,P001,Wireless Mouse,47
2027-11-17,P001,Wireless Mouse,29
2027-11-17,P002,Bluetooth Speaker,12
2027-11-17,P002,Bluetooth Speaker,36
2027-11-17,P002,Bluetooth Speaker,53
2027-11-17,P002,Bluetooth Speaker,26
2027-11-17,P003,Office Chair,35
2027-11-17,P003,Office Chair,39
2027-11-17,P003,Office Chair,34
2027-11-17,P003,Office Chair,23
2027-11-17,P004,Notebook Pack,57
2027-11-17,P004,Notebook Pack,31
2027-11-17,P004,Notebook Pack,45
2027-11-17,P004,Notebook Pack,36
2027-11-17,P005,LED Desk Lamp,44
2027-11-17,P005,LED Desk Lamp,25
2027-11-17,P005,LED Desk Lamp,46
2027-11-17,P005,LED Desk Lamp,25
2027-11-17,P006,Running Shoes,44
2027-11-17,P006,Running Shoes,34
2027-11-17,P006,Running Shoes,32
2027-11-17,P006,Running Shoes,46
2027-11-17,P007,Yoga Mat,32
2027-11-17,P007,Yoga Mat,45
2027-11-17,P007,Yoga Mat,36
2027-11-17,P007,Yoga Mat,50
2027-11-17,P008,Coffee Maker,34
2027-11-17,P008,Coffee Maker,32
2027-11-17,P008,Coffee Maker,41
2027-11-17,P008,Coffee Maker,38
2027-11-18,P001,Wireless Mouse,30
2027-11-18,P001,Wireless Mouse,53
2027-11-18,P001,Wireless Mouse,42
2027-11-18,P001,Wireless Mouse,37
2027-11-18,P002,Bluetooth Speaker,23
2027-11-18,P002,Bluetooth Speaker,29
2027-11-18,P002,Bluetooth Speaker,60
2027-11-18,P002,Bluetooth Speaker,18
2027-11-18,P003,Office Chair,31
2027-11-18,P003,Office Chair,43
2027-11-18,P003,Office Chair,50
2027-11-18,P003,Office Chair,30
2027-11-18,P004,Notebook Pack,51
2027-11-18,P004,Notebook Pack,28
2027-11-18,P004,Notebook Pack,17
2027-11-18,P004,Notebook Pack,55
2027-11-18,P005,LED Desk Lamp,32
2027-11-18,P005,LED Desk Lamp,32
2027-11-18,P005,LED Desk Lamp,43
2027-11-18,P005,LED Desk Lamp,45
2027-11-18,P006,Running Shoes,50
2027-11-18,P006,Running Shoes,37
2027-11-18,P006,Running Shoes,47
2027-11-18,P006,Running Shoes,44
2027-11-18,P007,Yoga Mat,34
2027-11-18,P007,Yoga Mat,60
2027-11-18,P007,Yoga Mat,55
2027-11-18,P007,Yoga Mat,61
2027-11-18,P008,Coffee Maker,38
2027-11-18,P008,Coffee Maker,32
2027-11-18,P008,Coffee Maker,49
2027-11-18,P008,Coffee Maker,66
2027-11-19,P001,Wireless Mouse,55
2027-11-19,P001,Wireless Mouse,65
2027-11-19,P001,Wireless Mouse,54
2027-11-19,P001,Wireless Mouse,30
2027-11-19,P002,Bluetooth Speaker,26
2027-11-19,P002,Bluetooth Speaker,27
2027-11-19,P002,Bluetooth Speaker,68
2027-11-19,P002,Bluetooth Speaker,24
2027-11-19,P003,Office Chair,30
2027-11-19,P003,Office Chair,46
2027-11-19,P003,Office Chair,43
2027-11-19,P003,Office Chair,42
2027-11-19,P004,Notebook Pack,55
2027-11-19,P004,Notebook Pack,26
2027-11-19,P004,Notebook Pack,26
2027-11-19,P004,Notebook Pack,42
2027-11-19,P005,LED Desk Lamp,36
2027-11-19,P005,LED Desk Lamp,32
2027-11-19,P005,LED Desk Lamp,44
2027-11-19,P005,LED Desk Lamp,28
2027-11-19,P006,Running Shoes,44
2027-11-19,P006,Running Shoes,41
2027-11-19,P006,Running Shoes,37
2027-11-19,P006,Running Shoes,64
2027-11-19,P007,Yoga Mat,38
2027-11-19,P007,Yoga Mat,56
2027-11-19,P007,Yoga Mat,75
2027-11-19,P007,Yoga Mat,56
2027-11-19,P008,Coffee Maker,49
2027-11-19,P008,Coffee Maker,40
2027-11-19,P008,Coffee Maker,38
2027-11-19,P008,Coffee Maker,53
2027-11-20,P001,Wireless Mouse,54
2027-11-20,P001,Wireless Mouse,63
2027-11-20,P001,Wireless Mouse,47
2027-11-20,P001,Wireless Mouse,37
2027-11-20,P002,Bluetooth Speaker,37
2027-11-20,P002,Bluetooth Speaker,33
2027-11-20,P002,Bluetooth Speaker,44
2027-11-20,P002,Bluetooth Speaker,21
2027-11-20,P003,Office Chair,50
2027-11-20,P003,Office Chair,39
2027-11-20,P003,Office Chair,57
2027-11-20,P003,Office Chair,23
2027-11-20,P004,Notebook Pack,55
2027-11-20,P004,Notebook Pack,23
2027-11-20,P004,Notebook Pack,43
2027-11-20,P004,Notebook Pack,41
2027-11-20,P005,LED Desk Lamp,33
2027-11-20,P005,LED Desk Lamp,33
2027-11-20,P005,LED Desk Lamp,53
2027-11-20,P005,LED Desk Lamp,35
2027-11-20,P006,Running Shoes,56
2027-11-20,P006,Running Shoes,51
2027-11-20,P006,Running Shoes,34
2027-11-20,P006,Running Shoes,49
2027-11-20,P007,Yoga Mat,38
2027-11-20,P007,Yoga Mat,68
2027-11-20,P007,Yoga Mat,55
2027-11-20,P007,Yoga Mat,60
2027-11-20,P008,Coffee Maker,27
2027-11-20,P008,Coffee Maker,36
2027-11-20,P008,Coffee Maker,65
2027-11-20,P008,Coffee Maker,41
2027-11-21,P001,Wireless Mouse,62
2027-11-21,P001,Wireless Mouse,55
2027-11-21,P001,Wireless Mouse,56
2027-11-21,P001,Wireless Mouse,18
2027-11-21,P002,Bluetooth Speaker,23
2027-11-21,P002,Bluetooth Speaker,29
2027-11-21,P002,Bluetooth Speaker,45
2027-11-21,P002,Bluetooth Speaker,24
2027-11-21,P003,Office Chair,35
2027-11-21,P003,Office Chair,42
2027-11-21,P003,Office Chair,39
2027-11-21,P003,Office Chair,39
2027-11-21,P004,Notebook Pack,47
2027-11-21,P004,Notebook Pack,33
2027-11-21,P004,Notebook Pack,55
2027-11-21,P004,Notebook Pack,32
2027-11-21,P005,LED Desk Lamp,42
2027-11-21,P005,LED Desk Lamp,35
2027-11-21,P005,LED Desk Lamp,36
2027-11-21,P005,LED Desk Lamp,43
2027-11-21,P006,Running Shoes,57
2027-11-21,P006,Running Shoes,39
2027-11-21,P006,Running Shoes,36
2027-11-21,P006,Running Shoes,38
2027-11-21,P007,Yoga Mat,42
2027-11-21,P007,Yoga Mat,44
2027-11-21,P007,Yoga Mat,53
2027-11-21,P007,Yoga Mat,65
2027-11-21,P008,Coffee Maker,46
2027-11-21,P008,Coffee Maker,34
2027-11-21,P008,Coffee Maker,52
2027-11-21,P008,Coffee Maker,62
2027-11-22,P001,Wireless Mouse,40
2027-11-22,P001,Wireless Mouse,48
2027-11-22,P001,Wireless Mouse,52
2027-11-22,P001,Wireless Mouse,43
2027-11-22,P002,Bluetooth Speaker,30
2027-11-22,P002,Bluetooth Speaker,43
2027-11-22,P002,Bluetooth Speaker,45
2027-11-22,P002,Bluetooth Speaker,29
2027-11-22,P003,Office Chair,34
2027-11-22,P003,Office Chair,31
2027-11-22,P003,Office Chair,40
2027-11-22,P003,Office Chair,16
2027-11-22,P004,Notebook Pack,59
2027-11-22,P004,Notebook Pack,35
2027-11-22,P004,Notebook Pack,27
2027-11-22,P004,Notebook Pack,49
2027-11-22,P005,LED Desk Lamp,49
2027-11-22,P005,LED Desk Lamp,24
2027-11-22,P005,LED Desk Lamp,46
2027-11-22,P005,LED Desk Lamp,50
2027-11-22,P006,Running Shoes,45
2027-11-22,P006,Running Shoes,45
2027-11-22,P006,Running Shoes,46
2027-11-22,P006,Running Shoes,40
2027-11-22,P007,Yoga Mat,52
2027-11-22,P007,Yoga Mat,48
2027-11-22,P007,Yoga Mat,59
2027-11-22,P007,Yoga Mat,68
2027-11-22,P008,Coffee Maker,36
2027-11-22,P008,Coffee Maker,31
2027-11-22,P008,Coffee Maker,48
2027-11-22,P008,Coffee Maker,55
2027-11-23,P001,Wireless Mouse,34
2027-11-23,P001,Wireless Mouse,49
2027-11-23,P001,Wireless Mouse,59
2027-11-23,P001,Wireless Mouse,26
2027-11-23,P002,Bluetooth Speaker,26
2027-11-23,P002,Bluetooth Speaker,34
2027-11-23,P002,Bluetooth Speaker,58
2027-11-23,P002,Bluetooth Speaker,32
2027-11-23,P003,Office Chair,41
2027-11-23,P003,Office Chair,38
2027-11-23,P003,Office Chair,46
2027-11-23,P003,Office Chair,27
2027-11-23,P004,Notebook Pack,54
2027-11-23,P004,Notebook Pack,37
2027-11-23,P004,Notebook Pack,38
2027-11-23,P004,Notebook Pack,43
2027-11-23,P005,LED Desk Lamp,41
2027-11-23,P005,LED Desk Lamp,38
2027-11-23,P005,LED Desk Lamp,57
2027-11-23,P005,LED Desk Lamp,19
2027-11-23,P006,Running Shoes,52
2027-11-23,P006,Running Shoes,57
2027-11-23,P006,Running Shoes,45
2027-11-23,P006,Running Shoes,42
2027-11-23,P007,Yoga Mat,33
2027-11-23,P007,Yoga Mat,55
2027-11-23,P007,Yoga Mat,63
2027-11-23,P007,Yoga Mat,70
2027-11-23,P008,Coffee Maker,55
2027-11-23,P008,Coffee Maker,39
2027-11-23,P008,Coffee Maker,23
2027-11-23,P008,Coffee Maker,53
2027-11-24,P001,Wireless Mouse,55
2027-11-24,P001,Wireless Mouse,55
2027-11-24,P001,Wireless Mouse,47
2027-11-24,P001,Wireless Mouse,29
2027-11-24,P002,Bluetooth Speaker,12
2027-11-24,P002,Bluetooth Speaker,36
2027-11-24,P002,Bluetooth Speaker,53
2027-11-24,P002,Bluetooth Speaker,26
2027-11-24,P003,Office Chair,35
2027-11-24,P003,Office Chair,39
2027-11-24,P003,Office Chair,34
2027-11-24,P003,Office Chair,23
2027-11-24,P004,Notebook Pack,58
2027-11-24,P004,Notebook Pack,31
2027-11-24,P004,Notebook Pack,45
2027-11-24,P004,Notebook Pack,36
2027-11-24,P005,LED Desk Lamp,44
2027-11-24,P005,LED Desk Lamp,25
2027-11-24,P005,LED Desk Lamp,46
2027-11-24,P005,LED Desk Lamp,25
2027-11-24,P006,Running Shoes,44
2027-11-24,P006,Running Shoes,34
2027-11-24,P006,Running Shoes,32
2027-11-24,P006,Running Shoes,46
2027-11-24,P007,Yoga Mat,32
2027-11-24,P007,Yoga Mat,45
2027-11-24,P007,Yoga Mat,36
2027-11-24,P007,Yoga Mat,50
2027-11-24,P008,Coffee Maker,34
2027-11-24,P008,Coffee Maker,32
2027-11-24,P008,Coffee Maker,41
2027-11-24,P008,Coffee Maker,38
2027-11-25,P001,Wireless Mouse,30
2027-11-25,P001,Wireless Mouse,53
2027-11-25,P001,Wireless Mouse,42
2027-11-25,P001,Wireless Mouse,37
2027-11-25,P002,Bluetooth Speaker,23
2027-11-25,P002,Bluetooth Speaker,28
2027-11-25,P002,Bluetooth Speaker,60
2027-11-25,P002,Bluetooth Speaker,18
2027-11-25,P003,Office Chair,31
2027-11-25,P003,Office Chair,43
2027-11-25,P003,Office Chair,50
2027-11-25,P003,Office Chair,30
2027-11-25,P004,Notebook Pack,51
2027-11-25,P004,Notebook Pack,28
2027-11-25,P004,Notebook Pack,17
2027-11-25,P004,Notebook Pack,55
2027-11-25,P005,LED Desk Lamp,31
2027-11-25,P005,LED Desk Lamp,32
2027-11-25,P005,LED Desk Lamp,43
2027-11-25,P005,LED Desk Lamp,45
2027-11-25,P006,Running Shoes,50
2027-11-25,P006,Running Shoes,37
2027-11-25,P006,Running Shoes,47
2027-11-25,P006,Running Shoes,44
2027-11-25,P007,Yoga Mat,34
2027-11-25,P007,Yoga Mat,60
2027-11-25,P007,Yoga Mat,55
2027-11-25,P007,Yoga Mat,62
2027-11-25,P008,Coffee Maker,38
2027-11-25,P008,Coffee Maker,32
2027-11-25,P008,Coffee Maker,49
2027-11-25,P008,Coffee Maker,66
2027-11-26,P001,Wireless Mouse,55
2027-11-26,P001,Wireless Mouse,65
2027-11-26,P001,Wireless Mouse,54
2027-11-26,P001,Wireless Mouse,30
2027-11-26,P002,Bluetooth Speaker,26
2027-11-26,P002,Bluetooth Speaker,27
2027-11-26,P002,Bluetooth Speaker,68
2027-11-26,P002,Bluetooth Speaker,24
2027-11-26,P003,Office Chair,30
2027-11-26,P003,Office Chair,45
2027-11-26,P003,Office Chair,43
2027-11-26,P003,Office Chair,42
2027-11-26,P004,Notebook Pack,55
2027-11-26,P004,Notebook Pack,26
2027-11-26,P004,Notebook Pack,26
2027-11-26,P004,Notebook Pack,42
2027-11-26,P005,LED Desk Lamp,36
2027-11-26,P005,LED Desk Lamp,32
2027-11-26,P005,LED Desk Lamp,44
2027-11-26,P005,LED Desk Lamp,28
2027-11-26,P006,Running Shoes,44
2027-11-26,P006,Running Shoes,41
2027-11-26,P006,Running Shoes,37
2027-11-26,P006,Running Shoes,64
2027-11-26,P007,Yoga Mat,38
2027-11-26,P007,Yoga Mat,56
2027-11-26,P007,Yoga Mat,75
2027-11-26,P007,Yoga Mat,56
2027-11-26,P008,Coffee Maker,49
2027-11-26,P008,Coffee Maker,40
2027-11-26,P008,Coffee Maker,38
2027-11-26,P008,Coffee Maker,53
2027-11-27,P001,Wireless Mouse,54
2027-11-27,P001,Wireless Mouse,63
2027-11-27,P001,Wireless Mouse,47
2027-11-27,P001,Wireless Mouse,37
2027-11-27,P002,Bluetooth Speaker,37
2027-11-27,P002,Bluetooth Speaker,33
2027-11-27,P002,Bluetooth Speaker,44
2027-11-27,P002,Bluetooth Speaker,21
2027-11-27,P003,Office Chair,50
2027-11-27,P003,Office Chair,39
2027-11-27,P003,Office Chair,57
2027-11-27,P003,Office Chair,23
2027-11-27,P004,Notebook Pack,55
2027-11-27,P004,Notebook Pack,23
2027-11-27,P004,Notebook Pack,43
2027-11-27,P004,Notebook Pack,41
2027-11-27,P005,LED Desk Lamp,33
2027-11-27,P005,LED Desk Lamp,33
2027-11-27,P005,LED Desk Lamp,53
2027-11-27,P005,LED Desk Lamp,35
2027-11-27,P006,Running Shoes,56
2027-11-27,P006,Running Shoes,51
2027-11-27,P006,Running Shoes,34
2027-11-27,P006,Running Shoes,49
2027-11-27,P007,Yoga Mat,38
2027-11-27,P007,Yoga Mat,68
2027-11-27,P007,Yoga Mat,55
2027-11-27,P007,Yoga Mat,60
2027-11-27,P008,Coffee Maker,27
2027-11-27,P008,Coffee Maker,36
2027-11-27,P008,Coffee Maker,65
2027-11-27,P008,Coffee Maker,41
2027-11-28,P001,Wireless Mouse,62
2027-11-28,P001,Wireless Mouse,55
2027-11-28,P001,Wireless Mouse,56
2027-11-28,P001,Wireless Mouse,18
2027-11-28,P002,Bluetooth Speaker,23
2027-11-28,P002,Bluetooth Speaker,29
2027-11-28,P002,Bluetooth Speaker,45
2027-11-28,P002,Bluetooth Speaker,24
2027-11-28,P003,Office Chair,35
2027-11-28,P003,Office Chair,42
2027-11-28,P003,Office Chair,39
2027-11-28,P003,Office Chair,39
2027-11-28,P004,Notebook Pack,47
2027-11-28,P004,Notebook Pack,33
2027-11-28,P004,Notebook Pack,55
2027-11-28,P004,Notebook Pack,32
2027-11-28,P005,LED Desk Lamp,42
2027-11-28,P005,LED Desk Lamp,35
2027-11-28,P005,LED Desk Lamp,36
2027-11-28,P005,LED Desk Lamp,42
2027-11-28,P006,Running Shoes,57
2027-11-28,P006,Running Shoes,39
2027-11-28,P006,Running Shoes,36
2027-11-28,P006,Running Shoes,38
2027-11-28,P007,Yoga Mat,42
2027-11-28,P007,Yoga Mat,44
2027-11-28,P007,Yoga Mat,53
2027-11-28,P007,Yoga Mat,65
2027-11-28,P008,Coffee Maker,46
2027-11-28,P008,Coffee Maker,34
2027-11-28,P008,Coffee Maker,52
2027-11-28,P008,Coffee Maker,62
2027-11-29,P001,Wireless Mouse,40
2027-11-29,P001,Wireless Mouse,49
2027-11-29,P001,Wireless Mouse,52
2027-11-29,P001,Wireless Mouse,43
2027-11-29,P002,Bluetooth Speaker,30
2027-11-29,P002,Bluetooth Speaker,43
2027-11-29,P002,Bluetooth Speaker,45
2027-11-29,P002,Bluetooth Speaker,29
2027-11-29,P003,Office Chair,34
2027-11-29,P003,Office Chair,31
2027-11-29,P003,Office Chair,40
2027-11-29,P003,Office Chair,16
2027-11-29,P004,Notebook Pack,59
2027-11-29,P004,Notebook Pack,35
2027-11-29,P004,Notebook Pack,27
2027-11-29,P004,Notebook Pack,49
2027-11-29,P005,LED Desk Lamp,49
2027-11-29,P005,LED Desk Lamp,24
2027-11-29,P005,LED Desk Lamp,46
2027-11-29,P005,LED Desk Lamp,50
2027-11-29,P006,Running Shoes,46
2027-11-29,P006,Running Shoes,45
2027-11-29,P006,Running Shoes,45
2027-11-29,P006,Running Shoes,40
2027-11-29,P007,Yoga Mat,52
2027-11-29,P007,Yoga Mat,48
2027-11-29,P007,Yoga Mat,59
2027-11-29,P007,Yoga Mat,68
2027-11-29,P008,Coffee Maker,36
2027-11-29,P008,Coffee Maker,31
2027-11-29,P008,Coffee Maker,48
2027-11-29,P008,Coffee Maker,55
2027-11-30,P001,Wireless Mouse,34
2027-11-30,P001,Wireless Mouse,49
2027-11-30,P001,Wireless Mouse,59
2027-11-30,P001,Wireless Mouse,26
2027-11-30,P002,Bluetooth Speaker,26
2027-11-30,P002,Bluetooth Speaker,34
2027-11-30,P002,Bluetooth Speaker,58
2027-11-30,P002,Bluetooth Speaker,32
2027-11-30,P003,Office Chair,41
2027-11-30,P003,Office Chair,38
2027-11-30,P003,Office Chair,46
2027-11-30,P003,Office Chair,27
2027-11-30,P004,Notebook Pack,54
2027-11-30,P004,Notebook Pack,37
2027-11-30,P004,Notebook Pack,38
2027-11-30,P004,Notebook Pack,43
2027-11-30,P005,LED Desk Lamp,41
2027-11-30,P005,LED Desk Lamp,38
2027-11-30,P005,LED Desk Lamp,57
2027-11-30,P005,LED Desk Lamp,19
2027-11-30,P006,Running Shoes,52
2027-11-30,P006,Running Shoes,57
2027-11-30,P006,Running Shoes,45
2027-11-30,P006,Running Shoes,42
2027-11-30,P007,Yoga Mat,33
2027-11-30,P007,Yoga Mat,55
2027-11-30,P007,Yoga Mat,63
2027-11-30,P007,Yoga Mat,70
2027-11-30,P008,Coffee Maker,55
2027-11-30,P008,Coffee Maker,39
2027-11-30,P008,Coffee Maker,23
2027-11-30,P008,Coffee Maker,53
2027-12-01,P001,Wireless Mouse,55
2027-12-01,P001,Wireless Mouse,55
2027-12-01,P001,Wireless Mouse,47
2027-12-01,P001,Wireless Mouse,29
2027-12-01,P002,Bluetooth Speaker,12
2027-12-01,P002,Bluetooth Speaker,35
2027-12-01,P002,Bluetooth Speaker,53
2027-12-01,P002,Bluetooth Speaker,26
2027-12-01,P003,Office Chair,35
2027-12-01,P003,Office Chair,39
2027-12-01,P003,Office Chair,34
2027-12-01,P003,Office Chair,23
2027-12-01,P004,Notebook Pack,58
2027-12-01,P004,Notebook Pack,31
2027-12-01,P004,Notebook Pack,45
2027-12-01,P004,Notebook Pack,36
2027-12-01,P005,LED Desk Lamp,44
2027-12-01,P005,LED Desk Lamp,25
2027-12-01,P005,LED Desk Lamp,46
2027-12-01,P005,LED Desk Lamp,25
2027-12-01,P006,Running Shoes,44
2027-12-01,P006,Running Shoes,34
2027-12-01,P006,Running Shoes,32
2027-12-01,P006,Running Shoes,46
2027-12-01,P007,Yoga Mat,32
2027-12-01,P007,Yoga Mat,45
2027-12-01,P007,Yoga Mat,36
2027-12-01,P007,Yoga Mat,50
2027-12-01,P008,Coffee Maker,34
2027-12-01,P008,Coffee Maker,32
2027-12-01,P008,Coffee Maker,40
2027-12-01,P008,Coffee Maker,38
2027-12-02,P001,Wireless Mouse,31
2027-12-02,P001,Wireless Mouse,53
2027-12-02,P001,Wireless Mouse,42
2027-12-02,P001,Wireless Mouse,37
2027-12-02,P002,Bluetooth Speaker,23
2027-12-02,P002,Bluetooth Speaker,28
2027-12-02,P002,Bluetooth Speaker,60
2027-12-02,P002,Bluetooth Speaker,18
2027-12-02,P003,Office Chair,31
2027-12-02,P003,Office Chair,42
2027-12-02,P003,Office Chair,50
2027-12-02,P003,Office Chair,30
2027-12-02,P004,Notebook Pack,51
2027-12-02,P004,Notebook Pack,28
2027-12-02,P004,Notebook Pack,17
2027-12-02,P004,Notebook Pack,55
2027-12-02,P005,LED Desk Lamp,31
2027-12-02,P005,LED Desk Lamp,32
2027-12-02,P005,LED Desk Lamp,43
2027-12-02,P005,LED Desk Lamp,45
2027-12-02,P006,Running Shoes,50
2027-12-02,P006,Running Shoes,37
2027-12-02,P006,Running Shoes,47
2027-12-02,P006,Running Shoes,44
2027-12-02,P007,Yoga Mat,34
2027-12-02,P007,Yoga Mat,60
2027-12-02,P007,Yoga Mat,55
2027-12-02,P007,Yoga Mat,62
2027-12-02,P008,Coffee Maker,38
2027-12-02,P008,Coffee Maker,32
2027-12-02,P008,Coffee Maker,49
2027-12-02,P008,Coffee Maker,66
2027-12-03,P001,Wireless Mouse,55
2027-12-03,P001,Wireless Mouse,65
2027-12-03,P001,Wireless Mouse,54
2027-12-03,P001,Wireless Mouse,30
2027-12-03,P002,Bluetooth Speaker,26
2027-12-03,P002,Bluetooth Speaker,27
2027-12-03,P002,Bluetooth Speaker,68
2027-12-03,P002,Bluetooth Speaker,24
2027-12-03,P003,Office Chair,30
2027-12-03,P003,Office Chair,45
2027-12-03,P003,Office Chair,43
2027-12-03,P003,Office Chair,42
2027-12-03,P004,Notebook Pack,56
2027-12-03,P004,Notebook Pack,26
2027-12-03,P004,Notebook Pack,26
2027-12-03,P004,Notebook Pack,42
2027-12-03,P005,LED Desk Lamp,36
2027-12-03,P005,LED Desk Lamp,32
2027-12-03,P005,LED Desk Lamp,44
2027-12-03,P005,LED Desk Lamp,28
2027-12-03,P006,Running Shoes,44
2027-12-03,P006,Running Shoes,41
2027-12-03,P006,Running Shoes,37
2027-12-03,P006,Running Shoes,64
2027-12-03,P007,Yoga Mat,38
2027-12-03,P007,Yoga Mat,56
2027-12-03,P007,Yoga Mat,75
2027-12-03,P007,Yoga Mat,56
2027-12-03,P008,Coffee Maker,49
2027-12-03,P008,Coffee Maker,40
2027-12-03,P008,Coffee Maker,37
2027-12-03,P008,Coffee Maker,53
2027-12-04,P001,Wireless Mouse,54
2027-12-04,P001,Wireless Mouse,64
2027-12-04,P001,Wireless Mouse,47
2027-12-04,P001,Wireless Mouse,37
2027-12-04,P002,Bluetooth Speaker,37
2027-12-04,P002,Bluetooth Speaker,33
2027-12-04,P002,Bluetooth Speaker,44
2027-12-04,P002,Bluetooth Speaker,21
2027-12-04,P003,Office Chair,50
2027-12-04,P003,Office Chair,39
2027-12-04,P003,Office Chair,57
2027-12-04,P003,Office Chair,23
2027-12-04,P004,Notebook Pack,55
2027-12-04,P004,Notebook Pack,23
2027-12-04,P004,Notebook Pack,43
2027-12-04,P004,Notebook Pack,41
2027-12-04,P005,LED Desk Lamp,33
2027-12-04,P005,LED Desk Lamp,33
2027-12-04,P005,LED Desk Lamp,53
2027-12-04,P005,LED Desk Lamp,35
2027-12-04,P006,Running Shoes,56
2027-12-04,P006,Running Shoes,51
2027-12-04,P006,Running Shoes,33
2027-12-04,P006,Running Shoes,49
2027-12-04,P007,Yoga Mat,38
2027-12-04,P007,Yoga Mat,68
2027-12-04,P007,Yoga Mat,55
2027-12-04,P007,Yoga Mat,61
2027-12-04,P008,Coffee Maker,27
2027-12-04,P008,Coffee Maker,36
2027-12-04,P008,Coffee Maker,65
2027-12-04,P008,Coffee Maker,41
2027-12-05,P001,Wireless Mouse,62
2027-12-05,P001,Wireless Mouse,55
2027-12-05,P001,Wireless Mouse,56
2027-12-05,P001,Wireless Mouse,18
2027-12-05,P002,Bluetooth Speaker,23
2027-12-05,P002,Bluetooth Speaker,29
2027-12-05,P002,Bluetooth Speaker,45
2027-12-05,P002,Bluetooth Speaker,24
2027-12-05,P003,Office Chair,35
2027-12-05,P003,Office Chair,42
2027-12-05,P003,Office Chair,39
2027-12-05,P003,Office Chair,39
2027-12-05,P004,Notebook Pack,47
2027-12-05,P004,Notebook Pack,33
2027-12-05,P004,Notebook Pack,55
2027-12-05,P004,Notebook Pack,32
2027-12-05,P005,LED Desk Lamp,42
2027-12-05,P005,LED Desk Lamp,35
2027-12-05,P005,LED Desk Lamp,36
2027-12-05,P005,LED Desk Lamp,42
2027-12-05,P006,Running Shoes,57
2027-12-05,P006,Running Shoes,39
2027-12-05,P006,Running Shoes,36
2027-12-05,P006,Running Shoes,38
2027-12-05,P007,Yoga Mat,42
2027-12-05,P007,Yoga Mat,44
2027-12-05,P007,Yoga Mat,53
2027-12-05,P007,Yoga Mat,66
2027-12-05,P008,Coffee Maker,46
2027-12-05,P008,Coffee Maker,34
2027-12-05,P008,Coffee Maker,52
2027-12-05,P008,Coffee Maker,62
2027-12-06,P001,Wireless Mouse,40
2027-12-06,P001,Wireless Mouse,49
2027-12-06,P001,Wireless Mouse,52
2027-12-06,P001,Wireless Mouse,43
2027-12-06,P002,Bluetooth Speaker,30
2027-12-06,P002,Bluetooth Speaker,42
2027-12-06,P002,Bluetooth Speaker,45
2027-12-06,P002,Bluetooth Speaker,29
2027-12-06,P003,Office Chair,34
2027-12-06,P003,Office Chair,31
2027-12-06,P003,Office Chair,40
2027-12-06,P003,Office Chair,15
2027-12-06,P004,Notebook Pack,60
2027-12-06,P004,Notebook Pack,35
2027-12-06,P004,Notebook Pack,27
2027-12-06,P004,Notebook Pack,49
2027-12-06,P005,LED Desk Lamp,49
2027-12-06,P005,LED Desk Lamp,24
2027-12-06,P005,LED Desk Lamp,46
2027-12-06,P005,LED Desk Lamp,50
2027-12-06,P006,Running Shoes,46
2027-12-06,P006,Running Shoes,45
2027-12-06,P006,Running Shoes,45
2027-12-06,P006,Running Shoes,40
2027-12-06,P007,Yoga Mat,52
2027-12-06,P007,Yoga Mat,48
2027-12-06,P007,Yoga Mat,59
2027-12-06,P007,Yoga Mat,68
2027-12-06,P008,Coffee Maker,36
2027-12-06,P008,Coffee Maker,31
2027-12-06,P008,Coffee Maker,48
2027-12-06,P008,Coffee Maker,55
2027-12-07,P001,Wireless Mouse,34
2027-12-07,P001,Wireless Mouse,49
2027-12-07,P001,Wireless Mouse,59
2027-12-07,P001,Wireless Mouse,26
2027-12-07,P002,Bluetooth Speaker,26
2027-12-07,P002,Bluetooth Speaker,34
2027-12-07,P002,Bluetooth Speaker,58
2027-12-07,P002,Bluetooth Speaker,32
2027-12-07,P003,Office Chair,41
2027-12-07,P003,Office Chair,38
2027-12-07,P003,Office Chair,46
2027-12-07,P003,Office Chair,27
2027-12-07,P004,Notebook Pack,54
2027-12-07,P004,Notebook Pack,37
2027-12-07,P004,Notebook Pack,38
2027-12-07,P004,Notebook Pack,43
2027-12-07,P005,LED Desk Lamp,41
2027-12-07,P005,LED Desk Lamp,38
2027-12-07,P005,LED Desk Lamp,57
2027-12-07,P005,LED Desk Lamp,19
2027-12-07,P006,Running Shoes,52
2027-12-07,P006,Running Shoes,57
2027-12-07,P006,Running Shoes,45
2027-12-07,P006,Running Shoes,42
2027-12-07,P007,Yoga Mat,33
2027-12-07,P007,Yoga Mat,55
2027-12-07,P007,Yoga Mat,63
2027-12-07,P007,Yoga Mat,70
2027-12-07,P008,Coffee Maker,55
2027-12-07,P008,Coffee Maker,39
2027-12-07,P008,Coffee Maker,23
2027-12-07,P008,Coffee Maker,53
2027-12-08,P001,Wireless Mouse,55
2027-12-08,P001,Wireless Mouse,56
2027-12-08,P001,Wireless Mouse,47
2027-12-08,P001,Wireless Mouse,29
2027-12-08,P002,Bluetooth Speaker,12
2027-12-08,P002,Bluetooth Speaker,35
2027-12-08,P002,Bluetooth Speaker,53
2027-12-08,P002,Bluetooth Speaker,26
2027-12-08,P003,Office Chair,35
2027-12-08,P003,Office Chair,39
2027-12-08,P003,Office Chair,34
2027-12-08,P003,Office Chair,23
2027-12-08,P004,Notebook Pack,58
2027-12-08,P004,Notebook Pack,31
2027-12-08,P004,Notebook Pack,45
2027-12-08,P004,Notebook Pack,36
2027-12-08,P005,LED Desk Lamp,44
2027-12-08,P005,LED Desk Lamp,25
2027-12-08,P005,LED Desk Lamp,46
2027-12-08,P005,LED Desk Lamp,24
2027-12-08,P006,Running Shoes,45
2027-12-08,P006,Running Shoes,34
2027-12-08,P006,Running Shoes,32
2027-12-08,P006,Running Shoes,46
2027-12-08,P007,Yoga Mat,32
2027-12-08,P007,Yoga Mat,45
2027-12-08,P007,Yoga Mat,36
2027-12-08,P007,Yoga Mat,50
2027-12-08,P008,Coffee Maker,34
2027-12-08,P008,Coffee Maker,32
2027-12-08,P008,Coffee Maker,40
2027-12-08,P008,Coffee Maker,38
2027-12-09,P001,Wireless Mouse,31
2027-12-09,P001,Wireless Mouse,53
2027-12-09,P001,Wireless Mouse,42
2027-12-09,P001,Wireless Mouse,37
2027-12-09,P002,Bluetooth Speaker,23
2027-12-09,P002,Bluetooth Speaker,28
2027-12-09,P002,Bluetooth Speaker,60
2027-12-09,P002,Bluetooth Speaker,18
2027-12-09,P003,Office Chair,31
2027-12-09,P003,Office Chair,42
2027-12-09,P003,Office Chair,50
2027-12-09,P003,Office Chair,30
2027-12-09,P004,Notebook Pack,51
2027-12-09,P004,Notebook Pack,27
2027-12-09,P004,Notebook Pack,17
2027-12-09,P004,Notebook Pack,55
2027-12-09,P005,LED Desk Lamp,31
2027-12-09,P005,LED Desk Lamp,32
2027-12-09,P005,LED Desk Lamp,43
2027-12-09,P005,LED Desk Lamp,45
2027-12-09,P006,Running Shoes,50
2027-12-09,P006,Running Shoes,37
2027-12-09,P006,Running Shoes,47
2027-12-09,P006,Running Shoes,44
2027-12-09,P007,Yoga Mat,34
2027-12-09,P007,Yoga Mat,60
2027-12-09,P007,Yoga Mat,55
2027-12-09,P007,Yoga Mat,62
2027-12-09,P008,Coffee Maker,38
2027-12-09,P008,Coffee Maker,32
2027-12-09,P008,Coffee Maker,49
2027-12-09,P008,Coffee Maker,66
2027-12-10,P001,Wireless Mouse,55
2027-12-10,P001,Wireless Mouse,66
2027-12-10,P001,Wireless Mouse,54
2027-12-10,P001,Wireless Mouse,30
2027-12-10,P002,Bluetooth Speaker,26
2027-12-10,P002,Bluetooth Speaker,27
2027-12-10,P002,Bluetooth Speaker,68
2027-12-10,P002,Bluetooth Speaker,24
2027-12-10,P003,Office Chair,30
2027-12-10,P003,Office Chair,45
2027-12-10,P003,Office Chair,43
2027-12-10,P003,Office Chair,41
2027-12-10,P004,Notebook Pack,56
2027-12-10,P004,Notebook Pack,26
2027-12-10,P004,Notebook Pack,26
2027-12-10,P004,Notebook Pack,42
2027-12-10,P005,LED Desk Lamp,36
2027-12-10,P005,LED Desk Lamp,32
2027-12-10,P005,LED Desk Lamp,44
2027-12-10,P005,LED Desk Lamp,28
2027-12-10,P006,Running Shoes,44
2027-12-10,P006,Running Shoes,41
2027-12-10,P006,Running Shoes,37
2027-12-10,P006,Running Shoes,64
2027-12-10,P007,Yoga Mat,38
2027-12-10,P007,Yoga Mat,56
2027-12-10,P007,Yoga Mat,75
2027-12-10,P007,Yoga Mat,56
2027-12-10,P008,Coffee Maker,49
2027-12-10,P008,Coffee Maker,40
2027-12-10,P008,Coffee Maker,37
2027-12-10,P008,Coffee Maker,53
2027-12-11,P001,Wireless Mouse,54
2027-12-11,P001,Wireless Mouse,64
2027-12-11,P001,Wireless Mouse,47
2027-12-11,P001,Wireless Mouse,37
2027-12-11,P002,Bluetooth Speaker,37
2027-12-11,P002,Bluetooth Speaker,33
2027-12-11,P002,Bluetooth Speaker,44
2027-12-11,P002,Bluetooth Speaker,21
2027-12-11,P003,Office Chair,50
2027-12-11,P003,Office Chair,39
2027-12-11,P003,Office Chair,57
2027-12-11,P003,Office Chair,22
2027-12-11,P004,Notebook Pack,55
2027-12-11,P004,Notebook Pack,23
2027-12-11,P004,Notebook Pack,43
2027-12-11,P004,Notebook Pack,41
2027-12-11,P005,LED Desk Lamp,33
2027-12-11,P005,LED Desk Lamp,33
2027-12-11,P005,LED Desk Lamp,53
2027-12-11,P005,LED Desk Lamp,35
2027-12-11,P006,Running Shoes,56
2027-12-11,P006,Running Shoes,51
2027-12-11,P006,Running Shoes,33
2027-12-11,P006,Running Shoes,49
2027-12-11,P007,Yoga Mat,38
2027-12-11,P007,Yoga Mat,68
2027-12-11,P007,Yoga Mat,55
2027-12-11,P007,Yoga Mat,61
2027-12-11,P008,Coffee Maker,27
2027-12-11,P008,Coffee Maker,36
2027-12-11,P008,Coffee Maker,65
2027-12-11,P008,Coffee Maker,41
2027-12-12,P001,Wireless Mouse,62
2027-12-12,P001,Wireless Mouse,55
2027-12-12,P001,Wireless Mouse,56
2027-12-12,P001,Wireless Mouse,18
2027-12-12,P002,Bluetooth Speaker,23
2027-12-12,P002,Bluetooth Speaker,29
2027-12-12,P002,Bluetooth Speaker,45
2027-12-12,P002,Bluetooth Speaker,24
2027-12-12,P003,Office Chair,35
2027-12-12,P003,Office Chair,42
2027-12-12,P003,Office Chair,39
2027-12-12,P003,Office Chair,39
2027-12-12,P004,Notebook Pack,47
2027-12-12,P004,Notebook Pack,33
2027-12-12,P004,Notebook Pack,55
2027-12-12,P004,Notebook Pack,32
2027-12-12,P005,LED Desk Lamp,42
2027-12-12,P005,LED Desk Lamp,35
2027-12-12,P005,LED Desk Lamp,36
2027-12-12,P005,LED Desk Lamp,42
2027-12-12,P006,Running Shoes,57
2027-12-12,P006,Running Shoes,39
2027-12-12,P006,Running Shoes,36
2027-12-12,P006,Running Shoes,38
2027-12-12,P007,Yoga Mat,42
2027-12-12,P007,Yoga Mat,44
2027-12-12,P007,Yoga Mat,53
2027-12-12,P007,Yoga Mat,66
2027-12-12,P008,Coffee Maker,46
2027-12-12,P008,Coffee Maker,34
2027-12-12,P008,Coffee Maker,52
2027-12-12,P008,Coffee Maker,62
2027-12-13,P001,Wireless Mouse,40
2027-12-13,P001,Wireless Mouse,49
2027-12-13,P001,Wireless Mouse,52
2027-12-13,P001,Wireless Mouse,43
2027-12-13,P002,Bluetooth Speaker,30
2027-12-13,P002,Bluetooth Speaker,42
2027-12-13,P002,Bluetooth Speaker,45
2027-12-13,P002,Bluetooth Speaker,29
2027-12-13,P003,Office Chair,34
2027-12-13,P003,Office Chair,31
2027-12-13,P003,Office Chair,40
2027-12-13,P003,Office Chair,15
2027-12-13,P004,Notebook Pack,60
2027-12-13,P004,Notebook Pack,35
2027-12-13,P004,Notebook Pack,27
2027-12-13,P004,Notebook Pack,49
2027-12-13,P005,LED Desk Lamp,49
2027-12-13,P005,LED Desk Lamp,24
2027-12-13,P005,LED Desk Lamp,46
2027-12-13,P005,LED Desk Lamp,50
2027-12-13,P006,Running Shoes,46
2027-12-13,P006,Running Shoes,45
2027-12-13,P006,Running Shoes,45
2027-12-13,P006,Running Shoes,40
2027-12-13,P007,Yoga Mat,52
2027-12-13,P007,Yoga Mat,48
2027-12-13,P007,Yoga Mat,59
2027-12-13,P007,Yoga Mat,69
2027-12-13,P008,Coffee Maker,36
2027-12-13,P008,Coffee Maker,31
2027-12-13,P008,Coffee Maker,48
2027-12-13,P008,Coffee Maker,55
2027-12-14,P001,Wireless Mouse,34
2027-12-14,P001,Wireless Mouse,49
2027-12-14,P001,Wireless Mouse,59
2027-12-14,P001,Wireless Mouse,26
2027-12-14,P002,Bluetooth Speaker,26
2027-12-14,P002,Bluetooth Speaker,34
2027-12-14,P002,Bluetooth Speaker,58
2027-12-14,P002,Bluetooth Speaker,32
2027-12-14,P003,Office Chair,41
2027-12-14,P003,Office Chair,38
2027-12-14,P003,Office Chair,46
2027-12-14,P003,Office Chair,27
2027-12-14,P004,Notebook Pack,54
2027-12-14,P004,Notebook Pack,37
2027-12-14,P004,Notebook Pack,38
2027-12-14,P004,Notebook Pack,43
2027-12-14,P005,LED Desk Lamp,41
2027-12-14,P005,LED Desk Lamp,38
2027-12-14,P005,LED Desk Lamp,57
2027-12-14,P005,LED Desk Lamp,19
2027-12-14,P006,Running Shoes,52
2027-12-14,P006,Running Shoes,57
2027-12-14,P006,Running Shoes,45
2027-12-14,P006,Running Shoes,42
2027-12-14,P007,Yoga Mat,33
2027-12-14,P007,Yoga Mat,55
2027-12-14,P007,Yoga Mat,63
2027-12-14,P007,Yoga Mat,70
2027-12-14,P008,Coffee Maker,55
2027-12-14,P008,Coffee Maker,39
2027-12-14,P008,Coffee Maker,23
2027-12-14,P008,Coffee Maker,53
2027-12-15,P001,Wireless Mouse,55
2027-12-15,P001,Wireless Mouse,56
2027-12-15,P001,Wireless Mouse,47
2027-12-15,P001,Wireless Mouse,29
2027-12-15,P002,Bluetooth Speaker,12
2027-12-15,P002,Bluetooth Speaker,35
2027-12-15,P002,Bluetooth Speaker,53
2027-12-15,P002,Bluetooth Speaker,26
2027-12-15,P003,Office Chair,35
2027-12-15,P003,Office Chair,38
2027-12-15,P003,Office Chair,34
2027-12-15,P003,Office Chair,23
2027-12-15,P004,Notebook Pack,58
2027-12-15,P004,Notebook Pack,31
2027-12-15,P004,Notebook Pack,45
2027-12-15,P004,Notebook Pack,36
2027-12-15,P005,LED Desk Lamp,44
2027-12-15,P005,LED Desk Lamp,25
2027-12-15,P005,LED Desk Lamp,46
2027-12-15,P005,LED Desk Lamp,24
2027-12-15,P006,Running Shoes,45
2027-12-15,P006,Running Shoes,34
2027-12-15,P006,Running Shoes,32
2027-12-15,P006,Running Shoes,46
2027-12-15,P007,Yoga Mat,32
2027-12-15,P007,Yoga Mat,45
2027-12-15,P007,Yoga Mat,36
2027-12-15,P007,Yoga Mat,51
2027-12-15,P008,Coffee Maker,34
2027-12-15,P008,Coffee Maker,32
2027-12-15,P008,Coffee Maker,40
2027-12-15,P008,Coffee Maker,38
2027-12-16,P001,Wireless Mouse,31
2027-12-16,P001,Wireless Mouse,53
2027-12-16,P001,Wireless Mouse,42
2027-12-16,P001,Wireless Mouse,37
2027-12-16,P002,Bluetooth Speaker,23
2027-12-16,P002,Bluetooth Speaker,28
2027-12-16,P002,Bluetooth Speaker,60
2027-12-16,P002,Bluetooth Speaker,18
2027-12-16,P003,Office Chair,31
2027-12-16,P003,Office Chair,42
2027-12-16,P003,Office Chair,50
2027-12-16,P003,Office Chair,30
2027-12-16,P004,Notebook Pack,51
2027-12-16,P004,Notebook Pack,27
2027-12-16,P004,Notebook Pack,17
2027-12-16,P004,Notebook Pack,55
2027-12-16,P005,LED Desk Lamp,31
2027-12-16,P005,LED Desk Lamp,32
2027-12-16,P005,LED Desk Lamp,43
2027-12-16,P005,LED Desk Lamp,45
2027-12-16,P006,Running Shoes,50
2027-12-16,P006,Running Shoes,37
2027-12-16,P006,Running Shoes,47
2027-12-16,P006,Running Shoes,44
2027-12-16,P007,Yoga Mat,34
2027-12-16,P007,Yoga Mat,60
2027-12-16,P007,Yoga Mat,55
2027-12-16,P007,Yoga Mat,62
2027-12-16,P008,Coffee Maker,38
2027-12-16,P008,Coffee Maker,32
2027-12-16,P008,Coffee Maker,49
2027-12-16,P008,Coffee Maker,66
2027-12-17,P001,Wireless Mouse,55
2027-12-17,P001,Wireless Mouse,66
2027-12-17,P001,Wireless Mouse,54
2027-12-17,P001,Wireless Mouse,30
2027-12-17,P002,Bluetooth Speaker,26
2027-12-17,P002,Bluetooth Speaker,27
2027-12-17,P002,Bluetooth Speaker,68
2027-12-17,P002,Bluetooth Speaker,24
2027-12-17,P003,Office Chair,30
2027-12-17,P003,Office Chair,45
2027-12-17,P003,Office Chair,43
2027-12-17,P003,Office Chair,41
2027-12-17,P004,Notebook Pack,56
2027-12-17,P004,Notebook Pack,25
2027-12-17,P004,Notebook Pack,26
2027-12-17,P004,Notebook Pack,42
2027-12-17,P005,LED Desk Lamp,36
2027-12-17,P005,LED Desk Lamp,32
2027-12-17,P005,LED Desk Lamp,44
2027-12-17,P005,LED Desk Lamp,28
2027-12-17,P006,Running Shoes,44
2027-12-17,P006,Running Shoes,41
2027-12-17,P006,Running Shoes,37
2027-12-17,P006,Running Shoes,64
2027-12-17,P007,Yoga Mat,38
2027-12-17,P007,Yoga Mat,56
2027-12-17,P007,Yoga Mat,75
2027-12-17,P007,Yoga Mat,56
2027-12-17,P008,Coffee Maker,49
2027-12-17,P008,Coffee Maker,40
2027-12-17,P008,Coffee Maker,37
2027-12-17,P008,Coffee Maker,53
2027-12-18,P001,Wireless Mouse,54
2027-12-18,P001,Wireless Mouse,64
2027-12-18,P001,Wireless Mouse,47
2027-12-18,P001,Wireless Mouse,37
2027-12-18,P002,Bluetooth Speaker,37
2027-12-18,P002,Bluetooth Speaker,33
2027-12-18,P002,Bluetooth Speaker,44
2027-12-18,P002,Bluetooth Speaker,21
2027-12-18,P003,Office Chair,50
2027-12-18,P003,Office Chair,39
2027-12-18,P003,Office Chair,57
2027-12-18,P003,Office Chair,22
2027-12-18,P004,Notebook Pack,55
2027-12-18,P004,Notebook Pack,23
2027-12-18,P004,Notebook Pack,43
2027-12-18,P004,Notebook Pack,41
2027-12-18,P005,LED Desk Lamp,33
2027-12-18,P005,LED Desk Lamp,33
2027-12-18,P005,LED Desk Lamp,53
2027-12-18,P005,LED Desk Lamp,35
2027-12-18,P006,Running Shoes,56
2027-12-18,P006,Running Shoes,51
2027-12-18,P006,Running Shoes,33
2027-12-18,P006,Running Shoes,49
2027-12-18,P007,Yoga Mat,38
2027-12-18,P007,Yoga Mat,68
2027-12-18,P007,Yoga Mat,55
2027-12-18,P007,Yoga Mat,61
2027-12-18,P008,Coffee Maker,27
2027-12-18,P008,Coffee Maker,36
2027-12-18,P008,Coffee Maker,65
2027-12-18,P008,Coffee Maker,41
2027-12-19,P001,Wireless Mouse,62
2027-12-19,P001,Wireless Mouse,55
2027-12-19,P001,Wireless Mouse,56
2027-12-19,P001,Wireless Mouse,18
2027-12-19,P002,Bluetooth Speaker,23
2027-12-19,P002,Bluetooth Speaker,29
2027-12-19,P002,Bluetooth Speaker,45
2027-12-19,P002,Bluetooth Speaker,24
2027-12-19,P003,Office Chair,35
2027-12-19,P003,Office Chair,42
2027-12-19,P003,Office Chair,39
2027-12-19,P003,Office Chair,39
2027-12-19,P004,Notebook Pack,47
2027-12-19,P004,Notebook Pack,32
2027-12-19,P004,Notebook Pack,55
2027-12-19,P004,Notebook Pack,32
2027-12-19,P005,LED Desk Lamp,42
2027-12-19,P005,LED Desk Lamp,35
2027-12-19,P005,LED Desk Lamp,36
2027-12-19,P005,LED Desk Lamp,42
2027-12-19,P006,Running Shoes,57
2027-12-19,P006,Running Shoes,39
2027-12-19,P006,Running Shoes,36
2027-12-19,P006,Running Shoes,38
2027-12-19,P007,Yoga Mat,42
2027-12-19,P007,Yoga Mat,44
2027-12-19,P007,Yoga Mat,53
2027-12-19,P007,Yoga Mat,66
2027-12-19,P008,Coffee Maker,46
2027-12-19,P008,Coffee Maker,34
2027-12-19,P008,Coffee Maker,52
2027-12-19,P008,Coffee Maker,62
2027-12-20,P001,Wireless Mouse,40
2027-12-20,P001,Wireless Mouse,49
2027-12-20,P001,Wireless Mouse,52
2027-12-20,P001,Wireless Mouse,43
2027-12-20,P002,Bluetooth Speaker,30
2027-12-20,P002,Bluetooth Speaker,42
2027-12-20,P002,Bluetooth Speaker,45
2027-12-20,P002,Bluetooth Speaker,29
2027-12-20,P003,Office Chair,34
2027-12-20,P003,Office Chair,31
2027-12-20,P003,Office Chair,40
2027-12-20,P003,Office Chair,15
2027-12-20,P004,Notebook Pack,60
2027-12-20,P004,Notebook Pack,34
2027-12-20,P004,Notebook Pack,27
2027-12-20,P004,Notebook Pack,49
2027-12-20,P005,LED Desk Lamp,49
2027-12-20,P005,LED Desk Lamp,24
2027-12-20,P005,LED Desk Lamp,46
2027-12-20,P005,LED Desk Lamp,50
2027-12-20,P006,Running Shoes,46
2027-12-20,P006,Running Shoes,45
2027-12-20,P006,Running Shoes,45
2027-12-20,P006,Running Shoes,40
2027-12-20,P007,Yoga Mat,52
2027-12-20,P007,Yoga Mat,48
2027-12-20,P007,Yoga Mat,59
2027-12-20,P007,Yoga Mat,69
2027-12-20,P008,Coffee Maker,36
2027-12-20,P008,Coffee Maker,31
2027-12-20,P008,Coffee Maker,48
2027-12-20,P008,Coffee Maker,55
2027-12-21,P001,Wireless Mouse,34
2027-12-21,P001,Wireless Mouse,50
2027-12-21,P001,Wireless Mouse,59
2027-12-21,P001,Wireless Mouse,26
2027-12-21,P002,Bluetooth Speaker,26
2027-12-21,P002,Bluetooth Speaker,34
2027-12-21,P002,Bluetooth Speaker,58
2027-12-21,P002,Bluetooth Speaker,32
2027-12-21,P003,Office Chair,41
2027-12-21,P003,Office Chair,38
2027-12-21,P003,Office Chair,46
2027-12-21,P003,Office Chair,27
2027-12-21,P004,Notebook Pack,54
2027-12-21,P004,Notebook Pack,37
2027-12-21,P004,Notebook Pack,38
2027-12-21,P004,Notebook Pack,43
2027-12-21,P005,LED Desk Lamp,41
2027-12-21,P005,LED Desk Lamp,38
2027-12-21,P005,LED Desk Lamp,57
2027-12-21,P005,LED Desk Lamp,19
2027-12-21,P006,Running Shoes,52
2027-12-21,P006,Running Shoes,57
2027-12-21,P006,Running Shoes,45
2027-12-21,P006,Running Shoes,42
2027-12-21,P007,Yoga Mat,33
2027-12-21,P007,Yoga Mat,55
2027-12-21,P007,Yoga Mat,63
2027-12-21,P007,Yoga Mat,71
2027-12-21,P008,Coffee Maker,56
2027-12-21,P008,Coffee Maker,39
2027-12-21,P008,Coffee Maker,23
2027-12-21,P008,Coffee Maker,53
2027-12-22,P001,Wireless Mouse,55
2027-12-22,P001,Wireless Mouse,56
2027-12-22,P001,Wireless Mouse,47
2027-12-22,P001,Wireless Mouse,29
2027-12-22,P002,Bluetooth Speaker,12
2027-12-22,P002,Bluetooth Speaker,35
2027-12-22,P002,Bluetooth Speaker,53
2027-12-22,P002,Bluetooth Speaker,26
2027-12-22,P003,Office Chair,35
2027-12-22,P003,Office Chair,38
2027-12-22,P003,Office Chair,34
2027-12-22,P003,Office Chair,23
2027-12-22,P004,Notebook Pack,58
2027-12-22,P004,Notebook Pack,31
2027-12-22,P004,Notebook Pack,45
2027-12-22,P004,Notebook Pack,36
2027-12-22,P005,LED Desk Lamp,44
2027-12-22,P005,LED Desk Lamp,25
2027-12-22,P005,LED Desk Lamp,46
2027-12-22,P005,LED Desk Lamp,24
2027-12-22,P006,Running Shoes,45
2027-12-22,P006,Running Shoes,34
2027-12-22,P006,Running Shoes,32
2027-12-22,P006,Running Shoes,46
2027-12-22,P007,Yoga Mat,32
2027-12-22,P007,Yoga Mat,45
2027-12-22,P007,Yoga Mat,36
2027-12-22,P007,Yoga Mat,51
2027-12-22,P008,Coffee Maker,34
2027-12-22,P008,Coffee Maker,32
2027-12-22,P008,Coffee Maker,40
2027-12-22,P008,Coffee Maker,38
2027-12-23,P001,Wireless Mouse,31
2027-12-23,P001,Wireless Mouse,54
2027-12-23,P001,Wireless Mouse,42
2027-12-23,P001,Wireless Mouse,37
2027-12-23,P002,Bluetooth Speaker,23
2027-12-23,P002,Bluetooth Speaker,28
2027-12-23,P002,Bluetooth Speaker,60
2027-12-23,P002,Bluetooth Speaker,18
2027-12-23,P003,Office Chair,31
2027-12-23,P003,Office Chair,42
2027-12-23,P003,Office Chair,50
2027-12-23,P003,Office Chair,30
2027-12-23,P004,Notebook Pack,51
2027-12-23,P004,Notebook Pack,27
2027-12-23,P004,Notebook Pack,17
2027-12-23,P004,Notebook Pack,55
2027-12-23,P005,LED Desk Lamp,31
2027-12-23,P005,LED Desk Lamp,32
2027-12-23,P005,LED Desk Lamp,43
2027-12-23,P005,LED Desk Lamp,45
2027-12-23,P006,Running Shoes,50
2027-12-23,P006,Running Shoes,37
2027-12-23,P006,Running Shoes,47
2027-12-23,P006,Running Shoes,44
2027-12-23,P007,Yoga Mat,34
2027-12-23,P007,Yoga Mat,60
2027-12-23,P007,Yoga Mat,55
2027-12-23,P007,Yoga Mat,62
2027-12-23,P008,Coffee Maker,38
2027-12-23,P008,Coffee Maker,32
2027-12-23,P008,Coffee Maker,49
2027-12-23,P008,Coffee Maker,66
2027-12-24,P001,Wireless Mouse,55
2027-12-24,P001,Wireless Mouse,66
2027-12-24,P001,Wireless Mouse,54
2027-12-24,P001,Wireless Mouse,30
2027-12-24,P002,Bluetooth Speaker,26
2027-12-24,P002,Bluetooth Speaker,27
2027-12-24,P002,Bluetooth Speaker,68
2027-12-24,P002,Bluetooth Speaker,24
2027-12-24,P003,Office Chair,30
2027-12-24,P003,Office Chair,45
2027-12-24,P003,Office Chair,43
2027-12-24,P003,Office Chair,41
2027-12-24,P004,Notebook Pack,56
2027-12-24,P004,Notebook Pack,25
2027-12-24,P004,Notebook Pack,26
2027-12-24,P004,Notebook Pack,42
2027-12-24,P005,LED Desk Lamp,36
2027-12-24,P005,LED Desk Lamp,32
2027-12-24,P005,LED Desk Lamp,44
2027-12-24,P005,LED Desk Lamp,28
2027-12-24,P006,Running Shoes,44
2027-12-24,P006,Running Shoes,41
2027-12-24,P006,Running Shoes,37
2027-12-24,P006,Running Shoes,64
2027-12-24,P007,Yoga Mat,38
2027-12-24,P007,Yoga Mat,56
2027-12-24,P007,Yoga Mat,75
2027-12-24,P007,Yoga Mat,56
2027-12-24,P008,Coffee Maker,49
2027-12-24,P008,Coffee Maker,40
2027-12-24,P008,Coffee Maker,37
2027-12-24,P008,Coffee Maker,53
2027-12-25,P001,Wireless Mouse,54
2027-12-25,P001,Wireless Mouse,64
2027-12-25,P001,Wireless Mouse,47
2027-12-25,P001,Wireless Mouse,37
2027-12-25,P002,Bluetooth Speaker,37
2027-12-25,P002,Bluetooth Speaker,33
2027-12-25,P002,Bluetooth Speaker,44
2027-12-25,P002,Bluetooth Speaker,21
2027-12-25,P003,Office Chair,50
2027-12-25,P003,Office Chair,39
2027-12-25,P003,Office Chair,57
2027-12-25,P003,Office Chair,22
2027-12-25,P004,Notebook Pack,55
2027-12-25,P004,Notebook Pack,23
2027-12-25,P004,Notebook Pack,43
2027-12-25,P004,Notebook Pack,41
2027-12-25,P005,LED Desk Lamp,33
2027-12-25,P005,LED Desk Lamp,33
2027-12-25,P005,LED Desk Lamp,53
2027-12-25,P005,LED Desk Lamp,35
2027-12-25,P006,Running Shoes,56
2027-12-25,P006,Running Shoes,51
2027-12-25,P006,Running Shoes,33
2027-12-25,P006,Running Shoes,49
2027-12-25,P007,Yoga Mat,38
2027-12-25,P007,Yoga Mat,68
2027-12-25,P007,Yoga Mat,55
2027-12-25,P007,Yoga Mat,61
2027-12-25,P008,Coffee Maker,27
2027-12-25,P008,Coffee Maker,36
2027-12-25,P008,Coffee Maker,64
2027-12-25,P008,Coffee Maker,41
2027-12-26,P001,Wireless Mouse,62
2027-12-26,P001,Wireless Mouse,55
2027-12-26,P001,Wireless Mouse,56
2027-12-26,P001,Wireless Mouse,18
2027-12-26,P002,Bluetooth Speaker,23
2027-12-26,P002,Bluetooth Speaker,29
2027-12-26,P002,Bluetooth Speaker,45
2027-12-26,P002,Bluetooth Speaker,24
2027-12-26,P003,Office Chair,35
2027-12-26,P003,Office Chair,42
2027-12-26,P003,Office Chair,39
2027-12-26,P003,Office Chair,39
2027-12-26,P004,Notebook Pack,47
2027-12-26,P004,Notebook Pack,32
2027-12-26,P004,Notebook Pack,55
2027-12-26,P004,Notebook Pack,32
2027-12-26,P005,LED Desk Lamp,42
2027-12-26,P005,LED Desk Lamp,35
2027-12-26,P005,LED Desk Lamp,36
2027-12-26,P005,LED Desk Lamp,42
2027-12-26,P006,Running Shoes,57
2027-12-26,P006,Running Shoes,39
2027-12-26,P006,Running Shoes,36
2027-12-26,P006,Running Shoes,38
2027-12-26,P007,Yoga Mat,42
2027-12-26,P007,Yoga Mat,44
2027-12-26,P007,Yoga Mat,53
2027-12-26,P007,Yoga Mat,66
2027-12-26,P008,Coffee Maker,46
2027-12-26,P008,Coffee Maker,34
2027-12-26,P008,Coffee Maker,52
2027-12-26,P008,Coffee Maker,62
2027-12-27,P001,Wireless Mouse,40
2027-12-27,P001,Wireless Mouse,49
2027-12-27,P001,Wireless Mouse,52
2027-12-27,P001,Wireless Mouse,43
2027-12-27,P002,Bluetooth Speaker,30
2027-12-27,P002,Bluetooth Speaker,42
2027-12-27,P002,Bluetooth Speaker,45
2027-12-27,P002,Bluetooth Speaker,29
2027-12-27,P003,Office Chair,34
2027-12-27,P003,Office Chair,31
2027-12-27,P003,Office Chair,40
2027-12-27,P003,Office Chair,15
2027-12-27,P004,Notebook Pack,60
2027-12-27,P004,Notebook Pack,34
2027-12-27,P004,Notebook Pack,27
2027-12-27,P004,Notebook Pack,49
2027-12-27,P005,LED Desk Lamp,49
2027-12-27,P005,LED Desk Lamp,24
2027-12-27,P005,LED Desk Lamp,46
2027-12-27,P005,LED Desk Lamp,50
2027-12-27,P006,Running Shoes,46
2027-12-27,P006,Running Shoes,45
2027-12-27,P006,Running Shoes,45
2027-12-27,P006,Running Shoes,40
2027-12-27,P007,Yoga Mat,52
2027-12-27,P007,Yoga Mat,48
2027-12-27,P007,Yoga Mat,59
2027-12-27,P007,Yoga Mat,69
2027-12-27,P008,Coffee Maker,36
2027-12-27,P008,Coffee Maker,31
2027-12-27,P008,Coffee Maker,48
2027-12-27,P008,Coffee Maker,55
2027-12-28,P001,Wireless Mouse,34
2027-12-28,P001,Wireless Mouse,50
2027-12-28,P001,Wireless Mouse,59
2027-12-28,P001,Wireless Mouse,26
2027-12-28,P002,Bluetooth Speaker,26
2027-12-28,P002,Bluetooth Speaker,34
2027-12-28,P002,Bluetooth Speaker,58
2027-12-28,P002,Bluetooth Speaker,32
2027-12-28,P003,Office Chair,41
2027-12-28,P003,Office Chair,38
2027-12-28,P003,Office Chair,46
2027-12-28,P003,Office Chair,27
2027-12-28,P004,Notebook Pack,54
2027-12-28,P004,Notebook Pack,37
2027-12-28,P004,Notebook Pack,38
2027-12-28,P004,Notebook Pack,43
2027-12-28,P005,LED Desk Lamp,41
2027-12-28,P005,LED Desk Lamp,38
2027-12-28,P005,LED Desk Lamp,57
2027-12-28,P005,LED Desk Lamp,19
2027-12-28,P006,Running Shoes,52
2027-12-28,P006,Running Shoes,57
2027-12-28,P006,Running Shoes,45
2027-12-28,P006,Running Shoes,42
2027-12-28,P007,Yoga Mat,33
2027-12-28,P007,Yoga Mat,55
2027-12-28,P007,Yoga Mat,63
2027-12-28,P007,Yoga Mat,71
2027-12-28,P008,Coffee Maker,56
2027-12-28,P008,Coffee Maker,39
2027-12-28,P008,Coffee Maker,23
2027-12-28,P008,Coffee Maker,53
2027-12-29,P001,Wireless Mouse,56
2027-12-29,P001,Wireless Mouse,56
2027-12-29,P001,Wireless Mouse,47
2027-12-29,P001,Wireless Mouse,29
2027-12-29,P002,Bluetooth Speaker,12
2027-12-29,P002,Bluetooth Speaker,35
2027-12-29,P002,Bluetooth Speaker,53
2027-12-29,P002,Bluetooth Speaker,26
2027-12-29,P003,Office Chair,35
2027-12-29,P003,Office Chair,38
2027-12-29,P003,Office Chair,34
2027-12-29,P003,Office Chair,23
2027-12-29,P004,Notebook Pack,58
2027-12-29,P004,Notebook Pack,31
2027-12-29,P004,Notebook Pack,45
2027-12-29,P004,Notebook Pack,36
2027-12-29,P005,LED Desk Lamp,44
2027-12-29,P005,LED Desk Lamp,25
2027-12-29,P005,LED Desk Lamp,46
2027-12-29,P005,LED Desk Lamp,24
2027-12-29,P006,Running Shoes,45
2027-12-29,P006,Running Shoes,34
2027-12-29,P006,Running Shoes,32
2027-12-29,P006,Running Shoes,46
2027-12-29,P007,Yoga Mat,32
2027-12-29,P007,Yoga Mat,45
2027-12-29,P007,Yoga Mat,36
2027-12-29,P007,Yoga Mat,51
2027-12-29,P008,Coffee Maker,34
2027-12-29,P008,Coffee Maker,32
2027-12-29,P008,Coffee Maker,40
2027-12-29,P008,Coffee Maker,38
2027-12-30,P001,Wireless Mouse,31
2027-12-30,P001,Wireless Mouse,54
2027-12-30,P001,Wireless Mouse,42
2027-12-30,P001,Wireless Mouse,37
2027-12-30,P002,Bluetooth Speaker,23
2027-12-30,P002,Bluetooth Speaker,28
2027-12-30,P002,Bluetooth Speaker,60
2027-12-30,P002,Bluetooth Speaker,18
2027-12-30,P003,Office Chair,31
2027-12-30,P003,Office Chair,42
2027-12-30,P003,Office Chair,50
2027-12-30,P003,Office Chair,30
2027-12-30,P004,Notebook Pack,51
2027-12-30,P004,Notebook Pack,27
2027-12-30,P004,Notebook Pack,17
2027-12-30,P004,Notebook Pack,55
2027-12-30,P005,LED Desk Lamp,31
2027-12-30,P005,LED Desk Lamp,32
2027-12-30,P005,LED Desk Lamp,43
2027-12-30,P005,LED Desk Lamp,45
2027-12-30,P006,Running Shoes,50
2027-12-30,P006,Running Shoes,37
2027-12-30,P006,Running Shoes,47
2027-12-30,P006,Running Shoes,44
2027-12-30,P007,Yoga Mat,34
2027-12-30,P007,Yoga Mat,60
2027-12-30,P007,Yoga Mat,55
2027-12-30,P007,Yoga Mat,62
2027-12-30,P008,Coffee Maker,38
2027-12-30,P008,Coffee Maker,32
2027-12-30,P008,Coffee Maker,49
2027-12-30,P008,Coffee Maker,66
2027-12-31,P001,Wireless Mouse,55
2027-12-31,P001,Wireless Mouse,66
2027-12-31,P001,Wireless Mouse,54
2027-12-31,P001,Wireless Mouse,30
2027-12-31,P002,Bluetooth Speaker,26
2027-12-31,P002,Bluetooth Speaker,27
2027-12-31,P002,Bluetooth Speaker,68
2027-12-31,P002,Bluetooth Speaker,24
2027-12-31,P003,Office Chair,30
2027-12-31,P003,Office Chair,45
2027-12-31,P003,Office Chair,43
2027-12-31,P003,Office Chair,41
2027-12-31,P004,Notebook Pack,56
2027-12-31,P004,Notebook Pack,25
2027-12-31,P004,Notebook Pack,26
2027-12-31,P004,Notebook Pack,42
2027-12-31,P005,LED Desk Lamp,36
2027-12-31,P005,LED Desk Lamp,32
2027-12-31,P005,LED Desk Lamp,44
2027-12-31,P005,LED Desk Lamp,28
2027-12-31,P006,Running Shoes,44
2027-12-31,P006,Running Shoes,41
2027-12-31,P006,Running Shoes,37
2027-12-31,P006,Running Shoes,64
2027-12-31,P007,Yoga Mat,38
2027-12-31,P007,Yoga Mat,56
2027-12-31,P007,Yoga Mat,75
2027-12-31,P007,Yoga Mat,56
2027-12-31,P008,Coffee Maker,49
2027-12-31,P008,Coffee Maker,40
2027-12-31,P008,Coffee Maker,37
2027-12-31,P008,Coffee Maker,53
