Date,Product_Name,Predicted_Units_Sold
2026-09-11,Bluetooth Speaker,0.98
2026-09-11,Coffee Maker,1.37
2026-09-11,LED Desk Lamp,1.43
2026-09-11,Notebook Pack,1.19
2026-09-11,Office Chair,1.17
2026-09-11,Running Shoes,1.32
2026-09-11,Wireless Mouse,1.22
2026-09-11,Yoga Mat,1.31
2026-09-12,Bluetooth Speaker,0.98
2026-09-12,Coffee Maker,1.37
2026-09-12,LED Desk Lamp,1.43
2026-09-12,Notebook Pack,1.19
2026-09-12,Office Chair,1.17
2026-09-12,Running Shoes,1.32
2026-09-12,Wireless Mouse,1.22
2026-09-12,Yoga Mat,1.31
2026-09-13,Bluetooth Speaker,0.98
2026-09-13,Coffee Maker,1.37
2026-09-13,LED Desk Lamp,1.43
2026-09-13,Notebook Pack,1.19
2026-09-13,Office Chair,1.17
2026-09-13,Running Shoes,1.32
2026-09-13,Wireless Mouse,1.22
2026-09-13,Yoga Mat,1.31
2026-09-14,Bluetooth Speaker,0.98
2026-09-14,Coffee Maker,1.37
2026-09-14,LED Desk Lamp,1.43
2026-09-14,Notebook Pack,1.19
2026-09-14,Office Chair,1.17
2026-09-14,Running Shoes,1.32
2026-09-14,Wireless Mouse,1.22
2026-09-14,Yoga Mat,1.31
2026-09-15,Bluetooth Speaker,0.98
2026-09-15,Coffee Maker,1.37
2026-09-15,LED Desk Lamp,1.43
2026-09-15,Notebook Pack,1.19
2026-09-15,Office Chair,1.17
2026-09-15,Running Shoes,1.32
2026-09-15,Wireless Mouse,1.22
2026-09-15,Yoga Mat,1.31
2026-09-16,Bluetooth Speaker,0.98
2026-09-16,Coffee Maker,1.37
2026-09-16,LED Desk Lamp,1.43
2026-09-16,Notebook Pack,1.19
2026-09-16,Office Chair,1.17
2026-09-16,Running Shoes,1.32
2026-09-16,Wireless Mouse,1.22
2026-09-16,Yoga Mat,1.31
2026-09-17,Bluetooth Speaker,0.98
2026-09-17,Coffee Maker,1.37
2026-09-17,LED Desk Lamp,1.43
2026-09-17,Notebook Pack,1.19
2026-09-17,Office Chair,1.17
2026-09-17,Running Shoes,1.32
2026-09-17,Wireless Mouse,1.22
2026-09-17,Yoga Mat,1.31
2026-09-18,Bluetooth Speaker,0.98
2026-09-18,Coffee Maker,1.37
2026-09-18,LED Desk Lamp,1.43
2026-09-18,Notebook Pack,1.19
2026-09-18,Office Chair,1.17
2026-09-18,Running Shoes,1.32
2026-09-18,Wireless Mouse,1.22
2026-09-18,Yoga Mat,1.31
2026-09-19,Bluetooth Speaker,0.98
2026-09-19,Coffee Maker,1.37
2026-09-19,LED Desk Lamp,1.43
2026-09-19,Notebook Pack,1.19
2026-09-19,Office Chair,1.17
2026-09-19,Running Shoes,1.32
2026-09-19,Wireless Mouse,1.22
2026-09-19,Yoga Mat,1.31
2026-09-20,Bluetooth Speaker,0.98
2026-09-20,Coffee Maker,1.37
2026-09-20,LED Desk Lamp,1.43
2026-09-20,Notebook Pack,1.19
2026-09-20,Office Chair,1.17
2026-09-20,Running Shoes,1.32
2026-09-20,Wireless Mouse,1.22
2026-09-20,Yoga Mat,1.31
2026-09-21,Bluetooth Speaker,0.98
2026-09-21,Coffee Maker,1.37
2026-09-21,LED Desk Lamp,1.43
2026-09-21,Notebook Pack,1.19
2026-09-21,Office Chair,1.17
2026-09-21,Running Shoes,1.32
2026-09-21,Wireless Mouse,1.22
2026-09-21,Yoga Mat,1.31
2026-09-22,Bluetooth Speaker,0.98
2026-09-22,Coffee Maker,1.37
2026-09-22,LED Desk Lamp,1.43
2026-09-22,Notebook Pack,1.19
2026-09-22,Office Chair,1.17
2026-09-22,Running Shoes,1.32
2026-09-22,Wireless Mouse,1.22
2026-09-22,Yoga Mat,1.31
2026-09-23,Bluetooth Speaker,0.98
2026-09-23,Coffee Maker,1.37
2026-09-23,LED Desk Lamp,1.43
2026-09-23,Notebook Pack,1.19
2026-09-23,Office Chair,1.17
2026-09-23,Running Shoes,1.32
2026-09-23,Wireless Mouse,1.22
2026-09-23,Yoga Mat,1.31
2026-09-24,Bluetooth Speaker,0.98
2026-09-24,Coffee Maker,1.37
2026-09-24,LED Desk Lamp,1.43
2026-09-24,Notebook Pack,1.19
2026-09-24,Office Chair,1.17
2026-09-24,Running Shoes,1.32
2026-09-24,Wireless Mouse,1.22
2026-09-24,Yoga Mat,1.31
2026-09-25,Bluetooth Speaker,0.98
2026-09-25,Coffee Maker,1.37
2026-09-25,LED Desk Lamp,1.43
2026-09-25,Notebook Pack,1.19
2026-09-25,Office Chair,1.17
2026-09-25,Running Shoes,1.32
2026-09-25,Wireless Mouse,1.22
2026-09-25,Yoga Mat,1.31
2026-09-26,Bluetooth Speaker,0.98
2026-09-26,Coffee Maker,1.37
2026-09-26,LED Desk Lamp,1.43
2026-09-26,Notebook Pack,1.19
2026-09-26,Office Chair,1.17
2026-09-26,Running Shoes,1.32
2026-09-26,Wireless Mouse,1.22
2026-09-26,Yoga Mat,1.31
2026-09-27,Bluetooth Speaker,0.98
2026-09-27,Coffee Maker,1.37
2026-09-27,LED Desk Lamp,1.43
2026-09-27,Notebook Pack,1.19
2026-09-27,Office Chair,1.17
2026-09-27,Running Shoes,1.32
2026-09-27,Wireless Mouse,1.22
2026-09-27,Yoga Mat,1.31
2026-09-28,Bluetooth Speaker,0.98
2026-09-28,Coffee Maker,1.37
2026-09-28,LED Desk Lamp,1.43
2026-09-28,Notebook Pack,1.19
2026-09-28,Office Chair,1.17
2026-09-28,Running Shoes,1.32
2026-09-28,Wireless Mouse,1.22
2026-09-28,Yoga Mat,1.31
2026-09-29,Bluetooth Speaker,0.98
2026-09-29,Coffee Maker,1.37
2026-09-29,LED Desk Lamp,1.43
2026-09-29,Notebook Pack,1.19
2026-09-29,Office Chair,1.17
2026-09-29,Running Shoes,1.32
2026-09-29,Wireless Mouse,1.22
2026-09-29,Yoga Mat,1.31
2026-09-30,Bluetooth Speaker,0.98
2026-09-30,Coffee Maker,1.37
2026-09-30,LED Desk Lamp,1.43
2026-09-30,Notebook Pack,1.19
2026-09-30,Office Chair,1.17
2026-09-30,Running Shoes,1.32
2026-09-30,Wireless Mouse,1.22
2026-09-30,Yoga Mat,1.31
2026-10-01,Bluetooth Speaker,0.98
2026-10-01,Coffee Maker,1.37
2026-10-01,LED Desk Lamp,1.43
2026-10-01,Notebook Pack,1.19
2026-10-01,Office Chair,1.17
2026-10-01,Running Shoes,1.32
2026-10-01,Wireless Mouse,1.22
2026-10-01,Yoga Mat,1.31
2026-10-02,Bluetooth Speaker,0.98
2026-10-02,Coffee Maker,1.37
2026-10-02,LED Desk Lamp,1.43
2026-10-02,Notebook Pack,1.19
2026-10-02,Office Chair,1.17
2026-10-02,Running Shoes,1.32
2026-10-02,Wireless Mouse,1.22
2026-10-02,Yoga Mat,1.31
2026-10-03,Bluetooth Speaker,0.98
2026-10-03,Coffee Maker,1.37
2026-10-03,LED Desk Lamp,1.43
2026-10-03,Notebook Pack,1.19
2026-10-03,Office Chair,1.17
2026-10-03,Running Shoes,1.32
2026-10-03,Wireless Mouse,1.22
2026-10-03,Yoga Mat,1.31
2026-10-04,Bluetooth Speaker,0.98
2026-10-04,Coffee Maker,1.37
2026-10-04,LED Desk Lamp,1.43
2026-10-04,Notebook Pack,1.19
2026-10-04,Office Chair,1.17
2026-10-04,Running Shoes,1.32
2026-10-04,Wireless Mouse,1.22
2026-10-04,Yoga Mat,1.31
2026-10-05,Bluetooth Speaker,0.98
2026-10-05,Coffee Maker,1.37
2026-10-05,LED Desk Lamp,1.43
2026-10-05,Notebook Pack,1.19
2026-10-05,Office Chair,1.17
2026-10-05,Running Shoes,1.32
2026-10-05,Wireless Mouse,1.22
2026-10-05,Yoga Mat,1.31
2026-10-06,Bluetooth Speaker,0.98
2026-10-06,Coffee Maker,1.37
2026-10-06,LED Desk Lamp,1.43
2026-10-06,Notebook Pack,1.19
2026-10-06,Office Chair,1.17
2026-10-06,Running Shoes,1.32
2026-10-06,Wireless Mouse,1.22
2026-10-06,Yoga Mat,1.31
2026-10-07,Bluetooth Speaker,0.98
2026-10-07,Coffee Maker,1.37
2026-10-07,LED Desk Lamp,1.43
2026-10-07,Notebook Pack,1.19
2026-10-07,Office Chair,1.17
2026-10-07,Running Shoes,1.32
2026-10-07,Wireless Mouse,1.22
2026-10-07,Yoga Mat,1.31
2026-10-08,Bluetooth Speaker,0.98
2026-10-08,Coffee Maker,1.37
2026-10-08,LED Desk Lamp,1.43
2026-10-08,Notebook Pack,1.19
2026-10-08,Office Chair,1.17
2026-10-08,Running Shoes,1.32
2026-10-08,Wireless Mouse,1.22
2026-10-08,Yoga Mat,1.31
2026-10-09,Bluetooth Speaker,0.98
2026-10-09,Coffee Maker,1.37
2026-10-09,LED Desk Lamp,1.43
2026-10-09,Notebook Pack,1.19
2026-10-09,Office Chair,1.17
2026-10-09,Running Shoes,1.32
2026-10-09,Wireless Mouse,1.22
2026-10-09,Yoga Mat,1.31
2026-10-10,Bluetooth Speaker,0.98
2026-10-10,Coffee Maker,1.37
2026-10-10,LED Desk Lamp,1.43
2026-10-10,Notebook Pack,1.19
2026-10-10,Office Chair,1.17
2026-10-10,Running Shoes,1.32
2026-10-10,Wireless Mouse,1.22
2026-10-10,Yoga Mat,1.31
2026-10-11,Bluetooth Speaker,0.98
2026-10-11,Coffee Maker,1.37
2026-10-11,LED Desk Lamp,1.43
2026-10-11,Notebook Pack,1.19
2026-10-11,Office Chair,1.17
2026-10-11,Running Shoes,1.32
2026-10-11,Wireless Mouse,1.22
2026-10-11,Yoga Mat,1.31
2026-10-12,Bluetooth Speaker,0.98
2026-10-12,Coffee Maker,1.37
2026-10-12,LED Desk Lamp,1.43
2026-10-12,Notebook Pack,1.19
2026-10-12,Office Chair,1.17
2026-10-12,Running Shoes,1.32
2026-10-12,Wireless Mouse,1.22
2026-10-12,Yoga Mat,1.31
2026-10-13,Bluetooth Speaker,0.98
2026-10-13,Coffee Maker,1.37
2026-10-13,LED Desk Lamp,1.43
2026-10-13,Notebook Pack,1.19
2026-10-13,Office Chair,1.17
2026-10-13,Running Shoes,1.32
2026-10-13,Wireless Mouse,1.22
2026-10-13,Yoga Mat,1.31
2026-10-14,Bluetooth Speaker,0.98
2026-10-14,Coffee Maker,1.37
2026-10-14,LED Desk Lamp,1.43
2026-10-14,Notebook Pack,1.19
2026-10-14,Office Chair,1.17
2026-10-14,Running Shoes,1.32
2026-10-14,Wireless Mouse,1.22
2026-10-14,Yoga Mat,1.31
2026-10-15,Bluetooth Speaker,0.98
2026-10-15,Coffee Maker,1.37
2026-10-15,LED Desk Lamp,1.43
2026-10-15,Notebook Pack,1.19
2026-10-15,Office Chair,1.17
2026-10-15,Running Shoes,1.32
2026-10-15,Wireless Mouse,1.22
2026-10-15,Yoga Mat,1.31
2026-10-16,Bluetooth Speaker,0.98
2026-10-16,Coffee Maker,1.37
2026-10-16,LED Desk Lamp,1.43
2026-10-16,Notebook Pack,1.19
2026-10-16,Office Chair,1.17
2026-10-16,Running Shoes,1.32
2026-10-16,Wireless Mouse,1.22
2026-10-16,Yoga Mat,1.31
2026-10-17,Bluetooth Speaker,0.98
2026-10-17,Coffee Maker,1.37
2026-10-17,LED Desk Lamp,1.43
2026-10-17,Notebook Pack,1.19
2026-10-17,Office Chair,1.17
2026-10-17,Running Shoes,1.32
2026-10-17,Wireless Mouse,1.22
2026-10-17,Yoga Mat,1.31
2026-10-18,Bluetooth Speaker,0.98
2026-10-18,Coffee Maker,1.37
2026-10-18,LED Desk Lamp,1.43
2026-10-18,Notebook Pack,1.19
2026-10-18,Office Chair,1.17
2026-10-18,Running Shoes,1.32
2026-10-18,Wireless Mouse,1.22
2026-10-18,Yoga Mat,1.31
2026-10-19,Bluetooth Speaker,0.98
2026-10-19,Coffee Maker,1.37
2026-10-19,LED Desk Lamp,1.43
2026-10-19,Notebook Pack,1.19
2026-10-19,Office Chair,1.17
2026-10-19,Running Shoes,1.32
2026-10-19,Wireless Mouse,1.22
2026-10-19,Yoga Mat,1.31
2026-10-20,Bluetooth Speaker,0.98
2026-10-20,Coffee Maker,1.37
2026-10-20,LED Desk Lamp,1.43
2026-10-20,Notebook Pack,1.19
2026-10-20,Office Chair,1.17
2026-10-20,Running Shoes,1.32
2026-10-20,Wireless Mouse,1.22
2026-10-20,Yoga Mat,1.31
2026-10-21,Bluetooth Speaker,0.98
2026-10-21,Coffee Maker,1.37
2026-10-21,LED Desk Lamp,1.43
2026-10-21,Notebook Pack,1.19
2026-10-21,Office Chair,1.17
2026-10-21,Running Shoes,1.32
2026-10-21,Wireless Mouse,1.22
2026-10-21,Yoga Mat,1.31
2026-10-22,Bluetooth Speaker,0.98
2026-10-22,Coffee Maker,1.37
2026-10-22,LED Desk Lamp,1.43
2026-10-22,Notebook Pack,1.19
2026-10-22,Office Chair,1.17
2026-10-22,Running Shoes,1.32
2026-10-22,Wireless Mouse,1.22
2026-10-22,Yoga Mat,1.31
2026-10-23,Bluetooth Speaker,0.98
2026-10-23,Coffee Maker,1.37
2026-10-23,LED Desk Lamp,1.43
2026-10-23,Notebook Pack,1.19
2026-10-23,Office Chair,1.17
2026-10-23,Running Shoes,1.32
2026-10-23,Wireless Mouse,1.22
2026-10-23,Yoga Mat,1.31
2026-10-24,Bluetooth Speaker,0.98
2026-10-24,Coffee Maker,1.37
2026-10-24,LED Desk Lamp,1.43
2026-10-24,Notebook Pack,1.19
2026-10-24,Office Chair,1.17
2026-10-24,Running Shoes,1.32
2026-10-24,Wireless Mouse,1.22
2026-10-24,Yoga Mat,1.31
2026-10-25,Bluetooth Speaker,0.98
2026-10-25,Coffee Maker,1.37
2026-10-25,LED Desk Lamp,1.43
2026-10-25,Notebook Pack,1.19
2026-10-25,Office Chair,1.17
2026-10-25,Running Shoes,1.32
2026-10-25,Wireless Mouse,1.22
2026-10-25,Yoga Mat,1.31
2026-10-26,Bluetooth Speaker,0.98
2026-10-26,Coffee Maker,1.37
2026-10-26,LED Desk Lamp,1.43
2026-10-26,Notebook Pack,1.19
2026-10-26,Office Chair,1.17
2026-10-26,Running Shoes,1.32
2026-10-26,Wireless Mouse,1.22
2026-10-26,Yoga Mat,1.31
2026-10-27,Bluetooth Speaker,0.98
2026-10-27,Coffee Maker,1.37
2026-10-27,LED Desk Lamp,1.43
2026-10-27,Notebook Pack,1.19
2026-10-27,Office Chair,1.17
2026-10-27,Running Shoes,1.32
2026-10-27,Wireless Mouse,1.22
2026-10-27,Yoga Mat,1.31
2026-10-28,Bluetooth Speaker,0.98
2026-10-28,Coffee Maker,1.37
2026-10-28,LED Desk Lamp,1.43
2026-10-28,Notebook Pack,1.19
2026-10-28,Office Chair,1.17
2026-10-28,Running Shoes,1.32
2026-10-28,Wireless Mouse,1.22
2026-10-28,Yoga Mat,1.31
2026-10-29,Bluetooth Speaker,0.98
2026-10-29,Coffee Maker,1.37
2026-10-29,LED Desk Lamp,1.43
2026-10-29,Notebook Pack,1.19
2026-10-29,Office Chair,1.17
2026-10-29,Running Shoes,1.32
2026-10-29,Wireless Mouse,1.22
2026-10-29,Yoga Mat,1.31
2026-10-30,Bluetooth Speaker,0.98
2026-10-30,Coffee Maker,1.37
2026-10-30,LED Desk Lamp,1.43
2026-10-30,Notebook Pack,1.19
2026-10-30,Office Chair,1.17
2026-10-30,Running Shoes,1.32
2026-10-30,Wireless Mouse,1.22
2026-10-30,Yoga Mat,1.31
2026-10-31,Bluetooth Speaker,0.98
2026-10-31,Coffee Maker,1.37
2026-10-31,LED Desk Lamp,1.43
2026-10-31,Notebook Pack,1.19
2026-10-31,Office Chair,1.17
2026-10-31,Running Shoes,1.32
2026-10-31,Wireless Mouse,1.22
2026-10-31,Yoga Mat,1.31
2026-11-01,Bluetooth Speaker,0.98
2026-11-01,Coffee Maker,1.37
2026-11-01,LED Desk Lamp,1.43
2026-11-01,Notebook Pack,1.19
2026-11-01,Office Chair,1.17
2026-11-01,Running Shoes,1.32
2026-11-01,Wireless Mouse,1.22
2026-11-01,Yoga Mat,1.31
2026-11-02,Bluetooth Speaker,0.98
2026-11-02,Coffee Maker,1.37
2026-11-02,LED Desk Lamp,1.43
2026-11-02,Notebook Pack,1.19
2026-11-02,Office Chair,1.17
2026-11-02,Running Shoes,1.32
2026-11-02,Wireless Mouse,1.22
2026-11-02,Yoga Mat,1.31
2026-11-03,Bluetooth Speaker,0.98
2026-11-03,Coffee Maker,1.37
2026-11-03,LED Desk Lamp,1.43
2026-11-03,Notebook Pack,1.19
2026-11-03,Office Chair,1.17
2026-11-03,Running Shoes,1.32
2026-11-03,Wireless Mouse,1.22
2026-11-03,Yoga Mat,1.31
2026-11-04,Bluetooth Speaker,0.98
2026-11-04,Coffee Maker,1.37
2026-11-04,LED Desk Lamp,1.43
2026-11-04,Notebook Pack,1.19
2026-11-04,Office Chair,1.17
2026-11-04,Running Shoes,1.32
2026-11-04,Wireless Mouse,1.22
2026-11-04,Yoga Mat,1.31
2026-11-05,Bluetooth Speaker,0.98
2026-11-05,Coffee Maker,1.37
2026-11-05,LED Desk Lamp,1.43
2026-11-05,Notebook Pack,1.19
2026-11-05,Office Chair,1.17
2026-11-05,Running Shoes,1.32
2026-11-05,Wireless Mouse,1.22
2026-11-05,Yoga Mat,1.31
2026-11-06,Bluetooth Speaker,0.98
2026-11-06,Coffee Maker,1.37
2026-11-06,LED Desk Lamp,1.43
2026-11-06,Notebook Pack,1.19
2026-11-06,Office Chair,1.17
2026-11-06,Running Shoes,1.32
2026-11-06,Wireless Mouse,1.22
2026-11-06,Yoga Mat,1.31
2026-11-07,Bluetooth Speaker,0.98
2026-11-07,Coffee Maker,1.37
2026-11-07,LED Desk Lamp,1.43
2026-11-07,Notebook Pack,1.19
2026-11-07,Office Chair,1.17
2026-11-07,Running Shoes,1.32
2026-11-07,Wireless Mouse,1.22
2026-11-07,Yoga Mat,1.31
2026-11-08,Bluetooth Speaker,0.98
2026-11-08,Coffee Maker,1.37
2026-11-08,LED Desk Lamp,1.43
2026-11-08,Notebook Pack,1.19
2026-11-08,Office Chair,1.17
2026-11-08,Running Shoes,1.32
2026-11-08,Wireless Mouse,1.22
2026-11-08,Yoga Mat,1.31
2026-11-09,Bluetooth Speaker,0.98
2026-11-09,Coffee Maker,1.37
2026-11-09,LED Desk Lamp,1.43
2026-11-09,Notebook Pack,1.19
2026-11-09,Office Chair,1.17
2026-11-09,Running Shoes,1.32
2026-11-09,Wireless Mouse,1.22
2026-11-09,Yoga Mat,1.31
2026-11-10,Bluetooth Speaker,0.98
2026-11-10,Coffee Maker,1.37
2026-11-10,LED Desk Lamp,1.43
2026-11-10,Notebook Pack,1.19
2026-11-10,Office Chair,1.17
2026-11-10,Running Shoes,1.32
2026-11-10,Wireless Mouse,1.22
2026-11-10,Yoga Mat,1.31
2026-11-11,Bluetooth Speaker,0.98
2026-11-11,Coffee Maker,1.37
2026-11-11,LED Desk Lamp,1.43
2026-11-11,Notebook Pack,1.19
2026-11-11,Office Chair,1.17
2026-11-11,Running Shoes,1.32
2026-11-11,Wireless Mouse,1.22
2026-11-11,Yoga Mat,1.31
2026-11-12,Bluetooth Speaker,0.98
2026-11-12,Coffee Maker,1.37
2026-11-12,LED Desk Lamp,1.43
2026-11-12,Notebook Pack,1.19
2026-11-12,Office Chair,1.17
2026-11-12,Running Shoes,1.32
2026-11-12,Wireless Mouse,1.22
2026-11-12,Yoga Mat,1.31
2026-11-13,Bluetooth Speaker,0.98
2026-11-13,Coffee Maker,1.37
2026-11-13,LED Desk Lamp,1.43
2026-11-13,Notebook Pack,1.19
2026-11-13,Office Chair,1.17
2026-11-13,Running Shoes,1.32
2026-11-13,Wireless Mouse,1.22
2026-11-13,Yoga Mat,1.31
2026-11-14,Bluetooth Speaker,0.98
2026-11-14,Coffee Maker,1.37
2026-11-14,LED Desk Lamp,1.43
2026-11-14,Notebook Pack,1.19
2026-11-14,Office Chair,1.17
2026-11-14,Running Shoes,1.32
2026-11-14,Wireless Mouse,1.22
2026-11-14,Yoga Mat,1.31
2026-11-15,Bluetooth Speaker,0.98
2026-11-15,Coffee Maker,1.37
2026-11-15,LED Desk Lamp,1.43
2026-11-15,Notebook Pack,1.19
2026-11-15,Office Chair,1.17
2026-11-15,Running Shoes,1.32
2026-11-15,Wireless Mouse,1.22
2026-11-15,Yoga Mat,1.31
2026-11-16,Bluetooth Speaker,0.98
2026-11-16,Coffee Maker,1.37
2026-11-16,LED Desk Lamp,1.43
2026-11-16,Notebook Pack,1.19
2026-11-16,Office Chair,1.17
2026-11-16,Running Shoes,1.32
2026-11-16,Wireless Mouse,1.22
2026-11-16,Yoga Mat,1.31
2026-11-17,Bluetooth Speaker,0.98
2026-11-17,Coffee Maker,1.37
2026-11-17,LED Desk Lamp,1.43
2026-11-17,Notebook Pack,1.19
2026-11-17,Office Chair,1.17
2026-11-17,Running Shoes,1.32
2026-11-17,Wireless Mouse,1.22
2026-11-17,Yoga Mat,1.31
2026-11-18,Bluetooth Speaker,0.98
2026-11-18,Coffee Maker,1.37
2026-11-18,LED Desk Lamp,1.43
2026-11-18,Notebook Pack,1.19
2026-11-18,Office Chair,1.17
2026-11-18,Running Shoes,1.32
2026-11-18,Wireless Mouse,1.22
2026-11-18,Yoga Mat,1.31
2026-11-19,Bluetooth Speaker,0.98
2026-11-19,Coffee Maker,1.37
2026-11-19,LED Desk Lamp,1.43
2026-11-19,Notebook Pack,1.19
2026-11-19,Office Chair,1.17
2026-11-19,Running Shoes,1.32
2026-11-19,Wireless Mouse,1.22
2026-11-19,Yoga Mat,1.31
2026-11-20,Bluetooth Speaker,0.98
2026-11-20,Coffee Maker,1.37
2026-11-20,LED Desk Lamp,1.43
2026-11-20,Notebook Pack,1.19
2026-11-20,Office Chair,1.17
2026-11-20,Running Shoes,1.32
2026-11-20,Wireless Mouse,1.22
2026-11-20,Yoga Mat,1.31
2026-11-21,Bluetooth Speaker,0.98
2026-11-21,Coffee Maker,1.37
2026-11-21,LED Desk Lamp,1.43
2026-11-21,Notebook Pack,1.19
2026-11-21,Office Chair,1.17
2026-11-21,Running Shoes,1.32
2026-11-21,Wireless Mouse,1.22
2026-11-21,Yoga Mat,1.31
2026-11-22,Bluetooth Speaker,0.98
2026-11-22,Coffee Maker,1.37
2026-11-22,LED Desk Lamp,1.43
2026-11-22,Notebook Pack,1.19
2026-11-22,Office Chair,1.17
2026-11-22,Running Shoes,1.32
2026-11-22,Wireless Mouse,1.22
2026-11-22,Yoga Mat,1.31
2026-11-23,Bluetooth Speaker,0.98
2026-11-23,Coffee Maker,1.37
2026-11-23,LED Desk Lamp,1.43
2026-11-23,Notebook Pack,1.19
2026-11-23,Office Chair,1.17
2026-11-23,Running Shoes,1.32
2026-11-23,Wireless Mouse,1.22
2026-11-23,Yoga Mat,1.31
2026-11-24,Bluetooth Speaker,0.98
2026-11-24,Coffee Maker,1.37
2026-11-24,LED Desk Lamp,1.43
2026-11-24,Notebook Pack,1.19
2026-11-24,Office Chair,1.17
2026-11-24,Running Shoes,1.32
2026-11-24,Wireless Mouse,1.22
2026-11-24,Yoga Mat,1.31
2026-11-25,Bluetooth Speaker,0.98
2026-11-25,Coffee Maker,1.37
2026-11-25,LED Desk Lamp,1.43
2026-11-25,Notebook Pack,1.19
2026-11-25,Office Chair,1.17
2026-11-25,Running Shoes,1.32
2026-11-25,Wireless Mouse,1.22
2026-11-25,Yoga Mat,1.31
2026-11-26,Bluetooth Speaker,0.98
2026-11-26,Coffee Maker,1.37
2026-11-26,LED Desk Lamp,1.43
2026-11-26,Notebook Pack,1.19
2026-11-26,Office Chair,1.17
2026-11-26,Running Shoes,1.32
2026-11-26,Wireless Mouse,1.22
2026-11-26,Yoga Mat,1.31
2026-11-27,Bluetooth Speaker,0.98
2026-11-27,Coffee Maker,1.37
2026-11-27,LED Desk Lamp,1.43
2026-11-27,Notebook Pack,1.19
2026-11-27,Office Chair,1.17
2026-11-27,Running Shoes,1.32
2026-11-27,Wireless Mouse,1.22
2026-11-27,Yoga Mat,1.31
2026-11-28,Bluetooth Speaker,0.98
2026-11-28,Coffee Maker,1.37
2026-11-28,LED Desk Lamp,1.43
2026-11-28,Notebook Pack,1.19
2026-11-28,Office Chair,1.17
2026-11-28,Running Shoes,1.32
2026-11-28,Wireless Mouse,1.22
2026-11-28,Yoga Mat,1.31
2026-11-29,Bluetooth Speaker,0.98
2026-11-29,Coffee Maker,1.37
2026-11-29,LED Desk Lamp,1.43
2026-11-29,Notebook Pack,1.19
2026-11-29,Office Chair,1.17
2026-11-29,Running Shoes,1.32
2026-11-29,Wireless Mouse,1.22
2026-11-29,Yoga Mat,1.31
2026-11-30,Bluetooth Speaker,0.98
2026-11-30,Coffee Maker,1.37
2026-11-30,LED Desk Lamp,1.43
2026-11-30,Notebook Pack,1.19
2026-11-30,Office Chair,1.17
2026-11-30,Running Shoes,1.32
2026-11-30,Wireless Mouse,1.22
2026-11-30,Yoga Mat,1.31
2026-12-01,Bluetooth Speaker,0.98
2026-12-01,Coffee Maker,1.37
2026-12-01,LED Desk Lamp,1.43
2026-12-01,Notebook Pack,1.19
2026-12-01,Office Chair,1.17
2026-12-01,Running Shoes,1.32
2026-12-01,Wireless Mouse,1.22
2026-12-01,Yoga Mat,1.31
2026-12-02,Bluetooth Speaker,0.98
2026-12-02,Coffee Maker,1.37
2026-12-02,LED Desk Lamp,1.43
2026-12-02,Notebook Pack,1.19
2026-12-02,Office Chair,1.17
2026-12-02,Running Shoes,1.32
2026-12-02,Wireless Mouse,1.22
2026-12-02,Yoga Mat,1.31
2026-12-03,Bluetooth Speaker,0.98
2026-12-03,Coffee Maker,1.37
2026-12-03,LED Desk Lamp,1.43
2026-12-03,Notebook Pack,1.19
2026-12-03,Office Chair,1.17
2026-12-03,Running Shoes,1.32
2026-12-03,Wireless Mouse,1.22
2026-12-03,Yoga Mat,1.31
2026-12-04,Bluetooth Speaker,0.98
2026-12-04,Coffee Maker,1.37
2026-12-04,LED Desk Lamp,1.43
2026-12-04,Notebook Pack,1.19
2026-12-04,Office Chair,1.17
2026-12-04,Running Shoes,1.32
2026-12-04,Wireless Mouse,1.22
2026-12-04,Yoga Mat,1.31
2026-12-05,Bluetooth Speaker,0.98
2026-12-05,Coffee Maker,1.37
2026-12-05,LED Desk Lamp,1.43
2026-12-05,Notebook Pack,1.19
2026-12-05,Office Chair,1.17
2026-12-05,Running Shoes,1.32
2026-12-05,Wireless Mouse,1.22
2026-12-05,Yoga Mat,1.31
2026-12-06,Bluetooth Speaker,0.98
2026-12-06,Coffee Maker,1.37
2026-12-06,LED Desk Lamp,1.43
2026-12-06,Notebook Pack,1.19
2026-12-06,Office Chair,1.17
2026-12-06,Running Shoes,1.32
2026-12-06,Wireless Mouse,1.22
2026-12-06,Yoga Mat,1.31
2026-12-07,Bluetooth Speaker,0.98
2026-12-07,Coffee Maker,1.37
2026-12-07,LED Desk Lamp,1.43
2026-12-07,Notebook Pack,1.19
2026-12-07,Office Chair,1.17
2026-12-07,Running Shoes,1.32
2026-12-07,Wireless Mouse,1.22
2026-12-07,Yoga Mat,1.31
2026-12-08,Bluetooth Speaker,0.98
2026-12-08,Coffee Maker,1.37
2026-12-08,LED Desk Lamp,1.43
2026-12-08,Notebook Pack,1.19
2026-12-08,Office Chair,1.17
2026-12-08,Running Shoes,1.32
2026-12-08,Wireless Mouse,1.22
2026-12-08,Yoga Mat,1.31
2026-12-09,Bluetooth Speaker,0.98
2026-12-09,Coffee Maker,1.37
2026-12-09,LED Desk Lamp,1.43
2026-12-09,Notebook Pack,1.19
2026-12-09,Office Chair,1.17
2026-12-09,Running Shoes,1.32
2026-12-09,Wireless Mouse,1.22
2026-12-09,Yoga Mat,1.31
2026-12-10,Bluetooth Speaker,0.98
2026-12-10,Coffee Maker,1.37
2026-12-10,LED Desk Lamp,1.43
2026-12-10,Notebook Pack,1.19
2026-12-10,Office Chair,1.17
2026-12-10,Running Shoes,1.32
2026-12-10,Wireless Mouse,1.22
2026-12-10,Yoga Mat,1.31
2026-12-11,Bluetooth Speaker,0.98
2026-12-11,Coffee Maker,1.37
2026-12-11,LED Desk Lamp,1.43
2026-12-11,Notebook Pack,1.19
2026-12-11,Office Chair,1.17
2026-12-11,Running Shoes,1.32
2026-12-11,Wireless Mouse,1.22
2026-12-11,Yoga Mat,1.31
2026-12-12,Bluetooth Speaker,0.98
2026-12-12,Coffee Maker,1.37
2026-12-12,LED Desk Lamp,1.43
2026-12-12,Notebook Pack,1.19
2026-12-12,Office Chair,1.17
2026-12-12,Running Shoes,1.32
2026-12-12,Wireless Mouse,1.22
2026-12-12,Yoga Mat,1.31
2026-12-13,Bluetooth Speaker,0.98
2026-12-13,Coffee Maker,1.37
2026-12-13,LED Desk Lamp,1.43
2026-12-13,Notebook Pack,1.19
2026-12-13,Office Chair,1.17
2026-12-13,Running Shoes,1.32
2026-12-13,Wireless Mouse,1.22
2026-12-13,Yoga Mat,1.31
2026-12-14,Bluetooth Speaker,0.98
2026-12-14,Coffee Maker,1.37
2026-12-14,LED Desk Lamp,1.43
2026-12-14,Notebook Pack,1.19
2026-12-14,Office Chair,1.17
2026-12-14,Running Shoes,1.32
2026-12-14,Wireless Mouse,1.22
2026-12-14,Yoga Mat,1.31
2026-12-15,Bluetooth Speaker,0.98
2026-12-15,Coffee Maker,1.37
2026-12-15,LED Desk Lamp,1.43
2026-12-15,Notebook Pack,1.19
2026-12-15,Office Chair,1.17
2026-12-15,Running Shoes,1.32
2026-12-15,Wireless Mouse,1.22
2026-12-15,Yoga Mat,1.31
2026-12-16,Bluetooth Speaker,0.98
2026-12-16,Coffee Maker,1.37
2026-12-16,LED Desk Lamp,1.43
2026-12-16,Notebook Pack,1.19
2026-12-16,Office Chair,1.17
2026-12-16,Running Shoes,1.32
2026-12-16,Wireless Mouse,1.22
2026-12-16,Yoga Mat,1.31
2026-12-17,Bluetooth Speaker,0.98
2026-12-17,Coffee Maker,1.37
2026-12-17,LED Desk Lamp,1.43
2026-12-17,Notebook Pack,1.19
2026-12-17,Office Chair,1.17
2026-12-17,Running Shoes,1.32
2026-12-17,Wireless Mouse,1.22
2026-12-17,Yoga Mat,1.31
2026-12-18,Bluetooth Speaker,0.98
2026-12-18,Coffee Maker,1.37
2026-12-18,LED Desk Lamp,1.43
2026-12-18,Notebook Pack,1.19
2026-12-18,Office Chair,1.17
2026-12-18,Running Shoes,1.32
2026-12-18,Wireless Mouse,1.22
2026-12-18,Yoga Mat,1.31
2026-12-19,Bluetooth Speaker,0.98
2026-12-19,Coffee Maker,1.37
2026-12-19,LED Desk Lamp,1.43
2026-12-19,Notebook Pack,1.19
2026-12-19,Office Chair,1.17
2026-12-19,Running Shoes,1.32
2026-12-19,Wireless Mouse,1.22
2026-12-19,Yoga Mat,1.31
2026-12-20,Bluetooth Speaker,0.98
2026-12-20,Coffee Maker,1.37
2026-12-20,LED Desk Lamp,1.43
2026-12-20,Notebook Pack,1.19
2026-12-20,Office Chair,1.17
2026-12-20,Running Shoes,1.32
2026-12-20,Wireless Mouse,1.22
2026-12-20,Yoga Mat,1.31
2026-12-21,Bluetooth Speaker,0.98
2026-12-21,Coffee Maker,1.37
2026-12-21,LED Desk Lamp,1.43
2026-12-21,Notebook Pack,1.19
2026-12-21,Office Chair,1.17
2026-12-21,Running Shoes,1.32
2026-12-21,Wireless Mouse,1.22
2026-12-21,Yoga Mat,1.31
2026-12-22,Bluetooth Speaker,0.98
2026-12-22,Coffee Maker,1.37
2026-12-22,LED Desk Lamp,1.43
2026-12-22,Notebook Pack,1.19
2026-12-22,Office Chair,1.17
2026-12-22,Running Shoes,1.32
2026-12-22,Wireless Mouse,1.22
2026-12-22,Yoga Mat,1.31
2026-12-23,Bluetooth Speaker,0.98
2026-12-23,Coffee Maker,1.37
2026-12-23,LED Desk Lamp,1.43
2026-12-23,Notebook Pack,1.19
2026-12-23,Office Chair,1.17
2026-12-23,Running Shoes,1.32
2026-12-23,Wireless Mouse,1.22
2026-12-23,Yoga Mat,1.31
2026-12-24,Bluetooth Speaker,0.98
2026-12-24,Coffee Maker,1.37
2026-12-24,LED Desk Lamp,1.43
2026-12-24,Notebook Pack,1.19
2026-12-24,Office Chair,1.17
2026-12-24,Running Shoes,1.32
2026-12-24,Wireless Mouse,1.22
2026-12-24,Yoga Mat,1.31
2026-12-25,Bluetooth Speaker,0.98
2026-12-25,Coffee Maker,1.37
2026-12-25,LED Desk Lamp,1.43
2026-12-25,Notebook Pack,1.19
2026-12-25,Office Chair,1.17
2026-12-25,Running Shoes,1.32
2026-12-25,Wireless Mouse,1.22
2026-12-25,Yoga Mat,1.31
2026-12-26,Bluetooth Speaker,0.98
2026-12-26,Coffee Maker,1.37
2026-12-26,LED Desk Lamp,1.43
2026-12-26,Notebook Pack,1.19
2026-12-26,Office Chair,1.17
2026-12-26,Running Shoes,1.32
2026-12-26,Wireless Mouse,1.22
2026-12-26,Yoga Mat,1.31
2026-12-27,Bluetooth Speaker,0.98
2026-12-27,Coffee Maker,1.37
2026-12-27,LED Desk Lamp,1.43
2026-12-27,Notebook Pack,1.19
2026-12-27,Office Chair,1.17
2026-12-27,Running Shoes,1.32
2026-12-27,Wireless Mouse,1.22
2026-12-27,Yoga Mat,1.31
2026-12-28,Bluetooth Speaker,0.98
2026-12-28,Coffee Maker,1.37
2026-12-28,LED Desk Lamp,1.43
2026-12-28,Notebook Pack,1.19
2026-12-28,Office Chair,1.17
2026-12-28,Running Shoes,1.32
2026-12-28,Wireless Mouse,1.22
2026-12-28,Yoga Mat,1.31
2026-12-29,Bluetooth Speaker,0.98
2026-12-29,Coffee Maker,1.37
2026-12-29,LED Desk Lamp,1.43
2026-12-29,Notebook Pack,1.19
2026-12-29,Office Chair,1.17
2026-12-29,Running Shoes,1.32
2026-12-29,Wireless Mouse,1.22
2026-12-29,Yoga Mat,1.31
2026-12-30,Bluetooth Speaker,0.98
2026-12-30,Coffee Maker,1.37
2026-12-30,LED Desk Lamp,1.43
2026-12-30,Notebook Pack,1.19
2026-12-30,Office Chair,1.17
2026-12-30,Running Shoes,1.32
2026-12-30,Wireless Mouse,1.22
2026-12-30,Yoga Mat,1.31
2026-12-31,Bluetooth Speaker,0.98
2026-12-31,Coffee Maker,1.37
2026-12-31,LED Desk Lamp,1.43
2026-12-31,Notebook Pack,1.19
2026-12-31,Office Chair,1.17
2026-12-31,Running Shoes,1.32
2026-12-31,Wireless Mouse,1.22
2026-12-31,Yoga Mat,1.31
2027-01-01,Bluetooth Speaker,0.98
2027-01-01,Coffee Maker,1.37
2027-01-01,LED Desk Lamp,1.43
2027-01-01,Notebook Pack,1.19
2027-01-01,Office Chair,1.17
2027-01-01,Running Shoes,1.32
2027-01-01,Wireless Mouse,1.22
2027-01-01,Yoga Mat,1.31
2027-01-02,Bluetooth Speaker,0.98
2027-01-02,Coffee Maker,1.37
2027-01-02,LED Desk Lamp,1.43
2027-01-02,Notebook Pack,1.19
2027-01-02,Office Chair,1.17
2027-01-02,Running Shoes,1.32
2027-01-02,Wireless Mouse,1.22
2027-01-02,Yoga Mat,1.31
2027-01-03,Bluetooth Speaker,0.98
2027-01-03,Coffee Maker,1.37
2027-01-03,LED Desk Lamp,1.43
2027-01-03,Notebook Pack,1.19
2027-01-03,Office Chair,1.17
2027-01-03,Running Shoes,1.32
2027-01-03,Wireless Mouse,1.22
2027-01-03,Yoga Mat,1.31
2027-01-04,Bluetooth Speaker,0.98
2027-01-04,Coffee Maker,1.37
2027-01-04,LED Desk Lamp,1.43
2027-01-04,Notebook Pack,1.19
2027-01-04,Office Chair,1.17
2027-01-04,Running Shoes,1.32
2027-01-04,Wireless Mouse,1.22
2027-01-04,Yoga Mat,1.31
2027-01-05,Bluetooth Speaker,0.98
2027-01-05,Coffee Maker,1.37
2027-01-05,LED Desk Lamp,1.43
2027-01-05,Notebook Pack,1.19
2027-01-05,Office Chair,1.17
2027-01-05,Running Shoes,1.32
2027-01-05,Wireless Mouse,1.22
2027-01-05,Yoga Mat,1.31
2027-01-06,Bluetooth Speaker,0.98
2027-01-06,Coffee Maker,1.37
2027-01-06,LED Desk Lamp,1.43
2027-01-06,Notebook Pack,1.19
2027-01-06,Office Chair,1.17
2027-01-06,Running Shoes,1.32
2027-01-06,Wireless Mouse,1.22
2027-01-06,Yoga Mat,1.31
2027-01-07,Bluetooth Speaker,0.98
2027-01-07,Coffee Maker,1.37
2027-01-07,LED Desk Lamp,1.43
2027-01-07,Notebook Pack,1.19
2027-01-07,Office Chair,1.17
2027-01-07,Running Shoes,1.32
2027-01-07,Wireless Mouse,1.22
2027-01-07,Yoga Mat,1.31
2027-01-08,Bluetooth Speaker,0.98
2027-01-08,Coffee Maker,1.37
2027-01-08,LED Desk Lamp,1.43
2027-01-08,Notebook Pack,1.19
2027-01-08,Office Chair,1.17
2027-01-08,Running Shoes,1.32
2027-01-08,Wireless Mouse,1.22
2027-01-08,Yoga Mat,1.31
2027-01-09,Bluetooth Speaker,0.98
2027-01-09,Coffee Maker,1.37
2027-01-09,LED Desk Lamp,1.43
2027-01-09,Notebook Pack,1.19
2027-01-09,Office Chair,1.17
2027-01-09,Running Shoes,1.32
2027-01-09,Wireless Mouse,1.22
2027-01-09,Yoga Mat,1.31
2027-01-10,Bluetooth Speaker,0.98
2027-01-10,Coffee Maker,1.37
2027-01-10,LED Desk Lamp,1.43
2027-01-10,Notebook Pack,1.19
2027-01-10,Office Chair,1.17
2027-01-10,Running Shoes,1.32
2027-01-10,Wireless Mouse,1.22
2027-01-10,Yoga Mat,1.31
2027-01-11,Bluetooth Speaker,0.98
2027-01-11,Coffee Maker,1.37
2027-01-11,LED Desk Lamp,1.43
2027-01-11,Notebook Pack,1.19
2027-01-11,Office Chair,1.17
2027-01-11,Running Shoes,1.32
2027-01-11,Wireless Mouse,1.22
2027-01-11,Yoga Mat,1.31
2027-01-12,Bluetooth Speaker,0.98
2027-01-12,Coffee Maker,1.37
2027-01-12,LED Desk Lamp,1.43
2027-01-12,Notebook Pack,1.19
2027-01-12,Office Chair,1.17
2027-01-12,Running Shoes,1.32
2027-01-12,Wireless Mouse,1.22
2027-01-12,Yoga Mat,1.31
2027-01-13,Bluetooth Speaker,0.98
2027-01-13,Coffee Maker,1.37
2027-01-13,LED Desk Lamp,1.43
2027-01-13,Notebook Pack,1.19
2027-01-13,Office Chair,1.17
2027-01-13,Running Shoes,1.32
2027-01-13,Wireless Mouse,1.22
2027-01-13,Yoga Mat,1.31
2027-01-14,Bluetooth Speaker,0.98
2027-01-14,Coffee Maker,1.37
2027-01-14,LED Desk Lamp,1.43
2027-01-14,Notebook Pack,1.19
2027-01-14,Office Chair,1.17
2027-01-14,Running Shoes,1.32
2027-01-14,Wireless Mouse,1.22
2027-01-14,Yoga Mat,1.31
2027-01-15,Bluetooth Speaker,0.98
2027-01-15,Coffee Maker,1.37
2027-01-15,LED Desk Lamp,1.43
2027-01-15,Notebook Pack,1.19
2027-01-15,Office Chair,1.17
2027-01-15,Running Shoes,1.32
2027-01-15,Wireless Mouse,1.22
2027-01-15,Yoga Mat,1.31
2027-01-16,Bluetooth Speaker,0.98
2027-01-16,Coffee Maker,1.37
2027-01-16,LED Desk Lamp,1.43
2027-01-16,Notebook Pack,1.19
2027-01-16,Office Chair,1.17
2027-01-16,Running Shoes,1.32
2027-01-16,Wireless Mouse,1.22
2027-01-16,Yoga Mat,1.31
2027-01-17,Bluetooth Speaker,0.98
2027-01-17,Coffee Maker,1.37
2027-01-17,LED Desk Lamp,1.43
2027-01-17,Notebook Pack,1.19
2027-01-17,Office Chair,1.17
2027-01-17,Running Shoes,1.32
2027-01-17,Wireless Mouse,1.22
2027-01-17,Yoga Mat,1.31
2027-01-18,Bluetooth Speaker,0.98
2027-01-18,Coffee Maker,1.37
2027-01-18,LED Desk Lamp,1.43
2027-01-18,Notebook Pack,1.19
2027-01-18,Office Chair,1.17
2027-01-18,Running Shoes,1.32
2027-01-18,Wireless Mouse,1.22
2027-01-18,Yoga Mat,1.31
2027-01-19,Bluetooth Speaker,0.98
2027-01-19,Coffee Maker,1.37
2027-01-19,LED Desk Lamp,1.43
2027-01-19,Notebook Pack,1.19
2027-01-19,Office Chair,1.17
2027-01-19,Running Shoes,1.32
2027-01-19,Wireless Mouse,1.22
2027-01-19,Yoga Mat,1.31
2027-01-20,Bluetooth Speaker,0.98
2027-01-20,Coffee Maker,1.37
2027-01-20,LED Desk Lamp,1.43
2027-01-20,Notebook Pack,1.19
2027-01-20,Office Chair,1.17
2027-01-20,Running Shoes,1.32
2027-01-20,Wireless Mouse,1.22
2027-01-20,Yoga Mat,1.31
2027-01-21,Bluetooth Speaker,0.98
2027-01-21,Coffee Maker,1.37
2027-01-21,LED Desk Lamp,1.43
2027-01-21,Notebook Pack,1.19
2027-01-21,Office Chair,1.17
2027-01-21,Running Shoes,1.32
2027-01-21,Wireless Mouse,1.22
2027-01-21,Yoga Mat,1.31
2027-01-22,Bluetooth Speaker,0.98
2027-01-22,Coffee Maker,1.37
2027-01-22,LED Desk Lamp,1.43
2027-01-22,Notebook Pack,1.19
2027-01-22,Office Chair,1.17
2027-01-22,Running Shoes,1.32
2027-01-22,Wireless Mouse,1.22
2027-01-22,Yoga Mat,1.31
2027-01-23,Bluetooth Speaker,0.98
2027-01-23,Coffee Maker,1.37
2027-01-23,LED Desk Lamp,1.43
2027-01-23,Notebook Pack,1.19
2027-01-23,Office Chair,1.17
2027-01-23,Running Shoes,1.32
2027-01-23,Wireless Mouse,1.22
2027-01-23,Yoga Mat,1.31
2027-01-24,Bluetooth Speaker,0.98
2027-01-24,Coffee Maker,1.37
2027-01-24,LED Desk Lamp,1.43
2027-01-24,Notebook Pack,1.19
2027-01-24,Office Chair,1.17
2027-01-24,Running Shoes,1.32
2027-01-24,Wireless Mouse,1.22
2027-01-24,Yoga Mat,1.31
2027-01-25,Bluetooth Speaker,0.98
2027-01-25,Coffee Maker,1.37
2027-01-25,LED Desk Lamp,1.43
2027-01-25,Notebook Pack,1.19
2027-01-25,Office Chair,1.17
2027-01-25,Running Shoes,1.32
2027-01-25,Wireless Mouse,1.22
2027-01-25,Yoga Mat,1.31
2027-01-26,Bluetooth Speaker,0.98
2027-01-26,Coffee Maker,1.37
2027-01-26,LED Desk Lamp,1.43
2027-01-26,Notebook Pack,1.19
2027-01-26,Office Chair,1.17
2027-01-26,Running Shoes,1.32
2027-01-26,Wireless Mouse,1.22
2027-01-26,Yoga Mat,1.31
2027-01-27,Bluetooth Speaker,0.98
2027-01-27,Coffee Maker,1.37
2027-01-27,LED Desk Lamp,1.43
2027-01-27,Notebook Pack,1.19
2027-01-27,Office Chair,1.17
2027-01-27,Running Shoes,1.32
2027-01-27,Wireless Mouse,1.22
2027-01-27,Yoga Mat,1.31
2027-01-28,Bluetooth Speaker,0.98
2027-01-28,Coffee Maker,1.37
2027-01-28,LED Desk Lamp,1.43
2027-01-28,Notebook Pack,1.19
2027-01-28,Office Chair,1.17
2027-01-28,Running Shoes,1.32
2027-01-28,Wireless Mouse,1.22
2027-01-28,Yoga Mat,1.31
2027-01-29,Bluetooth Speaker,0.98
2027-01-29,Coffee Maker,1.37
2027-01-29,LED Desk Lamp,1.43
2027-01-29,Notebook Pack,1.19
2027-01-29,Office Chair,1.17
2027-01-29,Running Shoes,1.32
2027-01-29,Wireless Mouse,1.22
2027-01-29,Yoga Mat,1.31
2027-01-30,Bluetooth Speaker,0.98
2027-01-30,Coffee Maker,1.37
2027-01-30,LED Desk Lamp,1.43
2027-01-30,Notebook Pack,1.19
2027-01-30,Office Chair,1.17
2027-01-30,Running Shoes,1.32
2027-01-30,Wireless Mouse,1.22
2027-01-30,Yoga Mat,1.31
2027-01-31,Bluetooth Speaker,0.98
2027-01-31,Coffee Maker,1.37
2027-01-31,LED Desk Lamp,1.43
2027-01-31,Notebook Pack,1.19
2027-01-31,Office Chair,1.17
2027-01-31,Running Shoes,1.32
2027-01-31,Wireless Mouse,1.22
2027-01-31,Yoga Mat,1.31
2027-02-01,Bluetooth Speaker,0.98
2027-02-01,Coffee Maker,1.37
2027-02-01,LED Desk Lamp,1.43
2027-02-01,Notebook Pack,1.19
2027-02-01,Office Chair,1.17
2027-02-01,Running Shoes,1.32
2027-02-01,Wireless Mouse,1.22
2027-02-01,Yoga Mat,1.31
2027-02-02,Bluetooth Speaker,0.98
2027-02-02,Coffee Maker,1.37
2027-02-02,LED Desk Lamp,1.43
2027-02-02,Notebook Pack,1.19
2027-02-02,Office Chair,1.17
2027-02-02,Running Shoes,1.32
2027-02-02,Wireless Mouse,1.22
2027-02-02,Yoga Mat,1.31
2027-02-03,Bluetooth Speaker,0.98
2027-02-03,Coffee Maker,1.37
2027-02-03,LED Desk Lamp,1.43
2027-02-03,Notebook Pack,1.19
2027-02-03,Office Chair,1.17
2027-02-03,Running Shoes,1.32
2027-02-03,Wireless Mouse,1.22
2027-02-03,Yoga Mat,1.31
2027-02-04,Bluetooth Speaker,0.98
2027-02-04,Coffee Maker,1.37
2027-02-04,LED Desk Lamp,1.43
2027-02-04,Notebook Pack,1.19
2027-02-04,Office Chair,1.17
2027-02-04,Running Shoes,1.32
2027-02-04,Wireless Mouse,1.22
2027-02-04,Yoga Mat,1.31
2027-02-05,Bluetooth Speaker,0.98
2027-02-05,Coffee Maker,1.37
2027-02-05,LED Desk Lamp,1.43
2027-02-05,Notebook Pack,1.19
2027-02-05,Office Chair,1.17
2027-02-05,Running Shoes,1.32
2027-02-05,Wireless Mouse,1.22
2027-02-05,Yoga Mat,1.31
2027-02-06,Bluetooth Speaker,0.98
2027-02-06,Coffee Maker,1.37
2027-02-06,LED Desk Lamp,1.43
2027-02-06,Notebook Pack,1.19
2027-02-06,Office Chair,1.17
2027-02-06,Running Shoes,1.32
2027-02-06,Wireless Mouse,1.22
2027-02-06,Yoga Mat,1.31
2027-02-07,Bluetooth Speaker,0.98
2027-02-07,Coffee Maker,1.37
2027-02-07,LED Desk Lamp,1.43
2027-02-07,Notebook Pack,1.19
2027-02-07,Office Chair,1.17
2027-02-07,Running Shoes,1.32
2027-02-07,Wireless Mouse,1.22
2027-02-07,Yoga Mat,1.31
2027-02-08,Bluetooth Speaker,0.98
2027-02-08,Coffee Maker,1.37
2027-02-08,LED Desk Lamp,1.43
2027-02-08,Notebook Pack,1.19
2027-02-08,Office Chair,1.17
2027-02-08,Running Shoes,1.32
2027-02-08,Wireless Mouse,1.22
2027-02-08,Yoga Mat,1.31
2027-02-09,Bluetooth Speaker,0.98
2027-02-09,Coffee Maker,1.37
2027-02-09,LED Desk Lamp,1.43
2027-02-09,Notebook Pack,1.19
2027-02-09,Office Chair,1.17
2027-02-09,Running Shoes,1.32
2027-02-09,Wireless Mouse,1.22
2027-02-09,Yoga Mat,1.31
2027-02-10,Bluetooth Speaker,0.98
2027-02-10,Coffee Maker,1.37
2027-02-10,LED Desk Lamp,1.43
2027-02-10,Notebook Pack,1.19
2027-02-10,Office Chair,1.17
2027-02-10,Running Shoes,1.32
2027-02-10,Wireless Mouse,1.22
2027-02-10,Yoga Mat,1.31
2027-02-11,Bluetooth Speaker,0.98
2027-02-11,Coffee Maker,1.37
2027-02-11,LED Desk Lamp,1.43
2027-02-11,Notebook Pack,1.19
2027-02-11,Office Chair,1.17
2027-02-11,Running Shoes,1.32
2027-02-11,Wireless Mouse,1.22
2027-02-11,Yoga Mat,1.31
2027-02-12,Bluetooth Speaker,0.98
2027-02-12,Coffee Maker,1.37
2027-02-12,LED Desk Lamp,1.43
2027-02-12,Notebook Pack,1.19
2027-02-12,Office Chair,1.17
2027-02-12,Running Shoes,1.32
2027-02-12,Wireless Mouse,1.22
2027-02-12,Yoga Mat,1.31
2027-02-13,Bluetooth Speaker,0.98
2027-02-13,Coffee Maker,1.37
2027-02-13,LED Desk Lamp,1.43
2027-02-13,Notebook Pack,1.19
2027-02-13,Office Chair,1.17
2027-02-13,Running Shoes,1.32
2027-02-13,Wireless Mouse,1.22
2027-02-13,Yoga Mat,1.31
2027-02-14,Bluetooth Speaker,0.98
2027-02-14,Coffee Maker,1.37
2027-02-14,LED Desk Lamp,1.43
2027-02-14,Notebook Pack,1.19
2027-02-14,Office Chair,1.17
2027-02-14,Running Shoes,1.32
2027-02-14,Wireless Mouse,1.22
2027-02-14,Yoga Mat,1.31
2027-02-15,Bluetooth Speaker,0.98
2027-02-15,Coffee Maker,1.37
2027-02-15,LED Desk Lamp,1.43
2027-02-15,Notebook Pack,1.19
2027-02-15,Office Chair,1.17
2027-02-15,Running Shoes,1.32
2027-02-15,Wireless Mouse,1.22
2027-02-15,Yoga Mat,1.31
2027-02-16,Bluetooth Speaker,0.98
2027-02-16,Coffee Maker,1.37
2027-02-16,LED Desk Lamp,1.43
2027-02-16,Notebook Pack,1.19
2027-02-16,Office Chair,1.17
2027-02-16,Running Shoes,1.32
2027-02-16,Wireless Mouse,1.22
2027-02-16,Yoga Mat,1.31
2027-02-17,Bluetooth Speaker,0.98
2027-02-17,Coffee Maker,1.37
2027-02-17,LED Desk Lamp,1.43
2027-02-17,Notebook Pack,1.19
2027-02-17,Office Chair,1.17
2027-02-17,Running Shoes,1.32
2027-02-17,Wireless Mouse,1.22
2027-02-17,Yoga Mat,1.31
2027-02-18,Bluetooth Speaker,0.98
2027-02-18,Coffee Maker,1.37
2027-02-18,LED Desk Lamp,1.43
2027-02-18,Notebook Pack,1.19
2027-02-18,Office Chair,1.17
2027-02-18,Running Shoes,1.32
2027-02-18,Wireless Mouse,1.22
2027-02-18,Yoga Mat,1.31
2027-02-19,Bluetooth Speaker,0.98
2027-02-19,Coffee Maker,1.37
2027-02-19,LED Desk Lamp,1.43
2027-02-19,Notebook Pack,1.19
2027-02-19,Office Chair,1.17
2027-02-19,Running Shoes,1.32
2027-02-19,Wireless Mouse,1.22
2027-02-19,Yoga Mat,1.31
2027-02-20,Bluetooth Speaker,0.98
2027-02-20,Coffee Maker,1.37
2027-02-20,LED Desk Lamp,1.43
2027-02-20,Notebook Pack,1.19
2027-02-20,Office Chair,1.17
2027-02-20,Running Shoes,1.32
2027-02-20,Wireless Mouse,1.22
2027-02-20,Yoga Mat,1.31
2027-02-21,Bluetooth Speaker,0.98
2027-02-21,Coffee Maker,1.37
2027-02-21,LED Desk Lamp,1.43
2027-02-21,Notebook Pack,1.19
2027-02-21,Office Chair,1.17
2027-02-21,Running Shoes,1.32
2027-02-21,Wireless Mouse,1.22
2027-02-21,Yoga Mat,1.31
2027-02-22,Bluetooth Speaker,0.98
2027-02-22,Coffee Maker,1.37
2027-02-22,LED Desk Lamp,1.43
2027-02-22,Notebook Pack,1.19
2027-02-22,Office Chair,1.17
2027-02-22,Running Shoes,1.32
2027-02-22,Wireless Mouse,1.22
2027-02-22,Yoga Mat,1.31
2027-02-23,Bluetooth Speaker,0.98
2027-02-23,Coffee Maker,1.37
2027-02-23,LED Desk Lamp,1.43
2027-02-23,Notebook Pack,1.19
2027-02-23,Office Chair,1.17
2027-02-23,Running Shoes,1.32
2027-02-23,Wireless Mouse,1.22
2027-02-23,Yoga Mat,1.31
2027-02-24,Bluetooth Speaker,0.98
2027-02-24,Coffee Maker,1.37
2027-02-24,LED Desk Lamp,1.43
2027-02-24,Notebook Pack,1.19
2027-02-24,Office Chair,1.17
2027-02-24,Running Shoes,1.32
2027-02-24,Wireless Mouse,1.22
2027-02-24,Yoga Mat,1.31
2027-02-25,Bluetooth Speaker,0.98
2027-02-25,Coffee Maker,1.37
2027-02-25,LED Desk Lamp,1.43
2027-02-25,Notebook Pack,1.19
2027-02-25,Office Chair,1.17
2027-02-25,Running Shoes,1.32
2027-02-25,Wireless Mouse,1.22
2027-02-25,Yoga Mat,1.31
2027-02-26,Bluetooth Speaker,0.98
2027-02-26,Coffee Maker,1.37
2027-02-26,LED Desk Lamp,1.43
2027-02-26,Notebook Pack,1.19
2027-02-26,Office Chair,1.17
2027-02-26,Running Shoes,1.32
2027-02-26,Wireless Mouse,1.22
2027-02-26,Yoga Mat,1.31
2027-02-27,Bluetooth Speaker,0.98
2027-02-27,Coffee Maker,1.37
2027-02-27,LED Desk Lamp,1.43
2027-02-27,Notebook Pack,1.19
2027-02-27,Office Chair,1.17
2027-02-27,Running Shoes,1.32
2027-02-27,Wireless Mouse,1.22
2027-02-27,Yoga Mat,1.31
2027-02-28,Bluetooth Speaker,0.98
2027-02-28,Coffee Maker,1.37
2027-02-28,LED Desk Lamp,1.43
2027-02-28,Notebook Pack,1.19
2027-02-28,Office Chair,1.17
2027-02-28,Running Shoes,1.32
2027-02-28,Wireless Mouse,1.22
2027-02-28,Yoga Mat,1.31
2027-03-01,Bluetooth Speaker,0.98
2027-03-01,Coffee Maker,1.37
2027-03-01,LED Desk Lamp,1.43
2027-03-01,Notebook Pack,1.19
2027-03-01,Office Chair,1.17
2027-03-01,Running Shoes,1.32
2027-03-01,Wireless Mouse,1.22
2027-03-01,Yoga Mat,1.31
2027-03-02,Bluetooth Speaker,0.98
2027-03-02,Coffee Maker,1.37
2027-03-02,LED Desk Lamp,1.43
2027-03-02,Notebook Pack,1.19
2027-03-02,Office Chair,1.17
2027-03-02,Running Shoes,1.32
2027-03-02,Wireless Mouse,1.22
2027-03-02,Yoga Mat,1.31
2027-03-03,Bluetooth Speaker,0.98
2027-03-03,Coffee Maker,1.37
2027-03-03,LED Desk Lamp,1.43
2027-03-03,Notebook Pack,1.19
2027-03-03,Office Chair,1.17
2027-03-03,Running Shoes,1.32
2027-03-03,Wireless Mouse,1.22
2027-03-03,Yoga Mat,1.31
2027-03-04,Bluetooth Speaker,0.98
2027-03-04,Coffee Maker,1.37
2027-03-04,LED Desk Lamp,1.43
2027-03-04,Notebook Pack,1.19
2027-03-04,Office Chair,1.17
2027-03-04,Running Shoes,1.32
2027-03-04,Wireless Mouse,1.22
2027-03-04,Yoga Mat,1.31
2027-03-05,Bluetooth Speaker,0.98
2027-03-05,Coffee Maker,1.37
2027-03-05,LED Desk Lamp,1.43
2027-03-05,Notebook Pack,1.19
2027-03-05,Office Chair,1.17
2027-03-05,Running Shoes,1.32
2027-03-05,Wireless Mouse,1.22
2027-03-05,Yoga Mat,1.31
2027-03-06,Bluetooth Speaker,0.98
2027-03-06,Coffee Maker,1.37
2027-03-06,LED Desk Lamp,1.43
2027-03-06,Notebook Pack,1.19
2027-03-06,Office Chair,1.17
2027-03-06,Running Shoes,1.32
2027-03-06,Wireless Mouse,1.22
2027-03-06,Yoga Mat,1.31
2027-03-07,Bluetooth Speaker,0.98
2027-03-07,Coffee Maker,1.37
2027-03-07,LED Desk Lamp,1.43
2027-03-07,Notebook Pack,1.19
2027-03-07,Office Chair,1.17
2027-03-07,Running Shoes,1.32
2027-03-07,Wireless Mouse,1.22
2027-03-07,Yoga Mat,1.31
2027-03-08,Bluetooth Speaker,0.98
2027-03-08,Coffee Maker,1.37
2027-03-08,LED Desk Lamp,1.43
2027-03-08,Notebook Pack,1.19
2027-03-08,Office Chair,1.17
2027-03-08,Running Shoes,1.32
2027-03-08,Wireless Mouse,1.22
2027-03-08,Yoga Mat,1.31
2027-03-09,Bluetooth Speaker,0.98
2027-03-09,Coffee Maker,1.37
2027-03-09,LED Desk Lamp,1.43
2027-03-09,Notebook Pack,1.19
2027-03-09,Office Chair,1.17
2027-03-09,Running Shoes,1.32
2027-03-09,Wireless Mouse,1.22
2027-03-09,Yoga Mat,1.31
2027-03-10,Bluetooth Speaker,0.98
2027-03-10,Coffee Maker,1.37
2027-03-10,LED Desk Lamp,1.43
2027-03-10,Notebook Pack,1.19
2027-03-10,Office Chair,1.17
2027-03-10,Running Shoes,1.32
2027-03-10,Wireless Mouse,1.22
2027-03-10,Yoga Mat,1.31
2027-03-11,Bluetooth Speaker,0.98
2027-03-11,Coffee Maker,1.37
2027-03-11,LED Desk Lamp,1.43
2027-03-11,Notebook Pack,1.19
2027-03-11,Office Chair,1.17
2027-03-11,Running Shoes,1.32
2027-03-11,Wireless Mouse,1.22
2027-03-11,Yoga Mat,1.31
2027-03-12,Bluetooth Speaker,0.98
2027-03-12,Coffee Maker,1.37
2027-03-12,LED Desk Lamp,1.43
2027-03-12,Notebook Pack,1.19
2027-03-12,Office Chair,1.17
2027-03-12,Running Shoes,1.32
2027-03-12,Wireless Mouse,1.22
2027-03-12,Yoga Mat,1.31
2027-03-13,Bluetooth Speaker,0.98
2027-03-13,Coffee Maker,1.37
2027-03-13,LED Desk Lamp,1.43
2027-03-13,Notebook Pack,1.19
2027-03-13,Office Chair,1.17
2027-03-13,Running Shoes,1.32
2027-03-13,Wireless Mouse,1.22
2027-03-13,Yoga Mat,1.31
2027-03-14,Bluetooth Speaker,0.98
2027-03-14,Coffee Maker,1.37
2027-03-14,LED Desk Lamp,1.43
2027-03-14,Notebook Pack,1.19
2027-03-14,Office Chair,1.17
2027-03-14,Running Shoes,1.32
2027-03-14,Wireless Mouse,1.22
2027-03-14,Yoga Mat,1.31
2027-03-15,Bluetooth Speaker,0.98
2027-03-15,Coffee Maker,1.37
2027-03-15,LED Desk Lamp,1.43
2027-03-15,Notebook Pack,1.19
2027-03-15,Office Chair,1.17
2027-03-15,Running Shoes,1.32
2027-03-15,Wireless Mouse,1.22
2027-03-15,Yoga Mat,1.31
2027-03-16,Bluetooth Speaker,0.98
2027-03-16,Coffee Maker,1.37
2027-03-16,LED Desk Lamp,1.43
2027-03-16,Notebook Pack,1.19
2027-03-16,Office Chair,1.17
2027-03-16,Running Shoes,1.32
2027-03-16,Wireless Mouse,1.22
2027-03-16,Yoga Mat,1.31
2027-03-17,Bluetooth Speaker,0.98
2027-03-17,Coffee Maker,1.37
2027-03-17,LED Desk Lamp,1.43
2027-03-17,Notebook Pack,1.19
2027-03-17,Office Chair,1.17
2027-03-17,Running Shoes,1.32
2027-03-17,Wireless Mouse,1.22
2027-03-17,Yoga Mat,1.31
2027-03-18,Bluetooth Speaker,0.98
2027-03-18,Coffee Maker,1.37
2027-03-18,LED Desk Lamp,1.43
2027-03-18,Notebook Pack,1.19
2027-03-18,Office Chair,1.17
2027-03-18,Running Shoes,1.32
2027-03-18,Wireless Mouse,1.22
2027-03-18,Yoga Mat,1.31
2027-03-19,Bluetooth Speaker,0.98
2027-03-19,Coffee Maker,1.37
2027-03-19,LED Desk Lamp,1.43
2027-03-19,Notebook Pack,1.19
2027-03-19,Office Chair,1.17
2027-03-19,Running Shoes,1.32
2027-03-19,Wireless Mouse,1.22
2027-03-19,Yoga Mat,1.31
2027-03-20,Bluetooth Speaker,0.98
2027-03-20,Coffee Maker,1.37
2027-03-20,LED Desk Lamp,1.43
2027-03-20,Notebook Pack,1.19
2027-03-20,Office Chair,1.17
2027-03-20,Running Shoes,1.32
2027-03-20,Wireless Mouse,1.22
2027-03-20,Yoga Mat,1.31
2027-03-21,Bluetooth Speaker,0.98
2027-03-21,Coffee Maker,1.37
2027-03-21,LED Desk Lamp,1.43
2027-03-21,Notebook Pack,1.19
2027-03-21,Office Chair,1.17
2027-03-21,Running Shoes,1.32
2027-03-21,Wireless Mouse,1.22
2027-03-21,Yoga Mat,1.31
2027-03-22,Bluetooth Speaker,0.98
2027-03-22,Coffee Maker,1.37
2027-03-22,LED Desk Lamp,1.43
2027-03-22,Notebook Pack,1.19
2027-03-22,Office Chair,1.17
2027-03-22,Running Shoes,1.32
2027-03-22,Wireless Mouse,1.22
2027-03-22,Yoga Mat,1.31
2027-03-23,Bluetooth Speaker,0.98
2027-03-23,Coffee Maker,1.37
2027-03-23,LED Desk Lamp,1.43
2027-03-23,Notebook Pack,1.19
2027-03-23,Office Chair,1.17
2027-03-23,Running Shoes,1.32
2027-03-23,Wireless Mouse,1.22
2027-03-23,Yoga Mat,1.31
2027-03-24,Bluetooth Speaker,0.98
2027-03-24,Coffee Maker,1.37
2027-03-24,LED Desk Lamp,1.43
2027-03-24,Notebook Pack,1.19
2027-03-24,Office Chair,1.17
2027-03-24,Running Shoes,1.32
2027-03-24,Wireless Mouse,1.22
2027-03-24,Yoga Mat,1.31
2027-03-25,Bluetooth Speaker,0.98
2027-03-25,Coffee Maker,1.37
2027-03-25,LED Desk Lamp,1.43
2027-03-25,Notebook Pack,1.19
2027-03-25,Office Chair,1.17
2027-03-25,Running Shoes,1.32
2027-03-25,Wireless Mouse,1.22
2027-03-25,Yoga Mat,1.31
2027-03-26,Bluetooth Speaker,0.98
2027-03-26,Coffee Maker,1.37
2027-03-26,LED Desk Lamp,1.43
2027-03-26,Notebook Pack,1.19
2027-03-26,Office Chair,1.17
2027-03-26,Running Shoes,1.32
2027-03-26,Wireless Mouse,1.22
2027-03-26,Yoga Mat,1.31
2027-03-27,Bluetooth Speaker,0.98
2027-03-27,Coffee Maker,1.37
2027-03-27,LED Desk Lamp,1.43
2027-03-27,Notebook Pack,1.19
2027-03-27,Office Chair,1.17
2027-03-27,Running Shoes,1.32
2027-03-27,Wireless Mouse,1.22
2027-03-27,Yoga Mat,1.31
2027-03-28,Bluetooth Speaker,0.98
2027-03-28,Coffee Maker,1.37
2027-03-28,LED Desk Lamp,1.43
2027-03-28,Notebook Pack,1.19
2027-03-28,Office Chair,1.17
2027-03-28,Running Shoes,1.32
2027-03-28,Wireless Mouse,1.22
2027-03-28,Yoga Mat,1.31
2027-03-29,Bluetooth Speaker,0.98
2027-03-29,Coffee Maker,1.37
2027-03-29,LED Desk Lamp,1.43
2027-03-29,Notebook Pack,1.19
2027-03-29,Office Chair,1.17
2027-03-29,Running Shoes,1.32
2027-03-29,Wireless Mouse,1.22
2027-03-29,Yoga Mat,1.31
2027-03-30,Bluetooth Speaker,0.98
2027-03-30,Coffee Maker,1.37
2027-03-30,LED Desk Lamp,1.43
2027-03-30,Notebook Pack,1.19
2027-03-30,Office Chair,1.17
2027-03-30,Running Shoes,1.32
2027-03-30,Wireless Mouse,1.22
2027-03-30,Yoga Mat,1.31
2027-03-31,Bluetooth Speaker,0.98
2027-03-31,Coffee Maker,1.37
2027-03-31,LED Desk Lamp,1.43
2027-03-31,Notebook Pack,1.19
2027-03-31,Office Chair,1.17
2027-03-31,Running Shoes,1.32
2027-03-31,Wireless Mouse,1.22
2027-03-31,Yoga Mat,1.31
2027-04-01,Bluetooth Speaker,0.98
2027-04-01,Coffee Maker,1.37
2027-04-01,LED Desk Lamp,1.43
2027-04-01,Notebook Pack,1.19
2027-04-01,Office Chair,1.17
2027-04-01,Running Shoes,1.32
2027-04-01,Wireless Mouse,1.22
2027-04-01,Yoga Mat,1.31
2027-04-02,Bluetooth Speaker,0.98
2027-04-02,Coffee Maker,1.37
2027-04-02,LED Desk Lamp,1.43
2027-04-02,Notebook Pack,1.19
2027-04-02,Office Chair,1.17
2027-04-02,Running Shoes,1.32
2027-04-02,Wireless Mouse,1.22
2027-04-02,Yoga Mat,1.31
2027-04-03,Bluetooth Speaker,0.98
2027-04-03,Coffee Maker,1.37
2027-04-03,LED Desk Lamp,1.43
2027-04-03,Notebook Pack,1.19
2027-04-03,Office Chair,1.17
2027-04-03,Running Shoes,1.32
2027-04-03,Wireless Mouse,1.22
2027-04-03,Yoga Mat,1.31
2027-04-04,Bluetooth Speaker,0.98
2027-04-04,Coffee Maker,1.37
2027-04-04,LED Desk Lamp,1.43
2027-04-04,Notebook Pack,1.19
2027-04-04,Office Chair,1.17
2027-04-04,Running Shoes,1.32
2027-04-04,Wireless Mouse,1.22
2027-04-04,Yoga Mat,1.31
2027-04-05,Bluetooth Speaker,0.98
2027-04-05,Coffee Maker,1.37
2027-04-05,LED Desk Lamp,1.43
2027-04-05,Notebook Pack,1.19
2027-04-05,Office Chair,1.17
2027-04-05,Running Shoes,1.32
2027-04-05,Wireless Mouse,1.22
2027-04-05,Yoga Mat,1.31
2027-04-06,Bluetooth Speaker,0.98
2027-04-06,Coffee Maker,1.37
2027-04-06,LED Desk Lamp,1.43
2027-04-06,Notebook Pack,1.19
2027-04-06,Office Chair,1.17
2027-04-06,Running Shoes,1.32
2027-04-06,Wireless Mouse,1.22
2027-04-06,Yoga Mat,1.31
2027-04-07,Bluetooth Speaker,0.98
2027-04-07,Coffee Maker,1.37
2027-04-07,LED Desk Lamp,1.43
2027-04-07,Notebook Pack,1.19
2027-04-07,Office Chair,1.17
2027-04-07,Running Shoes,1.32
2027-04-07,Wireless Mouse,1.22
2027-04-07,Yoga Mat,1.31
2027-04-08,Bluetooth Speaker,0.98
2027-04-08,Coffee Maker,1.37
2027-04-08,LED Desk Lamp,1.43
2027-04-08,Notebook Pack,1.19
2027-04-08,Office Chair,1.17
2027-04-08,Running Shoes,1.32
2027-04-08,Wireless Mouse,1.22
2027-04-08,Yoga Mat,1.31
2027-04-09,Bluetooth Speaker,0.98
2027-04-09,Coffee Maker,1.37
2027-04-09,LED Desk Lamp,1.43
2027-04-09,Notebook Pack,1.19
2027-04-09,Office Chair,1.17
2027-04-09,Running Shoes,1.32
2027-04-09,Wireless Mouse,1.22
2027-04-09,Yoga Mat,1.31
2027-04-10,Bluetooth Speaker,0.98
2027-04-10,Coffee Maker,1.37
2027-04-10,LED Desk Lamp,1.43
2027-04-10,Notebook Pack,1.19
2027-04-10,Office Chair,1.17
2027-04-10,Running Shoes,1.32
2027-04-10,Wireless Mouse,1.22
2027-04-10,Yoga Mat,1.31
2027-04-11,Bluetooth Speaker,0.98
2027-04-11,Coffee Maker,1.37
2027-04-11,LED Desk Lamp,1.43
2027-04-11,Notebook Pack,1.19
2027-04-11,Office Chair,1.17
2027-04-11,Running Shoes,1.32
2027-04-11,Wireless Mouse,1.22
2027-04-11,Yoga Mat,1.31
2027-04-12,Bluetooth Speaker,0.98
2027-04-12,Coffee Maker,1.37
2027-04-12,LED Desk Lamp,1.43
2027-04-12,Notebook Pack,1.19
2027-04-12,Office Chair,1.17
2027-04-12,Running Shoes,1.32
2027-04-12,Wireless Mouse,1.22
2027-04-12,Yoga Mat,1.31
2027-04-13,Bluetooth Speaker,0.98
2027-04-13,Coffee Maker,1.37
2027-04-13,LED Desk Lamp,1.43
2027-04-13,Notebook Pack,1.19
2027-04-13,Office Chair,1.17
2027-04-13,Running Shoes,1.32
2027-04-13,Wireless Mouse,1.22
2027-04-13,Yoga Mat,1.31
2027-04-14,Bluetooth Speaker,0.98
2027-04-14,Coffee Maker,1.37
2027-04-14,LED Desk Lamp,1.43
2027-04-14,Notebook Pack,1.19
2027-04-14,Office Chair,1.17
2027-04-14,Running Shoes,1.32
2027-04-14,Wireless Mouse,1.22
2027-04-14,Yoga Mat,1.31
2027-04-15,Bluetooth Speaker,0.98
2027-04-15,Coffee Maker,1.37
2027-04-15,LED Desk Lamp,1.43
2027-04-15,Notebook Pack,1.19
2027-04-15,Office Chair,1.17
2027-04-15,Running Shoes,1.32
2027-04-15,Wireless Mouse,1.22
2027-04-15,Yoga Mat,1.31
2027-04-16,Bluetooth Speaker,0.98
2027-04-16,Coffee Maker,1.37
2027-04-16,LED Desk Lamp,1.43
2027-04-16,Notebook Pack,1.19
2027-04-16,Office Chair,1.17
2027-04-16,Running Shoes,1.32
2027-04-16,Wireless Mouse,1.22
2027-04-16,Yoga Mat,1.31
2027-04-17,Bluetooth Speaker,0.98
2027-04-17,Coffee Maker,1.37
2027-04-17,LED Desk Lamp,1.43
2027-04-17,Notebook Pack,1.19
2027-04-17,Office Chair,1.17
2027-04-17,Running Shoes,1.32
2027-04-17,Wireless Mouse,1.22
2027-04-17,Yoga Mat,1.31
2027-04-18,Bluetooth Speaker,0.98
2027-04-18,Coffee Maker,1.37
2027-04-18,LED Desk Lamp,1.43
2027-04-18,Notebook Pack,1.19
2027-04-18,Office Chair,1.17
2027-04-18,Running Shoes,1.32
2027-04-18,Wireless Mouse,1.22
2027-04-18,Yoga Mat,1.31
2027-04-19,Bluetooth Speaker,0.98
2027-04-19,Coffee Maker,1.37
2027-04-19,LED Desk Lamp,1.43
2027-04-19,Notebook Pack,1.19
2027-04-19,Office Chair,1.17
2027-04-19,Running Shoes,1.32
2027-04-19,Wireless Mouse,1.22
2027-04-19,Yoga Mat,1.31
2027-04-20,Bluetooth Speaker,0.98
2027-04-20,Coffee Maker,1.37
2027-04-20,LED Desk Lamp,1.43
2027-04-20,Notebook Pack,1.19
2027-04-20,Office Chair,1.17
2027-04-20,Running Shoes,1.32
2027-04-20,Wireless Mouse,1.22
2027-04-20,Yoga Mat,1.31
2027-04-21,Bluetooth Speaker,0.98
2027-04-21,Coffee Maker,1.37
2027-04-21,LED Desk Lamp,1.43
2027-04-21,Notebook Pack,1.19
2027-04-21,Office Chair,1.17
2027-04-21,Running Shoes,1.32
2027-04-21,Wireless Mouse,1.22
2027-04-21,Yoga Mat,1.31
2027-04-22,Bluetooth Speaker,0.98
2027-04-22,Coffee Maker,1.37
2027-04-22,LED Desk Lamp,1.43
2027-04-22,Notebook Pack,1.19
2027-04-22,Office Chair,1.17
2027-04-22,Running Shoes,1.32
2027-04-22,Wireless Mouse,1.22
2027-04-22,Yoga Mat,1.31
2027-04-23,Bluetooth Speaker,0.98
2027-04-23,Coffee Maker,1.37
2027-04-23,LED Desk Lamp,1.43
2027-04-23,Notebook Pack,1.19
2027-04-23,Office Chair,1.17
2027-04-23,Running Shoes,1.32
2027-04-23,Wireless Mouse,1.22
2027-04-23,Yoga Mat,1.31
2027-04-24,Bluetooth Speaker,0.98
2027-04-24,Coffee Maker,1.37
2027-04-24,LED Desk Lamp,1.43
2027-04-24,Notebook Pack,1.19
2027-04-24,Office Chair,1.17
2027-04-24,Running Shoes,1.32
2027-04-24,Wireless Mouse,1.22
2027-04-24,Yoga Mat,1.31
2027-04-25,Bluetooth Speaker,0.98
2027-04-25,Coffee Maker,1.37
2027-04-25,LED Desk Lamp,1.43
2027-04-25,Notebook Pack,1.19
2027-04-25,Office Chair,1.17
2027-04-25,Running Shoes,1.32
2027-04-25,Wireless Mouse,1.22
2027-04-25,Yoga Mat,1.31
2027-04-26,Bluetooth Speaker,0.98
2027-04-26,Coffee Maker,1.37
2027-04-26,LED Desk Lamp,1.43
2027-04-26,Notebook Pack,1.19
2027-04-26,Office Chair,1.17
2027-04-26,Running Shoes,1.32
2027-04-26,Wireless Mouse,1.22
2027-04-26,Yoga Mat,1.31
2027-04-27,Bluetooth Speaker,0.98
2027-04-27,Coffee Maker,1.37
2027-04-27,LED Desk Lamp,1.43
2027-04-27,Notebook Pack,1.19
2027-04-27,Office Chair,1.17
2027-04-27,Running Shoes,1.32
2027-04-27,Wireless Mouse,1.22
2027-04-27,Yoga Mat,1.31
2027-04-28,Bluetooth Speaker,0.98
2027-04-28,Coffee Maker,1.37
2027-04-28,LED Desk Lamp,1.43
2027-04-28,Notebook Pack,1.19
2027-04-28,Office Chair,1.17
2027-04-28,Running Shoes,1.32
2027-04-28,Wireless Mouse,1.22
2027-04-28,Yoga Mat,1.31
2027-04-29,Bluetooth Speaker,0.98
2027-04-29,Coffee Maker,1.37
2027-04-29,LED Desk Lamp,1.43
2027-04-29,Notebook Pack,1.19
2027-04-29,Office Chair,1.17
2027-04-29,Running Shoes,1.32
2027-04-29,Wireless Mouse,1.22
2027-04-29,Yoga Mat,1.31
2027-04-30,Bluetooth Speaker,0.98
2027-04-30,Coffee Maker,1.37
2027-04-30,LED Desk Lamp,1.43
2027-04-30,Notebook Pack,1.19
2027-04-30,Office Chair,1.17
2027-04-30,Running Shoes,1.32
2027-04-30,Wireless Mouse,1.22
2027-04-30,Yoga Mat,1.31
2027-05-01,Bluetooth Speaker,0.98
2027-05-01,Coffee Maker,1.37
2027-05-01,LED Desk Lamp,1.43
2027-05-01,Notebook Pack,1.19
2027-05-01,Office Chair,1.17
2027-05-01,Running Shoes,1.32
2027-05-01,Wireless Mouse,1.22
2027-05-01,Yoga Mat,1.31
2027-05-02,Bluetooth Speaker,0.98
2027-05-02,Coffee Maker,1.37
2027-05-02,LED Desk Lamp,1.43
2027-05-02,Notebook Pack,1.19
2027-05-02,Office Chair,1.17
2027-05-02,Running Shoes,1.32
2027-05-02,Wireless Mouse,1.22
2027-05-02,Yoga Mat,1.31
2027-05-03,Bluetooth Speaker,0.98
2027-05-03,Coffee Maker,1.37
2027-05-03,LED Desk Lamp,1.43
2027-05-03,Notebook Pack,1.19
2027-05-03,Office Chair,1.17
2027-05-03,Running Shoes,1.32
2027-05-03,Wireless Mouse,1.22
2027-05-03,Yoga Mat,1.31
2027-05-04,Bluetooth Speaker,0.98
2027-05-04,Coffee Maker,1.37
2027-05-04,LED Desk Lamp,1.43
2027-05-04,Notebook Pack,1.19
2027-05-04,Office Chair,1.17
2027-05-04,Running Shoes,1.32
2027-05-04,Wireless Mouse,1.22
2027-05-04,Yoga Mat,1.31
2027-05-05,Bluetooth Speaker,0.98
2027-05-05,Coffee Maker,1.37
2027-05-05,LED Desk Lamp,1.43
2027-05-05,Notebook Pack,1.19
2027-05-05,Office Chair,1.17
2027-05-05,Running Shoes,1.32
2027-05-05,Wireless Mouse,1.22
2027-05-05,Yoga Mat,1.31
2027-05-06,Bluetooth Speaker,0.98
2027-05-06,Coffee Maker,1.37
2027-05-06,LED Desk Lamp,1.43
2027-05-06,Notebook Pack,1.19
2027-05-06,Office Chair,1.17
2027-05-06,Running Shoes,1.32
2027-05-06,Wireless Mouse,1.22
2027-05-06,Yoga Mat,1.31
2027-05-07,Bluetooth Speaker,0.98
2027-05-07,Coffee Maker,1.37
2027-05-07,LED Desk Lamp,1.43
2027-05-07,Notebook Pack,1.19
2027-05-07,Office Chair,1.17
2027-05-07,Running Shoes,1.32
2027-05-07,Wireless Mouse,1.22
2027-05-07,Yoga Mat,1.31
2027-05-08,Bluetooth Speaker,0.98
2027-05-08,Coffee Maker,1.37
2027-05-08,LED Desk Lamp,1.43
2027-05-08,Notebook Pack,1.19
2027-05-08,Office Chair,1.17
2027-05-08,Running Shoes,1.32
2027-05-08,Wireless Mouse,1.22
2027-05-08,Yoga Mat,1.31
2027-05-09,Bluetooth Speaker,0.98
2027-05-09,Coffee Maker,1.37
2027-05-09,LED Desk Lamp,1.43
2027-05-09,Notebook Pack,1.19
2027-05-09,Office Chair,1.17
2027-05-09,Running Shoes,1.32
2027-05-09,Wireless Mouse,1.22
2027-05-09,Yoga Mat,1.31
2027-05-10,Bluetooth Speaker,0.98
2027-05-10,Coffee Maker,1.37
2027-05-10,LED Desk Lamp,1.43
2027-05-10,Notebook Pack,1.19
2027-05-10,Office Chair,1.17
2027-05-10,Running Shoes,1.32
2027-05-10,Wireless Mouse,1.22
2027-05-10,Yoga Mat,1.31
2027-05-11,Bluetooth Speaker,0.98
2027-05-11,Coffee Maker,1.37
2027-05-11,LED Desk Lamp,1.43
2027-05-11,Notebook Pack,1.19
2027-05-11,Office Chair,1.17
2027-05-11,Running Shoes,1.32
2027-05-11,Wireless Mouse,1.22
2027-05-11,Yoga Mat,1.31
2027-05-12,Bluetooth Speaker,0.98
2027-05-12,Coffee Maker,1.37
2027-05-12,LED Desk Lamp,1.43
2027-05-12,Notebook Pack,1.19
2027-05-12,Office Chair,1.17
2027-05-12,Running Shoes,1.32
2027-05-12,Wireless Mouse,1.22
2027-05-12,Yoga Mat,1.31
2027-05-13,Bluetooth Speaker,0.98
2027-05-13,Coffee Maker,1.37
2027-05-13,LED Desk Lamp,1.43
2027-05-13,Notebook Pack,1.19
2027-05-13,Office Chair,1.17
2027-05-13,Running Shoes,1.32
2027-05-13,Wireless Mouse,1.22
2027-05-13,Yoga Mat,1.31
2027-05-14,Bluetooth Speaker,0.98
2027-05-14,Coffee Maker,1.37
2027-05-14,LED Desk Lamp,1.43
2027-05-14,Notebook Pack,1.19
2027-05-14,Office Chair,1.17
2027-05-14,Running Shoes,1.32
2027-05-14,Wireless Mouse,1.22
2027-05-14,Yoga Mat,1.31
2027-05-15,Bluetooth Speaker,0.98
2027-05-15,Coffee Maker,1.37
2027-05-15,LED Desk Lamp,1.43
2027-05-15,Notebook Pack,1.19
2027-05-15,Office Chair,1.17
2027-05-15,Running Shoes,1.32
2027-05-15,Wireless Mouse,1.22
2027-05-15,Yoga Mat,1.31
2027-05-16,Bluetooth Speaker,0.98
2027-05-16,Coffee Maker,1.37
2027-05-16,LED Desk Lamp,1.43
2027-05-16,Notebook Pack,1.19
2027-05-16,Office Chair,1.17
2027-05-16,Running Shoes,1.32
2027-05-16,Wireless Mouse,1.22
2027-05-16,Yoga Mat,1.31
2027-05-17,Bluetooth Speaker,0.98
2027-05-17,Coffee Maker,1.37
2027-05-17,LED Desk Lamp,1.43
2027-05-17,Notebook Pack,1.19
2027-05-17,Office Chair,1.17
2027-05-17,Running Shoes,1.32
2027-05-17,Wireless Mouse,1.22
2027-05-17,Yoga Mat,1.31
2027-05-18,Bluetooth Speaker,0.98
2027-05-18,Coffee Maker,1.37
2027-05-18,LED Desk Lamp,1.43
2027-05-18,Notebook Pack,1.19
2027-05-18,Office Chair,1.17
2027-05-18,Running Shoes,1.32
2027-05-18,Wireless Mouse,1.22
2027-05-18,Yoga Mat,1.31
2027-05-19,Bluetooth Speaker,0.98
2027-05-19,Coffee Maker,1.37
2027-05-19,LED Desk Lamp,1.43
2027-05-19,Notebook Pack,1.19
2027-05-19,Office Chair,1.17
2027-05-19,Running Shoes,1.32
2027-05-19,Wireless Mouse,1.22
2027-05-19,Yoga Mat,1.31
2027-05-20,Bluetooth Speaker,0.98
2027-05-20,Coffee Maker,1.37
2027-05-20,LED Desk Lamp,1.43
2027-05-20,Notebook Pack,1.19
2027-05-20,Office Chair,1.17
2027-05-20,Running Shoes,1.32
2027-05-20,Wireless Mouse,1.22
2027-05-20,Yoga Mat,1.31
2027-05-21,Bluetooth Speaker,0.98
2027-05-21,Coffee Maker,1.37
2027-05-21,LED Desk Lamp,1.43
2027-05-21,Notebook Pack,1.19
2027-05-21,Office Chair,1.17
2027-05-21,Running Shoes,1.32
2027-05-21,Wireless Mouse,1.22
2027-05-21,Yoga Mat,1.31
2027-05-22,Bluetooth Speaker,0.98
2027-05-22,Coffee Maker,1.37
2027-05-22,LED Desk Lamp,1.43
2027-05-22,Notebook Pack,1.19
2027-05-22,Office Chair,1.17
2027-05-22,Running Shoes,1.32
2027-05-22,Wireless Mouse,1.22
2027-05-22,Yoga Mat,1.31
2027-05-23,Bluetooth Speaker,0.98
2027-05-23,Coffee Maker,1.37
2027-05-23,LED Desk Lamp,1.43
2027-05-23,Notebook Pack,1.19
2027-05-23,Office Chair,1.17
2027-05-23,Running Shoes,1.32
2027-05-23,Wireless Mouse,1.22
2027-05-23,Yoga Mat,1.31
2027-05-24,Bluetooth Speaker,0.98
2027-05-24,Coffee Maker,1.37
2027-05-24,LED Desk Lamp,1.43
2027-05-24,Notebook Pack,1.19
2027-05-24,Office Chair,1.17
2027-05-24,Running Shoes,1.32
2027-05-24,Wireless Mouse,1.22
2027-05-24,Yoga Mat,1.31
2027-05-25,Bluetooth Speaker,0.98
2027-05-25,Coffee Maker,1.37
2027-05-25,LED Desk Lamp,1.43
2027-05-25,Notebook Pack,1.19
2027-05-25,Office Chair,1.17
2027-05-25,Running Shoes,1.32
2027-05-25,Wireless Mouse,1.22
2027-05-25,Yoga Mat,1.31
2027-05-26,Bluetooth Speaker,0.98
2027-05-26,Coffee Maker,1.37
2027-05-26,LED Desk Lamp,1.43
2027-05-26,Notebook Pack,1.19
2027-05-26,Office Chair,1.17
2027-05-26,Running Shoes,1.32
2027-05-26,Wireless Mouse,1.22
2027-05-26,Yoga Mat,1.31
2027-05-27,Bluetooth Speaker,0.98
2027-05-27,Coffee Maker,1.37
2027-05-27,LED Desk Lamp,1.43
2027-05-27,Notebook Pack,1.19
2027-05-27,Office Chair,1.17
2027-05-27,Running Shoes,1.32
2027-05-27,Wireless Mouse,1.22
2027-05-27,Yoga Mat,1.31
2027-05-28,Bluetooth Speaker,0.98
2027-05-28,Coffee Maker,1.37
2027-05-28,LED Desk Lamp,1.43
2027-05-28,Notebook Pack,1.19
2027-05-28,Office Chair,1.17
2027-05-28,Running Shoes,1.32
2027-05-28,Wireless Mouse,1.22
2027-05-28,Yoga Mat,1.31
2027-05-29,Bluetooth Speaker,0.98
2027-05-29,Coffee Maker,1.37
2027-05-29,LED Desk Lamp,1.43
2027-05-29,Notebook Pack,1.19
2027-05-29,Office Chair,1.17
2027-05-29,Running Shoes,1.32
2027-05-29,Wireless Mouse,1.22
2027-05-29,Yoga Mat,1.31
2027-05-30,Bluetooth Speaker,0.98
2027-05-30,Coffee Maker,1.37
2027-05-30,LED Desk Lamp,1.43
2027-05-30,Notebook Pack,1.19
2027-05-30,Office Chair,1.17
2027-05-30,Running Shoes,1.32
2027-05-30,Wireless Mouse,1.22
2027-05-30,Yoga Mat,1.31
2027-05-31,Bluetooth Speaker,0.98
2027-05-31,Coffee Maker,1.37
2027-05-31,LED Desk Lamp,1.43
2027-05-31,Notebook Pack,1.19
2027-05-31,Office Chair,1.17
2027-05-31,Running Shoes,1.32
2027-05-31,Wireless Mouse,1.22
2027-05-31,Yoga Mat,1.31
2027-06-01,Bluetooth Speaker,0.98
2027-06-01,Coffee Maker,1.37
2027-06-01,LED Desk Lamp,1.43
2027-06-01,Notebook Pack,1.19
2027-06-01,Office Chair,1.17
2027-06-01,Running Shoes,1.32
2027-06-01,Wireless Mouse,1.22
2027-06-01,Yoga Mat,1.31
2027-06-02,Bluetooth Speaker,0.98
2027-06-02,Coffee Maker,1.37
2027-06-02,LED Desk Lamp,1.43
2027-06-02,Notebook Pack,1.19
2027-06-02,Office Chair,1.17
2027-06-02,Running Shoes,1.32
2027-06-02,Wireless Mouse,1.22
2027-06-02,Yoga Mat,1.31
2027-06-03,Bluetooth Speaker,0.98
2027-06-03,Coffee Maker,1.37
2027-06-03,LED Desk Lamp,1.43
2027-06-03,Notebook Pack,1.19
2027-06-03,Office Chair,1.17
2027-06-03,Running Shoes,1.32
2027-06-03,Wireless Mouse,1.22
2027-06-03,Yoga Mat,1.31
2027-06-04,Bluetooth Speaker,0.98
2027-06-04,Coffee Maker,1.37
2027-06-04,LED Desk Lamp,1.43
2027-06-04,Notebook Pack,1.19
2027-06-04,Office Chair,1.17
2027-06-04,Running Shoes,1.32
2027-06-04,Wireless Mouse,1.22
2027-06-04,Yoga Mat,1.31
2027-06-05,Bluetooth Speaker,0.98
2027-06-05,Coffee Maker,1.37
2027-06-05,LED Desk Lamp,1.43
2027-06-05,Notebook Pack,1.19
2027-06-05,Office Chair,1.17
2027-06-05,Running Shoes,1.32
2027-06-05,Wireless Mouse,1.22
2027-06-05,Yoga Mat,1.31
2027-06-06,Bluetooth Speaker,0.98
2027-06-06,Coffee Maker,1.37
2027-06-06,LED Desk Lamp,1.43
2027-06-06,Notebook Pack,1.19
2027-06-06,Office Chair,1.17
2027-06-06,Running Shoes,1.32
2027-06-06,Wireless Mouse,1.22
2027-06-06,Yoga Mat,1.31
2027-06-07,Bluetooth Speaker,0.98
2027-06-07,Coffee Maker,1.37
2027-06-07,LED Desk Lamp,1.43
2027-06-07,Notebook Pack,1.19
2027-06-07,Office Chair,1.17
2027-06-07,Running Shoes,1.32
2027-06-07,Wireless Mouse,1.22
2027-06-07,Yoga Mat,1.31
2027-06-08,Bluetooth Speaker,0.98
2027-06-08,Coffee Maker,1.37
2027-06-08,LED Desk Lamp,1.43
2027-06-08,Notebook Pack,1.19
2027-06-08,Office Chair,1.17
2027-06-08,Running Shoes,1.32
2027-06-08,Wireless Mouse,1.22
2027-06-08,Yoga Mat,1.31
2027-06-09,Bluetooth Speaker,0.98
2027-06-09,Coffee Maker,1.37
2027-06-09,LED Desk Lamp,1.43
2027-06-09,Notebook Pack,1.19
2027-06-09,Office Chair,1.17
2027-06-09,Running Shoes,1.32
2027-06-09,Wireless Mouse,1.22
2027-06-09,Yoga Mat,1.31
2027-06-10,Bluetooth Speaker,0.98
2027-06-10,Coffee Maker,1.37
2027-06-10,LED Desk Lamp,1.43
2027-06-10,Notebook Pack,1.19
2027-06-10,Office Chair,1.17
2027-06-10,Running Shoes,1.32
2027-06-10,Wireless Mouse,1.22
2027-06-10,Yoga Mat,1.31
2027-06-11,Bluetooth Speaker,0.98
2027-06-11,Coffee Maker,1.37
2027-06-11,LED Desk Lamp,1.43
2027-06-11,Notebook Pack,1.19
2027-06-11,Office Chair,1.17
2027-06-11,Running Shoes,1.32
2027-06-11,Wireless Mouse,1.22
2027-06-11,Yoga Mat,1.31
2027-06-12,Bluetooth Speaker,0.98
2027-06-12,Coffee Maker,1.37
2027-06-12,LED Desk Lamp,1.43
2027-06-12,Notebook Pack,1.19
2027-06-12,Office Chair,1.17
2027-06-12,Running Shoes,1.32
2027-06-12,Wireless Mouse,1.22
2027-06-12,Yoga Mat,1.31
2027-06-13,Bluetooth Speaker,0.98
2027-06-13,Coffee Maker,1.37
2027-06-13,LED Desk Lamp,1.43
2027-06-13,Notebook Pack,1.19
2027-06-13,Office Chair,1.17
2027-06-13,Running Shoes,1.32
2027-06-13,Wireless Mouse,1.22
2027-06-13,Yoga Mat,1.31
2027-06-14,Bluetooth Speaker,0.98
2027-06-14,Coffee Maker,1.37
2027-06-14,LED Desk Lamp,1.43
2027-06-14,Notebook Pack,1.19
2027-06-14,Office Chair,1.17
2027-06-14,Running Shoes,1.32
2027-06-14,Wireless Mouse,1.22
2027-06-14,Yoga Mat,1.31
2027-06-15,Bluetooth Speaker,0.98
2027-06-15,Coffee Maker,1.37
2027-06-15,LED Desk Lamp,1.43
2027-06-15,Notebook Pack,1.19
2027-06-15,Office Chair,1.17
2027-06-15,Running Shoes,1.32
2027-06-15,Wireless Mouse,1.22
2027-06-15,Yoga Mat,1.31
2027-06-16,Bluetooth Speaker,0.98
2027-06-16,Coffee Maker,1.37
2027-06-16,LED Desk Lamp,1.43
2027-06-16,Notebook Pack,1.19
2027-06-16,Office Chair,1.17
2027-06-16,Running Shoes,1.32
2027-06-16,Wireless Mouse,1.22
2027-06-16,Yoga Mat,1.31
2027-06-17,Bluetooth Speaker,0.98
2027-06-17,Coffee Maker,1.37
2027-06-17,LED Desk Lamp,1.43
2027-06-17,Notebook Pack,1.19
2027-06-17,Office Chair,1.17
2027-06-17,Running Shoes,1.32
2027-06-17,Wireless Mouse,1.22
2027-06-17,Yoga Mat,1.31
2027-06-18,Bluetooth Speaker,0.98
2027-06-18,Coffee Maker,1.37
2027-06-18,LED Desk Lamp,1.43
2027-06-18,Notebook Pack,1.19
2027-06-18,Office Chair,1.17
2027-06-18,Running Shoes,1.32
2027-06-18,Wireless Mouse,1.22
2027-06-18,Yoga Mat,1.31
2027-06-19,Bluetooth Speaker,0.98
2027-06-19,Coffee Maker,1.37
2027-06-19,LED Desk Lamp,1.43
2027-06-19,Notebook Pack,1.19
2027-06-19,Office Chair,1.17
2027-06-19,Running Shoes,1.32
2027-06-19,Wireless Mouse,1.22
2027-06-19,Yoga Mat,1.31
2027-06-20,Bluetooth Speaker,0.98
2027-06-20,Coffee Maker,1.37
2027-06-20,LED Desk Lamp,1.43
2027-06-20,Notebook Pack,1.19
2027-06-20,Office Chair,1.17
2027-06-20,Running Shoes,1.32
2027-06-20,Wireless Mouse,1.22
2027-06-20,Yoga Mat,1.31
2027-06-21,Bluetooth Speaker,0.98
2027-06-21,Coffee Maker,1.37
2027-06-21,LED Desk Lamp,1.43
2027-06-21,Notebook Pack,1.19
2027-06-21,Office Chair,1.17
2027-06-21,Running Shoes,1.32
2027-06-21,Wireless Mouse,1.22
2027-06-21,Yoga Mat,1.31
2027-06-22,Bluetooth Speaker,0.98
2027-06-22,Coffee Maker,1.37
2027-06-22,LED Desk Lamp,1.43
2027-06-22,Notebook Pack,1.19
2027-06-22,Office Chair,1.17
2027-06-22,Running Shoes,1.32
2027-06-22,Wireless Mouse,1.22
2027-06-22,Yoga Mat,1.31
2027-06-23,Bluetooth Speaker,0.98
2027-06-23,Coffee Maker,1.37
2027-06-23,LED Desk Lamp,1.43
2027-06-23,Notebook Pack,1.19
2027-06-23,Office Chair,1.17
2027-06-23,Running Shoes,1.32
2027-06-23,Wireless Mouse,1.22
2027-06-23,Yoga Mat,1.31
2027-06-24,Bluetooth Speaker,0.98
2027-06-24,Coffee Maker,1.37
2027-06-24,LED Desk Lamp,1.43
2027-06-24,Notebook Pack,1.19
2027-06-24,Office Chair,1.17
2027-06-24,Running Shoes,1.32
2027-06-24,Wireless Mouse,1.22
2027-06-24,Yoga Mat,1.31
2027-06-25,Bluetooth Speaker,0.98
2027-06-25,Coffee Maker,1.37
2027-06-25,LED Desk Lamp,1.43
2027-06-25,Notebook Pack,1.19
2027-06-25,Office Chair,1.17
2027-06-25,Running Shoes,1.32
2027-06-25,Wireless Mouse,1.22
2027-06-25,Yoga Mat,1.31
2027-06-26,Bluetooth Speaker,0.98
2027-06-26,Coffee Maker,1.37
2027-06-26,LED Desk Lamp,1.43
2027-06-26,Notebook Pack,1.19
2027-06-26,Office Chair,1.17
2027-06-26,Running Shoes,1.32
2027-06-26,Wireless Mouse,1.22
2027-06-26,Yoga Mat,1.31
2027-06-27,Bluetooth Speaker,0.98
2027-06-27,Coffee Maker,1.37
2027-06-27,LED Desk Lamp,1.43
2027-06-27,Notebook Pack,1.19
2027-06-27,Office Chair,1.17
2027-06-27,Running Shoes,1.32
2027-06-27,Wireless Mouse,1.22
2027-06-27,Yoga Mat,1.31
2027-06-28,Bluetooth Speaker,0.98
2027-06-28,Coffee Maker,1.37
2027-06-28,LED Desk Lamp,1.43
2027-06-28,Notebook Pack,1.19
2027-06-28,Office Chair,1.17
2027-06-28,Running Shoes,1.32
2027-06-28,Wireless Mouse,1.22
2027-06-28,Yoga Mat,1.31
2027-06-29,Bluetooth Speaker,0.98
2027-06-29,Coffee Maker,1.37
2027-06-29,LED Desk Lamp,1.43
2027-06-29,Notebook Pack,1.19
2027-06-29,Office Chair,1.17
2027-06-29,Running Shoes,1.32
2027-06-29,Wireless Mouse,1.22
2027-06-29,Yoga Mat,1.31
2027-06-30,Bluetooth Speaker,0.98
2027-06-30,Coffee Maker,1.37
2027-06-30,LED Desk Lamp,1.43
2027-06-30,Notebook Pack,1.19
2027-06-30,Office Chair,1.17
2027-06-30,Running Shoes,1.32
2027-06-30,Wireless Mouse,1.22
2027-06-30,Yoga Mat,1.31
2027-07-01,Bluetooth Speaker,0.98
2027-07-01,Coffee Maker,1.37
2027-07-01,LED Desk Lamp,1.43
2027-07-01,Notebook Pack,1.19
2027-07-01,Office Chair,1.17
2027-07-01,Running Shoes,1.32
2027-07-01,Wireless Mouse,1.22
2027-07-01,Yoga Mat,1.31
2027-07-02,Bluetooth Speaker,0.98
2027-07-02,Coffee Maker,1.37
2027-07-02,LED Desk Lamp,1.43
2027-07-02,Notebook Pack,1.19
2027-07-02,Office Chair,1.17
2027-07-02,Running Shoes,1.32
2027-07-02,Wireless Mouse,1.22
2027-07-02,Yoga Mat,1.31
2027-07-03,Bluetooth Speaker,0.98
2027-07-03,Coffee Maker,1.37
2027-07-03,LED Desk Lamp,1.43
2027-07-03,Notebook Pack,1.19
2027-07-03,Office Chair,1.17
2027-07-03,Running Shoes,1.32
2027-07-03,Wireless Mouse,1.22
2027-07-03,Yoga Mat,1.31
2027-07-04,Bluetooth Speaker,0.98
2027-07-04,Coffee Maker,1.37
2027-07-04,LED Desk Lamp,1.43
2027-07-04,Notebook Pack,1.19
2027-07-04,Office Chair,1.17
2027-07-04,Running Shoes,1.32
2027-07-04,Wireless Mouse,1.22
2027-07-04,Yoga Mat,1.31
2027-07-05,Bluetooth Speaker,0.98
2027-07-05,Coffee Maker,1.37
2027-07-05,LED Desk Lamp,1.43
2027-07-05,Notebook Pack,1.19
2027-07-05,Office Chair,1.17
2027-07-05,Running Shoes,1.32
2027-07-05,Wireless Mouse,1.22
2027-07-05,Yoga Mat,1.31
2027-07-06,Bluetooth Speaker,0.98
2027-07-06,Coffee Maker,1.37
2027-07-06,LED Desk Lamp,1.43
2027-07-06,Notebook Pack,1.19
2027-07-06,Office Chair,1.17
2027-07-06,Running Shoes,1.32
2027-07-06,Wireless Mouse,1.22
2027-07-06,Yoga Mat,1.31
2027-07-07,Bluetooth Speaker,0.98
2027-07-07,Coffee Maker,1.37
2027-07-07,LED Desk Lamp,1.43
2027-07-07,Notebook Pack,1.19
2027-07-07,Office Chair,1.17
2027-07-07,Running Shoes,1.32
2027-07-07,Wireless Mouse,1.22
2027-07-07,Yoga Mat,1.31
2027-07-08,Bluetooth Speaker,0.98
2027-07-08,Coffee Maker,1.37
2027-07-08,LED Desk Lamp,1.43
2027-07-08,Notebook Pack,1.19
2027-07-08,Office Chair,1.17
2027-07-08,Running Shoes,1.32
2027-07-08,Wireless Mouse,1.22
2027-07-08,Yoga Mat,1.31
2027-07-09,Bluetooth Speaker,0.98
2027-07-09,Coffee Maker,1.37
2027-07-09,LED Desk Lamp,1.43
2027-07-09,Notebook Pack,1.19
2027-07-09,Office Chair,1.17
2027-07-09,Running Shoes,1.32
2027-07-09,Wireless Mouse,1.22
2027-07-09,Yoga Mat,1.31
2027-07-10,Bluetooth Speaker,0.98
2027-07-10,Coffee Maker,1.37
2027-07-10,LED Desk Lamp,1.43
2027-07-10,Notebook Pack,1.19
2027-07-10,Office Chair,1.17
2027-07-10,Running Shoes,1.32
2027-07-10,Wireless Mouse,1.22
2027-07-10,Yoga Mat,1.31
2027-07-11,Bluetooth Speaker,0.98
2027-07-11,Coffee Maker,1.37
2027-07-11,LED Desk Lamp,1.43
2027-07-11,Notebook Pack,1.19
2027-07-11,Office Chair,1.17
2027-07-11,Running Shoes,1.32
2027-07-11,Wireless Mouse,1.22
2027-07-11,Yoga Mat,1.31
2027-07-12,Bluetooth Speaker,0.98
2027-07-12,Coffee Maker,1.37
2027-07-12,LED Desk Lamp,1.43
2027-07-12,Notebook Pack,1.19
2027-07-12,Office Chair,1.17
2027-07-12,Running Shoes,1.32
2027-07-12,Wireless Mouse,1.22
2027-07-12,Yoga Mat,1.31
2027-07-13,Bluetooth Speaker,0.98
2027-07-13,Coffee Maker,1.37
2027-07-13,LED Desk Lamp,1.43
2027-07-13,Notebook Pack,1.19
2027-07-13,Office Chair,1.17
2027-07-13,Running Shoes,1.32
2027-07-13,Wireless Mouse,1.22
2027-07-13,Yoga Mat,1.31
2027-07-14,Bluetooth Speaker,0.98
2027-07-14,Coffee Maker,1.37
2027-07-14,LED Desk Lamp,1.43
2027-07-14,Notebook Pack,1.19
2027-07-14,Office Chair,1.17
2027-07-14,Running Shoes,1.32
2027-07-14,Wireless Mouse,1.22
2027-07-14,Yoga Mat,1.31
2027-07-15,Bluetooth Speaker,0.98
2027-07-15,Coffee Maker,1.37
2027-07-15,LED Desk Lamp,1.43
2027-07-15,Notebook Pack,1.19
2027-07-15,Office Chair,1.17
2027-07-15,Running Shoes,1.32
2027-07-15,Wireless Mouse,1.22
2027-07-15,Yoga Mat,1.31
2027-07-16,Bluetooth Speaker,0.98
2027-07-16,Coffee Maker,1.37
2027-07-16,LED Desk Lamp,1.43
2027-07-16,Notebook Pack,1.19
2027-07-16,Office Chair,1.17
2027-07-16,Running Shoes,1.32
2027-07-16,Wireless Mouse,1.22
2027-07-16,Yoga Mat,1.31
2027-07-17,Bluetooth Speaker,0.98
2027-07-17,Coffee Maker,1.37
2027-07-17,LED Desk Lamp,1.43
2027-07-17,Notebook Pack,1.19
2027-07-17,Office Chair,1.17
2027-07-17,Running Shoes,1.32
2027-07-17,Wireless Mouse,1.22
2027-07-17,Yoga Mat,1.31
2027-07-18,Bluetooth Speaker,0.98
2027-07-18,Coffee Maker,1.37
2027-07-18,LED Desk Lamp,1.43
2027-07-18,Notebook Pack,1.19
2027-07-18,Office Chair,1.17
2027-07-18,Running Shoes,1.32
2027-07-18,Wireless Mouse,1.22
2027-07-18,Yoga Mat,1.31
2027-07-19,Bluetooth Speaker,0.98
2027-07-19,Coffee Maker,1.37
2027-07-19,LED Desk Lamp,1.43
2027-07-19,Notebook Pack,1.19
2027-07-19,Office Chair,1.17
2027-07-19,Running Shoes,1.32
2027-07-19,Wireless Mouse,1.22
2027-07-19,Yoga Mat,1.31
2027-07-20,Bluetooth Speaker,0.98
2027-07-20,Coffee Maker,1.37
2027-07-20,LED Desk Lamp,1.43
2027-07-20,Notebook Pack,1.19
2027-07-20,Office Chair,1.17
2027-07-20,Running Shoes,1.32
2027-07-20,Wireless Mouse,1.22
2027-07-20,Yoga Mat,1.31
2027-07-21,Bluetooth Speaker,0.98
2027-07-21,Coffee Maker,1.37
2027-07-21,LED Desk Lamp,1.43
2027-07-21,Notebook Pack,1.19
2027-07-21,Office Chair,1.17
2027-07-21,Running Shoes,1.32
2027-07-21,Wireless Mouse,1.22
2027-07-21,Yoga Mat,1.31
2027-07-22,Bluetooth Speaker,0.98
2027-07-22,Coffee Maker,1.37
2027-07-22,LED Desk Lamp,1.43
2027-07-22,Notebook Pack,1.19
2027-07-22,Office Chair,1.17
2027-07-22,Running Shoes,1.32
2027-07-22,Wireless Mouse,1.22
2027-07-22,Yoga Mat,1.31
2027-07-23,Bluetooth Speaker,0.98
2027-07-23,Coffee Maker,1.37
2027-07-23,LED Desk Lamp,1.43
2027-07-23,Notebook Pack,1.19
2027-07-23,Office Chair,1.17
2027-07-23,Running Shoes,1.32
2027-07-23,Wireless Mouse,1.22
2027-07-23,Yoga Mat,1.31
2027-07-24,Bluetooth Speaker,0.98
2027-07-24,Coffee Maker,1.37
2027-07-24,LED Desk Lamp,1.43
2027-07-24,Notebook Pack,1.19
2027-07-24,Office Chair,1.17
2027-07-24,Running Shoes,1.32
2027-07-24,Wireless Mouse,1.22
2027-07-24,Yoga Mat,1.31
2027-07-25,Bluetooth Speaker,0.98
2027-07-25,Coffee Maker,1.37
2027-07-25,LED Desk Lamp,1.43
2027-07-25,Notebook Pack,1.19
2027-07-25,Office Chair,1.17
2027-07-25,Running Shoes,1.32
2027-07-25,Wireless Mouse,1.22
2027-07-25,Yoga Mat,1.31
2027-07-26,Bluetooth Speaker,0.98
2027-07-26,Coffee Maker,1.37
2027-07-26,LED Desk Lamp,1.43
2027-07-26,Notebook Pack,1.19
2027-07-26,Office Chair,1.17
2027-07-26,Running Shoes,1.32
2027-07-26,Wireless Mouse,1.22
2027-07-26,Yoga Mat,1.31
2027-07-27,Bluetooth Speaker,0.98
2027-07-27,Coffee Maker,1.37
2027-07-27,LED Desk Lamp,1.43
2027-07-27,Notebook Pack,1.19
2027-07-27,Office Chair,1.17
2027-07-27,Running Shoes,1.32
2027-07-27,Wireless Mouse,1.22
2027-07-27,Yoga Mat,1.31
2027-07-28,Bluetooth Speaker,0.98
2027-07-28,Coffee Maker,1.37
2027-07-28,LED Desk Lamp,1.43
2027-07-28,Notebook Pack,1.19
2027-07-28,Office Chair,1.17
2027-07-28,Running Shoes,1.32
2027-07-28,Wireless Mouse,1.22
2027-07-28,Yoga Mat,1.31
2027-07-29,Bluetooth Speaker,0.98
2027-07-29,Coffee Maker,1.37
2027-07-29,LED Desk Lamp,1.43
2027-07-29,Notebook Pack,1.19
2027-07-29,Office Chair,1.17
2027-07-29,Running Shoes,1.32
2027-07-29,Wireless Mouse,1.22
2027-07-29,Yoga Mat,1.31
2027-07-30,Bluetooth Speaker,0.98
2027-07-30,Coffee Maker,1.37
2027-07-30,LED Desk Lamp,1.43
2027-07-30,Notebook Pack,1.19
2027-07-30,Office Chair,1.17
2027-07-30,Running Shoes,1.32
2027-07-30,Wireless Mouse,1.22
2027-07-30,Yoga Mat,1.31
2027-07-31,Bluetooth Speaker,0.98
2027-07-31,Coffee Maker,1.37
2027-07-31,LED Desk Lamp,1.43
2027-07-31,Notebook Pack,1.19
2027-07-31,Office Chair,1.17
2027-07-31,Running Shoes,1.32
2027-07-31,Wireless Mouse,1.22
2027-07-31,Yoga Mat,1.31
2027-08-01,Bluetooth Speaker,0.98
2027-08-01,Coffee Maker,1.37
2027-08-01,LED Desk Lamp,1.43
2027-08-01,Notebook Pack,1.19
2027-08-01,Office Chair,1.17
2027-08-01,Running Shoes,1.32
2027-08-01,Wireless Mouse,1.22
2027-08-01,Yoga Mat,1.31
2027-08-02,Bluetooth Speaker,0.98
2027-08-02,Coffee Maker,1.37
2027-08-02,LED Desk Lamp,1.43
2027-08-02,Notebook Pack,1.19
2027-08-02,Office Chair,1.17
2027-08-02,Running Shoes,1.32
2027-08-02,Wireless Mouse,1.22
2027-08-02,Yoga Mat,1.31
2027-08-03,Bluetooth Speaker,0.98
2027-08-03,Coffee Maker,1.37
2027-08-03,LED Desk Lamp,1.43
2027-08-03,Notebook Pack,1.19
2027-08-03,Office Chair,1.17
2027-08-03,Running Shoes,1.32
2027-08-03,Wireless Mouse,1.22
2027-08-03,Yoga Mat,1.31
2027-08-04,Bluetooth Speaker,0.98
2027-08-04,Coffee Maker,1.37
2027-08-04,LED Desk Lamp,1.43
2027-08-04,Notebook Pack,1.19
2027-08-04,Office Chair,1.17
2027-08-04,Running Shoes,1.32
2027-08-04,Wireless Mouse,1.22
2027-08-04,Yoga Mat,1.31
2027-08-05,Bluetooth Speaker,0.98
2027-08-05,Coffee Maker,1.37
2027-08-05,LED Desk Lamp,1.43
2027-08-05,Notebook Pack,1.19
2027-08-05,Office Chair,1.17
2027-08-05,Running Shoes,1.32
2027-08-05,Wireless Mouse,1.22
2027-08-05,Yoga Mat,1.31
2027-08-06,Bluetooth Speaker,0.98
2027-08-06,Coffee Maker,1.37
2027-08-06,LED Desk Lamp,1.43
2027-08-06,Notebook Pack,1.19
2027-08-06,Office Chair,1.17
2027-08-06,Running Shoes,1.32
2027-08-06,Wireless Mouse,1.22
2027-08-06,Yoga Mat,1.31
2027-08-07,Bluetooth Speaker,0.98
2027-08-07,Coffee Maker,1.37
2027-08-07,LED Desk Lamp,1.43
2027-08-07,Notebook Pack,1.19
2027-08-07,Office Chair,1.17
2027-08-07,Running Shoes,1.32
2027-08-07,Wireless Mouse,1.22
2027-08-07,Yoga Mat,1.31
2027-08-08,Bluetooth Speaker,0.98
2027-08-08,Coffee Maker,1.37
2027-08-08,LED Desk Lamp,1.43
2027-08-08,Notebook Pack,1.19
2027-08-08,Office Chair,1.17
2027-08-08,Running Shoes,1.32
2027-08-08,Wireless Mouse,1.22
2027-08-08,Yoga Mat,1.31
2027-08-09,Bluetooth Speaker,0.98
2027-08-09,Coffee Maker,1.37
2027-08-09,LED Desk Lamp,1.43
2027-08-09,Notebook Pack,1.19
2027-08-09,Office Chair,1.17
2027-08-09,Running Shoes,1.32
2027-08-09,Wireless Mouse,1.22
2027-08-09,Yoga Mat,1.31
2027-08-10,Bluetooth Speaker,0.98
2027-08-10,Coffee Maker,1.37
2027-08-10,LED Desk Lamp,1.43
2027-08-10,Notebook Pack,1.19
2027-08-10,Office Chair,1.17
2027-08-10,Running Shoes,1.32
2027-08-10,Wireless Mouse,1.22
2027-08-10,Yoga Mat,1.31
2027-08-11,Bluetooth Speaker,0.98
2027-08-11,Coffee Maker,1.37
2027-08-11,LED Desk Lamp,1.43
2027-08-11,Notebook Pack,1.19
2027-08-11,Office Chair,1.17
2027-08-11,Running Shoes,1.32
2027-08-11,Wireless Mouse,1.22
2027-08-11,Yoga Mat,1.31
2027-08-12,Bluetooth Speaker,0.98
2027-08-12,Coffee Maker,1.37
2027-08-12,LED Desk Lamp,1.43
2027-08-12,Notebook Pack,1.19
2027-08-12,Office Chair,1.17
2027-08-12,Running Shoes,1.32
2027-08-12,Wireless Mouse,1.22
2027-08-12,Yoga Mat,1.31
2027-08-13,Bluetooth Speaker,0.98
2027-08-13,Coffee Maker,1.37
2027-08-13,LED Desk Lamp,1.43
2027-08-13,Notebook Pack,1.19
2027-08-13,Office Chair,1.17
2027-08-13,Running Shoes,1.32
2027-08-13,Wireless Mouse,1.22
2027-08-13,Yoga Mat,1.31
2027-08-14,Bluetooth Speaker,0.98
2027-08-14,Coffee Maker,1.37
2027-08-14,LED Desk Lamp,1.43
2027-08-14,Notebook Pack,1.19
2027-08-14,Office Chair,1.17
2027-08-14,Running Shoes,1.32
2027-08-14,Wireless Mouse,1.22
2027-08-14,Yoga Mat,1.31
2027-08-15,Bluetooth Speaker,0.98
2027-08-15,Coffee Maker,1.37
2027-08-15,LED Desk Lamp,1.43
2027-08-15,Notebook Pack,1.19
2027-08-15,Office Chair,1.17
2027-08-15,Running Shoes,1.32
2027-08-15,Wireless Mouse,1.22
2027-08-15,Yoga Mat,1.31
2027-08-16,Bluetooth Speaker,0.98
2027-08-16,Coffee Maker,1.37
2027-08-16,LED Desk Lamp,1.43
2027-08-16,Notebook Pack,1.19
2027-08-16,Office Chair,1.17
2027-08-16,Running Shoes,1.32
2027-08-16,Wireless Mouse,1.22
2027-08-16,Yoga Mat,1.31
2027-08-17,Bluetooth Speaker,0.98
2027-08-17,Coffee Maker,1.37
2027-08-17,LED Desk Lamp,1.43
2027-08-17,Notebook Pack,1.19
2027-08-17,Office Chair,1.17
2027-08-17,Running Shoes,1.32
2027-08-17,Wireless Mouse,1.22
2027-08-17,Yoga Mat,1.31
2027-08-18,Bluetooth Speaker,0.98
2027-08-18,Coffee Maker,1.37
2027-08-18,LED Desk Lamp,1.43
2027-08-18,Notebook Pack,1.19
2027-08-18,Office Chair,1.17
2027-08-18,Running Shoes,1.32
2027-08-18,Wireless Mouse,1.22
2027-08-18,Yoga Mat,1.31
2027-08-19,Bluetooth Speaker,0.98
2027-08-19,Coffee Maker,1.37
2027-08-19,LED Desk Lamp,1.43
2027-08-19,Notebook Pack,1.19
2027-08-19,Office Chair,1.17
2027-08-19,Running Shoes,1.32
2027-08-19,Wireless Mouse,1.22
2027-08-19,Yoga Mat,1.31
2027-08-20,Bluetooth Speaker,0.98
2027-08-20,Coffee Maker,1.37
2027-08-20,LED Desk Lamp,1.43
2027-08-20,Notebook Pack,1.19
2027-08-20,Office Chair,1.17
2027-08-20,Running Shoes,1.32
2027-08-20,Wireless Mouse,1.22
2027-08-20,Yoga Mat,1.31
2027-08-21,Bluetooth Speaker,0.98
2027-08-21,Coffee Maker,1.37
2027-08-21,LED Desk Lamp,1.43
2027-08-21,Notebook Pack,1.19
2027-08-21,Office Chair,1.17
2027-08-21,Running Shoes,1.32
2027-08-21,Wireless Mouse,1.22
2027-08-21,Yoga Mat,1.31
2027-08-22,Bluetooth Speaker,0.98
2027-08-22,Coffee Maker,1.37
2027-08-22,LED Desk Lamp,1.43
2027-08-22,Notebook Pack,1.19
2027-08-22,Office Chair,1.17
2027-08-22,Running Shoes,1.32
2027-08-22,Wireless Mouse,1.22
2027-08-22,Yoga Mat,1.31
2027-08-23,Bluetooth Speaker,0.98
2027-08-23,Coffee Maker,1.37
2027-08-23,LED Desk Lamp,1.43
2027-08-23,Notebook Pack,1.19
2027-08-23,Office Chair,1.17
2027-08-23,Running Shoes,1.32
2027-08-23,Wireless Mouse,1.22
2027-08-23,Yoga Mat,1.31
2027-08-24,Bluetooth Speaker,0.98
2027-08-24,Coffee Maker,1.37
2027-08-24,LED Desk Lamp,1.43
2027-08-24,Notebook Pack,1.19
2027-08-24,Office Chair,1.17
2027-08-24,Running Shoes,1.32
2027-08-24,Wireless Mouse,1.22
2027-08-24,Yoga Mat,1.31
2027-08-25,Bluetooth Speaker,0.98
2027-08-25,Coffee Maker,1.37
2027-08-25,LED Desk Lamp,1.43
2027-08-25,Notebook Pack,1.19
2027-08-25,Office Chair,1.17
2027-08-25,Running Shoes,1.32
2027-08-25,Wireless Mouse,1.22
2027-08-25,Yoga Mat,1.31
2027-08-26,Bluetooth Speaker,0.98
2027-08-26,Coffee Maker,1.37
2027-08-26,LED Desk Lamp,1.43
2027-08-26,Notebook Pack,1.19
2027-08-26,Office Chair,1.17
2027-08-26,Running Shoes,1.32
2027-08-26,Wireless Mouse,1.22
2027-08-26,Yoga Mat,1.31
2027-08-27,Bluetooth Speaker,0.98
2027-08-27,Coffee Maker,1.37
2027-08-27,LED Desk Lamp,1.43
2027-08-27,Notebook Pack,1.19
2027-08-27,Office Chair,1.17
2027-08-27,Running Shoes,1.32
2027-08-27,Wireless Mouse,1.22
2027-08-27,Yoga Mat,1.31
2027-08-28,Bluetooth Speaker,0.98
2027-08-28,Coffee Maker,1.37
2027-08-28,LED Desk Lamp,1.43
2027-08-28,Notebook Pack,1.19
2027-08-28,Office Chair,1.17
2027-08-28,Running Shoes,1.32
2027-08-28,Wireless Mouse,1.22
2027-08-28,Yoga Mat,1.31
2027-08-29,Bluetooth Speaker,0.98
2027-08-29,Coffee Maker,1.37
2027-08-29,LED Desk Lamp,1.43
2027-08-29,Notebook Pack,1.19
2027-08-29,Office Chair,1.17
2027-08-29,Running Shoes,1.32
2027-08-29,Wireless Mouse,1.22
2027-08-29,Yoga Mat,1.31
2027-08-30,Bluetooth Speaker,0.98
2027-08-30,Coffee Maker,1.37
2027-08-30,LED Desk Lamp,1.43
2027-08-30,Notebook Pack,1.19
2027-08-30,Office Chair,1.17
2027-08-30,Running Shoes,1.32
2027-08-30,Wireless Mouse,1.22
2027-08-30,Yoga Mat,1.31
2027-08-31,Bluetooth Speaker,0.98
2027-08-31,Coffee Maker,1.37
2027-08-31,LED Desk Lamp,1.43
2027-08-31,Notebook Pack,1.19
2027-08-31,Office Chair,1.17
2027-08-31,Running Shoes,1.32
2027-08-31,Wireless Mouse,1.22
2027-08-31,Yoga Mat,1.31
2027-09-01,Bluetooth Speaker,0.98
2027-09-01,Coffee Maker,1.37
2027-09-01,LED Desk Lamp,1.43
2027-09-01,Notebook Pack,1.19
2027-09-01,Office Chair,1.17
2027-09-01,Running Shoes,1.32
2027-09-01,Wireless Mouse,1.22
2027-09-01,Yoga Mat,1.31
2027-09-02,Bluetooth Speaker,0.98
2027-09-02,Coffee Maker,1.37
2027-09-02,LED Desk Lamp,1.43
2027-09-02,Notebook Pack,1.19
2027-09-02,Office Chair,1.17
2027-09-02,Running Shoes,1.32
2027-09-02,Wireless Mouse,1.22
2027-09-02,Yoga Mat,1.31
2027-09-03,Bluetooth Speaker,0.98
2027-09-03,Coffee Maker,1.37
2027-09-03,LED Desk Lamp,1.43
2027-09-03,Notebook Pack,1.19
2027-09-03,Office Chair,1.17
2027-09-03,Running Shoes,1.32
2027-09-03,Wireless Mouse,1.22
2027-09-03,Yoga Mat,1.31
2027-09-04,Bluetooth Speaker,0.98
2027-09-04,Coffee Maker,1.37
2027-09-04,LED Desk Lamp,1.43
2027-09-04,Notebook Pack,1.19
2027-09-04,Office Chair,1.17
2027-09-04,Running Shoes,1.32
2027-09-04,Wireless Mouse,1.22
2027-09-04,Yoga Mat,1.31
2027-09-05,Bluetooth Speaker,0.98
2027-09-05,Coffee Maker,1.37
2027-09-05,LED Desk Lamp,1.43
2027-09-05,Notebook Pack,1.19
2027-09-05,Office Chair,1.17
2027-09-05,Running Shoes,1.32
2027-09-05,Wireless Mouse,1.22
2027-09-05,Yoga Mat,1.31
2027-09-06,Bluetooth Speaker,0.98
2027-09-06,Coffee Maker,1.37
2027-09-06,LED Desk Lamp,1.43
2027-09-06,Notebook Pack,1.19
2027-09-06,Office Chair,1.17
2027-09-06,Running Shoes,1.32
2027-09-06,Wireless Mouse,1.22
2027-09-06,Yoga Mat,1.31
2027-09-07,Bluetooth Speaker,0.98
2027-09-07,Coffee Maker,1.37
2027-09-07,LED Desk Lamp,1.43
2027-09-07,Notebook Pack,1.19
2027-09-07,Office Chair,1.17
2027-09-07,Running Shoes,1.32
2027-09-07,Wireless Mouse,1.22
2027-09-07,Yoga Mat,1.31
2027-09-08,Bluetooth Speaker,0.98
2027-09-08,Coffee Maker,1.37
2027-09-08,LED Desk Lamp,1.43
2027-09-08,Notebook Pack,1.19
2027-09-08,Office Chair,1.17
2027-09-08,Running Shoes,1.32
2027-09-08,Wireless Mouse,1.22
2027-09-08,Yoga Mat,1.31
2027-09-09,Bluetooth Speaker,0.98
2027-09-09,Coffee Maker,1.37
2027-09-09,LED Desk Lamp,1.43
2027-09-09,Notebook Pack,1.19
2027-09-09,Office Chair,1.17
2027-09-09,Running Shoes,1.32
2027-09-09,Wireless Mouse,1.22
2027-09-09,Yoga Mat,1.31
2027-09-10,Bluetooth Speaker,0.98
2027-09-10,Coffee Maker,1.37
2027-09-10,LED Desk Lamp,1.43
2027-09-10,Notebook Pack,1.19
2027-09-10,Office Chair,1.17
2027-09-10,Running Shoes,1.32
2027-09-10,Wireless Mouse,1.22
2027-09-10,Yoga Mat,1.31
2027-09-11,Bluetooth Speaker,0.98
2027-09-11,Coffee Maker,1.37
2027-09-11,LED Desk Lamp,1.43
2027-09-11,Notebook Pack,1.19
2027-09-11,Office Chair,1.17
2027-09-11,Running Shoes,1.32
2027-09-11,Wireless Mouse,1.22
2027-09-11,Yoga Mat,1.31
2027-09-12,Bluetooth Speaker,0.98
2027-09-12,Coffee Maker,1.37
2027-09-12,LED Desk Lamp,1.43
2027-09-12,Notebook Pack,1.19
2027-09-12,Office Chair,1.17
2027-09-12,Running Shoes,1.32
2027-09-12,Wireless Mouse,1.22
2027-09-12,Yoga Mat,1.31
2027-09-13,Bluetooth Speaker,0.98
2027-09-13,Coffee Maker,1.37
2027-09-13,LED Desk Lamp,1.43
2027-09-13,Notebook Pack,1.19
2027-09-13,Office Chair,1.17
2027-09-13,Running Shoes,1.32
2027-09-13,Wireless Mouse,1.22
2027-09-13,Yoga Mat,1.31
2027-09-14,Bluetooth Speaker,0.98
2027-09-14,Coffee Maker,1.37
2027-09-14,LED Desk Lamp,1.43
2027-09-14,Notebook Pack,1.19
2027-09-14,Office Chair,1.17
2027-09-14,Running Shoes,1.32
2027-09-14,Wireless Mouse,1.22
2027-09-14,Yoga Mat,1.31
2027-09-15,Bluetooth Speaker,0.98
2027-09-15,Coffee Maker,1.37
2027-09-15,LED Desk Lamp,1.43
2027-09-15,Notebook Pack,1.19
2027-09-15,Office Chair,1.17
2027-09-15,Running Shoes,1.32
2027-09-15,Wireless Mouse,1.22
2027-09-15,Yoga Mat,1.31
2027-09-16,Bluetooth Speaker,0.98
2027-09-16,Coffee Maker,1.37
2027-09-16,LED Desk Lamp,1.43
2027-09-16,Notebook Pack,1.19
2027-09-16,Office Chair,1.17
2027-09-16,Running Shoes,1.32
2027-09-16,Wireless Mouse,1.22
2027-09-16,Yoga Mat,1.31
2027-09-17,Bluetooth Speaker,0.98
2027-09-17,Coffee Maker,1.37
2027-09-17,LED Desk Lamp,1.43
2027-09-17,Notebook Pack,1.19
2027-09-17,Office Chair,1.17
2027-09-17,Running Shoes,1.32
2027-09-17,Wireless Mouse,1.22
2027-09-17,Yoga Mat,1.31
2027-09-18,Bluetooth Speaker,0.98
2027-09-18,Coffee Maker,1.37
2027-09-18,LED Desk Lamp,1.43
2027-09-18,Notebook Pack,1.19
2027-09-18,Office Chair,1.17
2027-09-18,Running Shoes,1.32
2027-09-18,Wireless Mouse,1.22
2027-09-18,Yoga Mat,1.31
2027-09-19,Bluetooth Speaker,0.98
2027-09-19,Coffee Maker,1.37
2027-09-19,LED Desk Lamp,1.43
2027-09-19,Notebook Pack,1.19
2027-09-19,Office Chair,1.17
2027-09-19,Running Shoes,1.32
2027-09-19,Wireless Mouse,1.22
2027-09-19,Yoga Mat,1.31
2027-09-20,Bluetooth Speaker,0.98
2027-09-20,Coffee Maker,1.37
2027-09-20,LED Desk Lamp,1.43
2027-09-20,Notebook Pack,1.19
2027-09-20,Office Chair,1.17
2027-09-20,Running Shoes,1.32
2027-09-20,Wireless Mouse,1.22
2027-09-20,Yoga Mat,1.31
2027-09-21,Bluetooth Speaker,0.98
2027-09-21,Coffee Maker,1.37
2027-09-21,LED Desk Lamp,1.43
2027-09-21,Notebook Pack,1.19
2027-09-21,Office Chair,1.17
2027-09-21,Running Shoes,1.32
2027-09-21,Wireless Mouse,1.22
2027-09-21,Yoga Mat,1.31
2027-09-22,Bluetooth Speaker,0.98
2027-09-22,Coffee Maker,1.37
2027-09-22,LED Desk Lamp,1.43
2027-09-22,Notebook Pack,1.19
2027-09-22,Office Chair,1.17
2027-09-22,Running Shoes,1.32
2027-09-22,Wireless Mouse,1.22
2027-09-22,Yoga Mat,1.31
2027-09-23,Bluetooth Speaker,0.98
2027-09-23,Coffee Maker,1.37
2027-09-23,LED Desk Lamp,1.43
2027-09-23,Notebook Pack,1.19
2027-09-23,Office Chair,1.17
2027-09-23,Running Shoes,1.32
2027-09-23,Wireless Mouse,1.22
2027-09-23,Yoga Mat,1.31
2027-09-24,Bluetooth Speaker,0.98
2027-09-24,Coffee Maker,1.37
2027-09-24,LED Desk Lamp,1.43
2027-09-24,Notebook Pack,1.19
2027-09-24,Office Chair,1.17
2027-09-24,Running Shoes,1.32
2027-09-24,Wireless Mouse,1.22
2027-09-24,Yoga Mat,1.31
2027-09-25,Bluetooth Speaker,0.98
2027-09-25,Coffee Maker,1.37
2027-09-25,LED Desk Lamp,1.43
2027-09-25,Notebook Pack,1.19
2027-09-25,Office Chair,1.17
2027-09-25,Running Shoes,1.32
2027-09-25,Wireless Mouse,1.22
2027-09-25,Yoga Mat,1.31
2027-09-26,Bluetooth Speaker,0.98
2027-09-26,Coffee Maker,1.37
2027-09-26,LED Desk Lamp,1.43
2027-09-26,Notebook Pack,1.19
2027-09-26,Office Chair,1.17
2027-09-26,Running Shoes,1.32
2027-09-26,Wireless Mouse,1.22
2027-09-26,Yoga Mat,1.31
2027-09-27,Bluetooth Speaker,0.98
2027-09-27,Coffee Maker,1.37
2027-09-27,LED Desk Lamp,1.43
2027-09-27,Notebook Pack,1.19
2027-09-27,Office Chair,1.17
2027-09-27,Running Shoes,1.32
2027-09-27,Wireless Mouse,1.22
2027-09-27,Yoga Mat,1.31
2027-09-28,Bluetooth Speaker,0.98
2027-09-28,Coffee Maker,1.37
2027-09-28,LED Desk Lamp,1.43
2027-09-28,Notebook Pack,1.19
2027-09-28,Office Chair,1.17
2027-09-28,Running Shoes,1.32
2027-09-28,Wireless Mouse,1.22
2027-09-28,Yoga Mat,1.31
2027-09-29,Bluetooth Speaker,0.98
2027-09-29,Coffee Maker,1.37
2027-09-29,LED Desk Lamp,1.43
2027-09-29,Notebook Pack,1.19
2027-09-29,Office Chair,1.17
2027-09-29,Running Shoes,1.32
2027-09-29,Wireless Mouse,1.22
2027-09-29,Yoga Mat,1.31
2027-09-30,Bluetooth Speaker,0.98
2027-09-30,Coffee Maker,1.37
2027-09-30,LED Desk Lamp,1.43
2027-09-30,Notebook Pack,1.19
2027-09-30,Office Chair,1.17
2027-09-30,Running Shoes,1.32
2027-09-30,Wireless Mouse,1.22
2027-09-30,Yoga Mat,1.31
2027-10-01,Bluetooth Speaker,0.98
2027-10-01,Coffee Maker,1.37
2027-10-01,LED Desk Lamp,1.43
2027-10-01,Notebook Pack,1.19
2027-10-01,Office Chair,1.17
2027-10-01,Running Shoes,1.32
2027-10-01,Wireless Mouse,1.22
2027-10-01,Yoga Mat,1.31
2027-10-02,Bluetooth Speaker,0.98
2027-10-02,Coffee Maker,1.37
2027-10-02,LED Desk Lamp,1.43
2027-10-02,Notebook Pack,1.19
2027-10-02,Office Chair,1.17
2027-10-02,Running Shoes,1.32
2027-10-02,Wireless Mouse,1.22
2027-10-02,Yoga Mat,1.31
2027-10-03,Bluetooth Speaker,0.98
2027-10-03,Coffee Maker,1.37
2027-10-03,LED Desk Lamp,1.43
2027-10-03,Notebook Pack,1.19
2027-10-03,Office Chair,1.17
2027-10-03,Running Shoes,1.32
2027-10-03,Wireless Mouse,1.22
2027-10-03,Yoga Mat,1.31
2027-10-04,Bluetooth Speaker,0.98
2027-10-04,Coffee Maker,1.37
2027-10-04,LED Desk Lamp,1.43
2027-10-04,Notebook Pack,1.19
2027-10-04,Office Chair,1.17
2027-10-04,Running Shoes,1.32
2027-10-04,Wireless Mouse,1.22
2027-10-04,Yoga Mat,1.31
2027-10-05,Bluetooth Speaker,0.98
2027-10-05,Coffee Maker,1.37
2027-10-05,LED Desk Lamp,1.43
2027-10-05,Notebook Pack,1.19
2027-10-05,Office Chair,1.17
2027-10-05,Running Shoes,1.32
2027-10-05,Wireless Mouse,1.22
2027-10-05,Yoga Mat,1.31
2027-10-06,Bluetooth Speaker,0.98
2027-10-06,Coffee Maker,1.37
2027-10-06,LED Desk Lamp,1.43
2027-10-06,Notebook Pack,1.19
2027-10-06,Office Chair,1.17
2027-10-06,Running Shoes,1.32
2027-10-06,Wireless Mouse,1.22
2027-10-06,Yoga Mat,1.31
2027-10-07,Bluetooth Speaker,0.98
2027-10-07,Coffee Maker,1.37
2027-10-07,LED Desk Lamp,1.43
2027-10-07,Notebook Pack,1.19
2027-10-07,Office Chair,1.17
2027-10-07,Running Shoes,1.32
2027-10-07,Wireless Mouse,1.22
2027-10-07,Yoga Mat,1.31
2027-10-08,Bluetooth Speaker,0.98
2027-10-08,Coffee Maker,1.37
2027-10-08,LED Desk Lamp,1.43
2027-10-08,Notebook Pack,1.19
2027-10-08,Office Chair,1.17
2027-10-08,Running Shoes,1.32
2027-10-08,Wireless Mouse,1.22
2027-10-08,Yoga Mat,1.31
2027-10-09,Bluetooth Speaker,0.98
2027-10-09,Coffee Maker,1.37
2027-10-09,LED Desk Lamp,1.43
2027-10-09,Notebook Pack,1.19
2027-10-09,Office Chair,1.17
2027-10-09,Running Shoes,1.32
2027-10-09,Wireless Mouse,1.22
2027-10-09,Yoga Mat,1.31
2027-10-10,Bluetooth Speaker,0.98
2027-10-10,Coffee Maker,1.37
2027-10-10,LED Desk Lamp,1.43
2027-10-10,Notebook Pack,1.19
2027-10-10,Office Chair,1.17
2027-10-10,Running Shoes,1.32
2027-10-10,Wireless Mouse,1.22
2027-10-10,Yoga Mat,1.31
2027-10-11,Bluetooth Speaker,0.98
2027-10-11,Coffee Maker,1.37
2027-10-11,LED Desk Lamp,1.43
2027-10-11,Notebook Pack,1.19
2027-10-11,Office Chair,1.17
2027-10-11,Running Shoes,1.32
2027-10-11,Wireless Mouse,1.22
2027-10-11,Yoga Mat,1.31
2027-10-12,Bluetooth Speaker,0.98
2027-10-12,Coffee Maker,1.37
2027-10-12,LED Desk Lamp,1.43
2027-10-12,Notebook Pack,1.19
2027-10-12,Office Chair,1.17
2027-10-12,Running Shoes,1.32
2027-10-12,Wireless Mouse,1.22
2027-10-12,Yoga Mat,1.31
2027-10-13,Bluetooth Speaker,0.98
2027-10-13,Coffee Maker,1.37
2027-10-13,LED Desk Lamp,1.43
2027-10-13,Notebook Pack,1.19
2027-10-13,Office Chair,1.17
2027-10-13,Running Shoes,1.32
2027-10-13,Wireless Mouse,1.22
2027-10-13,Yoga Mat,1.31
2027-10-14,Bluetooth Speaker,0.98
2027-10-14,Coffee Maker,1.37
2027-10-14,LED Desk Lamp,1.43
2027-10-14,Notebook Pack,1.19
2027-10-14,Office Chair,1.17
2027-10-14,Running Shoes,1.32
2027-10-14,Wireless Mouse,1.22
2027-10-14,Yoga Mat,1.31
2027-10-15,Bluetooth Speaker,0.98
2027-10-15,Coffee Maker,1.37
2027-10-15,LED Desk Lamp,1.43
2027-10-15,Notebook Pack,1.19
2027-10-15,Office Chair,1.17
2027-10-15,Running Shoes,1.32
2027-10-15,Wireless Mouse,1.22
2027-10-15,Yoga Mat,1.31
2027-10-16,Bluetooth Speaker,0.98
2027-10-16,Coffee Maker,1.37
2027-10-16,LED Desk Lamp,1.43
2027-10-16,Notebook Pack,1.19
2027-10-16,Office Chair,1.17
2027-10-16,Running Shoes,1.32
2027-10-16,Wireless Mouse,1.22
2027-10-16,Yoga Mat,1.31
2027-10-17,Bluetooth Speaker,0.98
2027-10-17,Coffee Maker,1.37
2027-10-17,LED Desk Lamp,1.43
2027-10-17,Notebook Pack,1.19
2027-10-17,Office Chair,1.17
2027-10-17,Running Shoes,1.32
2027-10-17,Wireless Mouse,1.22
2027-10-17,Yoga Mat,1.31
2027-10-18,Bluetooth Speaker,0.98
2027-10-18,Coffee Maker,1.37
2027-10-18,LED Desk Lamp,1.43
2027-10-18,Notebook Pack,1.19
2027-10-18,Office Chair,1.17
2027-10-18,Running Shoes,1.32
2027-10-18,Wireless Mouse,1.22
2027-10-18,Yoga Mat,1.31
2027-10-19,Bluetooth Speaker,0.98
2027-10-19,Coffee Maker,1.37
2027-10-19,LED Desk Lamp,1.43
2027-10-19,Notebook Pack,1.19
2027-10-19,Office Chair,1.17
2027-10-19,Running Shoes,1.32
2027-10-19,Wireless Mouse,1.22
2027-10-19,Yoga Mat,1.31
2027-10-20,Bluetooth Speaker,0.98
2027-10-20,Coffee Maker,1.37
2027-10-20,LED Desk Lamp,1.43
2027-10-20,Notebook Pack,1.19
2027-10-20,Office Chair,1.17
2027-10-20,Running Shoes,1.32
2027-10-20,Wireless Mouse,1.22
2027-10-20,Yoga Mat,1.31
2027-10-21,Bluetooth Speaker,0.98
2027-10-21,Coffee Maker,1.37
2027-10-21,LED Desk Lamp,1.43
2027-10-21,Notebook Pack,1.19
2027-10-21,Office Chair,1.17
2027-10-21,Running Shoes,1.32
2027-10-21,Wireless Mouse,1.22
2027-10-21,Yoga Mat,1.31
2027-10-22,Bluetooth Speaker,0.98
2027-10-22,Coffee Maker,1.37
2027-10-22,LED Desk Lamp,1.43
2027-10-22,Notebook Pack,1.19
2027-10-22,Office Chair,1.17
2027-10-22,Running Shoes,1.32
2027-10-22,Wireless Mouse,1.22
2027-10-22,Yoga Mat,1.31
2027-10-23,Bluetooth Speaker,0.98
2027-10-23,Coffee Maker,1.37
2027-10-23,LED Desk Lamp,1.43
2027-10-23,Notebook Pack,1.19
2027-10-23,Office Chair,1.17
2027-10-23,Running Shoes,1.32
2027-10-23,Wireless Mouse,1.22
2027-10-23,Yoga Mat,1.31
2027-10-24,Bluetooth Speaker,0.98
2027-10-24,Coffee Maker,1.37
2027-10-24,LED Desk Lamp,1.43
2027-10-24,Notebook Pack,1.19
2027-10-24,Office Chair,1.17
2027-10-24,Running Shoes,1.32
2027-10-24,Wireless Mouse,1.22
2027-10-24,Yoga Mat,1.31
2027-10-25,Bluetooth Speaker,0.98
2027-10-25,Coffee Maker,1.37
2027-10-25,LED Desk Lamp,1.43
2027-10-25,Notebook Pack,1.19
2027-10-25,Office Chair,1.17
2027-10-25,Running Shoes,1.32
2027-10-25,Wireless Mouse,1.22
2027-10-25,Yoga Mat,1.31
2027-10-26,Bluetooth Speaker,0.98
2027-10-26,Coffee Maker,1.37
2027-10-26,LED Desk Lamp,1.43
2027-10-26,Notebook Pack,1.19
2027-10-26,Office Chair,1.17
2027-10-26,Running Shoes,1.32
2027-10-26,Wireless Mouse,1.22
2027-10-26,Yoga Mat,1.31
2027-10-27,Bluetooth Speaker,0.98
2027-10-27,Coffee Maker,1.37
2027-10-27,LED Desk Lamp,1.43
2027-10-27,Notebook Pack,1.19
2027-10-27,Office Chair,1.17
2027-10-27,Running Shoes,1.32
2027-10-27,Wireless Mouse,1.22
2027-10-27,Yoga Mat,1.31
2027-10-28,Bluetooth Speaker,0.98
2027-10-28,Coffee Maker,1.37
2027-10-28,LED Desk Lamp,1.43
2027-10-28,Notebook Pack,1.19
2027-10-28,Office Chair,1.17
2027-10-28,Running Shoes,1.32
2027-10-28,Wireless Mouse,1.22
2027-10-28,Yoga Mat,1.31
2027-10-29,Bluetooth Speaker,0.98
2027-10-29,Coffee Maker,1.37
2027-10-29,LED Desk Lamp,1.43
2027-10-29,Notebook Pack,1.19
2027-10-29,Office Chair,1.17
2027-10-29,Running Shoes,1.32
2027-10-29,Wireless Mouse,1.22
2027-10-29,Yoga Mat,1.31
2027-10-30,Bluetooth Speaker,0.98
2027-10-30,Coffee Maker,1.37
2027-10-30,LED Desk Lamp,1.43
2027-10-30,Notebook Pack,1.19
2027-10-30,Office Chair,1.17
2027-10-30,Running Shoes,1.32
2027-10-30,Wireless Mouse,1.22
2027-10-30,Yoga Mat,1.31
2027-10-31,Bluetooth Speaker,0.98
2027-10-31,Coffee Maker,1.37
2027-10-31,LED Desk Lamp,1.43
2027-10-31,Notebook Pack,1.19
2027-10-31,Office Chair,1.17
2027-10-31,Running Shoes,1.32
2027-10-31,Wireless Mouse,1.22
2027-10-31,Yoga Mat,1.31
2027-11-01,Bluetooth Speaker,0.98
2027-11-01,Coffee Maker,1.37
2027-11-01,LED Desk Lamp,1.43
2027-11-01,Notebook Pack,1.19
2027-11-01,Office Chair,1.17
2027-11-01,Running Shoes,1.32
2027-11-01,Wireless Mouse,1.22
2027-11-01,Yoga Mat,1.31
2027-11-02,Bluetooth Speaker,0.98
2027-11-02,Coffee Maker,1.37
2027-11-02,LED Desk Lamp,1.43
2027-11-02,Notebook Pack,1.19
2027-11-02,Office Chair,1.17
2027-11-02,Running Shoes,1.32
2027-11-02,Wireless Mouse,1.22
2027-11-02,Yoga Mat,1.31
2027-11-03,Bluetooth Speaker,0.98
2027-11-03,Coffee Maker,1.37
2027-11-03,LED Desk Lamp,1.43
2027-11-03,Notebook Pack,1.19
2027-11-03,Office Chair,1.17
2027-11-03,Running Shoes,1.32
2027-11-03,Wireless Mouse,1.22
2027-11-03,Yoga Mat,1.31
2027-11-04,Bluetooth Speaker,0.98
2027-11-04,Coffee Maker,1.37
2027-11-04,LED Desk Lamp,1.43
2027-11-04,Notebook Pack,1.19
2027-11-04,Office Chair,1.17
2027-11-04,Running Shoes,1.32
2027-11-04,Wireless Mouse,1.22
2027-11-04,Yoga Mat,1.31
2027-11-05,Bluetooth Speaker,0.98
2027-11-05,Coffee Maker,1.37
2027-11-05,LED Desk Lamp,1.43
2027-11-05,Notebook Pack,1.19
2027-11-05,Office Chair,1.17
2027-11-05,Running Shoes,1.32
2027-11-05,Wireless Mouse,1.22
2027-11-05,Yoga Mat,1.31
2027-11-06,Bluetooth Speaker,0.98
2027-11-06,Coffee Maker,1.37
2027-11-06,LED Desk Lamp,1.43
2027-11-06,Notebook Pack,1.19
2027-11-06,Office Chair,1.17
2027-11-06,Running Shoes,1.32
2027-11-06,Wireless Mouse,1.22
2027-11-06,Yoga Mat,1.31
2027-11-07,Bluetooth Speaker,0.98
2027-11-07,Coffee Maker,1.37
2027-11-07,LED Desk Lamp,1.43
2027-11-07,Notebook Pack,1.19
2027-11-07,Office Chair,1.17
2027-11-07,Running Shoes,1.32
2027-11-07,Wireless Mouse,1.22
2027-11-07,Yoga Mat,1.31
2027-11-08,Bluetooth Speaker,0.98
2027-11-08,Coffee Maker,1.37
2027-11-08,LED Desk Lamp,1.43
2027-11-08,Notebook Pack,1.19
2027-11-08,Office Chair,1.17
2027-11-08,Running Shoes,1.32
2027-11-08,Wireless Mouse,1.22
2027-11-08,Yoga Mat,1.31
2027-11-09,Bluetooth Speaker,0.98
2027-11-09,Coffee Maker,1.37
2027-11-09,LED Desk Lamp,1.43
2027-11-09,Notebook Pack,1.19
2027-11-09,Office Chair,1.17
2027-11-09,Running Shoes,1.32
2027-11-09,Wireless Mouse,1.22
2027-11-09,Yoga Mat,1.31
2027-11-10,Bluetooth Speaker,0.98
2027-11-10,Coffee Maker,1.37
2027-11-10,LED Desk Lamp,1.43
2027-11-10,Notebook Pack,1.19
2027-11-10,Office Chair,1.17
2027-11-10,Running Shoes,1.32
2027-11-10,Wireless Mouse,1.22
2027-11-10,Yoga Mat,1.31
2027-11-11,Bluetooth Speaker,0.98
2027-11-11,Coffee Maker,1.37
2027-11-11,LED Desk Lamp,1.43
2027-11-11,Notebook Pack,1.19
2027-11-11,Office Chair,1.17
2027-11-11,Running Shoes,1.32
2027-11-11,Wireless Mouse,1.22
2027-11-11,Yoga Mat,1.31
2027-11-12,Bluetooth Speaker,0.98
2027-11-12,Coffee Maker,1.37
2027-11-12,LED Desk Lamp,1.43
2027-11-12,Notebook Pack,1.19
2027-11-12,Office Chair,1.17
2027-11-12,Running Shoes,1.32
2027-11-12,Wireless Mouse,1.22
2027-11-12,Yoga Mat,1.31
2027-11-13,Bluetooth Speaker,0.98
2027-11-13,Coffee Maker,1.37
2027-11-13,LED Desk Lamp,1.43
2027-11-13,Notebook Pack,1.19
2027-11-13,Office Chair,1.17
2027-11-13,Running Shoes,1.32
2027-11-13,Wireless Mouse,1.22
2027-11-13,Yoga Mat,1.31
2027-11-14,Bluetooth Speaker,0.98
2027-11-14,Coffee Maker,1.37
2027-11-14,LED Desk Lamp,1.43
2027-11-14,Notebook Pack,1.19
2027-11-14,Office Chair,1.17
2027-11-14,Running Shoes,1.32
2027-11-14,Wireless Mouse,1.22
2027-11-14,Yoga Mat,1.31
2027-11-15,Bluetooth Speaker,0.98
2027-11-15,Coffee Maker,1.37
2027-11-15,LED Desk Lamp,1.43
2027-11-15,Notebook Pack,1.19
2027-11-15,Office Chair,1.17
2027-11-15,Running Shoes,1.32
2027-11-15,Wireless Mouse,1.22
2027-11-15,Yoga Mat,1.31
2027-11-16,Bluetooth Speaker,0.98
2027-11-16,Coffee Maker,1.37
2027-11-16,LED Desk Lamp,1.43
2027-11-16,Notebook Pack,1.19
2027-11-16,Office Chair,1.17
2027-11-16,Running Shoes,1.32
2027-11-16,Wireless Mouse,1.22
2027-11-16,Yoga Mat,1.31
2027-11-17,Bluetooth Speaker,0.98
2027-11-17,Coffee Maker,1.37
2027-11-17,LED Desk Lamp,1.43
2027-11-17,Notebook Pack,1.19
2027-11-17,Office Chair,1.17
2027-11-17,Running Shoes,1.32
2027-11-17,Wireless Mouse,1.22
2027-11-17,Yoga Mat,1.31
2027-11-18,Bluetooth Speaker,0.98
2027-11-18,Coffee Maker,1.37
2027-11-18,LED Desk Lamp,1.43
2027-11-18,Notebook Pack,1.19
2027-11-18,Office Chair,1.17
2027-11-18,Running Shoes,1.32
2027-11-18,Wireless Mouse,1.22
2027-11-18,Yoga Mat,1.31
2027-11-19,Bluetooth Speaker,0.98
2027-11-19,Coffee Maker,1.37
2027-11-19,LED Desk Lamp,1.43
2027-11-19,Notebook Pack,1.19
2027-11-19,Office Chair,1.17
2027-11-19,Running Shoes,1.32
2027-11-19,Wireless Mouse,1.22
2027-11-19,Yoga Mat,1.31
2027-11-20,Bluetooth Speaker,0.98
2027-11-20,Coffee Maker,1.37
2027-11-20,LED Desk Lamp,1.43
2027-11-20,Notebook Pack,1.19
2027-11-20,Office Chair,1.17
2027-11-20,Running Shoes,1.32
2027-11-20,Wireless Mouse,1.22
2027-11-20,Yoga Mat,1.31
2027-11-21,Bluetooth Speaker,0.98
2027-11-21,Coffee Maker,1.37
2027-11-21,LED Desk Lamp,1.43
2027-11-21,Notebook Pack,1.19
2027-11-21,Office Chair,1.17
2027-11-21,Running Shoes,1.32
2027-11-21,Wireless Mouse,1.22
2027-11-21,Yoga Mat,1.31
2027-11-22,Bluetooth Speaker,0.98
2027-11-22,Coffee Maker,1.37
2027-11-22,LED Desk Lamp,1.43
2027-11-22,Notebook Pack,1.19
2027-11-22,Office Chair,1.17
2027-11-22,Running Shoes,1.32
2027-11-22,Wireless Mouse,1.22
2027-11-22,Yoga Mat,1.31
2027-11-23,Bluetooth Speaker,0.98
2027-11-23,Coffee Maker,1.37
2027-11-23,LED Desk Lamp,1.43
2027-11-23,Notebook Pack,1.19
2027-11-23,Office Chair,1.17
2027-11-23,Running Shoes,1.32
2027-11-23,Wireless Mouse,1.22
2027-11-23,Yoga Mat,1.31
2027-11-24,Bluetooth Speaker,0.98
2027-11-24,Coffee Maker,1.37
2027-11-24,LED Desk Lamp,1.43
2027-11-24,Notebook Pack,1.19
2027-11-24,Office Chair,1.17
2027-11-24,Running Shoes,1.32
2027-11-24,Wireless Mouse,1.22
2027-11-24,Yoga Mat,1.31
2027-11-25,Bluetooth Speaker,0.98
2027-11-25,Coffee Maker,1.37
2027-11-25,LED Desk Lamp,1.43
2027-11-25,Notebook Pack,1.19
2027-11-25,Office Chair,1.17
2027-11-25,Running Shoes,1.32
2027-11-25,Wireless Mouse,1.22
2027-11-25,Yoga Mat,1.31
2027-11-26,Bluetooth Speaker,0.98
2027-11-26,Coffee Maker,1.37
2027-11-26,LED Desk Lamp,1.43
2027-11-26,Notebook Pack,1.19
2027-11-26,Office Chair,1.17
2027-11-26,Running Shoes,1.32
2027-11-26,Wireless Mouse,1.22
2027-11-26,Yoga Mat,1.31
2027-11-27,Bluetooth Speaker,0.98
2027-11-27,Coffee Maker,1.37
2027-11-27,LED Desk Lamp,1.43
2027-11-27,Notebook Pack,1.19
2027-11-27,Office Chair,1.17
2027-11-27,Running Shoes,1.32
2027-11-27,Wireless Mouse,1.22
2027-11-27,Yoga Mat,1.31
2027-11-28,Bluetooth Speaker,0.98
2027-11-28,Coffee Maker,1.37
2027-11-28,LED Desk Lamp,1.43
2027-11-28,Notebook Pack,1.19
2027-11-28,Office Chair,1.17
2027-11-28,Running Shoes,1.32
2027-11-28,Wireless Mouse,1.22
2027-11-28,Yoga Mat,1.31
2027-11-29,Bluetooth Speaker,0.98
2027-11-29,Coffee Maker,1.37
2027-11-29,LED Desk Lamp,1.43
2027-11-29,Notebook Pack,1.19
2027-11-29,Office Chair,1.17
2027-11-29,Running Shoes,1.32
2027-11-29,Wireless Mouse,1.22
2027-11-29,Yoga Mat,1.31
2027-11-30,Bluetooth Speaker,0.98
2027-11-30,Coffee Maker,1.37
2027-11-30,LED Desk Lamp,1.43
2027-11-30,Notebook Pack,1.19
2027-11-30,Office Chair,1.17
2027-11-30,Running Shoes,1.32
2027-11-30,Wireless Mouse,1.22
2027-11-30,Yoga Mat,1.31
2027-12-01,Bluetooth Speaker,0.98
2027-12-01,Coffee Maker,1.37
2027-12-01,LED Desk Lamp,1.43
2027-12-01,Notebook Pack,1.19
2027-12-01,Office Chair,1.17
2027-12-01,Running Shoes,1.32
2027-12-01,Wireless Mouse,1.22
2027-12-01,Yoga Mat,1.31
2027-12-02,Bluetooth Speaker,0.98
2027-12-02,Coffee Maker,1.37
2027-12-02,LED Desk Lamp,1.43
2027-12-02,Notebook Pack,1.19
2027-12-02,Office Chair,1.17
2027-12-02,Running Shoes,1.32
2027-12-02,Wireless Mouse,1.22
2027-12-02,Yoga Mat,1.31
2027-12-03,Bluetooth Speaker,0.98
2027-12-03,Coffee Maker,1.37
2027-12-03,LED Desk Lamp,1.43
2027-12-03,Notebook Pack,1.19
2027-12-03,Office Chair,1.17
2027-12-03,Running Shoes,1.32
2027-12-03,Wireless Mouse,1.22
2027-12-03,Yoga Mat,1.31
2027-12-04,Bluetooth Speaker,0.98
2027-12-04,Coffee Maker,1.37
2027-12-04,LED Desk Lamp,1.43
2027-12-04,Notebook Pack,1.19
2027-12-04,Office Chair,1.17
2027-12-04,Running Shoes,1.32
2027-12-04,Wireless Mouse,1.22
2027-12-04,Yoga Mat,1.31
2027-12-05,Bluetooth Speaker,0.98
2027-12-05,Coffee Maker,1.37
2027-12-05,LED Desk Lamp,1.43
2027-12-05,Notebook Pack,1.19
2027-12-05,Office Chair,1.17
2027-12-05,Running Shoes,1.32
2027-12-05,Wireless Mouse,1.22
2027-12-05,Yoga Mat,1.31
2027-12-06,Bluetooth Speaker,0.98
2027-12-06,Coffee Maker,1.37
2027-12-06,LED Desk Lamp,1.43
2027-12-06,Notebook Pack,1.19
2027-12-06,Office Chair,1.17
2027-12-06,Running Shoes,1.32
2027-12-06,Wireless Mouse,1.22
2027-12-06,Yoga Mat,1.31
2027-12-07,Bluetooth Speaker,0.98
2027-12-07,Coffee Maker,1.37
2027-12-07,LED Desk Lamp,1.43
2027-12-07,Notebook Pack,1.19
2027-12-07,Office Chair,1.17
2027-12-07,Running Shoes,1.32
2027-12-07,Wireless Mouse,1.22
2027-12-07,Yoga Mat,1.31
2027-12-08,Bluetooth Speaker,0.98
2027-12-08,Coffee Maker,1.37
2027-12-08,LED Desk Lamp,1.43
2027-12-08,Notebook Pack,1.19
2027-12-08,Office Chair,1.17
2027-12-08,Running Shoes,1.32
2027-12-08,Wireless Mouse,1.22
2027-12-08,Yoga Mat,1.31
2027-12-09,Bluetooth Speaker,0.98
2027-12-09,Coffee Maker,1.37
2027-12-09,LED Desk Lamp,1.43
2027-12-09,Notebook Pack,1.19
2027-12-09,Office Chair,1.17
2027-12-09,Running Shoes,1.32
2027-12-09,Wireless Mouse,1.22
2027-12-09,Yoga Mat,1.31
2027-12-10,Bluetooth Speaker,0.98
2027-12-10,Coffee Maker,1.37
2027-12-10,LED Desk Lamp,1.43
2027-12-10,Notebook Pack,1.19
2027-12-10,Office Chair,1.17
2027-12-10,Running Shoes,1.32
2027-12-10,Wireless Mouse,1.22
2027-12-10,Yoga Mat,1.31
2027-12-11,Bluetooth Speaker,0.98
2027-12-11,Coffee Maker,1.37
2027-12-11,LED Desk Lamp,1.43
2027-12-11,Notebook Pack,1.19
2027-12-11,Office Chair,1.17
2027-12-11,Running Shoes,1.32
2027-12-11,Wireless Mouse,1.22
2027-12-11,Yoga Mat,1.31
2027-12-12,Bluetooth Speaker,0.98
2027-12-12,Coffee Maker,1.37
2027-12-12,LED Desk Lamp,1.43
2027-12-12,Notebook Pack,1.19
2027-12-12,Office Chair,1.17
2027-12-12,Running Shoes,1.32
2027-12-12,Wireless Mouse,1.22
2027-12-12,Yoga Mat,1.31
2027-12-13,Bluetooth Speaker,0.98
2027-12-13,Coffee Maker,1.37
2027-12-13,LED Desk Lamp,1.43
2027-12-13,Notebook Pack,1.19
2027-12-13,Office Chair,1.17
2027-12-13,Running Shoes,1.32
2027-12-13,Wireless Mouse,1.22
2027-12-13,Yoga Mat,1.31
2027-12-14,Bluetooth Speaker,0.98
2027-12-14,Coffee Maker,1.37
2027-12-14,LED Desk Lamp,1.43
2027-12-14,Notebook Pack,1.19
2027-12-14,Office Chair,1.17
2027-12-14,Running Shoes,1.32
2027-12-14,Wireless Mouse,1.22
2027-12-14,Yoga Mat,1.31
2027-12-15,Bluetooth Speaker,0.98
2027-12-15,Coffee Maker,1.37
2027-12-15,LED Desk Lamp,1.43
2027-12-15,Notebook Pack,1.19
2027-12-15,Office Chair,1.17
2027-12-15,Running Shoes,1.32
2027-12-15,Wireless Mouse,1.22
2027-12-15,Yoga Mat,1.31
2027-12-16,Bluetooth Speaker,0.98
2027-12-16,Coffee Maker,1.37
2027-12-16,LED Desk Lamp,1.43
2027-12-16,Notebook Pack,1.19
2027-12-16,Office Chair,1.17
2027-12-16,Running Shoes,1.32
2027-12-16,Wireless Mouse,1.22
2027-12-16,Yoga Mat,1.31
2027-12-17,Bluetooth Speaker,0.98
2027-12-17,Coffee Maker,1.37
2027-12-17,LED Desk Lamp,1.43
2027-12-17,Notebook Pack,1.19
2027-12-17,Office Chair,1.17
2027-12-17,Running Shoes,1.32
2027-12-17,Wireless Mouse,1.22
2027-12-17,Yoga Mat,1.31
2027-12-18,Bluetooth Speaker,0.98
2027-12-18,Coffee Maker,1.37
2027-12-18,LED Desk Lamp,1.43
2027-12-18,Notebook Pack,1.19
2027-12-18,Office Chair,1.17
2027-12-18,Running Shoes,1.32
2027-12-18,Wireless Mouse,1.22
2027-12-18,Yoga Mat,1.31
2027-12-19,Bluetooth Speaker,0.98
2027-12-19,Coffee Maker,1.37
2027-12-19,LED Desk Lamp,1.43
2027-12-19,Notebook Pack,1.19
2027-12-19,Office Chair,1.17
2027-12-19,Running Shoes,1.32
2027-12-19,Wireless Mouse,1.22
2027-12-19,Yoga Mat,1.31
2027-12-20,Bluetooth Speaker,0.98
2027-12-20,Coffee Maker,1.37
2027-12-20,LED Desk Lamp,1.43
2027-12-20,Notebook Pack,1.19
2027-12-20,Office Chair,1.17
2027-12-20,Running Shoes,1.32
2027-12-20,Wireless Mouse,1.22
2027-12-20,Yoga Mat,1.31
2027-12-21,Bluetooth Speaker,0.98
2027-12-21,Coffee Maker,1.37
2027-12-21,LED Desk Lamp,1.43
2027-12-21,Notebook Pack,1.19
2027-12-21,Office Chair,1.17
2027-12-21,Running Shoes,1.32
2027-12-21,Wireless Mouse,1.22
2027-12-21,Yoga Mat,1.31
2027-12-22,Bluetooth Speaker,0.98
2027-12-22,Coffee Maker,1.37
2027-12-22,LED Desk Lamp,1.43
2027-12-22,Notebook Pack,1.19
2027-12-22,Office Chair,1.17
2027-12-22,Running Shoes,1.32
2027-12-22,Wireless Mouse,1.22
2027-12-22,Yoga Mat,1.31
2027-12-23,Bluetooth Speaker,0.98
2027-12-23,Coffee Maker,1.37
2027-12-23,LED Desk Lamp,1.43
2027-12-23,Notebook Pack,1.19
2027-12-23,Office Chair,1.17
2027-12-23,Running Shoes,1.32
2027-12-23,Wireless Mouse,1.22
2027-12-23,Yoga Mat,1.31
2027-12-24,Bluetooth Speaker,0.98
2027-12-24,Coffee Maker,1.37
2027-12-24,LED Desk Lamp,1.43
2027-12-24,Notebook Pack,1.19
2027-12-24,Office Chair,1.17
2027-12-24,Running Shoes,1.32
2027-12-24,Wireless Mouse,1.22
2027-12-24,Yoga Mat,1.31
2027-12-25,Bluetooth Speaker,0.98
2027-12-25,Coffee Maker,1.37
2027-12-25,LED Desk Lamp,1.43
2027-12-25,Notebook Pack,1.19
2027-12-25,Office Chair,1.17
2027-12-25,Running Shoes,1.32
2027-12-25,Wireless Mouse,1.22
2027-12-25,Yoga Mat,1.31
2027-12-26,Bluetooth Speaker,0.98
2027-12-26,Coffee Maker,1.37
2027-12-26,LED Desk Lamp,1.43
2027-12-26,Notebook Pack,1.19
2027-12-26,Office Chair,1.17
2027-12-26,Running Shoes,1.32
2027-12-26,Wireless Mouse,1.22
2027-12-26,Yoga Mat,1.31
2027-12-27,Bluetooth Speaker,0.98
2027-12-27,Coffee Maker,1.37
2027-12-27,LED Desk Lamp,1.43
2027-12-27,Notebook Pack,1.19
2027-12-27,Office Chair,1.17
2027-12-27,Running Shoes,1.32
2027-12-27,Wireless Mouse,1.22
2027-12-27,Yoga Mat,1.31
2027-12-28,Bluetooth Speaker,0.98
2027-12-28,Coffee Maker,1.37
2027-12-28,LED Desk Lamp,1.43
2027-12-28,Notebook Pack,1.19
2027-12-28,Office Chair,1.17
2027-12-28,Running Shoes,1.32
2027-12-28,Wireless Mouse,1.22
2027-12-28,Yoga Mat,1.31
2027-12-29,Bluetooth Speaker,0.98
2027-12-29,Coffee Maker,1.37
2027-12-29,LED Desk Lamp,1.43
2027-12-29,Notebook Pack,1.19
2027-12-29,Office Chair,1.17
2027-12-29,Running Shoes,1.32
2027-12-29,Wireless Mouse,1.22
2027-12-29,Yoga Mat,1.31
2027-12-30,Bluetooth Speaker,0.98
2027-12-30,Coffee Maker,1.37
2027-12-30,LED Desk Lamp,1.43
2027-12-30,Notebook Pack,1.19
2027-12-30,Office Chair,1.17
2027-12-30,Running Shoes,1.32
2027-12-30,Wireless Mouse,1.22
2027-12-30,Yoga Mat,1.31
2027-12-31,Bluetooth Speaker,0.98
2027-12-31,Coffee Maker,1.37
2027-12-31,LED Desk Lamp,1.43
2027-12-31,Notebook Pack,1.19
2027-12-31,Office Chair,1.17
2027-12-31,Running Shoes,1.32
2027-12-31,Wireless Mouse,1.22
2027-12-31,Yoga Mat,1.31
