Row_ID,Date,Product_ID,Product_Name,Category,Store_ID,Store_Location,Units_Sold,Price,Discount_Percentage,Revenue,Promotion_Flag,Stock_Availability,Day_of_Week,Month,Quarter,Holiday_Flag,Holiday_Name,Is_Weekend,Season,Weather,Local_Event_Flag,Competitor_Price,Economic_Indicator,Sales_Channel,Customer_Segment,Marketing_Spend,Discount_Amount,Discounted_Price,Price_Difference,Price_Ratio,Marketing_to_Price_Ratio,Price_Band,Product_Num,Store_Num,Month_Num,Day_Num
1,2023-01-06,P002,Bluetooth Speaker,Electronics,S01,Chennai,54,3763.742294261015,0,203242.0838900948,0,1,Friday,January,Q1,0,No_Holiday,0,Winter,Sunny,1,3454.023812543363,100.9421421863805,Online,Retail,0.0,0.0,3763.742294261015,309.71848171765214,1.0896688901196636,0.0,High,2,1,1,4
2,2023-01-13,P002,Bluetooth Speaker,Electronics,S01,Chennai,58,3763.712175885105,0,218295.3062013361,0,1,Friday,January,Q1,0,No_Holiday,0,Winter,Sunny,1,3446.529757785505,100.9417956797713,Online,Retail,0.0,0.0,3763.712175885105,317.1824180996,1.0920295022502282,0.0,High,2,1,1,4
3,2023-01-28,P002,Bluetooth Speaker,Electronics,S01,Chennai,64,2398.777773030474,8,153521.7774739503,1,1,Saturday,January,Q1,0,No_Holiday,0,Winter,Sunny,1,2266.365487878883,98.54345656210423,In-Store,Retail,8410.202039752674,191.9022218424379,2206.875551188036,132.41228515159082,1.0584249477234657,3.506036338300618,Medium,2,1,1,5
4,2023-02-09,P005,LED Desk Lamp,Home,S04,Delhi,96,1406.01943468993,20,134977.8657302333,1,1,Thursday,January,Q1,0,No_Holiday,1,Winter,Sunny,0,1493.410239910801,95.7864493682281,In-Store,Retail,6880.514324851857,281.203886937986,1124.815547751944,-87.39080522087102,0.94148238515755,4.893612531301333,Low,5,4,1,3
5,2023-02-13,P006,Running Shoes,Apparel,S02,Bengaluru,45,3337.215177776241,6,150174.6829999309,1,1,Monday,January,Q1,0,No_Holiday,0,Winter,Rainy,0,3100.272443482805,106.2147742833533,Wholesale,Corporate,7908.876990815977,200.23291066657447,3136.9822671096667,236.94273429343593,1.0764264233588638,2.369903218553042,Medium,6,2,1,0
6,2023-02-14,P006,Running Shoes,Apparel,S03,Mumbai,3,957.7370043190359,23,2873.211012957108,1,0,Tuesday,January,Q1,0,No_Holiday,0,Winter,Cloudy,1,1054.77222405728,107.3482751162542,Wholesale,Retail,7292.672799912749,220.27951099337824,737.4574933256577,-97.03521973824411,0.9080036262568718,7.614483691269649,Low,6,3,1,1
7,2023-02-16,P004,Notebook Pack,Stationery,S03,Mumbai,63,2314.424605371369,10,145808.7501383963,1,1,Thursday,February,Q1,0,No_Holiday,0,Winter,Rainy,0,2230.922026234119,108.2681040643536,Online,Retail,1982.609948820768,231.4424605371369,2082.9821448342323,83.50257913725,1.03742962692345,0.8566319007408935,Medium,4,3,2,3
8,2023-02-22,P001,Wireless Mouse,Electronics,S02,Bengaluru,3,3630.021821219037,14,10890.06546365711,1,0,Wednesday,January,Q1,0,No_Holiday,0,Winter,Stormy,0,3603.639386472103,99.10655005979795,Online,Retail,7206.092355439929,508.20305497066516,3121.818766248372,26.382434746933995,1.0073210529460779,1.9851374758457987,High,1,2,1,2
9,2023-02-27,P004,Notebook Pack,Stationery,S01,Chennai,55,1363.141680350971,7,74972.79241930343,1,1,Monday,February,Q1,0,No_Holiday,0,Winter,Clear,0,1412.30849576471,104.5301857256598,In-Store,Corporate,7612.550258359195,95.41991762456797,1267.721762726403,-49.16681541373896,0.9651869152092603,5.584562755354363,Low,4,1,2,0
10,2023-03-02,P007,Yoga Mat,Sports,S04,Delhi,46,1931.101747777129,4,88830.68039774794,1,1,Thursday,January,Q1,0,No_Holiday,0,Winter,Sunny,0,1803.21704565866,96.91871751574725,Wholesale,Corporate,6172.804976373097,77.24406991108516,1853.8576778660438,127.88470211846902,1.0709203045891553,3.1965198019620393,Medium,7,4,1,3
11,2023-03-07,P004,Notebook Pack,Stationery,S02,Bengaluru,66,310.6551759597853,4,20503.24161334583,1,1,Tuesday,February,Q1,0,No_Holiday,0,Winter,Cloudy,0,338.9799197003058,98.82662003432382,Wholesale,Wholesale,4342.263542573458,12.426207038391412,298.2289689213939,-28.32474374052049,0.916441234142829,13.977760161754295,Low,4,2,2,1
12,2023-03-17,P004,Notebook Pack,Stationery,S03,Mumbai,55,2261.325966444587,15,124372.9281544523,1,1,Friday,February,Q1,0,No_Holiday,0,Winter,Clear,0,2339.127396863317,96.74398918941002,In-Store,Wholesale,3893.148466935207,339.19889496668804,1922.1270714778989,-77.80143041872998,0.9667391222371817,1.721621970783931,Medium,4,3,2,4
13,2023-03-18,P002,Bluetooth Speaker,Electronics,S02,Bengaluru,92,778.0745805677832,21,71582.86141223606,1,1,Saturday,March,Q1,0,No_Holiday,0,Spring,Clear,1,809.0416059252165,97.94403355020931,Wholesale,Corporate,4450.173757499924,163.39566191923447,614.6789186485487,-30.967025357433272,0.9617238160180656,5.719469403887357,Low,2,2,3,5
14,2023-03-18,P004,Notebook Pack,Stationery,S01,Chennai,48,1350.400776942032,7,64819.23729321752,1,1,Saturday,February,Q1,0,No_Holiday,0,Winter,Clear,0,1406.366094536174,104.2908420695523,In-Store,Corporate,7713.929713177574,94.52805438594226,1255.8727225560897,-55.96531759414188,0.960205726082582,5.712326181154667,Low,4,1,2,5
15,2023-03-23,P004,Notebook Pack,Stationery,S03,Mumbai,51,2265.429508114244,15,115536.9049138264,1,1,Thursday,February,Q1,0,No_Holiday,0,Winter,Clear,0,2344.577276252835,97.20950732657714,In-Store,Wholesale,3273.489089273558,339.81442621713666,1925.6150818971073,-79.14776813859089,0.9662422011250204,1.4449750378675117,Medium,4,3,2,3
16,2023-03-24,P007,Yoga Mat,Sports,S02,Bengaluru,31,3591.864795594436,0,111347.8086634275,1,1,Friday,February,Q1,0,No_Holiday,0,Winter,Cloudy,1,3570.498670255124,95.94390172098949,In-Store,Corporate,8735.736045499163,0.0,3591.864795594436,21.36612533931202,1.0059840731820762,2.432089330370644,High,7,2,2,4
17,2023-03-26,P008,Coffee Maker,Appliances,S01,Chennai,46,4381.723223260518,8,201559.2682699838,1,1,Sunday,March,Q1,0,No_Holiday,1,Spring,Stormy,0,4336.02615680587,98.06750284079168,Online,Corporate,9863.227183664798,350.5378578608415,4031.185365399677,45.69706645464794,1.0105389277652121,2.250992744431127,High,8,1,3,6
18,2023-03-27,P002,Bluetooth Speaker,Electronics,S01,Chennai,67,2407.725307331136,8,161317.5955911861,1,1,Monday,January,Q1,0,No_Holiday,0,Winter,Sunny,1,2264.369185133211,99.1765778618673,In-Store,Retail,9044.652026697479,192.61802458649086,2215.107282744645,143.35612219792483,1.0633095182265921,3.7565132530517373,Medium,2,1,1,0
19,2023-03-27,P007,Yoga Mat,Sports,S04,Delhi,1,3059.492811274742,1,3059.492811274742,1,0,Monday,January,Q1,0,No_Holiday,0,Winter,Cloudy,1,3277.524579074695,95.38729992082561,Wholesale,Retail,6996.61454055338,30.59492811274742,3028.8978831619947,-218.03176779995283,0.9334766948226801,2.2868543814745,Medium,7,4,1,0
20,2023-03-28,P002,Bluetooth Speaker,Electronics,S02,Bengaluru,91,775.0486657476785,21,70529.42858303874,1,1,Tuesday,March,Q1,0,No_Holiday,0,Spring,Clear,1,817.857204524658,98.76246187858757,Wholesale,Corporate,4358.01271784021,162.76021980701248,612.288445940666,-42.8085387769795,0.9476576857914213,5.622889129982692,Low,2,2,3,1
21,2023-04-02,P002,Bluetooth Speaker,Electronics,S01,Chennai,82,996.4933792658001,4,81712.4570997956,0,1,Sunday,March,Q1,0,No_Holiday,0,Spring,Sunny,0,1030.245066506672,105.0543259894844,In-Store,Wholesale,0.0,39.859735170632,956.633644095168,-33.75168724087189,0.9672391663516369,0.0,Low,2,1,3,6
22,2023-04-02,P005,LED Desk Lamp,Home,S03,Mumbai,46,4067.072479931495,0,187085.3340768488,1,1,Sunday,March,Q1,0,No_Holiday,1,Spring,Rainy,0,4354.202567667094,105.9293057031166,In-Store,Wholesale,4341.707507920288,0.0,4067.072479931495,-287.13008773559886,0.9340567915081088,1.067526465127914,High,5,3,3,6
23,2023-04-03,P002,Bluetooth Speaker,Electronics,S03,Mumbai,1,4237.781286200119,5,4237.781286200119,1,0,Monday,January,Q1,0,No_Holiday,0,Winter,Rainy,0,4127.986148391435,97.44328159127743,Wholesale,Retail,5791.677620446554,211.88906431000595,4025.8922218901134,109.79513780868456,1.0265977486022981,1.3666768597300034,High,2,3,1,0
24,2023-04-08,P005,LED Desk Lamp,Home,S01,Chennai,112,420.5271042846948,22,47099.03567988581,1,1,Saturday,March,Q1,0,No_Holiday,1,Spring,Cloudy,0,409.8136036414498,97.21866254665689,Wholesale,Corporate,6246.420918019192,92.51596294263287,328.01114134206193,10.713500643245027,1.0261423743576321,14.85378910033441,Low,5,1,3,5
25,2023-04-08,P001,Wireless Mouse,Electronics,S01,Chennai,51,4640.982060266369,20,236690.0850735848,1,1,Saturday,January,Q1,0,No_Holiday,1,Winter,Rainy,0,4633.422154200618,97.83340133748918,In-Store,Retail,1950.766832084742,928.1964120532738,3712.7856482130956,7.55990606575142,1.001631603124895,0.4203349219524407,High,1,1,1,5
26,2023-04-13,P008,Coffee Maker,Appliances,S01,Chennai,58,744.398147274865,4,43175.09254194217,0,1,Thursday,January,Q1,0,No_Holiday,1,Winter,Sunny,0,795.6332115034602,109.1475443051322,Online,Wholesale,0.0,29.7759258909946,714.6222213838704,-51.235064228595206,0.9356046687244498,0.0,Low,8,1,1,3
27,2023-04-14,P006,Running Shoes,Apparel,S02,Bengaluru,41,3350.54722923547,4,137372.4363986543,1,1,Friday,January,Q1,0,No_Holiday,0,Winter,Rainy,0,3104.141641300163,105.7807191830655,Wholesale,Corporate,7745.84391223836,134.02188916941878,3216.525340066051,246.4055879353068,1.0793796212959215,2.311814573049851,Medium,6,2,1,4
28,2023-04-21,P002,Bluetooth Speaker,Electronics,S03,Mumbai,85,1271.335717699269,12,108063.5360044378,1,1,Friday,February,Q1,0,No_Holiday,0,Winter,Cloudy,1,1232.505481448607,103.3250315008603,In-Store,Corporate,9728.233367951527,152.56028612391228,1118.7754315753568,38.83023625066198,1.0315051225614214,7.651978334689338,Low,2,3,2,4
29,2023-04-22,P004,Notebook Pack,Stationery,S03,Mumbai,60,270.76499405372,3,16245.8996432232,0,1,Saturday,April,Q2,0,No_Holiday,0,Spring,Stormy,1,256.5543455183247,96.2155825190433,In-Store,Corporate,662.9865786881275,8.1229498216116,262.6420442321084,14.210648535395308,1.0553904027884817,2.448568290761362,Low,4,3,4,5
30,2023-04-24,P004,Notebook Pack,Stationery,S04,Delhi,82,1312.016428890277,20,107585.3471690027,1,1,Monday,March,Q1,0,No_Holiday,0,Spring,Sunny,0,1379.098506185155,105.2725030170664,In-Store,Corporate,9818.695031218336,262.4032857780554,1049.6131431122217,-67.08207729487799,0.9513580233797515,7.483667746083892,Low,4,4,3,0
31,2023-04-27,P007,Yoga Mat,Sports,S01,Chennai,65,1472.373382067027,0,95704.26983435676,1,1,Thursday,April,Q2,0,No_Holiday,0,Spring,Cloudy,1,1442.491431860093,104.1746810426339,In-Store,Retail,7008.351627549543,0.0,1472.373382067027,29.881950206934107,1.020715513137157,4.759901063757821,Low,7,1,4,3
32,2023-04-29,P004,Notebook Pack,Stationery,S03,Mumbai,54,2278.772476392781,16,123053.7137252102,1,1,Saturday,February,Q1,0,No_Holiday,0,Winter,Clear,0,2348.767141458411,96.6214725238437,In-Store,Wholesale,3464.746445724622,364.60359622284494,1914.1688801699358,-69.99466506563022,0.970199402133083,1.5204442223249939,Medium,4,3,2,5
33,2023-05-01,P005,LED Desk Lamp,Home,S01,Chennai,15,4711.335651339276,0,70670.03477008913,0,1,Monday,January,Q1,0,No_Holiday,1,Winter,Sunny,1,4385.503509496953,98.9781987025665,Online,Wholesale,0.0,0.0,4711.335651339276,325.83214184232384,1.074297544429442,0.0,High,5,1,1,0
34,2023-05-01,P008,Coffee Maker,Appliances,S04,Delhi,87,1376.231382679071,15,119732.1302930792,1,1,Monday,February,Q1,0,No_Holiday,1,Winter,Sunny,0,1290.685577434794,106.7756579675564,Wholesale,Wholesale,5354.174484495841,206.43470740186066,1169.7966752772104,85.54580524427706,1.0662793531901837,3.8904609732652804,Low,8,4,2,0
35,2023-05-02,P004,Notebook Pack,Stationery,S02,Bengaluru,60,303.6041641220062,0,18216.24984732037,1,1,Tuesday,February,Q1,0,No_Holiday,0,Winter,Cloudy,0,335.075257078111,99.4309054154641,Wholesale,Wholesale,4729.336538488208,0.0,303.6041641220062,-31.471092956104826,0.9060775384296178,15.577311174782437,Low,4,2,2,1
36,2023-05-08,P006,Running Shoes,Apparel,S04,Delhi,42,4969.563084168101,9,208721.6495350602,1,1,Monday,April,Q2,0,No_Holiday,0,Spring,Stormy,1,5086.66057318984,96.20477027789563,Wholesale,Retail,8154.408314513024,447.2606775751291,4522.302406592972,-117.09748902173851,0.9769794962064263,1.640870268956061,High,6,4,4,0
37,2023-05-08,P003,Office Chair,Furniture,S02,Bengaluru,77,1036.273978253775,8,79793.09632554068,1,1,Monday,March,Q1,0,No_Holiday,1,Spring,Clear,0,1041.749643597474,103.4627390420239,Online,Corporate,6315.947527754745,82.90191826030201,953.3720599934732,-5.475665343698893,0.9947437799692547,6.094862613840546,Low,3,2,3,0
38,2023-05-08,P002,Bluetooth Speaker,Electronics,S01,Chennai,66,2395.386550456979,14,158095.5123301606,1,1,Monday,January,Q1,0,No_Holiday,0,Winter,Sunny,1,2255.331205285098,99.23781627316612,In-Store,Retail,8431.133360438089,335.354117063977,2060.032433393002,140.05534517188107,1.0620996795697581,3.519738122780076,Medium,2,1,1,0
39,2023-05-09,P004,Notebook Pack,Stationery,S01,Chennai,3,1848.709532217179,4,5546.128596651538,0,0,Tuesday,April,Q2,0,No_Holiday,1,Spring,Stormy,1,1924.616970580612,95.90120807706353,In-Store,Wholesale,0.0,73.94838128868716,1774.7611509284918,-75.9074383634329,0.9605597168040488,0.0,Medium,4,1,4,1
40,2023-05-12,P004,Notebook Pack,Stationery,S02,Bengaluru,6,3970.647576314946,0,23823.88545788968,0,0,Friday,April,Q2,0,No_Holiday,1,Spring,Rainy,1,3755.017643613946,108.1130386138222,In-Store,Retail,361.1921924459773,0.0,3970.647576314946,215.62993270100014,1.0574244792345293,0.09096556304833034,High,4,2,4,4
41,2023-05-15,P008,Coffee Maker,Appliances,S03,Mumbai,69,3402.270494167612,18,234756.6640975652,1,1,Monday,March,Q1,0,No_Holiday,0,Spring,Cloudy,1,3159.929012598111,101.6654886286622,In-Store,Wholesale,3737.704105417787,612.4086889501701,2789.861805217442,242.34148156950096,1.0766920651075786,1.0985911060937679,High,8,3,3,0
42,2023-05-17,P008,Coffee Maker,Appliances,S01,Chennai,59,3063.391381825536,0,180740.0915277066,1,1,Wednesday,March,Q1,0,No_Holiday,1,Spring,Clear,0,2788.391826424113,98.61620653445657,Wholesale,Wholesale,5723.74905028711,0.0,3063.391381825536,274.9995554014231,1.0986229958054667,1.8684354484526275,Medium,8,1,3,2
43,2023-05-17,P003,Office Chair,Furniture,S02,Bengaluru,46,703.117284434302,0,32343.39508397789,0,1,Wednesday,April,Q2,0,No_Holiday,0,Spring,Clear,0,726.4337984745065,104.3706225501953,Online,Wholesale,215.747493273799,0.0,703.117284434302,-23.316514040204538,0.9679027681680441,0.3068442464010541,Low,3,2,4,2
44,2023-05-19,P001,Wireless Mouse,Electronics,S01,Chennai,33,3771.633528935392,2,124463.9064548679,1,1,Friday,April,Q2,0,No_Holiday,0,Spring,Stormy,0,3521.974157882418,99.31185628892464,In-Store,Wholesale,6265.810659368486,75.43267057870784,3696.200858356684,249.65937105297417,1.0708862018462626,1.6612989070380648,High,1,1,4,4
45,2023-05-23,P007,Yoga Mat,Sports,S02,Bengaluru,1,4111.740731411402,15,4111.740731411402,1,0,Tuesday,May,Q2,0,No_Holiday,0,Spring,Rainy,0,3742.115129836116,102.5139119935123,In-Store,Wholesale,9443.542352642968,616.7611097117102,3494.9796216996915,369.6256015752856,1.0987745135440217,2.296726123925952,High,7,2,5,1
46,2023-05-25,P003,Office Chair,Furniture,S02,Bengaluru,73,1036.259159539743,14,75646.91864640127,1,1,Thursday,March,Q1,0,No_Holiday,1,Spring,Clear,0,1039.907324141832,103.6384835914786,Online,Corporate,7002.149198562967,145.07628233556403,891.182877204179,-3.648164602089082,0.996491836803727,6.757140946935503,Low,3,2,3,3
47,2023-05-28,P008,Coffee Maker,Appliances,S01,Chennai,39,3164.978268483275,7,123434.1524708477,1,1,Sunday,April,Q2,0,No_Holiday,0,Spring,Clear,0,3262.386329890966,104.3982399565704,In-Store,Wholesale,2949.357958698366,221.54847879382925,2943.4297896894454,-97.4080614076911,0.9701420826481496,0.9318730520420797,Medium,8,1,4,6
48,2023-05-28,P006,Running Shoes,Apparel,S03,Mumbai,26,3778.67330582605,0,98245.50595147729,0,1,Sunday,May,Q2,0,No_Holiday,0,Spring,Rainy,0,3990.661039325782,106.0215343916406,In-Store,Retail,480.4591733694146,0.0,3778.67330582605,-211.9877334997318,0.9468790429929507,0.12715022826361597,High,6,3,5,6
49,2023-05-28,P008,Coffee Maker,Appliances,S01,Chennai,22,3170.986563149723,0,69761.7043892939,0,1,Sunday,March,Q1,0,No_Holiday,0,Spring,Sunny,0,3465.707195247303,106.6860363020621,Wholesale,Retail,0.0,0.0,3170.986563149723,-294.7206320975797,0.9149608967249903,0.0,Medium,8,1,3,6
50,2023-05-30,P005,LED Desk Lamp,Home,S04,Delhi,56,4435.845810905551,9,248407.3654107109,1,1,Tuesday,March,Q1,0,No_Holiday,0,Spring,Sunny,1,4703.025201279902,105.5017546517794,In-Store,Wholesale,309.1290453695595,399.2261229814996,4036.6196879240515,-267.179390374351,0.9431898875851995,0.06968886172949566,High,5,4,3,1
51,2023-06-03,P006,Running Shoes,Apparel,S03,Mumbai,13,3582.789540147116,0,46576.2640219125,0,1,Saturday,February,Q1,0,No_Holiday,0,Winter,Rainy,0,3736.41952690805,99.69657322176,Wholesale,Wholesale,708.7499883806454,0.0,3582.789540147116,-153.62998676093412,0.9588831003439099,0.1978207149593115,High,6,3,2,5
52,2023-06-03,P003,Office Chair,Furniture,S02,Bengaluru,95,839.0189249749362,7,79706.79787261895,1,1,Saturday,March,Q1,0,No_Holiday,1,Spring,Clear,1,908.2099438541916,107.1902364859535,In-Store,Corporate,9536.341678660989,58.731324748245534,780.2876002266906,-69.19101887925535,0.9238160522823304,11.36606266532768,Low,3,2,3,5
53,2023-06-03,P004,Notebook Pack,Stationery,S02,Bengaluru,5,3983.111996372205,0,19915.55998186102,0,0,Saturday,April,Q2,0,No_Holiday,1,Spring,Rainy,1,3742.233695997054,108.1118313337341,In-Store,Retail,666.3675467651692,0.0,3983.111996372205,240.87830037515096,1.0643675194931868,0.16729821992755736,High,4,2,4,5
54,2023-06-03,P005,LED Desk Lamp,Home,S04,Delhi,94,1411.314571120201,20,132663.5696852989,1,1,Saturday,January,Q1,0,No_Holiday,1,Winter,Sunny,0,1497.297278278524,95.90769616877152,In-Store,Retail,6590.300365131421,282.26291422404023,1129.0516568961607,-85.98270715832291,0.9425747255366822,4.6696183118838706,Low,5,4,1,5
55,2023-06-07,P002,Bluetooth Speaker,Electronics,S04,Delhi,23,4525.674347513493,0,104090.5099928103,0,1,Wednesday,February,Q1,0,No_Holiday,1,Winter,Stormy,0,4543.961216400756,107.0813999107528,Wholesale,Wholesale,66.25799789498228,0.0,4525.674347513493,-18.286868887263154,0.9959755666881004,0.014640469642139832,High,2,4,2,2
56,2023-06-08,P001,Wireless Mouse,Electronics,S03,Mumbai,44,3411.11091907311,9,150088.8804392169,1,1,Thursday,April,Q2,0,No_Holiday,0,Spring,Stormy,0,3745.847808205466,103.8224644349645,In-Store,Retail,6478.758251716537,306.9999827165799,3104.11093635653,-334.7368891323563,0.9106378832586047,1.8993103435865373,High,1,3,4,3
57,2023-06-08,P005,LED Desk Lamp,Home,S01,Chennai,52,963.5512692920989,1,50104.66600318914,0,1,Thursday,March,Q1,0,No_Holiday,0,Spring,Sunny,0,947.3051558429023,103.4661767297684,In-Store,Retail,308.1892757283912,9.63551269292099,953.9157565991779,16.246113449196628,1.017149820571536,0.3198473039787612,Low,5,1,3,3
58,2023-06-09,P008,Coffee Maker,Appliances,S02,Bengaluru,57,2349.145074475377,1,133901.2692450965,1,1,Friday,March,Q1,0,No_Holiday,0,Spring,Cloudy,1,2463.378099914622,101.1429082709953,In-Store,Retail,10012.5039245867,23.49145074475377,2325.653623730623,-114.23302543924501,0.9536274900539206,4.262190544712418,Medium,8,2,3,4
59,2023-06-10,P008,Coffee Maker,Appliances,S01,Chennai,65,1933.761732493789,11,125694.5126120963,1,1,Saturday,May,Q2,0,No_Holiday,0,Spring,Stormy,1,1786.605309552755,108.2659427764981,Online,Corporate,4029.189322446556,212.71379057431676,1721.0479419194721,147.15642294103395,1.0823664981595023,2.083601746141958,Medium,8,1,5,5
60,2023-06-11,P007,Yoga Mat,Sports,S01,Chennai,59,1288.133117168293,24,75999.85391292926,1,1,Sunday,March,Q1,0,No_Holiday,0,Spring,Stormy,0,1308.601746084325,97.4800133752813,Wholesale,Corporate,5011.461653900486,309.1519481203903,978.9811690479028,-20.468628916032003,0.9843583970621471,3.8904842885471327,Low,7,1,3,6
61,2023-06-11,P008,Coffee Maker,Appliances,S01,Chennai,60,1924.314699126477,9,115458.8819475886,1,1,Sunday,May,Q2,0,No_Holiday,0,Spring,Stormy,1,1795.639024336763,108.4053242321381,Online,Corporate,3788.989489698996,173.18832292138293,1751.1263762050942,128.6756747897141,1.0716601015269434,1.969007195870285,Medium,8,1,5,6
62,2023-06-12,P008,Coffee Maker,Appliances,S04,Delhi,75,462.4734323022778,12,34685.50742267084,1,1,Monday,March,Q1,0,No_Holiday,0,Spring,Clear,0,466.5701176947638,106.8059273414013,Online,Corporate,5519.200589516076,55.496811876273334,406.97662042600444,-4.096685392485995,0.9912195718561511,11.934092218098845,Low,8,4,3,0
63,2023-06-14,P007,Yoga Mat,Sports,S04,Delhi,3,4720.52551979302,3,14161.57655937906,0,0,Wednesday,February,Q1,0,No_Holiday,0,Winter,Rainy,0,4914.848013299674,99.79895254479621,Wholesale,Wholesale,55.73306037140765,141.6157655937906,4578.90975419923,-194.3224935066537,0.9604621561072055,0.0118065372462707,High,7,4,2,2
64,2023-06-23,P005,LED Desk Lamp,Home,S02,Bengaluru,84,3492.101475253213,15,293336.5239212699,1,1,Friday,January,Q1,0,No_Holiday,1,Winter,Rainy,0,3704.508718593919,100.5222735006991,Online,Retail,8944.00193378349,523.8152212879819,2968.286253965231,-212.40724334070637,0.9426625068326665,2.5612090591196117,High,5,2,1,4
65,2023-06-25,P004,Notebook Pack,Stationery,S01,Chennai,49,1352.647522692198,4,66279.72861191772,1,1,Sunday,February,Q1,0,No_Holiday,0,Winter,Clear,0,1403.967044804911,105.0074104734534,In-Store,Corporate,7916.870468274118,54.10590090768792,1298.54162178451,-51.319522112713,0.9634467758323743,5.852870267722838,Low,4,1,2,6
66,2023-06-26,P005,LED Desk Lamp,Home,S03,Mumbai,70,4287.877230634149,17,300151.4061443904,1,1,Monday,February,Q1,0,No_Holiday,1,Winter,Cloudy,0,4069.580062297304,101.7874043196882,Wholesale,Wholesale,3783.103552507936,728.9391292078054,3558.9381014263436,218.29716833684506,1.053641202530763,0.882278887436439,High,5,3,2,0
67,2023-06-27,P008,Coffee Maker,Appliances,S01,Chennai,56,3071.144121350556,3,171984.0707956312,1,1,Tuesday,March,Q1,0,No_Holiday,1,Spring,Clear,0,2782.215878339021,98.89522326018059,Wholesale,Wholesale,5791.541536669776,92.13432364051667,2979.009797710039,288.92824301153496,1.103848247456637,1.8857928211206538,Medium,8,1,3,1
68,2023-06-27,P003,Office Chair,Furniture,S03,Mumbai,75,407.4966474593112,16,30562.24855944834,1,1,Tuesday,June,Q2,0,No_Holiday,0,Summer,Cloudy,0,406.0126466874191,105.8544595744723,Online,Retail,8266.578403822368,65.1994635934898,342.2971838658214,1.4840007718921129,1.0036550604617855,20.2862488694408,Low,3,3,6,1
69,2023-06-28,P005,LED Desk Lamp,Home,S02,Bengaluru,86,3485.572821322596,17,299759.2626337432,1,1,Wednesday,January,Q1,0,No_Holiday,1,Winter,Rainy,0,3696.325682938402,100.6175053509094,Online,Retail,8832.864575816866,592.5473796248414,2893.025441697755,-210.75286161580607,0.9429831460499802,2.5341213707493986,High,5,2,1,2
70,2023-06-28,P001,Wireless Mouse,Electronics,S03,Mumbai,4,4328.051579777039,3,17312.20631910816,0,0,Wednesday,April,Q2,0,No_Holiday,0,Spring,Cloudy,0,3973.994401883459,107.7678490834081,Online,Retail,193.4357335355637,129.84154739331115,4198.210032383728,354.0571778935796,1.0890935270884567,0.044693490816837406,High,1,3,4,2
71,2023-06-29,P005,LED Desk Lamp,Home,S01,Chennai,53,948.9298918006208,0,50293.2842654329,0,1,Thursday,March,Q1,0,No_Holiday,0,Spring,Sunny,0,935.7473074762812,104.3172781258387,In-Store,Retail,0.0,0.0,948.9298918006208,13.182584324339587,1.014087760893369,0.0,Low,5,1,3,3
72,2023-06-29,P005,LED Desk Lamp,Home,S01,Chennai,42,2604.94332358587,4,109407.6195906065,0,1,Thursday,May,Q2,0,No_Holiday,0,Spring,Clear,1,2529.79156418732,108.5419980962954,Online,Retail,8.889509564802992,104.1977329434348,2500.745590642435,75.15175939854998,1.029706700133887,0.0034125539255748633,Medium,5,1,5,3
73,2023-07-01,P002,Bluetooth Speaker,Electronics,S03,Mumbai,80,1269.070666672543,19,101525.6533338034,1,1,Saturday,February,Q1,0,No_Holiday,0,Winter,Cloudy,1,1223.15376948243,103.6444364934051,In-Store,Corporate,9589.757005314988,241.12342666778318,1027.9472400047598,45.91689719011288,1.0375397585616257,7.556519315397134,Low,2,3,2,5
74,2023-07-02,P004,Notebook Pack,Stationery,S02,Bengaluru,64,2594.715393380502,5,166061.7851763521,1,1,Sunday,June,Q2,0,No_Holiday,0,Summer,Stormy,0,2587.858048702286,95.96146044687428,In-Store,Wholesale,5121.154747219815,129.7357696690251,2464.979623711477,6.857344678216123,1.0026498148465504,1.9736865015271536,Medium,4,2,6,6
75,2023-07-03,P007,Yoga Mat,Sports,S04,Delhi,57,4387.970540536924,15,250114.3208106047,1,1,Monday,June,Q2,0,No_Holiday,0,Summer,Rainy,1,4142.017333087006,100.1420431016353,Wholesale,Corporate,5128.00041887113,658.1955810805387,3729.7749594563857,245.9532074499184,1.0593800526823511,1.1686496915823992,High,7,4,6,0
76,2023-07-03,P004,Notebook Pack,Stationery,S01,Chennai,1,1862.596973906656,0,1862.596973906656,0,0,Monday,April,Q2,0,No_Holiday,1,Spring,Stormy,1,1915.702564647863,95.68883161968995,In-Store,Wholesale,526.1633463373278,0.0,1862.596973906656,-53.105590741206925,0.9722787912271921,0.28248910188753285,Medium,4,1,4,0
77,2023-07-05,P005,LED Desk Lamp,Home,S04,Delhi,1,538.7593195332307,1,538.7593195332307,0,0,Wednesday,March,Q1,0,No_Holiday,0,Spring,Rainy,0,495.1152899858541,98.47682000644015,Online,Corporate,10.82013115583231,5.3875931953323075,533.3717263378984,43.64402954737665,1.0881492259078156,0.020083422715001263,Low,5,4,3,2
78,2023-07-06,P003,Office Chair,Furniture,S03,Mumbai,89,1897.966618385857,14,168919.0290363413,1,1,Thursday,January,Q1,0,No_Holiday,1,Winter,Sunny,1,1964.313784333253,103.1283520140011,Online,Retail,5070.058493900069,265.71532657401997,1632.2512918118368,-66.34716594739598,0.9662237436418967,2.6713106778516194,Medium,3,3,1,3
79,2023-07-06,P001,Wireless Mouse,Electronics,S04,Delhi,43,4281.554917808931,1,184106.8614657841,1,1,Thursday,February,Q1,0,No_Holiday,1,Winter,Cloudy,0,4141.040189172897,108.3332521812861,Wholesale,Corporate,5998.017885117573,42.81554917808931,4238.739368630842,140.5147286360343,1.0339322301202056,1.400897104033185,High,1,4,2,3
80,2023-07-08,P002,Bluetooth Speaker,Electronics,S03,Mumbai,51,4470.484689789397,20,227994.7191792592,1,1,Saturday,May,Q2,0,No_Holiday,1,Spring,Rainy,0,4481.03327133955,96.87573574332845,Online,Retail,3050.553646567489,894.0969379578793,3576.3877518315176,-10.548581550153358,0.9976459488445173,0.6823764889599029,High,2,3,5,5
81,2023-07-08,P007,Yoga Mat,Sports,S03,Mumbai,26,4970.829798588522,2,129241.5747633016,1,1,Saturday,July,Q3,0,No_Holiday,0,Summer,Stormy,0,4545.875401991637,109.1434259697517,Wholesale,Retail,6714.490057384655,99.41659597177043,4871.413202616752,424.9543965968851,1.093481311962643,1.3507785077033314,High,7,3,7,5
82,2023-07-10,P008,Coffee Maker,Appliances,S02,Bengaluru,1,2789.112668949751,14,2789.112668949751,1,0,Monday,January,Q1,0,No_Holiday,0,Winter,Clear,0,2647.25486605059,101.7811213693196,In-Store,Retail,1136.632660549107,390.47577365296513,2398.636895296786,141.85780289916102,1.0535867568772466,0.40752482795078676,Medium,8,2,1,0
83,2023-07-10,P001,Wireless Mouse,Electronics,S02,Bengaluru,68,958.1729478749035,12,65155.76045549344,1,1,Monday,April,Q2,0,No_Holiday,0,Spring,Sunny,0,949.9601209999627,101.8187155011093,Wholesale,Corporate,4682.056274672603,114.98075374498842,843.192194129915,8.212826874940788,1.008645443838522,4.886441727515646,Low,1,2,4,0
84,2023-07-10,P002,Bluetooth Speaker,Electronics,S03,Mumbai,1,4246.281853814152,8,4246.281853814152,1,0,Monday,January,Q1,0,No_Holiday,0,Winter,Rainy,0,4135.233519425993,97.3495914159398,Wholesale,Retail,6086.028410694026,339.70254830513215,3906.57930550902,111.04833438815876,1.026854187040826,1.4332605842514559,High,2,3,1,0
85,2023-07-11,P004,Notebook Pack,Stationery,S02,Bengaluru,2,3974.02693965983,0,7948.053879319659,0,0,Tuesday,April,Q2,0,No_Holiday,1,Spring,Rainy,1,3758.703198205078,108.0656422858483,In-Store,Retail,246.8416300841908,0.0,3974.02693965983,215.32374145475205,1.057286710362653,0.06211372842513242,High,4,2,4,1
86,2023-07-11,P001,Wireless Mouse,Electronics,S02,Bengaluru,71,963.3274217621976,12,68396.24694511603,1,1,Tuesday,April,Q2,0,No_Holiday,0,Spring,Sunny,0,948.8015627043118,101.0501807511268,Wholesale,Corporate,4260.782126078328,115.59929061146372,847.7281311507338,14.525859057885782,1.015309691329432,4.422984366295891,Low,1,2,4,1
87,2023-07-13,P001,Wireless Mouse,Electronics,S02,Bengaluru,65,959.0637026135868,5,62339.14066988314,1,1,Thursday,April,Q2,0,No_Holiday,0,Spring,Sunny,0,946.1640403558714,100.8953879056668,Wholesale,Corporate,4603.514305989374,47.95318513067934,911.1105174829074,12.899662257715363,1.0136336424843027,4.800008897682328,Low,1,2,4,3
88,2023-07-13,P005,LED Desk Lamp,Home,S02,Bengaluru,4,3879.667753787545,8,15518.67101515018,1,0,Thursday,June,Q2,0,No_Holiday,1,Summer,Sunny,0,4188.160912491173,103.166211634504,Wholesale,Corporate,4628.895568327776,310.37342030300357,3569.2943334845413,-308.49315870362807,0.9263416174427423,1.1931164888562413,High,5,2,6,3
89,2023-07-16,P001,Wireless Mouse,Electronics,S01,Chennai,23,4940.304185425975,4,113626.9962647974,1,1,Sunday,July,Q3,0,No_Holiday,0,Summer,Cloudy,0,4608.898015934427,97.02052484429194,Wholesale,Wholesale,6369.363436592896,197.61216741703902,4742.692018008936,331.4061694915481,1.0719057285159646,1.2892654374163197,High,1,1,7,6
90,2023-07-18,P004,Notebook Pack,Stationery,S03,Mumbai,64,2120.603556461104,10,135718.6276135106,1,1,Tuesday,January,Q1,0,No_Holiday,0,Winter,Stormy,1,2096.420369592559,98.22276056585905,Online,Corporate,423.7322170463445,212.0603556461104,1908.5432008149935,24.183186868544908,1.0115354664643166,0.19981680015357298,Medium,4,3,1,1
91,2023-07-19,P007,Yoga Mat,Sports,S03,Mumbai,32,4962.703710746828,9,158806.5187438985,1,1,Wednesday,July,Q3,0,No_Holiday,0,Summer,Stormy,0,4545.287920725292,109.7682191199903,Wholesale,Retail,6468.85179961247,446.6433339672145,4516.060376779613,417.41579002153594,1.0918348402349238,1.3034934537002583,High,7,3,7,2
92,2023-07-21,P006,Running Shoes,Apparel,S03,Mumbai,86,952.8101563466681,18,81941.67344581346,1,1,Friday,January,Q1,0,No_Holiday,0,Winter,Sunny,0,916.2165775337211,99.92049504316972,In-Store,Wholesale,2992.311535986617,171.50582814240028,781.3043282042679,36.593578812947044,1.0399398785289935,3.140511796662568,Low,6,3,1,4
93,2023-07-21,P005,LED Desk Lamp,Home,S01,Chennai,19,3267.19011591528,0,62076.61220239033,0,0,Friday,June,Q2,0,No_Holiday,0,Summer,Rainy,0,3560.801606133958,102.6327076908661,In-Store,Wholesale,406.9838022211378,0.0,3267.19011591528,-293.6114902186782,0.9175434290658336,0.12456691768214542,Medium,5,1,6,4
94,2023-07-21,P008,Coffee Maker,Appliances,S04,Delhi,4,3895.762778703122,15,15583.05111481249,1,0,Friday,May,Q2,0,No_Holiday,0,Spring,Sunny,0,4267.918629015022,104.9932252421915,In-Store,Corporate,6591.097401926257,584.3644168054683,3311.3983618976536,-372.15585031189994,0.9128015591061565,1.6918631283089565,High,8,4,5,4
95,2023-07-22,P001,Wireless Mouse,Electronics,S01,Chennai,22,4934.346735046143,1,108555.6281710152,1,1,Saturday,July,Q3,0,No_Holiday,0,Summer,Cloudy,0,4621.748903734388,96.55375461120337,Wholesale,Wholesale,6475.803735692284,49.34346735046143,4885.003267695682,312.5978313117557,1.0676362645013397,1.3123933285226916,High,1,1,7,5
96,2023-07-23,P004,Notebook Pack,Stationery,S02,Bengaluru,40,2997.263958668282,0,119890.5583467313,0,1,Sunday,June,Q2,0,No_Holiday,0,Summer,Stormy,1,3236.205784766865,105.068985168342,In-Store,Corporate,402.3437566482467,0.0,2997.263958668282,-238.94182609858262,0.926166059271229,0.13423701155336767,Medium,4,2,6,6
97,2023-07-23,P004,Notebook Pack,Stationery,S03,Mumbai,24,4318.466429816141,0,103643.1943155874,1,1,Sunday,July,Q3,0,No_Holiday,0,Summer,Clear,0,4717.382989901336,103.0113128090162,Online,Corporate,3192.246811784751,0.0,4318.466429816141,-398.91656008519567,0.9154368935193157,0.7392084351390134,High,4,3,7,6
98,2023-07-24,P006,Running Shoes,Apparel,S02,Bengaluru,50,3505.008110856592,2,175250.4055428296,1,1,Monday,April,Q2,0,No_Holiday,1,Spring,Sunny,0,3212.734090679078,96.69751532505856,Wholesale,Corporate,8348.693788965997,70.10016221713184,3434.90794863946,292.2740201775141,1.0909736106157906,2.381932801555102,High,6,2,4,0
99,2023-07-24,P005,LED Desk Lamp,Home,S04,Delhi,10,1115.025023910579,0,11150.25023910579,0,0,Monday,June,Q2,0,No_Holiday,1,Summer,Cloudy,0,1219.712898335109,110.0123670526413,In-Store,Wholesale,0.0,0.0,1115.025023910579,-104.68787442453004,0.9141700685731639,0.0,Low,5,4,6,0
100,2023-07-26,P007,Yoga Mat,Sports,S02,Bengaluru,33,3594.49567394192,0,118618.3572400834,1,1,Wednesday,February,Q1,0,No_Holiday,0,Winter,Cloudy,1,3557.51365796848,96.01625732074379,In-Store,Corporate,9088.394035932386,0.0,3594.49567394192,36.98201597343996,1.0103954670393476,2.528419800813269,High,7,2,2,2
101,2023-07-26,P004,Notebook Pack,Stationery,S04,Delhi,86,1323.200519847018,17,113795.2447068435,1,1,Wednesday,March,Q1,0,No_Holiday,0,Spring,Sunny,0,1381.400052600623,105.122782749563,In-Store,Corporate,9824.300969774995,224.94408837399308,1098.256431473025,-58.1995327536049,0.9578691685699313,7.424650173891129,Low,4,4,3,2
102,2023-07-27,P006,Running Shoes,Apparel,S02,Bengaluru,29,1656.974212275533,0,48052.25215599046,0,1,Thursday,July,Q3,0,No_Holiday,0,Summer,Cloudy,0,1502.296236030238,109.0306642231064,Wholesale,Retail,217.8568019999721,0.0,1656.974212275533,154.67797624529499,1.102961035603754,0.13147869193497466,Low,6,2,7,3
103,2023-07-29,P002,Bluetooth Speaker,Electronics,S04,Delhi,25,4507.994518032767,0,112699.8629508192,0,1,Saturday,February,Q1,0,No_Holiday,1,Winter,Stormy,0,4534.386855072968,107.1510034199685,Wholesale,Wholesale,381.734881194262,0.0,4507.994518032767,-26.3923370402008,0.9941795135960502,0.08467953536040376,High,2,4,2,5
104,2023-07-29,P008,Coffee Maker,Appliances,S01,Chennai,58,1928.850276856856,10,111873.3160576977,1,1,Saturday,May,Q2,0,No_Holiday,0,Spring,Stormy,1,1783.091359274056,108.3762385653416,Online,Corporate,3827.508025301008,192.8850276856856,1735.9652491711704,145.7589175828,1.0817450641688613,1.9843468781506959,Medium,8,1,5,5
105,2023-07-31,P006,Running Shoes,Apparel,S03,Mumbai,22,3794.586847743483,0,83480.91065035663,0,1,Monday,May,Q2,0,No_Holiday,0,Spring,Rainy,0,3992.26749049221,106.4582933763309,In-Store,Retail,281.9587672947314,0.0,3794.586847743483,-197.68064274872722,0.9504841188072909,0.074305524845848,High,6,3,5,0
106,2023-08-02,P006,Running Shoes,Apparel,S03,Mumbai,1,956.7694476617207,15,956.7694476617207,1,0,Wednesday,January,Q1,0,No_Holiday,0,Winter,Cloudy,1,1045.787468384752,106.9896625898967,Wholesale,Retail,6888.902078456786,143.5154171492581,813.2540305124626,-89.01802072303121,0.9148794344796252,7.200169377578677,Low,6,3,1,2
107,2023-08-09,P005,LED Desk Lamp,Home,S02,Bengaluru,85,3491.493044212034,15,296776.9087580229,1,1,Wednesday,January,Q1,0,No_Holiday,1,Winter,Rainy,0,3692.333411944559,101.0482759740937,Online,Retail,9442.704948965913,523.7239566318051,2967.769087580229,-200.840367732525,0.945606112632512,2.7044891195242116,High,5,2,1,2
108,2023-08-09,P004,Notebook Pack,Stationery,S01,Chennai,74,1784.42404385468,14,132047.3792452463,1,1,Wednesday,June,Q2,0,No_Holiday,0,Summer,Cloudy,0,1620.096363051407,100.1188772966299,In-Store,Wholesale,6804.112641640071,249.8193661396552,1534.6046777150248,164.32768080327287,1.101430806556325,3.8130581489711113,Medium,4,1,6,2
109,2023-08-10,P005,LED Desk Lamp,Home,S02,Bengaluru,41,3748.605593432044,12,153692.8293307138,1,1,Thursday,January,Q1,0,No_Holiday,0,Winter,Clear,0,3462.342609432054,108.6829748492985,Wholesale,Retail,5842.515777719576,449.8326712118453,3298.772922220199,286.26298399998996,1.082678988272321,1.5585837539047283,High,5,2,1,3
110,2023-08-14,P002,Bluetooth Speaker,Electronics,S01,Chennai,73,994.4182297317699,0,72592.5307704192,0,1,Monday,March,Q1,0,No_Holiday,0,Spring,Sunny,0,1034.310054552456,105.2080709483834,In-Store,Wholesale,0.0,0.0,994.4182297317699,-39.89182482068611,0.9614314637616597,0.0,Low,2,1,3,0
111,2023-08-15,P004,Notebook Pack,Stationery,S03,Mumbai,19,4315.374905705024,1,81992.12320839545,1,1,Tuesday,July,Q3,1,Independence Day,0,Summer,Clear,0,4718.842542254682,103.009560703184,Online,Corporate,2399.375388616059,43.153749057050234,4272.221156647974,-403.467636549658,0.9144986015242459,0.556006243036736,High,4,3,7,1
112,2023-08-16,P002,Bluetooth Speaker,Electronics,S04,Delhi,45,2609.999636353235,9,117449.9836358956,1,1,Wednesday,April,Q2,0,No_Holiday,0,Spring,Clear,0,2598.351626944765,109.6069934377509,Online,Corporate,8314.577190884898,234.89996727179113,2375.099669081444,11.648009408469989,1.0044828456963564,3.1856622028125106,Medium,2,4,4,2
113,2023-08-17,P004,Notebook Pack,Stationery,S02,Bengaluru,39,2995.282682025404,0,116816.0245989908,0,1,Thursday,June,Q2,0,No_Holiday,0,Summer,Stormy,1,3229.313691555645,105.1784106115532,In-Store,Corporate,534.100011896611,0.0,2995.282682025404,-234.03100953024114,0.9275291805369635,0.17831372481192784,Medium,4,2,6,3
114,2023-08-18,P003,Office Chair,Furniture,S04,Delhi,39,743.0322021121343,4,28978.25588237324,0,1,Friday,May,Q2,0,No_Holiday,1,Spring,Sunny,0,694.1216769920043,104.2159062573753,Wholesale,Corporate,0.0,29.721288084485373,713.3109140276489,48.910525120130046,1.0704639067491526,0.0,Low,3,4,5,4
115,2023-08-20,P007,Yoga Mat,Sports,S04,Delhi,1,3063.033640163113,5,3063.033640163113,1,0,Sunday,January,Q1,0,No_Holiday,0,Winter,Cloudy,1,3279.418787379586,95.02876796556069,Wholesale,Retail,6875.892129401925,153.15168200815566,2909.8819581549574,-216.3851472164729,0.9340172264520765,2.2447981110112027,Medium,7,4,1,6
116,2023-08-21,P006,Running Shoes,Apparel,S02,Bengaluru,1,4412.699894120648,21,4412.699894120648,1,0,Monday,May,Q2,0,No_Holiday,0,Spring,Clear,0,4652.812398721523,97.29205631284613,Wholesale,Retail,8794.860071179044,926.6669777653362,3486.0329163553124,-240.11250460087467,0.9483941143496669,1.9930791311906475,High,6,2,5,0
117,2023-08-21,P006,Running Shoes,Apparel,S01,Chennai,73,1047.634607324451,12,76477.32633468493,1,1,Monday,July,Q3,0,No_Holiday,0,Summer,Clear,0,1095.676093307161,98.76143604985327,Online,Retail,10165.20230275958,125.71615287893411,921.918454445517,-48.0414859827099,0.9561535692198023,9.703003539297391,Low,6,1,7,0
118,2023-08-22,P003,Office Chair,Furniture,S01,Chennai,2,2462.556351980201,0,4925.112703960403,0,0,Tuesday,March,Q1,0,No_Holiday,0,Spring,Stormy,0,2627.797530567571,107.6612976942916,Wholesale,Corporate,664.9794673504068,0.0,2462.556351980201,-165.2411785873701,0.9371179945695131,0.27003624376582525,Medium,3,1,3,1
119,2023-08-26,P002,Bluetooth Speaker,Electronics,S04,Delhi,18,4511.898675656021,0,81214.17616180837,0,1,Saturday,February,Q1,0,No_Holiday,1,Winter,Stormy,0,4538.978734890961,107.4063552807936,Wholesale,Wholesale,134.277740559002,0.0,4511.898675656021,-27.080059234940563,0.9940338871766953,0.029760805862839617,High,2,4,2,5
120,2023-08-26,P003,Office Chair,Furniture,S03,Mumbai,39,997.3244463877187,0,38895.65340912103,0,1,Saturday,May,Q2,0,No_Holiday,0,Spring,Clear,0,1065.859419525147,98.39221517202418,Wholesale,Wholesale,0.0,0.0,997.3244463877187,-68.53497313742821,0.9356998006660565,0.0,Low,3,3,5,5
121,2023-08-27,P007,Yoga Mat,Sports,S04,Delhi,35,868.9951213824618,2,30414.82924838616,0,1,Sunday,August,Q3,0,No_Holiday,0,Summer,Rainy,0,928.1841042359068,96.26981128856161,Wholesale,Corporate,0.0,17.379902427649235,851.6152189548126,-59.188982853445054,0.93623141940987,0.0,Low,7,4,8,6
122,2023-08-29,P006,Running Shoes,Apparel,S01,Chennai,1,4598.062493423068,1,4598.062493423068,0,0,Tuesday,June,Q2,0,No_Holiday,1,Summer,Clear,0,4659.83501907282,96.87491037919152,In-Store,Wholesale,133.5985815699006,45.98062493423068,4552.081868488837,-61.772525649751515,0.9867436238843403,0.02905540795954732,High,6,1,6,1
123,2023-08-29,P006,Running Shoes,Apparel,S01,Chennai,70,1051.350759741201,14,73594.55318188405,1,1,Tuesday,July,Q3,0,No_Holiday,0,Summer,Clear,0,1113.258411426763,98.3058970975502,Online,Retail,10155.7519764997,147.18910636376816,904.1616533774329,-61.90765168556186,0.9443905825905952,9.659718112535177,Low,6,1,7,1
124,2023-09-01,P004,Notebook Pack,Stationery,S03,Mumbai,59,2309.644390992897,16,136269.0190685809,1,1,Friday,February,Q1,0,No_Holiday,0,Winter,Rainy,0,2234.15343679194,108.5242243988795,Online,Retail,1988.216496987628,369.54310255886355,1940.1012884340334,75.49095420095728,1.0337895119277734,0.860832301605058,Medium,4,3,2,4
125,2023-09-02,P001,Wireless Mouse,Electronics,S02,Bengaluru,85,2212.968985303336,19,188102.3637507836,1,1,Saturday,June,Q2,0,No_Holiday,1,Summer,Sunny,0,2331.41446040402,98.22512138975266,Wholesale,Corporate,9278.449019085689,420.46410720763384,1792.5048780957022,-118.44547510068378,0.949195873529858,4.192760531532652,Medium,1,2,6,5
126,2023-09-02,P008,Coffee Maker,Appliances,S03,Mumbai,28,3915.354390585188,0,109629.9229363853,0,1,Saturday,March,Q1,0,No_Holiday,0,Spring,Rainy,1,3730.217894809452,106.6956010205347,Wholesale,Wholesale,393.5302656070716,0.0,3915.354390585188,185.13649577573597,1.0496315499513718,0.10050948812024514,High,8,3,3,5
127,2023-09-04,P001,Wireless Mouse,Electronics,S02,Bengaluru,2,4442.061246917843,0,8884.122493835686,0,0,Monday,May,Q2,0,No_Holiday,0,Spring,Stormy,1,4433.601764797501,95.33204857879433,Wholesale,Retail,439.6549874902256,0.0,4442.061246917843,8.459482120341818,1.0019080383329666,0.09897544474319966,High,1,2,5,0
128,2023-09-04,P008,Coffee Maker,Appliances,S01,Chennai,1,2952.678549989224,0,2952.678549989224,0,0,Monday,August,Q3,0,No_Holiday,0,Summer,Sunny,0,2974.385962411386,109.9882103910191,Online,Wholesale,395.2634761004819,0.0,2952.678549989224,-21.70741242216218,0.992701884457334,0.1338660708941461,Medium,8,1,8,0
129,2023-09-04,P008,Coffee Maker,Appliances,S03,Mumbai,11,4693.933663385587,1,51633.27029724146,0,1,Monday,June,Q2,0,No_Holiday,0,Summer,Rainy,0,4934.999183386343,109.7928137843201,In-Store,Wholesale,791.169615435062,46.93933663385587,4646.994326751732,-241.0655200007559,0.9511518622308385,0.1685515118388819,High,8,3,6,0
130,2023-09-07,P008,Coffee Maker,Appliances,S02,Bengaluru,63,2352.853706321996,8,148229.7834982857,1,1,Thursday,March,Q1,0,No_Holiday,0,Spring,Cloudy,1,2474.275658670158,100.9486510644789,In-Store,Retail,10198.88364469386,188.2282965057597,2164.6254098162362,-121.421952348162,0.9509262632388251,4.334686690162669,Medium,8,2,3,3
131,2023-09-07,P004,Notebook Pack,Stationery,S02,Bengaluru,85,239.97171860001,14,20397.59608100085,1,1,Thursday,January,Q1,0,No_Holiday,0,Winter,Rainy,0,247.8687600286152,107.6493048574909,Online,Wholesale,3071.496432319036,33.5960406040014,206.37567799600862,-7.897041428605206,0.9681402310331745,12.799410073145628,Low,4,2,1,3
132,2023-09-07,P003,Office Chair,Furniture,S02,Bengaluru,77,1049.323684248996,13,80797.92368717269,1,1,Thursday,March,Q1,0,No_Holiday,1,Spring,Clear,0,1037.279640826227,104.1135470985845,Online,Corporate,6084.492160049917,136.41207895236948,912.9116052966265,12.044043422768937,1.0116111827020682,5.798489304474821,Low,3,2,3,3
133,2023-09-07,P002,Bluetooth Speaker,Electronics,S01,Chennai,1,1587.632972635653,3,1587.632972635653,1,0,Thursday,June,Q2,0,No_Holiday,0,Summer,Stormy,0,1749.834937564754,108.4279070446099,In-Store,Wholesale,7579.049242523537,47.62898917906959,1540.0039834565835,-162.201964929101,0.9073044197215324,4.773804382470997,Low,2,1,6,3
134,2023-09-08,P007,Yoga Mat,Sports,S04,Delhi,98,338.33112272132,12,33156.45002668936,1,1,Friday,August,Q3,0,No_Holiday,0,Summer,Stormy,1,342.3497956252355,95.28220484359785,Online,Retail,3263.880536757771,40.5997347265584,297.73138799476163,-4.018672903915501,0.9882615005025016,9.647000578915694,Low,7,4,8,4
135,2023-09-08,P008,Coffee Maker,Appliances,S02,Bengaluru,58,2348.571968059265,6,136217.1741474374,1,1,Friday,March,Q1,0,No_Holiday,0,Spring,Cloudy,1,2465.228223552117,100.7227596220803,In-Store,Retail,9907.052966275967,140.9143180835559,2207.6576499757093,-116.65625549285187,0.9526793282754311,4.218330585995467,Medium,8,2,3,4
136,2023-09-08,P006,Running Shoes,Apparel,S04,Delhi,24,1715.462802897053,1,41171.10726952926,0,1,Friday,September,Q3,0,No_Holiday,0,Autumn,Sunny,0,1728.280841301297,104.2180854616349,Wholesale,Corporate,656.3078714381688,17.15462802897053,1698.3081748680825,-12.818038404243907,0.9925833590826635,0.38258356306519964,Medium,6,4,9,4
137,2023-09-09,P008,Coffee Maker,Appliances,S03,Mumbai,1,4847.340289032735,24,4847.340289032735,1,0,Saturday,June,Q2,0,No_Holiday,0,Summer,Clear,0,5057.379806211792,104.1018585103894,Online,Wholesale,6158.719751574183,1163.3616693678566,3683.9786196648784,-210.03951717905693,0.9584687080608276,1.2705358783059828,High,8,3,6,5
138,2023-09-09,P001,Wireless Mouse,Electronics,S02,Bengaluru,3,4447.285969652135,4,13341.85790895641,0,0,Saturday,May,Q2,0,No_Holiday,0,Spring,Stormy,1,4436.747910315618,95.86360371071525,Wholesale,Retail,269.7922179136337,177.8914387860854,4269.3945308660495,10.538059336516199,1.0023751764917757,0.06066446361998546,High,1,2,5,5
139,2023-09-10,P001,Wireless Mouse,Electronics,S04,Delhi,33,2483.710811768075,0,81962.45678834648,0,1,Sunday,February,Q1,0,No_Holiday,0,Winter,Stormy,1,2611.415691425319,103.3436031591357,Wholesale,Retail,0.0,0.0,2483.710811768075,-127.70487965724396,0.9510974525899619,0.0,Medium,1,4,2,6
140,2023-09-10,P005,LED Desk Lamp,Home,S03,Mumbai,74,4296.597892188401,21,317948.2440219417,1,1,Sunday,February,Q1,0,No_Holiday,1,Winter,Cloudy,0,4069.692786392762,102.0872505031767,Wholesale,Wholesale,3844.521776986351,902.2855573595641,3394.3123348288364,226.90510579563852,1.0557548487577018,0.8947827731275565,High,5,3,2,6
141,2023-09-12,P007,Yoga Mat,Sports,S02,Bengaluru,2,4644.594791132472,4,9289.189582264944,0,1,Tuesday,January,Q1,0,No_Holiday,0,Winter,Stormy,0,4352.037875089456,109.0223386134943,In-Store,Wholesale,865.4984381784537,185.7837916452989,4458.810999487173,292.5569160430159,1.0672229710402055,0.18634530612463243,High,7,2,1,1
142,2023-09-13,P007,Yoga Mat,Sports,S04,Delhi,4,4710.443141834871,0,18841.77256733949,0,0,Wednesday,February,Q1,0,No_Holiday,0,Winter,Rainy,0,4914.94193893566,99.28272036036093,Wholesale,Wholesale,108.9092447443064,0.0,4710.443141834871,-204.49879710078858,0.9583924287119711,0.023120806570628236,High,7,4,2,2
143,2023-09-13,P006,Running Shoes,Apparel,S04,Delhi,68,995.1441691594113,0,67669.80350283996,0,1,Wednesday,August,Q3,0,No_Holiday,0,Summer,Sunny,1,957.0123967781784,98.96078682766297,Wholesale,Retail,0.0,0.0,995.1441691594113,38.13177238123285,1.0398445960675171,0.0,Low,6,4,8,2
144,2023-09-15,P003,Office Chair,Furniture,S03,Mumbai,87,1907.936369009738,11,165990.4641038472,1,1,Friday,January,Q1,0,No_Holiday,1,Winter,Sunny,1,1962.743007118974,103.3450192878245,Online,Retail,4503.312170761516,209.8730005910712,1698.0633684186669,-54.80663810923602,0.9720765082792554,2.360305219769377,Medium,3,3,1,4
145,2023-09-15,P003,Office Chair,Furniture,S02,Bengaluru,77,1031.008677846331,13,79387.66819416749,1,1,Friday,March,Q1,0,No_Holiday,1,Spring,Clear,0,1046.074352870497,103.7564988747194,Online,Corporate,6488.208433511801,134.03112812002303,896.977549726308,-15.065675024166012,0.985597892747466,6.293068693723304,Low,3,2,3,4
146,2023-09-16,P008,Coffee Maker,Appliances,S03,Mumbai,28,3923.16401787985,0,109848.5925006358,0,1,Saturday,March,Q1,0,No_Holiday,0,Spring,Rainy,1,3735.090372338709,106.1019613318731,Wholesale,Wholesale,255.3401799561827,0.0,3923.16401787985,188.07364554114065,1.050353171354025,0.06508526760351285,High,8,3,3,5
147,2023-09-18,P004,Notebook Pack,Stationery,S03,Mumbai,20,4313.242545137135,0,86264.8509027427,1,1,Monday,July,Q3,0,No_Holiday,0,Summer,Clear,0,4714.282715080286,103.5509973956314,Online,Corporate,3123.839187276429,0.0,4313.242545137135,-401.04016994315134,0.9149308189217664,0.7242438037244925,High,4,3,7,0
148,2023-09-19,P008,Coffee Maker,Appliances,S01,Chennai,46,3169.02885224909,8,145775.3272034581,1,1,Tuesday,April,Q2,0,No_Holiday,0,Spring,Clear,0,3269.901476775849,104.6017100069216,In-Store,Wholesale,3217.515818403543,253.5223081799272,2915.506544069163,-100.87262452675895,0.9691511731337483,1.0153002602422005,Medium,8,1,4,1
149,2023-09-19,P005,LED Desk Lamp,Home,S03,Mumbai,65,742.1138882274505,8,48237.40273478429,1,1,Tuesday,January,Q1,0,No_Holiday,0,Winter,Stormy,0,811.5924839160419,107.6770568950996,In-Store,Wholesale,7939.409282153888,59.36911105819604,682.7447771692545,-69.47859568859144,0.914392263278058,10.698370436264545,Low,5,3,1,1
150,2023-09-22,P005,LED Desk Lamp,Home,S01,Chennai,10,2660.685909868754,0,26606.85909868754,0,0,Friday,September,Q3,0,No_Holiday,1,Autumn,Cloudy,0,2694.06446514815,106.572804571759,Wholesale,Wholesale,343.7434882351733,0.0,2660.685909868754,-33.37855527939564,0.9876103353460177,0.12919356131446924,Medium,5,1,9,4
151,2023-09-22,P001,Wireless Mouse,Electronics,S04,Delhi,59,1271.471775843284,0,75016.83477475376,1,1,Friday,September,Q3,0,No_Holiday,1,Autumn,Cloudy,0,1304.314810045711,97.20473705990852,Wholesale,Retail,2199.116846561174,0.0,1271.471775843284,-32.843034202427134,0.9748197030736191,1.7295836906034694,Low,1,4,9,4
152,2023-09-23,P001,Wireless Mouse,Electronics,S01,Chennai,18,3494.505666388952,0,62901.10199500113,0,1,Saturday,July,Q3,0,No_Holiday,0,Summer,Cloudy,0,3805.943271103263,103.4431005674919,Wholesale,Corporate,0.0,0.0,3494.505666388952,-311.4376047143114,0.9181707181294817,0.0,High,1,1,7,5
153,2023-09-24,P002,Bluetooth Speaker,Electronics,S01,Chennai,4,3735.30815629528,5,14941.23262518112,1,0,Sunday,May,Q2,0,No_Holiday,0,Spring,Stormy,1,3440.576885585439,106.8180662349693,Wholesale,Corporate,2471.617777733124,186.765407814764,3548.542748480516,294.7312707098408,1.0856633292935962,0.6616904614864499,High,2,1,5,6
154,2023-09-28,P008,Coffee Maker,Appliances,S04,Delhi,58,3318.031220622589,23,192445.8107961102,1,1,Thursday,June,Q2,0,No_Holiday,0,Summer,Cloudy,0,3421.974742512869,108.400994434125,Online,Wholesale,5952.993521844221,763.1471807431955,2554.8840398793936,-103.94352189027995,0.9696246963488834,1.7941342699985845,Medium,8,4,6,3
155,2023-10-01,P006,Running Shoes,Apparel,S03,Mumbai,2,4883.889678036565,1,9767.77935607313,0,0,Sunday,June,Q2,0,No_Holiday,0,Summer,Clear,0,4706.178403845317,102.3651980331212,In-Store,Corporate,384.8413211744615,48.83889678036565,4835.050781256199,177.71127419124787,1.0377612701732777,0.07879811923376133,High,6,3,6,6
156,2023-10-02,P006,Running Shoes,Apparel,S04,Delhi,2,3579.022465345523,2,7158.044930691045,1,0,Monday,June,Q2,1,Gandhi Jayanti,1,Summer,Rainy,0,3689.744673581268,104.3898204290001,Online,Wholesale,5041.16790954084,71.58044930691045,3507.4420160386126,-110.72220823574526,0.9699919051232675,1.4085320666055556,High,6,4,6,0
157,2023-10-03,P004,Notebook Pack,Stationery,S01,Chennai,73,1784.378940100628,17,130259.6626273459,1,1,Tuesday,June,Q2,0,No_Holiday,0,Summer,Cloudy,0,1611.095329483278,99.92488095081539,In-Store,Wholesale,7350.904175320472,303.34441981710677,1481.034520283521,173.28361061734995,1.1075563980890732,4.119586938694718,Medium,4,1,6,1
158,2023-10-04,P007,Yoga Mat,Sports,S01,Chennai,35,869.8425604342165,2,30444.48961519758,0,1,Wednesday,April,Q2,0,No_Holiday,0,Spring,Sunny,0,827.8136215117997,102.5637591262994,In-Store,Corporate,0.0,17.39685120868433,852.4457092255321,42.02893892241673,1.0507710163619453,0.0,Low,7,1,4,2
159,2023-10-07,P002,Bluetooth Speaker,Electronics,S02,Bengaluru,1,820.1498368709719,6,820.1498368709719,1,0,Saturday,January,Q1,0,No_Holiday,1,Winter,Rainy,0,820.4155443894219,104.0850714374983,Online,Wholesale,7335.290992016013,49.208990212258314,770.9408466587136,-0.26570751845008544,0.999676130565459,8.943842530044934,Low,2,2,1,5
160,2023-10-07,P008,Coffee Maker,Appliances,S01,Chennai,57,734.2924586619592,0,41854.67014373168,0,1,Saturday,January,Q1,0,No_Holiday,1,Winter,Sunny,0,783.6251733924756,109.4571411505146,Online,Wholesale,393.503499870725,0.0,734.2924586619592,-49.332714730516386,0.9370455207341734,0.5358947858293058,Low,8,1,1,5
161,2023-10-08,P007,Yoga Mat,Sports,S03,Mumbai,38,4681.225633998678,16,177886.5740919498,1,1,Sunday,October,Q4,0,No_Holiday,0,Autumn,Rainy,0,4771.995116351624,107.0969257716833,Wholesale,Corporate,8751.731820505764,748.9961014397885,3932.2295325588893,-90.7694823529464,0.9809787143239277,1.869538557796472,High,7,3,10,6
162,2023-10-08,P003,Office Chair,Furniture,S03,Mumbai,72,398.6992587883984,14,28706.34663276469,1,1,Sunday,June,Q2,0,No_Holiday,0,Summer,Cloudy,0,413.6541918099674,106.7004978496198,Online,Retail,8066.885603036107,55.81789623037578,342.88136255802266,-14.95493302156899,0.9638467751139356,20.233008778472406,Low,3,3,6,6
163,2023-10-08,P005,LED Desk Lamp,Home,S01,Chennai,86,2109.662356280821,19,181430.9626401506,1,1,Sunday,July,Q3,0,No_Holiday,0,Summer,Rainy,1,1926.8908247455,101.6800982557937,Wholesale,Retail,5198.526284471245,400.83584769335596,1708.826508587465,182.77153153532095,1.094853081029882,2.4641508481176406,Medium,5,1,7,6
164,2023-10-09,P002,Bluetooth Speaker,Electronics,S01,Chennai,65,2397.492201582448,5,155836.9931028591,1,1,Monday,January,Q1,0,No_Holiday,0,Winter,Sunny,1,2264.553117857894,98.81187620559574,In-Store,Retail,9009.970133187713,119.87461007912242,2277.617591503326,132.93908372455417,1.0587043345003562,3.7580811012610362,Medium,2,1,1,0
165,2023-10-09,P006,Running Shoes,Apparel,S04,Delhi,79,2955.260429427338,18,233465.5739247597,1,1,Monday,April,Q2,0,No_Holiday,0,Spring,Cloudy,0,2905.85887238885,109.3883981081712,Online,Wholesale,4718.335206001256,531.9468772969208,2423.313552130417,49.40155703848768,1.0170006731943853,1.5965886319249236,Medium,6,4,4,0
166,2023-10-11,P007,Yoga Mat,Sports,S02,Bengaluru,4,4973.444784175366,0,19893.77913670147,0,1,Wednesday,August,Q3,0,No_Holiday,0,Summer,Cloudy,0,5125.386820726177,98.39578668662759,In-Store,Wholesale,720.1745284751231,0.0,4973.444784175366,-151.94203655081037,0.9703550108771531,0.14480396580788285,High,7,2,8,2
167,2023-10-12,P007,Yoga Mat,Sports,S04,Delhi,56,4389.024400442383,14,245785.3664247734,1,1,Thursday,June,Q2,0,No_Holiday,0,Summer,Rainy,1,4131.617580293171,99.63556461270642,Wholesale,Corporate,5643.387265203463,614.4634160619336,3774.5609843804496,257.40682014921185,1.062301705118349,1.2857953728019031,High,7,4,6,3
168,2023-10-13,P001,Wireless Mouse,Electronics,S02,Bengaluru,35,4276.886703514394,10,149691.0346230038,1,1,Friday,May,Q2,0,No_Holiday,0,Spring,Sunny,0,3912.849139089677,106.5993405769519,In-Store,Corporate,3936.416396795066,427.6886703514394,3849.1980331629547,364.03756442471695,1.093036442623855,0.9203929562970284,High,1,2,5,4
169,2023-10-14,P006,Running Shoes,Apparel,S02,Bengaluru,76,2410.113881750282,7,183168.6550130215,1,1,Saturday,June,Q2,0,No_Holiday,1,Summer,Clear,0,2482.422575215836,108.2953921986501,Wholesale,Wholesale,8365.551647887285,168.70797172251972,2241.4059100277623,-72.30869346555392,0.9708717225715421,3.4710192374030155,Medium,6,2,6,5
170,2023-10-14,P007,Yoga Mat,Sports,S03,Mumbai,55,2242.055699521935,7,123313.0634737064,1,1,Saturday,January,Q1,0,No_Holiday,0,Winter,Sunny,0,2199.465313451067,100.1526918359616,Online,Retail,2402.73035414851,156.94389896653544,2085.1118005553994,42.590386070868135,1.0193639726029786,1.07166398883883,Medium,7,3,1,5
171,2023-10-16,P007,Yoga Mat,Sports,S03,Mumbai,22,2394.809829724313,0,52685.81625393489,0,1,Monday,March,Q1,0,No_Holiday,0,Spring,Stormy,0,2261.415191256828,103.9061090479083,Wholesale,Corporate,0.3705856770076252,0.0,2394.809829724313,133.39463846748504,1.0589872390453645,0.00015474534654398274,Medium,7,3,3,0
172,2023-10-16,P006,Running Shoes,Apparel,S03,Mumbai,3,3817.137340346489,0,11451.41202103947,1,0,Monday,June,Q2,0,No_Holiday,1,Summer,Sunny,0,3467.609887601476,105.3052025986807,In-Store,Wholesale,4864.10333586253,0.0,3817.137340346489,349.52745274501285,1.1007978013890076,1.2742804102042096,High,6,3,6,0
173,2023-10-17,P001,Wireless Mouse,Electronics,S03,Mumbai,81,2962.639726767947,24,239973.8178682037,1,1,Tuesday,March,Q1,0,No_Holiday,1,Spring,Stormy,1,3048.274408059956,108.4014727142638,Online,Wholesale,4586.133323757161,711.0335344243073,2251.60619234364,-85.63468129200874,0.9719071612891603,1.5479888703039646,Medium,1,3,3,1
174,2023-10-17,P002,Bluetooth Speaker,Electronics,S02,Bengaluru,1,808.999050198666,9,808.999050198666,1,0,Tuesday,January,Q1,0,No_Holiday,1,Winter,Rainy,0,823.7544355328902,104.4998127178597,Online,Wholesale,7828.979900593708,72.80991451787995,736.1891356807861,-14.755385334224115,0.9820876408092676,9.677365997736517,Low,2,2,1,1
175,2023-10-18,P004,Notebook Pack,Stationery,S03,Mumbai,60,2124.348833836531,16,127460.9300301918,1,1,Wednesday,January,Q1,0,No_Holiday,0,Winter,Stormy,1,2084.728044955463,98.61781449033134,Online,Corporate,1052.182990289924,339.89581341384496,1784.453020422686,39.620788881068165,1.0190052553746476,0.4952967109406899,Medium,4,3,1,2
176,2023-10-19,P006,Running Shoes,Apparel,S02,Bengaluru,1,4411.013505325776,20,4411.013505325776,1,0,Thursday,May,Q2,0,No_Holiday,0,Spring,Clear,0,4649.844418309492,96.87927427313828,Wholesale,Retail,8559.72445885594,882.2027010651552,3528.810804260621,-238.83091298371528,0.9486367948047292,1.9405346296312824,High,6,2,5,3
177,2023-10-20,P007,Yoga Mat,Sports,S02,Bengaluru,70,2610.462802147603,22,182732.3961503322,1,1,Friday,April,Q2,0,No_Holiday,0,Spring,Sunny,0,2779.822596536307,95.88992429595993,Online,Corporate,9482.776031713556,574.3018164724726,2036.1609856751302,-169.35979438870436,0.9390753227922787,3.632603392744063,Medium,7,2,4,4
178,2023-10-20,P001,Wireless Mouse,Electronics,S02,Bengaluru,1,4443.203392761013,0,4443.203392761013,0,0,Friday,May,Q2,0,No_Holiday,0,Spring,Stormy,1,4419.359843121019,95.11001373098328,Wholesale,Retail,266.180657564381,0.0,4443.203392761013,23.843549639993398,1.0053952496484546,0.05990737628577835,High,1,2,5,4
179,2023-10-20,P005,LED Desk Lamp,Home,S02,Bengaluru,42,3763.970623676661,5,158086.7661944197,1,1,Friday,January,Q1,0,No_Holiday,0,Winter,Clear,0,3472.287454311439,109.529222156051,Wholesale,Retail,6054.171718490787,188.19853118383304,3575.772092492828,291.68316936522206,1.0840031746228405,1.6084534986559083,High,5,2,1,4
180,2023-10-20,P006,Running Shoes,Apparel,S01,Chennai,41,4366.777062167065,22,179037.8595488497,1,1,Friday,August,Q3,0,No_Holiday,0,Summer,Stormy,0,4682.718999215795,107.3671778194795,In-Store,Retail,9431.862081855454,960.6909536767542,3406.086108490311,-315.9419370487294,0.9325302378593208,2.159913810020514,High,6,1,8,4
181,2023-10-22,P005,LED Desk Lamp,Home,S03,Mumbai,61,739.3751398286038,7,45101.88352954483,1,1,Sunday,January,Q1,0,No_Holiday,0,Winter,Stormy,0,803.8883826435402,107.9780616513694,In-Store,Wholesale,8014.93765386849,51.75625978800226,687.6188800406015,-64.51324281493646,0.9197485071213638,10.840150313582969,Low,5,3,1,6
182,2023-10-22,P008,Coffee Maker,Appliances,S02,Bengaluru,49,2762.476816693432,0,135361.3640179782,1,1,Sunday,May,Q2,0,No_Holiday,0,Spring,Cloudy,1,3031.057471163429,101.455248340511,In-Store,Corporate,5453.263958837011,0.0,2762.476816693432,-268.58065446999717,0.9113904447457057,1.9740487688017372,Medium,8,2,5,6
183,2023-10-24,P008,Coffee Maker,Appliances,S03,Mumbai,71,3398.495981508811,21,241293.2146871256,1,1,Tuesday,March,Q1,0,No_Holiday,0,Spring,Cloudy,1,3166.164005614035,101.6425967983292,In-Store,Wholesale,3365.714384683082,713.6841561168503,2684.8118253919606,232.33197589477595,1.0733796403101104,0.990354086924306,High,8,3,3,1
184,2023-10-24,P006,Running Shoes,Apparel,S02,Bengaluru,71,2402.747653656751,13,170595.0834096294,1,1,Tuesday,June,Q2,0,No_Holiday,1,Summer,Clear,0,2487.266932153489,108.1443021906764,Wholesale,Wholesale,8239.561954648812,312.35719497537764,2090.3904586813733,-84.51927849673802,0.9660192167538847,3.429224846857718,Medium,6,2,6,1
185,2023-10-26,P001,Wireless Mouse,Electronics,S03,Mumbai,51,3142.325308864554,3,160258.5907520923,1,1,Thursday,May,Q2,0,No_Holiday,0,Spring,Sunny,0,3258.508514059696,101.1701485362353,Wholesale,Wholesale,7014.707957028598,94.26975926593661,3048.0555495986173,-116.18320519514236,0.96434466729369,2.232330286504706,Medium,1,3,5,3
186,2023-10-26,P008,Coffee Maker,Appliances,S01,Chennai,45,4381.647837352316,6,197174.1526808542,1,1,Thursday,March,Q1,0,No_Holiday,1,Spring,Stormy,0,4331.634418909493,97.8742538529513,Online,Corporate,9547.80853443021,262.8988702411389,4118.748967111177,50.01341844282251,1.0115460848275866,2.1790451649349425,High,8,1,3,3
187,2023-10-27,P004,Notebook Pack,Stationery,S01,Chennai,59,4754.350477609004,17,280506.6781789312,1,1,Friday,April,Q2,0,No_Holiday,1,Spring,Sunny,0,4883.4398146818,103.8692044300675,Online,Retail,7640.677825326486,808.2395811935306,3946.1108964154732,-129.0893370727963,0.9735658998633102,1.6070918333242097,High,4,1,4,4
188,2023-10-28,P002,Bluetooth Speaker,Electronics,S02,Bengaluru,61,532.6707273973255,1,32492.91437123686,0,1,Saturday,January,Q1,0,No_Holiday,0,Winter,Sunny,1,495.4330422372091,103.4334893942312,Wholesale,Retail,395.5632075553311,5.3267072739732555,527.3440201233523,37.23768516011643,1.0751618926988873,0.7426036145971199,Low,2,2,1,5
189,2023-10-28,P003,Office Chair,Furniture,S03,Mumbai,1,2135.214494484528,8,2135.214494484528,1,0,Saturday,October,Q4,0,No_Holiday,0,Autumn,Stormy,0,2081.086409950717,108.0409518650284,Wholesale,Retail,955.4545248629144,170.81715955876226,1964.3973349257658,54.128084533811034,1.026009532461025,0.4474747278697052,Medium,3,3,10,5
190,2023-10-28,P008,Coffee Maker,Appliances,S04,Delhi,7,3893.397798107926,20,27253.78458675548,1,0,Saturday,May,Q2,0,No_Holiday,0,Spring,Sunny,0,4252.787544701969,104.7928933210259,In-Store,Corporate,7079.81979236856,778.6795596215852,3114.718238486341,-359.38974659404266,0.9154931341346306,1.8184167556187398,High,8,4,5,5
191,2023-10-28,P001,Wireless Mouse,Electronics,S02,Bengaluru,1,3630.555400050123,14,3630.555400050123,1,0,Saturday,January,Q1,0,No_Holiday,0,Winter,Stormy,0,3593.862656296257,99.5801746065238,Online,Retail,6845.294222067,508.2777560070172,3122.2776440431057,36.692743753866125,1.0102098347274298,1.8854675022924854,High,1,2,1,5
192,2023-10-29,P005,LED Desk Lamp,Home,S02,Bengaluru,1,3880.232482249871,9,3880.232482249871,1,0,Sunday,June,Q2,0,No_Holiday,1,Summer,Sunny,0,4191.353160568606,102.8421427916552,Wholesale,Corporate,5371.18433343908,349.2209234024884,3531.0115588473823,-311.1206783187349,0.9257708271291251,1.3842429179204006,High,5,2,6,6
193,2023-10-30,P006,Running Shoes,Apparel,S04,Delhi,51,4051.00771962846,4,206601.3937010514,1,1,Monday,August,Q3,0,No_Holiday,1,Summer,Stormy,1,3756.906694622853,99.58758407183598,Wholesale,Retail,4584.307661559711,162.0403087851384,3888.967410843322,294.10102500560697,1.0782827599702023,1.1316462418344053,High,6,4,8,0
194,2023-10-30,P005,LED Desk Lamp,Home,S03,Mumbai,72,4290.001197900212,17,308880.0862488153,1,1,Monday,February,Q1,0,No_Holiday,1,Winter,Cloudy,0,4062.52991003,101.6239445497116,Wholesale,Wholesale,4522.955102995913,729.3002036430361,3560.700994257176,227.4712878702121,1.055992520155632,1.0543015944167389,High,5,3,2,0
195,2023-10-30,P002,Bluetooth Speaker,Electronics,S01,Chennai,49,1677.009390933406,0,82173.46015573692,1,1,Monday,March,Q1,0,No_Holiday,0,Spring,Clear,0,1770.964782411154,96.30317161700236,In-Store,Corporate,7877.272189271433,0.0,1677.009390933406,-93.95539147774798,0.9469467758981471,4.6972141192882795,Low,2,1,3,0
196,2023-10-31,P007,Yoga Mat,Sports,S04,Delhi,24,1315.046833716572,0,31561.12400919772,0,1,Tuesday,July,Q3,0,No_Holiday,0,Summer,Clear,0,1262.240188635931,108.5745011614226,Wholesale,Corporate,629.2750801635366,0.0,1315.046833716572,52.80664508064115,1.041835655017218,0.47851914017775754,Low,7,4,7,1
197,2023-11-01,P005,LED Desk Lamp,Home,S02,Bengaluru,94,321.0361418461027,5,30177.39733353365,1,1,Wednesday,September,Q3,0,No_Holiday,1,Autumn,Sunny,0,302.7404984852677,109.4621811022329,Wholesale,Corporate,8143.519691883161,16.051807092305136,304.98433475379755,18.29564336083496,1.0604334188929971,25.36636418894847,Low,5,2,9,2
198,2023-11-03,P004,Notebook Pack,Stationery,S04,Delhi,2,1998.84937318234,10,3997.69874636468,1,0,Friday,July,Q3,0,No_Holiday,1,Summer,Stormy,0,1792.089112284426,103.1415004525612,In-Store,Retail,341.663418093826,199.884937318234,1798.964435864106,206.76026089791412,1.1153738725829048,0.17093004739515139,Medium,4,4,7,4
199,2023-11-04,P002,Bluetooth Speaker,Electronics,S02,Bengaluru,86,769.2279068162815,16,66153.5999862002,1,1,Saturday,March,Q1,0,No_Holiday,0,Spring,Clear,1,821.4805550116093,98.17979069488905,Wholesale,Corporate,5157.923224298797,123.07646509060504,646.1514417256765,-52.25264819532788,0.936392105842859,6.705325143034221,Low,2,2,3,5
200,2023-11-04,P004,Notebook Pack,Stationery,S04,Delhi,9,4075.003592055612,0,36675.03232850051,0,1,Saturday,September,Q3,0,No_Holiday,0,Autumn,Sunny,0,3708.888809576353,108.5724920738561,In-Store,Wholesale,237.5213063107414,0.0,4075.003592055612,366.1147824792588,1.098712795469616,0.05828738575195345,High,4,4,9,5
201,2023-11-04,P007,Yoga Mat,Sports,S02,Bengaluru,42,858.2209424142294,0,36045.27958139763,0,1,Saturday,August,Q3,0,No_Holiday,0,Summer,Rainy,0,807.6892586435478,99.39024721754473,In-Store,Corporate,0.0,0.0,858.2209424142294,50.53168377068164,1.0625632732265695,0.0,Low,7,2,8,5
202,2023-11-06,P005,LED Desk Lamp,Home,S03,Mumbai,65,728.1870089104975,6,47332.15557918234,1,1,Monday,January,Q1,0,No_Holiday,0,Winter,Stormy,0,805.7415696123769,107.9051912285489,In-Store,Wholesale,8014.55357360037,43.69122053462985,684.4957883758677,-77.55456070187938,0.9037475989488924,11.006174891243425,Low,5,3,1,0
203,2023-11-06,P008,Coffee Maker,Appliances,S03,Mumbai,14,4690.37727588388,0,65665.28186237431,0,1,Monday,June,Q2,0,No_Holiday,0,Summer,Rainy,0,4938.646719322559,108.8164742550409,In-Store,Wholesale,101.3418278107773,0.0,4690.37727588388,-248.26944343867854,0.9497292563026792,0.021606327561716213,High,8,3,6,0
204,2023-11-06,P006,Running Shoes,Apparel,S04,Delhi,89,266.4421426440975,7,23713.35069532468,1,1,Monday,July,Q3,0,No_Holiday,0,Summer,Sunny,1,282.2018647767289,109.365376203789,Wholesale,Wholesale,1861.959031280019,18.650949985086825,247.79119265901068,-15.759722132631396,0.9441544365941731,6.988230213142925,Low,6,4,7,0
205,2023-11-06,P008,Coffee Maker,Appliances,S03,Mumbai,8,4509.948541633373,2,36079.58833306698,0,1,Monday,October,Q4,0,No_Holiday,0,Autumn,Cloudy,0,4823.436318462348,107.8946562938328,Wholesale,Retail,897.6193993886353,90.19897083266746,4419.749570800705,-313.48777682897526,0.9350073772863843,0.19903096257136974,High,8,3,10,0
206,2023-11-07,P008,Coffee Maker,Appliances,S02,Bengaluru,8,3748.227078151663,11,29985.81662521331,1,0,Tuesday,November,Q4,0,No_Holiday,0,Autumn,Rainy,0,3873.14034055703,97.92604502343231,Online,Wholesale,9268.445533989277,412.30497859668293,3335.9220995549804,-124.91326240536682,0.967748841657671,2.472754542544888,High,8,2,11,1
207,2023-11-09,P005,LED Desk Lamp,Home,S03,Mumbai,63,1492.120973830437,4,94003.62135131756,1,1,Thursday,July,Q3,0,No_Holiday,0,Summer,Cloudy,0,1466.100568421395,98.37876551590985,Wholesale,Retail,3698.867811811881,59.68483895321748,1432.4361348772195,26.020405409041814,1.0177480358233943,2.478932926139685,Low,5,3,7,3
208,2023-11-11,P005,LED Desk Lamp,Home,S02,Bengaluru,1,3882.165308729926,1,3882.165308729926,1,0,Saturday,June,Q2,0,No_Holiday,1,Summer,Sunny,0,4180.985672991997,103.3157126702753,Wholesale,Corporate,4624.039725060069,38.82165308729926,3843.343655642627,-298.8203642620706,0.9285287280001061,1.1910981005012513,High,5,2,6,5
209,2023-11-11,P003,Office Chair,Furniture,S02,Bengaluru,95,832.8221887269585,9,79118.10792906107,1,1,Saturday,March,Q1,0,No_Holiday,1,Spring,Clear,1,895.7795148004252,107.7777196230213,In-Store,Corporate,9754.680101001564,74.95399698542627,757.8681917415322,-62.957326073466675,0.9297178323088877,11.712800442928213,Low,3,2,3,5
210,2023-11-12,P001,Wireless Mouse,Electronics,S02,Bengaluru,94,1130.485373548838,20,106265.6251135907,1,1,Sunday,October,Q4,1,Diwali,1,Autumn,Sunny,0,1025.126444337296,96.01199521915757,In-Store,Wholesale,1994.315743341422,226.09707470976758,904.3882988390703,105.35892921154186,1.1027765206853601,1.7641234375999344,Low,1,2,10,6
211,2023-11-12,P006,Running Shoes,Apparel,S04,Delhi,67,3138.751644138528,7,210296.3601572814,1,1,Sunday,August,Q3,1,Diwali,0,Summer,Cloudy,0,3360.025886159811,104.7565431558655,Wholesale,Wholesale,7842.394437171271,219.71261508969695,2919.039029048831,-221.27424202128304,0.9341450781874248,2.498571192090517,Medium,6,4,8,6
212,2023-11-13,P005,LED Desk Lamp,Home,S02,Bengaluru,91,327.2754545864892,5,29782.06636737051,1,1,Monday,September,Q3,0,No_Holiday,1,Autumn,Sunny,0,298.8676956412322,109.5548266442755,Wholesale,Corporate,8278.141867995972,16.36377272932446,310.91168185716475,28.407758945257,1.0950512864373216,25.29411158699744,Low,5,2,9,0
213,2023-11-15,P003,Office Chair,Furniture,S02,Bengaluru,64,1400.809490803258,10,89651.80741140849,1,1,Wednesday,August,Q3,0,No_Holiday,1,Summer,Rainy,0,1388.170815925969,103.3664484593364,In-Store,Wholesale,4522.88757857896,140.0809490803258,1260.7285417229323,12.638674877289077,1.0091045530797005,3.2287670866546074,Low,3,2,8,2
214,2023-11-16,P005,LED Desk Lamp,Home,S04,Delhi,12,1121.761184074576,1,13461.13420889491,0,0,Thursday,June,Q2,0,No_Holiday,1,Summer,Cloudy,0,1226.753504491704,109.9240294904382,In-Store,Wholesale,0.0,11.21761184074576,1110.5435722338302,-104.99232041712798,0.9144144931865259,0.0,Low,5,4,6,3
215,2023-11-17,P006,Running Shoes,Apparel,S03,Mumbai,1,3815.353048398924,0,3815.353048398924,1,0,Friday,June,Q2,0,No_Holiday,1,Summer,Sunny,0,3473.868551976241,105.7991807480825,In-Store,Wholesale,4891.357698942827,0.0,3815.353048398924,341.4844964226827,1.098300926276677,1.282019681244292,High,6,3,6,4
216,2023-11-19,P003,Office Chair,Furniture,S03,Mumbai,88,1911.374034377244,17,168200.9150251975,1,1,Sunday,January,Q1,0,No_Holiday,1,Winter,Sunny,1,1964.002246448923,103.2204003903767,Online,Retail,4901.8466170187,324.93358584413147,1586.4404485331124,-52.628212071678945,0.9732035886583964,2.5645669182776145,Medium,3,3,1,6
217,2023-11-19,P001,Wireless Mouse,Electronics,S04,Delhi,2,3387.225214098578,3,6774.450428197156,0,1,Sunday,September,Q3,0,No_Holiday,0,Autumn,Cloudy,0,3658.556065025554,100.5222038933065,Wholesale,Corporate,88.91380719079845,101.61675642295734,3285.6084576756207,-271.3308509269759,0.9258366289584028,0.02624974767568284,High,1,4,9,6
218,2023-11-19,P006,Running Shoes,Apparel,S01,Chennai,73,1690.324067542764,6,123393.6569306218,1,1,Sunday,April,Q2,0,No_Holiday,1,Spring,Sunny,0,1799.334005789214,96.55524318364616,Online,Wholesale,6291.813160271606,101.41944405256584,1588.904623490198,-109.00993824645002,0.9394165074990417,3.722252602968648,Medium,6,1,4,6
219,2023-11-19,P002,Bluetooth Speaker,Electronics,S01,Chennai,61,3761.894616176074,0,229475.5715867405,0,1,Sunday,January,Q1,0,No_Holiday,0,Winter,Sunny,1,3440.278427107979,101.2650413500968,Online,Retail,0.0,0.0,3761.894616176074,321.6161890680951,1.0934855116765816,0.0,High,2,1,1,6
220,2023-11-19,P006,Running Shoes,Apparel,S02,Bengaluru,74,2396.646427545724,8,177351.8356383836,1,1,Sunday,June,Q2,0,No_Holiday,1,Summer,Clear,0,2491.223983005747,107.7737175825529,Wholesale,Wholesale,7864.329505197551,191.7317142036579,2204.914713342066,-94.57755546002318,0.9620357077062528,3.281389117230357,Medium,6,2,6,6
221,2023-11-21,P004,Notebook Pack,Stationery,S04,Delhi,4,4086.080054822876,0,16344.3202192915,0,1,Tuesday,September,Q3,0,No_Holiday,0,Autumn,Sunny,0,3724.666131194977,108.9941204969209,In-Store,Wholesale,244.1857904472769,0.0,4086.080054822876,361.41392362789884,1.097032569067324,0.059760402921881055,High,4,4,9,1
222,2023-11-22,P007,Yoga Mat,Sports,S03,Mumbai,32,4958.96151210718,5,158686.7683874298,1,1,Wednesday,July,Q3,0,No_Holiday,0,Summer,Stormy,0,4546.958556187047,109.1810787545978,Wholesale,Retail,6478.461673028358,247.948075605359,4711.013436501821,412.002955920133,1.0906106688303812,1.3064149937867748,High,7,3,7,2
223,2023-11-23,P007,Yoga Mat,Sports,S03,Mumbai,32,4959.512112253202,6,158704.3875921025,1,1,Thursday,July,Q3,0,No_Holiday,0,Summer,Stormy,0,4538.895090658824,109.2901256210582,Wholesale,Retail,6274.936466626006,297.5707267351921,4661.94138551801,420.61702159437755,1.0926694742207237,1.2652326125230857,High,7,3,7,3
224,2023-11-23,P004,Notebook Pack,Stationery,S02,Bengaluru,1,3974.317558589714,2,3974.317558589714,0,0,Thursday,April,Q2,0,No_Holiday,1,Spring,Rainy,1,3743.193843171237,108.3214217425757,In-Store,Retail,55.38878685378722,79.48635117179428,3894.8312074179194,231.12371541847688,1.0617450565217506,0.013936678696969027,High,4,2,4,3
225,2023-11-23,P006,Running Shoes,Apparel,S01,Chennai,20,2300.855151914656,0,46017.10303829313,0,1,Thursday,April,Q2,0,No_Holiday,0,Spring,Clear,0,2308.392569020863,100.4532008051806,In-Store,Wholesale,631.0241225537227,0.0,2300.855151914656,-7.537417106207158,0.9967347767414603,0.2742563442242838,Medium,6,1,4,3
226,2023-11-24,P007,Yoga Mat,Sports,S04,Delhi,78,2979.513763946256,24,232402.073587808,1,1,Friday,April,Q2,0,No_Holiday,0,Spring,Stormy,1,3077.52790760678,100.2529566255282,In-Store,Wholesale,2019.691781037449,715.0833033471015,2264.4304605991547,-98.01414366052404,0.9681516637369036,0.6778595237507619,Medium,7,4,4,4
227,2023-11-25,P004,Notebook Pack,Stationery,S03,Mumbai,82,907.1724208245245,11,74388.138507611,1,1,Saturday,September,Q3,0,No_Holiday,1,Autumn,Cloudy,0,910.9865026755815,105.3514096894837,In-Store,Retail,339.3876915748952,99.7889662906977,807.3834545338268,-3.81408185105704,0.995813239998776,0.3741159715442269,Low,4,3,9,5
228,2023-11-26,P006,Running Shoes,Apparel,S04,Delhi,53,4059.752298524609,0,215166.8718218043,1,1,Sunday,August,Q3,0,No_Holiday,1,Summer,Stormy,1,3758.498070925362,99.6204193022857,Wholesale,Retail,5023.981411121134,0.0,4059.752298524609,301.2542275992473,1.080152822195031,1.2375093458157396,High,6,4,8,6
229,2023-11-26,P005,LED Desk Lamp,Home,S02,Bengaluru,59,2903.601135159133,5,171312.4669743888,1,1,Sunday,July,Q3,0,No_Holiday,0,Summer,Clear,0,2837.517378600705,105.9196815711025,Wholesale,Wholesale,1331.837337946718,145.18005675795663,2758.421078401176,66.08375655842792,1.0232892869861527,0.45868467325617235,Medium,5,2,7,6
230,2023-11-27,P004,Notebook Pack,Stationery,S01,Chennai,91,2398.245208448035,20,218240.3139687712,1,1,Monday,February,Q1,0,No_Holiday,1,Winter,Clear,1,2435.976287292742,109.0524489161141,In-Store,Wholesale,8641.530635509793,479.64904168960703,1918.5961667584281,-37.7310788447071,0.9845109006021401,3.6032723447415727,Medium,4,1,2,0
231,2023-11-27,P001,Wireless Mouse,Electronics,S03,Mumbai,98,1515.808478347967,16,148549.2308781008,1,1,Monday,May,Q2,0,No_Holiday,1,Spring,Stormy,0,1587.91208426448,108.4813029879213,In-Store,Corporate,9393.770065115432,242.5293565356747,1273.2791218122923,-72.10360591651306,0.9545921927095156,6.197201163139959,Low,1,3,5,0
232,2023-11-28,P007,Yoga Mat,Sports,S02,Bengaluru,6,4143.732691438396,0,24862.39614863037,0,0,Tuesday,June,Q2,0,No_Holiday,0,Summer,Sunny,0,3752.520997538777,99.3105089218439,Online,Corporate,382.9526003031141,0.0,4143.732691438396,391.2116938996187,1.1042530326029378,0.09241730314659401,High,7,2,6,1
233,2023-11-28,P001,Wireless Mouse,Electronics,S02,Bengaluru,1,3633.622503457323,11,3633.622503457323,1,0,Tuesday,January,Q1,0,No_Holiday,0,Winter,Stormy,0,3595.39243766707,99.02082832044348,Online,Retail,7577.423983203339,399.6984753803055,3233.9240280770177,38.230065790252866,1.0106330717586587,2.0853635665217185,High,1,2,1,1
234,2023-11-28,P008,Coffee Maker,Appliances,S01,Chennai,48,2457.120059806881,2,117941.7628707303,1,1,Tuesday,March,Q1,0,No_Holiday,0,Spring,Cloudy,0,2623.943891594161,99.50507964283801,Wholesale,Corporate,2846.215254786478,49.14240119613762,2407.977658610743,-166.82383178728014,0.9364224851294639,1.158354164838888,Medium,8,1,3,1
235,2023-11-28,P005,LED Desk Lamp,Home,S01,Chennai,9,2652.244724386972,0,23870.20251948275,0,0,Tuesday,September,Q3,0,No_Holiday,1,Autumn,Cloudy,0,2709.445330074329,106.5515876864656,Wholesale,Wholesale,208.4811181639059,0.0,2652.244724386972,-57.20060568735698,0.9788884444161168,0.0786055360001115,Medium,5,1,9,1
236,2023-11-29,P006,Running Shoes,Apparel,S04,Delhi,68,3140.537903899563,14,213556.5774651703,1,1,Wednesday,August,Q3,0,No_Holiday,0,Summer,Cloudy,0,3352.534240322952,104.7599653772724,Wholesale,Wholesale,8519.641875184243,439.6753065459388,2700.862597353624,-211.99633642338904,0.9367653478751742,2.7127970226391858,Medium,6,4,8,2
237,2023-12-02,P004,Notebook Pack,Stationery,S02,Bengaluru,45,3468.04450762032,7,156062.0028429144,1,1,Saturday,August,Q3,0,No_Holiday,0,Summer,Stormy,0,3424.606431351918,99.17562842711402,Wholesale,Retail,8393.319838554724,242.7631155334224,3225.2813920868975,43.4380762684018,1.0126841075431998,2.4201880397186706,High,4,2,8,5
238,2023-12-03,P005,LED Desk Lamp,Home,S02,Bengaluru,34,3764.46052065615,11,127991.6577023091,1,1,Sunday,January,Q1,0,No_Holiday,0,Winter,Clear,0,3461.568703889345,109.0887736435847,Wholesale,Retail,6109.585681467576,414.0906572721765,3350.3698633839736,302.8918167668048,1.0875013159283773,1.622964472052072,High,5,2,1,6
239,2023-12-04,P008,Coffee Maker,Appliances,S03,Mumbai,16,4584.59620503008,0,73353.53928048127,0,1,Monday,July,Q3,0,No_Holiday,0,Summer,Sunny,1,4930.141642154116,106.5716237988535,Online,Corporate,743.3227270630744,0.0,4584.59620503008,-345.54543712403665,0.9299116613264161,0.16213483016181954,High,8,3,7,0
240,2023-12-06,P008,Coffee Maker,Appliances,S04,Delhi,71,457.3163752206331,8,32469.46264066495,1,1,Wednesday,March,Q1,0,No_Holiday,0,Spring,Clear,0,479.5170176432509,106.7067615547417,Online,Corporate,5632.447351443007,36.58531001765065,420.73106520298245,-22.20064242261776,0.9537020760353191,12.316303672103635,Low,8,4,3,2
241,2023-12-06,P007,Yoga Mat,Sports,S03,Mumbai,24,4967.279846078754,3,119214.7163058901,1,1,Wednesday,July,Q3,0,No_Holiday,0,Summer,Stormy,0,4540.882306708944,109.7377324294702,Wholesale,Retail,7056.704527240935,149.01839538236263,4818.261450696392,426.39753936981015,1.0939019138945372,1.4206376016466244,High,7,3,7,2
242,2023-12-06,P005,LED Desk Lamp,Home,S01,Chennai,25,3262.57698871498,0,81564.42471787448,0,0,Wednesday,June,Q2,0,No_Holiday,0,Summer,Rainy,0,3563.133531742703,102.6618904707013,In-Store,Wholesale,8.24343861553092,0.0,3262.57698871498,-300.5565430277229,0.9156482516441861,0.002526664855433108,Medium,5,1,6,2
243,2023-12-07,P007,Yoga Mat,Sports,S03,Mumbai,15,1400.715352136312,18,21010.73028204468,1,0,Thursday,May,Q2,0,No_Holiday,0,Spring,Rainy,0,1294.105207827916,104.4623849725214,In-Store,Corporate,9268.990705268205,252.12876338453617,1148.586588751776,106.610144308396,1.0823813579170547,6.617326419055471,Low,7,3,5,3
244,2023-12-08,P002,Bluetooth Speaker,Electronics,S02,Bengaluru,19,3747.664516537053,3,71205.625814204,0,1,Friday,September,Q3,0,No_Holiday,0,Autumn,Rainy,0,3730.896211221861,100.5442386037136,Online,Retail,67.42423819900955,112.42993549611157,3635.234581040941,16.76830531519181,1.0044944443280828,0.017991001569508534,High,2,2,9,4
245,2023-12-10,P003,Office Chair,Furniture,S04,Delhi,53,4282.296905087749,24,226961.7359696507,1,1,Sunday,November,Q4,0,No_Holiday,0,Autumn,Sunny,0,4128.441001183011,99.72859944023662,In-Store,Retail,5187.509201405925,1027.7512572210599,3254.5456478666893,153.85590390473772,1.037267313220814,1.2113847583157307,High,3,4,11,6
246,2023-12-10,P008,Coffee Maker,Appliances,S04,Delhi,85,1375.989311123513,18,116959.0914454986,1,1,Sunday,February,Q1,0,No_Holiday,1,Winter,Sunny,0,1290.224927489688,106.7879262034624,Wholesale,Wholesale,4577.817054005998,247.67807600223233,1128.3112351212808,85.76438363382499,1.0664724280290347,3.326927772620669,Low,8,4,2,6
247,2023-12-10,P007,Yoga Mat,Sports,S01,Chennai,63,1270.62294186944,23,80049.24533777469,1,1,Sunday,March,Q1,0,No_Holiday,0,Spring,Stormy,0,1310.916148968478,97.03155226762343,Wholesale,Corporate,5170.342818816458,292.2432766299712,978.3796652394687,-40.293207099038,0.9692633223484632,4.0691401425582985,Low,7,1,3,6
248,2023-12-11,P005,LED Desk Lamp,Home,S03,Mumbai,113,278.0938345604038,19,31424.60330532563,1,1,Monday,July,Q3,0,No_Holiday,1,Summer,Rainy,0,311.7302554167322,102.4803837077335,Online,Retail,6872.784955948326,52.83782856647673,225.2560059939271,-33.63642085632836,0.8920976701110965,24.713906249710515,Low,5,3,7,0
249,2023-12-12,P002,Bluetooth Speaker,Electronics,S01,Chennai,1,1586.924515953369,4,1586.924515953369,1,0,Tuesday,June,Q2,0,No_Holiday,0,Summer,Stormy,0,1736.778294891006,108.4334898451835,In-Store,Wholesale,6997.530743188785,63.47698063813476,1523.4475353152343,-149.8537789376369,0.913717381557304,4.409491864825664,Low,2,1,6,1
250,2023-12-12,P004,Notebook Pack,Stationery,S02,Bengaluru,4,3982.467959132157,1,15929.87183652863,0,0,Tuesday,April,Q2,0,No_Holiday,1,Spring,Rainy,1,3759.761935067679,107.861137053475,In-Store,Retail,0.0,39.82467959132157,3942.6432795408355,222.7060240644778,1.0592340759629688,0.0,High,4,2,4,1
251,2023-12-12,P003,Office Chair,Furniture,S01,Chennai,1,2460.744199106339,0,2460.744199106339,0,0,Tuesday,March,Q1,0,No_Holiday,0,Spring,Stormy,0,2624.28513391041,108.2609564380079,Wholesale,Corporate,711.2146082461554,0.0,2460.744199106339,-163.54093480407118,0.9376817203699275,0.2890241937802577,Medium,3,1,3,1
252,2023-12-13,P003,Office Chair,Furniture,S04,Delhi,1,4840.796420066573,0,4840.796420066573,0,1,Wednesday,March,Q1,0,No_Holiday,0,Spring,Stormy,0,4862.79503860749,101.8858480724197,Wholesale,Retail,90.44386709223704,0.0,4840.796420066573,-21.99861854091705,0.9954761370022257,0.01868367500796351,High,3,4,3,2
253,2023-12-13,P004,Notebook Pack,Stationery,S02,Bengaluru,34,3350.710849588953,1,113924.1688860244,0,1,Wednesday,April,Q2,0,No_Holiday,0,Spring,Clear,0,3093.46949890142,99.40023212219471,Online,Corporate,526.2705469502118,33.507108495889526,3317.2037410930634,257.24135068753276,1.0831562589444914,0.15706235798137338,Medium,4,2,4,2
254,2023-12-13,P007,Yoga Mat,Sports,S03,Mumbai,35,4682.982812840661,23,163904.3984494231,1,1,Wednesday,October,Q4,0,No_Holiday,0,Autumn,Rainy,0,4783.439773016648,106.7662129872266,Wholesale,Corporate,9374.822544423172,1077.0860469533518,3605.896765887309,-100.45696017598766,0.978999012229094,2.0018912985795216,High,7,3,10,2
255,2023-12-13,P001,Wireless Mouse,Electronics,S01,Chennai,24,3788.241532348508,4,90917.79677636421,1,1,Wednesday,April,Q2,0,No_Holiday,0,Spring,Stormy,0,3528.143539060743,99.27491575010716,In-Store,Wholesale,6175.400162957731,151.5296612939403,3636.7118710545674,260.0979932877649,1.0737209216144896,1.6301495325007198,High,1,1,4,2
256,2023-12-13,P007,Yoga Mat,Sports,S02,Bengaluru,1,4636.526839296287,4,4636.526839296287,0,1,Wednesday,January,Q1,0,No_Holiday,0,Winter,Stormy,0,4346.125695144869,108.484285769998,In-Store,Wholesale,696.8309724592772,185.46107357185147,4451.065765724436,290.4011441514185,1.0668183951687893,0.15029158605389187,High,7,2,1,2
257,2023-12-14,P004,Notebook Pack,Stationery,S01,Chennai,93,2386.200833925572,16,221916.6775550782,1,1,Thursday,February,Q1,0,No_Holiday,1,Winter,Clear,1,2438.211083158897,109.1427101642308,In-Store,Wholesale,7872.33055792434,381.7921334280916,2004.4087004974806,-52.010249233324885,0.9786686847613122,3.2991064482084935,Medium,4,1,2,3
258,2023-12-15,P005,LED Desk Lamp,Home,S04,Delhi,59,2429.683884132864,10,143351.349163839,1,1,Friday,July,Q3,0,No_Holiday,0,Summer,Cloudy,0,2371.175201410745,108.1028399480845,In-Store,Retail,8594.960730135203,242.96838841328642,2186.7154957195776,58.50868272211892,1.0246749724302568,3.537481063386433,Medium,5,4,7,4
259,2023-12-15,P006,Running Shoes,Apparel,S01,Chennai,7,3585.333450832964,18,25097.33415583075,1,0,Friday,November,Q4,0,No_Holiday,1,Autumn,Clear,1,3392.673917593203,109.4666764306205,In-Store,Wholesale,5377.728811649908,645.3600211499336,2939.97342968303,192.659533239761,1.0567869291064778,1.499924312590932,High,6,1,11,4
260,2023-12-15,P007,Yoga Mat,Sports,S03,Mumbai,74,2377.004593629958,11,175898.3399286169,1,1,Friday,June,Q2,0,No_Holiday,1,Summer,Rainy,0,2333.63068132321,102.3567261541738,In-Store,Wholesale,2053.111927866232,261.4705052992954,2115.5340883306626,43.373912306748025,1.0185864509983877,0.8637391502600738,Medium,7,3,6,4
261,2023-12-16,P007,Yoga Mat,Sports,S03,Mumbai,75,3128.812863164188,15,234660.9647373141,1,1,Saturday,November,Q4,0,No_Holiday,1,Autumn,Stormy,0,2891.504222728653,101.6370512324259,Online,Retail,2959.235464108163,469.3219294746282,2659.49093368956,237.30864043553493,1.0820709990911206,0.9458013609402863,Medium,7,3,11,5
262,2023-12-17,P005,LED Desk Lamp,Home,S01,Chennai,18,4705.637769431366,1,84701.47984976458,0,1,Sunday,January,Q1,0,No_Holiday,1,Winter,Sunny,1,4380.005832156342,99.43493674589234,Online,Wholesale,0.0,47.05637769431366,4658.581391737052,325.63193727502403,1.0743450921650282,0.0,High,5,1,1,6
263,2023-12-19,P007,Yoga Mat,Sports,S03,Mumbai,72,3812.190302631711,17,274477.7017894832,1,1,Tuesday,February,Q1,0,No_Holiday,1,Winter,Cloudy,0,3783.799866296573,105.8536849812683,Online,Corporate,3012.345351614249,648.0723514473908,3164.11795118432,28.39043633513802,1.007503154854468,0.7901875595073792,High,7,3,2,1
264,2023-12-20,P005,LED Desk Lamp,Home,S04,Delhi,56,4428.62104274871,7,248002.7783939278,1,1,Wednesday,March,Q1,0,No_Holiday,0,Spring,Sunny,1,4688.175518644543,105.7128618672813,In-Store,Wholesale,713.0974555705601,310.00347299240974,4118.6175697563,-259.5544758958331,0.9446363569658168,0.16102020215483648,High,5,4,3,2
265,2023-12-22,P007,Yoga Mat,Sports,S03,Mumbai,23,2394.062106465786,3,55063.42844871307,0,1,Friday,March,Q1,0,No_Holiday,0,Spring,Stormy,0,2269.908517385067,103.6436245657539,Wholesale,Corporate,668.9198047356658,71.82186319397358,2322.2402432718127,124.15358908071903,1.0546954153129235,0.27940787456143024,Medium,7,3,3,4
266,2023-12-22,P003,Office Chair,Furniture,S03,Mumbai,93,1895.644295625185,12,176294.9194931422,1,1,Friday,January,Q1,0,No_Holiday,1,Winter,Sunny,1,1957.316590006804,103.3480257504979,Online,Retail,4547.278316621764,227.47731547502218,1668.1669801501628,-61.67229438161917,0.9684914056844505,2.398803576766003,Medium,3,3,1,4
267,2023-12-23,P002,Bluetooth Speaker,Electronics,S02,Bengaluru,24,1694.565397561308,0,40669.5695414714,0,1,Saturday,August,Q3,0,No_Holiday,0,Summer,Rainy,0,1772.078717256559,102.8799628306905,In-Store,Wholesale,168.7641177615691,0.0,1694.565397561308,-77.51331969525108,0.9562585347138228,0.09959138667911066,Medium,2,2,8,5
268,2023-12-23,P006,Running Shoes,Apparel,S01,Chennai,64,670.0575544819023,0,42883.68348684175,0,1,Saturday,July,Q3,0,No_Holiday,1,Summer,Clear,1,723.2049538345759,101.2748659217264,In-Store,Retail,9.64010136122539,0.0,670.0575544819023,-53.147399352673574,0.9265112896823017,0.01438697511392025,Low,6,1,7,5
269,2023-12-23,P006,Running Shoes,Apparel,S01,Chennai,2,3577.17066858751,11,7154.34133717502,1,0,Saturday,November,Q4,0,No_Holiday,1,Autumn,Clear,1,3380.907743191104,109.6398616431915,In-Store,Wholesale,5397.996552286317,393.4887735446261,3183.681895042884,196.262925396406,1.058050364075052,1.5090128630674986,High,6,1,11,5
270,2023-12-23,P007,Yoga Mat,Sports,S03,Mumbai,28,4966.121898223851,6,139051.4131502678,1,1,Saturday,July,Q3,0,No_Holiday,0,Summer,Stormy,0,4558.607883449627,109.4623250107414,Wholesale,Retail,6539.999068112728,297.9673138934311,4668.154584330419,407.51401477422405,1.0893943996046984,1.316922782433468,High,7,3,7,5
271,2023-12-25,P004,Notebook Pack,Stationery,S03,Mumbai,61,2122.897565841748,19,129496.7515163466,1,1,Monday,January,Q1,1,Christmas,0,Winter,Stormy,1,2101.694802192982,98.26268441736838,Online,Corporate,427.824651150498,403.3505375099321,1719.547028331816,21.202763648765995,1.0100884122788154,0.20152863615954156,Medium,4,3,1,0
272,2023-12-26,P002,Bluetooth Speaker,Electronics,S01,Chennai,1,2906.83499176682,0,2906.83499176682,0,0,Tuesday,October,Q4,0,No_Holiday,0,Autumn,Cloudy,0,2773.707269403083,104.5780787632773,Wholesale,Wholesale,227.7127025267338,0.0,2906.83499176682,133.12772236373712,1.0479963130328411,0.07833698960267656,Medium,2,1,10,1
273,2023-12-26,P006,Running Shoes,Apparel,S02,Bengaluru,96,563.621881092274,18,54107.7005848583,1,1,Tuesday,April,Q2,0,No_Holiday,0,Spring,Clear,1,529.9016349842898,107.0017488118565,In-Store,Wholesale,9661.907707701414,101.45193859660931,462.16994249566466,33.72024610798417,1.0636349161462464,17.142534794740527,Low,6,2,4,1
274,2023-12-26,P003,Office Chair,Furniture,S01,Chennai,32,3344.403103152262,0,107020.8993008724,0,1,Tuesday,November,Q4,0,No_Holiday,1,Autumn,Stormy,0,3496.080248512899,103.4703948223283,Wholesale,Retail,0.0,0.0,3344.403103152262,-151.67714536063704,0.9566150847294896,0.0,Medium,3,1,11,1
275,2023-12-28,P006,Running Shoes,Apparel,S02,Bengaluru,47,4439.134974432782,12,208639.3437983407,1,1,Thursday,December,Q4,0,No_Holiday,1,Winter,Cloudy,0,4256.69378371339,109.6039639811544,Wholesale,Wholesale,4860.188091382152,532.6961969319339,3906.438777500848,182.44119071939167,1.0428598344136082,1.094850262353911,High,6,2,12,3
276,2023-12-29,P006,Running Shoes,Apparel,S01,Chennai,27,2304.017129966989,3,62208.46250910869,0,1,Friday,April,Q2,0,No_Holiday,0,Spring,Clear,0,2310.814442706972,100.9276311655939,In-Store,Wholesale,626.9272582903202,69.12051389900968,2234.8966160679793,-6.797312739982772,0.9970584774725485,0.2721018216992608,Medium,6,1,4,4
277,2023-12-30,P008,Coffee Maker,Appliances,S03,Mumbai,1,4838.425949377931,24,4838.425949377931,1,0,Saturday,June,Q2,0,No_Holiday,0,Summer,Clear,0,5051.691808561728,103.7336631105866,Online,Wholesale,6850.969966641514,1161.2222278507033,3677.2037215272276,-213.26585918379715,0.957783279886087,1.415950153690444,High,8,3,6,5
278,2023-12-30,P008,Coffee Maker,Appliances,S01,Chennai,47,638.5713845479787,0,30012.855073755,0,1,Saturday,October,Q4,0,No_Holiday,0,Autumn,Clear,0,578.6449565039344,108.5806966357556,Online,Retail,49.13124969401673,0.0,638.5713845479787,59.926428044044314,1.1035633809134167,0.07693932249844697,Low,8,1,10,5
279,2023-12-30,P005,LED Desk Lamp,Home,S03,Mumbai,6,2944.443844568716,24,17666.6630674123,1,0,Saturday,August,Q3,0,No_Holiday,0,Summer,Sunny,0,3221.355437566492,106.8165363521911,Online,Corporate,8680.275089598872,706.6665226964919,2237.777321872224,-276.9115929977761,0.9140387956670304,2.9480185555619944,Medium,5,3,8,5
280,2023-12-31,P004,Notebook Pack,Stationery,S03,Mumbai,26,2911.451394409857,0,75697.73625465628,0,1,Sunday,October,Q4,0,No_Holiday,0,Autumn,Cloudy,1,2864.937640409629,106.1520602876628,Online,Wholesale,0.0,0.0,2911.451394409857,46.513754000228346,1.0162355205726494,0.0,Medium,4,3,10,6
281,2023-12-31,P001,Wireless Mouse,Electronics,S01,Chennai,36,2126.633863117922,4,76558.81907224518,0,1,Sunday,November,Q4,0,No_Holiday,0,Autumn,Clear,1,2193.756264222514,108.7327580139249,Wholesale,Retail,0.0,85.06535452471688,2041.568508593205,-67.12240110459197,0.9694029814527364,0.0,Medium,1,1,11,6
282,2023-12-31,P007,Yoga Mat,Sports,S01,Chennai,34,867.3735005588364,0,29490.69901900044,0,1,Sunday,April,Q2,0,No_Holiday,0,Spring,Sunny,0,815.5466792710982,103.4444524339131,In-Store,Corporate,0.0,0.0,867.3735005588364,51.8268212877382,1.0635485651588439,0.0,Low,7,1,4,6
283,2023-12-31,P002,Bluetooth Speaker,Electronics,S01,Chennai,49,3287.952461707131,12,161109.6706236494,1,1,Sunday,December,Q4,0,No_Holiday,1,Winter,Clear,0,3415.101062375807,96.45509843328071,Wholesale,Retail,2823.673911040274,394.55429540485574,2893.3981663022755,-127.14860066867595,0.9627687150844603,0.8587940196599436,Medium,2,1,12,6
284,2024-01-01,P002,Bluetooth Speaker,Electronics,S01,Chennai,58,3759.44,0,218047.52,0,1,Monday,January,Q1,1,New Year,0,Winter,Sunny,1,3448.86,101.33,Online,Retail,109.32,0.0,3759.44,310.5799999999999,1.0900529450311116,0.02907879897005937,High,2,1,1,0
285,2024-01-01,P004,Notebook Pack,Stationery,S03,Mumbai,14,2538.638766724183,0,35540.94273413857,0,0,Monday,December,Q4,1,New Year,0,Winter,Rainy,1,2563.792392604732,107.2486846994472,In-Store,Retail,0.0,0.0,2538.638766724183,-25.153625880549043,0.9901888990882785,0.0,Medium,4,3,12,0
286,2024-01-01,P005,LED Desk Lamp,Home,S02,Bengaluru,94,327.5231771002459,7,30787.17864742312,1,1,Monday,September,Q3,1,New Year,1,Autumn,Sunny,0,299.843750528923,109.4429366869145,Wholesale,Corporate,7986.317027710551,22.926622397017212,304.59655470322866,27.679426571322892,1.0923128346763824,24.38397519961208,Low,5,2,9,0
287,2024-01-02,P001,Wireless Mouse,Electronics,S02,Bengaluru,0,3636.89,15,0.0,1,0,Tuesday,January,Q1,0,No_Holiday,0,Winter,Stormy,0,3599.95,99.17,Online,Retail,7132.32,545.5335,3091.3565,36.940000000000055,1.0102612536285227,1.9611041301771568,High,1,2,1,1
288,2024-01-02,P006,Running Shoes,Apparel,S03,Mumbai,87,848.8888588824985,20,73853.33072277738,1,1,Tuesday,September,Q3,0,No_Holiday,1,Autumn,Rainy,0,868.6859602593547,95.32550220953306,Wholesale,Retail,4247.495534211548,169.77777177649972,679.1110871059989,-19.797101376856176,0.9772102896990006,5.003594392560497,Low,6,3,9,1
289,2024-01-03,P006,Running Shoes,Apparel,S03,Mumbai,91,946.3,20,68890.64,1,1,Wednesday,January,Q1,0,No_Holiday,0,Winter,Sunny,0,923.58,100.38,In-Store,Wholesale,3012.95,189.26,757.04,22.719999999999914,1.0245999263734598,3.1839268730846455,Low,6,3,1,2
290,2024-01-03,P007,Yoga Mat,Sports,S03,Mumbai,21,2401.855335168186,0,50438.96203853191,0,1,Wednesday,March,Q1,0,No_Holiday,0,Spring,Stormy,0,2274.451697537995,103.3314643805462,Wholesale,Corporate,329.2138416030588,0.0,2401.855335168186,127.40363763019059,1.0560150992734205,0.13706647389735743,Medium,7,3,3,2
291,2024-01-04,P006,Running Shoes,Apparel,S02,Bengaluru,46,3339.927988481485,0,153636.6874701483,1,1,Thursday,January,Q1,0,No_Holiday,0,Winter,Rainy,0,3102.117145021282,106.4342706439057,Wholesale,Corporate,7217.794349043433,0.0,3339.927988481485,237.81084346020316,1.0766608198023326,2.1610628654077777,Medium,6,2,1,3
292,2024-01-04,P001,Wireless Mouse,Electronics,S04,Delhi,57,2773.89,5,150206.14,1,1,Thursday,January,Q1,0,No_Holiday,0,Winter,Clear,0,2956.64,104.28,In-Store,Wholesale,2326.74,138.69449999999998,2635.1955,-182.75,0.9381899724011039,0.8388003850188723,Medium,1,4,1,3
293,2024-01-05,P005,LED Desk Lamp,Home,S01,Chennai,44,4900.655160331442,18,215628.8270545834,1,1,Friday,March,Q1,0,No_Holiday,0,Spring,Cloudy,0,4961.671428189521,105.528128916705,Wholesale,Retail,9628.444283308034,882.1179288596596,4018.5372314717824,-61.01626785807912,0.9877024771307068,1.9647259332274343,High,5,1,3,4
294,2024-01-05,P002,Bluetooth Speaker,Electronics,S01,Chennai,59,3374.06,20,159255.63,1,1,Friday,January,Q1,0,No_Holiday,0,Winter,Sunny,0,3621.37,100.7,In-Store,Wholesale,8424.05,674.812,2699.248,-247.30999999999995,0.9317081656941986,2.4967101948394514,Medium,2,1,1,4
295,2024-01-05,P007,Yoga Mat,Sports,S02,Bengaluru,31,3597.979074245617,0,111537.3513016141,1,1,Friday,February,Q1,0,No_Holiday,0,Winter,Cloudy,1,3556.48416123978,95.71797391963243,In-Store,Corporate,9372.970675159302,0.0,3597.979074245617,41.494913005837134,1.0116673971047216,2.6050653663472234,High,7,2,2,4
296,2024-01-06,P001,Wireless Mouse,Electronics,S03,Mumbai,79,2975.54264789177,21,235067.8691834498,1,1,Saturday,March,Q1,0,No_Holiday,1,Spring,Stormy,1,3058.292554934817,108.8662419103871,Online,Wholesale,4844.27871345771,624.8639560572716,2350.6786918344983,-82.74990704304719,0.9729424489133575,1.628032021954038,Medium,1,3,3,5
297,2024-01-06,P003,Office Chair,Furniture,S03,Mumbai,89,1905.3,15,144135.94,1,1,Saturday,January,Q1,0,No_Holiday,1,Winter,Sunny,1,1956.73,103.01,Online,Retail,4891.47,285.795,1619.5049999999999,-51.430000000000064,0.9737163533037261,2.5672964887419307,Medium,3,3,1,5
298,2024-01-06,P004,Notebook Pack,Stationery,S02,Bengaluru,70,3138.899383406584,11,219722.9568384609,1,1,Saturday,June,Q2,0,No_Holiday,0,Summer,Stormy,1,3034.320288720781,101.1626520554502,Online,Retail,9538.228381832701,345.2789321747243,2793.62045123186,104.57909468580328,1.0344654106142144,3.0387174664646484,Medium,4,2,6,5
299,2024-01-07,P005,LED Desk Lamp,Home,S02,Bengaluru,83,3486.15,20,231480.36,1,1,Sunday,January,Q1,0,No_Holiday,1,Winter,Rainy,0,3698.84,101.02,Online,Retail,9174.79,697.23,2788.92,-212.69000000000005,0.9424981886212975,2.631782912381854,High,5,2,1,6
300,2024-01-08,P006,Running Shoes,Apparel,S02,Bengaluru,45,3346.11,5,143046.2,1,1,Monday,January,Q1,0,No_Holiday,0,Winter,Rainy,0,3104.94,106.17,Wholesale,Corporate,7596.63,167.3055,3178.8045,241.17000000000007,1.0776729985120486,2.2702869899674547,Medium,6,2,1,0
301,2024-01-08,P006,Running Shoes,Apparel,S03,Mumbai,26,3787.913264801603,3,98485.74488484168,0,1,Monday,May,Q2,0,No_Holiday,0,Spring,Rainy,0,3996.539979950818,106.2778982129024,In-Store,Retail,0.0,113.6373979440481,3674.275866857555,-208.62671514921522,0.9477981663649508,0.0,High,6,3,5,0
302,2024-01-09,P006,Running Shoes,Apparel,S02,Bengaluru,68,2398.801109975487,12,163118.4754783331,1,1,Tuesday,June,Q2,0,No_Holiday,1,Summer,Clear,0,2497.004549282999,107.9193156590163,Wholesale,Wholesale,8355.00813524275,287.85613319705845,2110.9449767784286,-98.20343930751187,0.9606715016455575,3.4829932754734,Medium,6,2,6,1
303,2024-01-09,P007,Yoga Mat,Sports,S04,Delhi,42,1937.58,0,81378.36,1,1,Tuesday,January,Q1,0,No_Holiday,0,Winter,Sunny,0,1803.05,97.4,Wholesale,Corporate,6165.89,0.0,1937.58,134.52999999999997,1.0746124622167994,3.18226344202562,Medium,7,4,1,1
304,2024-01-10,P008,Coffee Maker,Appliances,S01,Chennai,40,3164.360607025583,12,126574.4242810233,1,1,Wednesday,April,Q2,0,No_Holiday,0,Spring,Clear,0,3258.399001809601,104.7031225861126,In-Store,Wholesale,3725.896128535424,379.72327284306994,2784.637334182513,-94.03839478401824,0.9711396932260927,1.1774562356335456,Medium,8,1,4,2
305,2024-01-10,P007,Yoga Mat,Sports,S04,Delhi,4,3060.26,5,11628.99,1,0,Wednesday,January,Q1,0,No_Holiday,0,Winter,Cloudy,1,3281.08,95.17,Wholesale,Retail,6976.25,153.013,2907.2470000000003,-220.8199999999997,0.932698989357163,2.279626567677256,Medium,7,4,1,2
306,2024-01-10,P005,LED Desk Lamp,Home,S02,Bengaluru,83,382.1301117716773,9,31716.79927704922,1,1,Wednesday,November,Q4,0,No_Holiday,1,Autumn,Stormy,0,358.5046778564311,94.99504117250143,Online,Retail,8468.23971395506,34.39171005945096,347.7384017122264,23.62543391524622,1.0658999320636686,22.16061873452891,Low,5,2,11,2
307,2024-01-10,P002,Bluetooth Speaker,Electronics,S01,Chennai,52,649.3225587459348,8,33764.77305478861,1,1,Wednesday,July,Q3,0,No_Holiday,0,Summer,Clear,0,589.8300621396482,95.41863343332246,Online,Retail,5282.368913771383,51.94580469967478,597.37675404626,59.49249660628652,1.1008637918360307,8.135200052148896,Low,2,1,7,2
308,2024-01-10,P001,Wireless Mouse,Electronics,S03,Mumbai,39,3406.782133529789,9,132864.5032076618,1,1,Wednesday,April,Q2,0,No_Holiday,0,Spring,Stormy,0,3741.506297685497,104.1524866805013,In-Store,Retail,5586.076931801579,306.610392017681,3100.171741512108,-334.72416415570797,0.9105375916745699,1.6396930337349775,High,1,3,4,2
309,2024-01-11,P005,LED Desk Lamp,Home,S03,Mumbai,61,735.45,5,42619.33,1,1,Thursday,January,Q1,0,No_Holiday,0,Winter,Stormy,0,802.2,108.14,In-Store,Wholesale,7738.64,36.7725,698.6775,-66.75,0.9167913238593867,10.522319668230335,Low,5,3,1,3
310,2024-01-11,P006,Running Shoes,Apparel,S04,Delhi,93,268.3022464445846,0,24952.10891934637,1,1,Thursday,July,Q3,0,No_Holiday,0,Summer,Sunny,1,279.1882958284919,109.9314198376617,Wholesale,Wholesale,2256.33117394942,0.0,268.3022464445846,-10.886049383907277,0.9610082172262885,8.409661878904338,Low,6,4,7,3
311,2024-01-11,P002,Bluetooth Speaker,Electronics,S01,Chennai,1,1629.304287532285,0,1629.304287532285,1,0,Thursday,November,Q4,0,No_Holiday,0,Autumn,Clear,1,1585.976395209924,108.0105572808428,Online,Corporate,9647.853884839551,0.0,1629.304287532285,43.32789232236087,1.027319380321941,5.921456144605142,Low,2,1,11,3
312,2024-01-12,P007,Yoga Mat,Sports,S02,Bengaluru,6,3109.38255320658,3,18656.29531923948,1,0,Friday,January,Q1,0,No_Holiday,1,Winter,Clear,0,3348.731666728471,102.9824298543631,Online,Retail,5122.237618951355,93.2814765961974,3016.1010766103823,-239.349113521891,0.928525442662379,1.6473488003812846,Medium,7,2,1,4
313,2024-01-12,P002,Bluetooth Speaker,Electronics,S03,Mumbai,0,4240.01,10,0.0,1,0,Friday,January,Q1,0,No_Holiday,0,Winter,Rainy,0,4133.09,97.42,Wholesale,Retail,6189.97,424.00100000000003,3816.009,106.92000000000007,1.0258692648841423,1.4598951417567412,High,2,3,1,4
314,2024-01-13,P008,Coffee Maker,Appliances,S01,Chennai,55,736.97,0,40533.35,0,1,Saturday,January,Q1,0,No_Holiday,1,Winter,Sunny,0,792.69,109.2,Online,Wholesale,243.0,0.0,736.97,-55.72000000000003,0.92970770414664,0.3297284828419067,Low,8,1,1,5
315,2024-01-13,P003,Office Chair,Furniture,S01,Chennai,119,1629.399923898594,22,193898.5909439327,1,1,Saturday,May,Q2,0,No_Holiday,1,Spring,Clear,1,1725.068490469655,108.7448147011778,Online,Wholesale,3268.256263995178,358.46798325769066,1270.9319406409031,-95.66856657106109,0.9445421633404161,2.005803618902451,Low,3,1,5,5
316,2024-01-14,P002,Bluetooth Speaker,Electronics,S02,Bengaluru,0,816.28,5,0.0,1,0,Sunday,January,Q1,0,No_Holiday,1,Winter,Rainy,0,820.8,104.1,Online,Wholesale,7675.02,40.81399999999999,775.466,-4.519999999999982,0.9944931773879142,9.402435438820014,Low,2,2,1,6
317,2024-01-14,P001,Wireless Mouse,Electronics,S04,Delhi,102,1475.831724821464,17,150534.8359317893,1,1,Sunday,January,Q1,0,No_Holiday,1,Winter,Cloudy,0,1526.910612647358,106.1819945936164,Wholesale,Wholesale,7727.471227969398,250.89139321964885,1224.9403316018152,-51.07888782589407,0.9665475585782107,5.23601105600587,Low,1,4,1,6
318,2024-01-14,P005,LED Desk Lamp,Home,S01,Chennai,49,946.5384034069418,4,46380.38176694015,0,1,Sunday,March,Q1,0,No_Holiday,0,Spring,Sunny,0,936.3971780159455,104.0966775770288,In-Store,Retail,459.8317780569278,37.86153613627767,908.6768672706642,10.141225390996283,1.010830046938505,0.48580361494242935,Low,5,1,3,6
319,2024-01-15,P004,Notebook Pack,Stationery,S03,Mumbai,65,2115.16,15,116862.59,1,1,Monday,January,Q1,0,No_Holiday,0,Winter,Stormy,1,2094.64,98.72,Online,Corporate,699.83,317.274,1797.886,20.519999999999982,1.0097964327999083,0.33086385899884646,Medium,4,3,1,0
320,2024-01-16,P004,Notebook Pack,Stationery,S03,Mumbai,22,4313.241052052182,4,94891.30314514799,1,1,Tuesday,July,Q3,0,No_Holiday,0,Summer,Clear,0,4719.188336453391,103.1782289521327,Online,Corporate,2919.344194911875,172.52964208208726,4140.711409970095,-405.9472844012089,0.9139794270837917,0.6768330727824476,High,4,3,7,1
321,2024-01-16,P004,Notebook Pack,Stationery,S01,Chennai,57,4941.616857318376,23,281672.1608671474,1,1,Tuesday,September,Q3,0,No_Holiday,1,Autumn,Stormy,1,5218.025925735542,100.110187844319,Wholesale,Wholesale,3347.503768182483,1136.5718771832264,3805.0449801351497,-276.40906841716605,0.947028038505155,0.6774106258814738,High,4,1,9,1
322,2024-01-16,P004,Notebook Pack,Stationery,S02,Bengaluru,81,234.52,15,16146.7,1,1,Tuesday,January,Q1,0,No_Holiday,0,Winter,Rainy,0,253.54,107.89,Online,Wholesale,2761.04,35.178000000000004,199.342,-19.019999999999982,0.9249822513212906,11.773153675592699,Low,4,2,1,1
323,2024-01-16,P006,Running Shoes,Apparel,S03,Mumbai,1,3820.888523267316,0,3820.888523267316,1,0,Tuesday,June,Q2,0,No_Holiday,1,Summer,Sunny,0,3471.543223459952,105.6131434329957,In-Store,Wholesale,4754.33688430971,0.0,3820.888523267316,349.345299807364,1.100631124926391,1.2443013857531189,High,6,3,6,1
324,2024-01-17,P008,Coffee Maker,Appliances,S02,Bengaluru,0,2788.32,15,0.0,1,0,Wednesday,January,Q1,0,No_Holiday,0,Winter,Clear,0,2645.0,102.09,In-Store,Retail,1396.1,418.24800000000005,2370.072,143.32000000000016,1.0541852551984878,0.5006957594537211,Medium,8,2,1,2
325,2024-01-18,P007,Yoga Mat,Sports,S03,Mumbai,53,2233.18,5,112440.61,1,1,Thursday,January,Q1,0,No_Holiday,0,Winter,Sunny,0,2189.69,100.09,Online,Retail,2320.11,111.65899999999999,2121.5209999999997,43.48999999999978,1.0198612588996614,1.038926553166337,Medium,7,3,1,3
326,2024-01-19,P004,Notebook Pack,Stationery,S02,Bengaluru,28,3347.093454419234,3,93718.61672373854,0,1,Friday,April,Q2,0,No_Holiday,0,Spring,Clear,0,3093.22731112693,98.87671364142302,Online,Corporate,720.1576753983225,100.41280363257701,3246.680650786657,253.86614329230406,1.082071609279764,0.2151591179647177,Medium,4,2,4,4
327,2024-01-19,P004,Notebook Pack,Stationery,S01,Chennai,50,1363.761928524307,5,68188.09642621536,1,1,Friday,February,Q1,0,No_Holiday,0,Winter,Clear,0,1400.66214162918,104.8448625773936,In-Store,Corporate,7959.915900656467,68.18809642621535,1295.5738320980915,-36.900213104873046,0.9736551649336702,5.836734208638377,Low,4,1,2,4
328,2024-01-19,P002,Bluetooth Speaker,Electronics,S04,Delhi,28,846.9210071207721,0,23713.78819938162,0,1,Friday,June,Q2,0,No_Holiday,0,Summer,Cloudy,0,823.4815238594817,103.4575359369523,Online,Corporate,301.6471483433344,0.0,846.9210071207721,23.43948326129032,1.028463884837919,0.35616916549139166,Low,2,4,6,4
329,2024-01-19,P008,Coffee Maker,Appliances,S02,Bengaluru,35,2225.03,0,77876.05,1,1,Friday,January,Q1,0,No_Holiday,0,Winter,Sunny,0,2362.1,107.84,Online,Retail,6695.38,0.0,2225.03,-137.0699999999997,0.9419711273866476,3.0091189781710805,Medium,8,2,1,4
330,2024-01-20,P001,Wireless Mouse,Electronics,S01,Chennai,47,4646.56,20,174710.66,1,1,Saturday,January,Q1,0,No_Holiday,1,Winter,Rainy,0,4633.22,98.21,In-Store,Retail,2064.05,929.3120000000001,3717.2480000000005,13.340000000000146,1.0028792071172965,0.4442103405530113,High,1,1,1,5
331,2024-01-21,P001,Wireless Mouse,Electronics,S04,Delhi,102,1472.97,20,120194.35,1,1,Sunday,January,Q1,0,No_Holiday,1,Winter,Cloudy,0,1530.88,105.96,Wholesale,Wholesale,7324.88,294.594,1178.376,-57.91000000000008,0.9621720840301002,4.97286434890052,Low,1,4,1,6
332,2024-01-22,P003,Office Chair,Furniture,S01,Chennai,66,1950.058456526051,15,128703.8581307194,1,1,Monday,November,Q4,0,No_Holiday,0,Autumn,Stormy,0,2059.756611879297,103.9420684582477,Wholesale,Retail,6782.573671735347,292.50876847890765,1657.5496880471433,-109.69815535324597,0.946742175885937,3.4781386419657503,Medium,3,1,11,0
333,2024-01-22,P008,Coffee Maker,Appliances,S03,Mumbai,50,4318.981592242651,4,215949.0796121325,1,1,Monday,March,Q1,0,No_Holiday,0,Spring,Clear,1,3943.330672713307,109.7254598228015,Online,Retail,6355.698297989504,172.75926368970602,4146.222328552944,375.65091952934335,1.0952623431072464,1.4715733703067901,High,8,3,3,0
334,2024-01-22,P007,Yoga Mat,Sports,S03,Mumbai,9,1411.192647233234,16,12700.73382509911,1,0,Monday,May,Q2,0,No_Holiday,0,Spring,Rainy,0,1286.912624572984,104.8894475705377,In-Store,Corporate,10090.33848101972,225.79082355731745,1185.4018236759166,124.2800226602501,1.0965722305362324,7.150220418737801,Low,7,3,5,0
335,2024-01-22,P005,LED Desk Lamp,Home,S04,Delhi,46,4080.847948031339,10,187719.0056094416,1,1,Monday,December,Q4,0,No_Holiday,1,Winter,Sunny,0,3785.545242298845,104.8356837919254,Online,Corporate,7169.655920416035,408.08479480313395,3672.763153228205,295.3027057324939,1.0780079715949098,1.7569034699944608,High,5,4,12,0
336,2024-01-22,P003,Office Chair,Furniture,S02,Bengaluru,32,1624.2,0,51974.4,0,1,Monday,January,Q1,0,No_Holiday,0,Winter,Sunny,0,1651.54,102.54,Wholesale,Retail,28.44,0.0,1624.2,-27.339999999999918,0.9834457536602202,0.017510158847432584,Low,3,2,1,0
337,2024-01-22,P004,Notebook Pack,Stationery,S03,Mumbai,12,2526.121432430684,0,30313.45718916821,0,0,Monday,December,Q4,0,No_Holiday,0,Winter,Rainy,1,2564.348007698084,107.321302513019,In-Store,Retail,0.0,0.0,2526.121432430684,-38.22657526740022,0.9850930625825179,0.0,Medium,4,3,12,0
338,2024-01-23,P002,Bluetooth Speaker,Electronics,S02,Bengaluru,57,528.9,0,30147.3,0,1,Tuesday,January,Q1,0,No_Holiday,0,Winter,Sunny,1,502.05,103.92,Wholesale,Retail,209.61,0.0,528.9,26.849999999999966,1.0534807290110546,0.3963131026659104,Low,2,2,1,1
339,2024-01-24,P006,Running Shoes,Apparel,S03,Mumbai,64,1180.44,15,64215.94,1,1,Wednesday,January,Q1,0,No_Holiday,0,Winter,Rainy,0,1155.84,105.08,In-Store,Corporate,3503.68,177.06600000000003,1003.374,24.600000000000136,1.0212832225913622,2.9681135847650024,Low,6,3,1,2
340,2024-01-25,P002,Bluetooth Speaker,Electronics,S01,Chennai,64,2399.77,10,138226.75,1,1,Thursday,January,Q1,0,No_Holiday,0,Winter,Sunny,1,2262.1,98.98,In-Store,Retail,8853.07,239.977,2159.793,137.67000000000007,1.0608593784536493,3.689132708551236,Medium,2,1,1,3
341,2024-01-26,P006,Running Shoes,Apparel,S03,Mumbai,1,957.18,20,765.74,1,0,Friday,January,Q1,1,Republic Day,0,Winter,Cloudy,1,1049.81,107.11,Wholesale,Retail,6844.7,191.43599999999998,765.7439999999999,-92.63,0.9117649860450939,7.150901606803318,Low,6,3,1,4
342,2024-01-26,P006,Running Shoes,Apparel,S04,Delhi,53,4060.67790912776,1,215215.9291837713,1,1,Friday,August,Q3,1,Republic Day,1,Summer,Stormy,1,3763.776503120004,99.94016112303665,Wholesale,Retail,4890.236424017696,40.6067790912776,4020.0711300364824,296.9014060077561,1.0788839097543752,1.2042906464029615,High,6,4,8,4
343,2024-01-26,P001,Wireless Mouse,Electronics,S01,Chennai,44,4651.333267134467,16,204658.6637539165,1,1,Friday,January,Q1,1,Republic Day,1,Winter,Rainy,0,4624.035653899949,97.98455906227673,In-Store,Retail,2308.139073931638,744.2133227415147,3907.119944392952,27.297613234518394,1.0059034175507482,0.4962317127952447,High,1,1,1,4
344,2024-01-27,P005,LED Desk Lamp,Home,S01,Chennai,16,4706.86,0,75309.76,0,1,Saturday,January,Q1,0,No_Holiday,1,Winter,Sunny,1,4382.51,99.23,Online,Wholesale,171.44,0.0,4706.86,324.34999999999945,1.0740100992353696,0.03642343303178765,High,5,1,1,5
345,2024-01-27,P006,Running Shoes,Apparel,S04,Delhi,34,4931.246608366637,7,167662.3846844657,1,1,Saturday,November,Q4,0,No_Holiday,0,Autumn,Cloudy,0,5215.633272964663,102.5067768931441,Wholesale,Retail,3403.707427726062,345.1872625856646,4586.059345780972,-284.3866645980261,0.9454741831500788,0.6902326527233775,High,6,4,11,5
346,2024-01-27,P002,Bluetooth Speaker,Electronics,S04,Delhi,35,3375.610208518532,0,118146.3572981486,1,1,Saturday,November,Q4,0,No_Holiday,0,Autumn,Stormy,0,3610.112871864328,103.5559403237337,Wholesale,Retail,302.9281381625077,0.0,3375.610208518532,-234.502663345796,0.9350428444569118,0.08974026011594953,Medium,2,4,11,5
347,2024-01-27,P001,Wireless Mouse,Electronics,S04,Delhi,97,1470.640103000088,18,142652.0899910085,1,1,Saturday,January,Q1,0,No_Holiday,1,Winter,Cloudy,0,1526.00010926181,105.4750868416639,Wholesale,Wholesale,7176.556022147694,264.7152185400158,1205.924884460072,-55.36000626172199,0.9637221479043655,4.879885981286385,Low,1,4,1,5
348,2024-01-28,P005,LED Desk Lamp,Home,S04,Delhi,94,1405.38,20,105684.58,1,1,Sunday,January,Q1,0,No_Holiday,1,Winter,Sunny,0,1497.95,95.66,In-Store,Retail,6552.58,281.076,1124.304,-92.56999999999994,0.9382022096865716,4.662496975906872,Low,5,4,1,6
349,2024-01-28,P004,Notebook Pack,Stationery,S04,Delhi,27,3270.506412877826,0,88303.6731477013,0,1,Sunday,September,Q3,0,No_Holiday,0,Autumn,Cloudy,0,3186.032987394651,108.0636584689676,In-Store,Corporate,649.2872024805465,0.0,3270.506412877826,84.47342548317465,1.0265136694495596,0.19852803221052773,Medium,4,4,9,6
350,2024-01-29,P006,Running Shoes,Apparel,S01,Chennai,68,3851.359111585796,12,261892.4195878341,1,1,Monday,December,Q4,0,No_Holiday,1,Winter,Clear,1,4189.435599374056,106.0894513774902,Wholesale,Wholesale,9348.99299898601,462.16309339029556,3389.1960181955005,-338.07648778826024,0.9193026173170504,2.4274529401483322,High,6,1,12,0
351,2024-01-29,P006,Running Shoes,Apparel,S04,Delhi,72,997.3553970619221,1,71809.58858845838,0,1,Monday,August,Q3,0,No_Holiday,0,Summer,Sunny,1,973.1326240337429,99.43579998715482,Wholesale,Retail,361.7552475646738,9.973553970619221,987.3818430913028,24.222773028179176,1.0248915434853814,0.3627144833530327,Low,6,4,8,0
352,2024-01-29,P005,LED Desk Lamp,Home,S02,Bengaluru,97,321.0917887538205,6,31145.90350912059,1,1,Monday,September,Q3,0,No_Holiday,1,Autumn,Sunny,0,293.7522494819306,109.9901819553347,Wholesale,Corporate,7439.164937451243,19.265507325229226,301.82628142859124,27.339539271889862,1.0930700592765046,23.16834375093539,Low,5,2,9,0
353,2024-01-29,P002,Bluetooth Speaker,Electronics,S04,Delhi,34,3380.072509146699,0,114922.4653109878,1,1,Monday,November,Q4,0,No_Holiday,0,Autumn,Stormy,0,3597.8449602197,103.8369296219233,Wholesale,Retail,364.4602642678435,0.0,3380.072509146699,-217.77245107300132,0.9394714187295877,0.1078261674214355,High,2,4,11,0
354,2024-01-29,P005,LED Desk Lamp,Home,S04,Delhi,25,4123.623514674135,4,103090.5878668534,0,1,Monday,June,Q2,0,No_Holiday,0,Summer,Stormy,1,3952.38440233969,108.0933428913733,Wholesale,Wholesale,189.8306904739248,164.94494058696537,3958.678574087169,171.2391123344446,1.0433255207244205,0.046034922877513464,High,5,4,6,0
355,2024-01-29,P005,LED Desk Lamp,Home,S02,Bengaluru,38,3757.91,10,128520.52,1,1,Monday,January,Q1,0,No_Holiday,0,Winter,Clear,0,3466.2,109.18,Wholesale,Retail,5683.11,375.791,3382.1189999999997,291.71000000000004,1.0841584444059778,1.5123060424544494,High,5,2,1,0
356,2024-01-30,P001,Wireless Mouse,Electronics,S02,Bengaluru,1,3634.397964110031,16,3634.397964110031,1,0,Tuesday,January,Q1,0,No_Holiday,0,Winter,Stormy,0,3591.471062673959,99.1093848463795,Online,Retail,6804.416393634433,581.503674257605,3052.894289852426,42.92690143607206,1.0119524564410973,1.8722265587942175,High,1,2,1,1
357,2024-01-30,P008,Coffee Maker,Appliances,S03,Mumbai,18,4689.004921591253,0,84402.08858864255,0,1,Tuesday,June,Q2,0,No_Holiday,0,Summer,Rainy,0,4931.995032210445,109.1470850253622,In-Store,Wholesale,512.5778612906324,0.0,4689.004921591253,-242.9901106191919,0.9507318825278119,0.10931484821659876,High,8,3,6,1
358,2024-01-30,P006,Running Shoes,Apparel,S02,Bengaluru,25,2262.98,0,56574.5,0,1,Tuesday,January,Q1,0,No_Holiday,0,Winter,Sunny,0,2131.76,98.74,Online,Corporate,390.06,0.0,2262.98,131.2199999999998,1.0615547716440874,0.17236564176439914,Medium,6,2,1,1
359,2024-01-31,P006,Running Shoes,Apparel,S02,Bengaluru,52,2374.121936132889,9,123454.3406789102,1,1,Wednesday,September,Q3,0,No_Holiday,1,Autumn,Sunny,0,2203.51480167681,104.8249727589913,Wholesale,Wholesale,6171.382090856306,213.67097425196,2160.450961880929,170.60713445607917,1.0774250004248904,2.5994377108147275,Medium,6,2,9,2
360,2024-01-31,P007,Yoga Mat,Sports,S02,Bengaluru,0,4643.67,0,0.0,0,1,Wednesday,January,Q1,0,No_Holiday,0,Winter,Stormy,0,4345.88,108.87,In-Store,Wholesale,432.03,0.0,4643.67,297.78999999999996,1.0685223706130864,0.09303632687077246,High,7,2,1,2
361,2024-02-01,P001,Wireless Mouse,Electronics,S03,Mumbai,92,1510.249490385886,15,138942.9531155015,1,1,Thursday,May,Q2,0,No_Holiday,1,Spring,Stormy,0,1581.331503819919,108.3116052271953,In-Store,Corporate,9567.303112767735,226.5374235578829,1283.7120668280031,-71.08201343403289,0.955049264962897,6.334915637232348,Low,1,3,5,3
362,2024-02-01,P007,Yoga Mat,Sports,S03,Mumbai,46,3212.56653957444,11,147778.0608204243,1,1,Thursday,September,Q3,0,No_Holiday,1,Autumn,Stormy,0,2939.915486005189,102.5520294665134,Wholesale,Retail,2835.983746102846,353.38231935318834,2859.1842202212515,272.65105356925096,1.0927411195550163,0.8827782121140193,Medium,7,3,9,3
363,2024-02-01,P004,Notebook Pack,Stationery,S03,Mumbai,93,964.15,15,76216.06,1,1,Thursday,February,Q1,0,No_Holiday,0,Winter,Stormy,0,1033.3,98.34,In-Store,Corporate,3399.31,144.6225,819.5274999999999,-69.14999999999998,0.9330784864027872,3.5257065809262045,Low,4,3,2,3
364,2024-02-02,P004,Notebook Pack,Stationery,S02,Bengaluru,62,313.59,0,19442.58,1,1,Friday,February,Q1,0,No_Holiday,0,Winter,Cloudy,0,342.87,99.19,Wholesale,Wholesale,4296.94,0.0,313.59,-29.28000000000003,0.9146032023799107,13.702413980037628,Low,4,2,2,4
365,2024-02-02,P007,Yoga Mat,Sports,S03,Mumbai,25,2136.673566935413,2,53416.83917338531,0,1,Friday,February,Q1,0,No_Holiday,0,Winter,Stormy,0,2210.973413763152,108.6466259388234,Wholesale,Wholesale,0.0,42.733471338708256,2093.940095596705,-74.2998468277392,0.9663949614386008,0.0,Medium,7,3,2,4
366,2024-02-03,P001,Wireless Mouse,Electronics,S03,Mumbai,28,4762.179884841937,1,133341.0367755742,1,1,Saturday,August,Q3,0,No_Holiday,1,Summer,Rainy,0,5213.33658133686,102.9802792244875,In-Store,Corporate,6561.727063449769,47.62179884841937,4714.558085993517,-451.1566964949234,0.913461045636299,1.377883075004329,High,1,3,8,5
367,2024-02-03,P006,Running Shoes,Apparel,S01,Chennai,0,753.64,0,0.0,0,0,Saturday,February,Q1,0,No_Holiday,1,Winter,Cloudy,0,694.62,101.52,Wholesale,Corporate,218.2,0.0,753.64,59.01999999999998,1.0849673202614378,0.28952815667958176,Low,6,1,2,5
368,2024-02-03,P003,Office Chair,Furniture,S01,Chennai,4,992.5077104556705,0,3970.030841822682,1,0,Saturday,January,Q1,0,No_Holiday,0,Winter,Clear,0,1064.645640615434,106.1812141906516,In-Store,Retail,2995.578939848054,0.0,992.5077104556705,-72.13793015976364,0.93224230917053,3.018192109029312,Low,3,1,1,5
369,2024-02-03,P004,Notebook Pack,Stationery,S02,Bengaluru,56,3614.886449985453,16,202433.6411991854,1,1,Saturday,December,Q4,0,No_Holiday,1,Winter,Cloudy,0,3359.992117575072,106.3491991206746,In-Store,Corporate,4548.49433158281,578.3818319976725,3036.5046179877804,254.89433241038114,1.0758615864237027,1.2582675540475454,High,4,2,12,5
370,2024-02-04,P002,Bluetooth Speaker,Electronics,S04,Delhi,21,4517.62,0,94870.02,0,1,Sunday,February,Q1,0,No_Holiday,1,Winter,Stormy,0,4535.62,107.1,Wholesale,Wholesale,470.13,0.0,4517.62,-18.0,0.9960314135663922,0.10406585768612676,High,2,4,2,6
371,2024-02-05,P003,Office Chair,Furniture,S03,Mumbai,1,2080.899423750883,23,2080.899423750883,1,0,Monday,December,Q4,0,No_Holiday,0,Winter,Cloudy,0,2066.309809275555,102.7191470664364,In-Store,Corporate,5312.454106256866,478.6068674627032,1602.29255628818,14.58961447532829,1.0070607100686626,2.5529605350560427,Medium,3,3,12,0
372,2024-02-05,P006,Running Shoes,Apparel,S01,Chennai,16,3963.672083769797,0,63418.75334031675,0,1,Monday,December,Q4,0,No_Holiday,1,Winter,Clear,0,4180.79195328609,97.86658782686239,Wholesale,Wholesale,88.35518969374309,0.0,3963.672083769797,-217.1198695162925,0.9480672867862662,0.022291246053258173,High,6,1,12,0
373,2024-02-05,P004,Notebook Pack,Stationery,S03,Mumbai,55,2270.23,15,106133.25,1,1,Monday,February,Q1,0,No_Holiday,0,Winter,Clear,0,2344.42,96.87,In-Store,Wholesale,3438.2,340.5345,1929.6955,-74.19000000000005,0.9683546463517629,1.5144721019456178,Medium,4,3,2,0
374,2024-02-06,P007,Yoga Mat,Sports,S03,Mumbai,30,2131.52,0,63945.6,0,1,Tuesday,February,Q1,0,No_Holiday,0,Winter,Stormy,0,2207.11,108.54,Wholesale,Wholesale,150.47,0.0,2131.52,-75.59000000000015,0.9657515937130455,0.07059281639393485,Medium,7,3,2,1
375,2024-02-07,P007,Yoga Mat,Sports,S04,Delhi,3,1090.173211320432,11,3270.519633961296,1,0,Wednesday,August,Q3,0,No_Holiday,1,Summer,Rainy,1,1019.276234568884,99.39313745682975,Online,Corporate,8566.224656345861,119.91905324524753,970.2541580751846,70.8969767515481,1.0695561952168293,7.85767304442414,Low,7,4,8,2
376,2024-02-07,P007,Yoga Mat,Sports,S02,Bengaluru,1,4123.403084807023,15,4123.403084807023,1,0,Wednesday,May,Q2,0,No_Holiday,0,Spring,Rainy,0,3759.729765383541,102.5223622978202,In-Store,Wholesale,9561.022182298144,618.5104627210535,3504.89262208597,363.67331942348255,1.096728579477143,2.318721208102701,High,7,2,5,2
377,2024-02-07,P005,LED Desk Lamp,Home,S03,Mumbai,5,2948.687234659429,17,14743.43617329714,1,0,Wednesday,August,Q3,0,No_Holiday,0,Summer,Sunny,0,3224.195608337323,107.1599283430174,Online,Corporate,8623.336627856022,501.27682989210297,2447.4104047673263,-275.5083736778938,0.9145497335938715,2.9244663613338466,Medium,5,3,8,2
378,2024-02-07,P001,Wireless Mouse,Electronics,S01,Chennai,1,1111.606282324874,20,1111.606282324874,1,0,Wednesday,July,Q3,0,No_Holiday,1,Summer,Clear,0,1104.606467877175,107.9256639796536,In-Store,Corporate,9797.219877761177,222.3212564649748,889.2850258598992,6.999814447699009,1.0063369305279837,8.813570086407516,Low,1,1,7,2
379,2024-02-07,P001,Wireless Mouse,Electronics,S03,Mumbai,0,1577.19,5,0.0,1,0,Wednesday,February,Q1,0,No_Holiday,0,Winter,Clear,0,1566.15,101.63,Online,Wholesale,4995.27,78.85950000000001,1498.3305,11.039999999999964,1.0070491332247868,3.1671960892473323,Low,1,3,2,2
380,2024-02-08,P001,Wireless Mouse,Electronics,S03,Mumbai,45,3423.684753381475,4,154065.8139021664,1,1,Thursday,April,Q2,0,No_Holiday,0,Spring,Stormy,0,3741.904595333324,103.8134332843023,In-Store,Retail,5994.139525836144,136.94739013525898,3286.737363246216,-318.21984195184905,0.9149577885153156,1.7507860558469657,High,1,3,4,3
381,2024-02-08,P003,Office Chair,Furniture,S01,Chennai,0,1562.17,15,0.0,1,0,Thursday,February,Q1,0,No_Holiday,0,Winter,Cloudy,0,1661.66,106.27,Wholesale,Corporate,2634.09,234.32550000000003,1327.8445000000002,-99.49000000000001,0.9401261389213197,1.6861737198896407,Low,3,1,2,3
382,2024-02-09,P007,Yoga Mat,Sports,S01,Chennai,64,1280.038390181775,15,81922.45697163357,1,1,Friday,March,Q1,0,No_Holiday,0,Spring,Stormy,0,1317.703868969249,97.54191244516555,Wholesale,Corporate,5484.807146498436,192.00575852726624,1088.0326316545088,-37.66547878747406,0.9714158243938851,4.28487706975691,Low,7,1,3,4
383,2024-02-09,P004,Notebook Pack,Stationery,S02,Bengaluru,2,317.24,0,634.48,1,0,Friday,February,Q1,0,No_Holiday,0,Winter,Sunny,0,311.81,104.45,Online,Wholesale,7115.37,0.0,317.24,5.430000000000007,1.0174144511080465,22.428981212961794,Low,4,2,2,4
384,2024-02-09,P004,Notebook Pack,Stationery,S02,Bengaluru,46,3466.169630499405,10,159443.8030029727,1,1,Friday,August,Q3,0,No_Holiday,0,Summer,Stormy,0,3436.585071486945,99.51253366384648,Wholesale,Retail,8009.127938004996,346.61696304994047,3119.5526674494645,29.584559012459977,1.0086087084699054,2.3106566590196116,High,4,2,8,4
385,2024-02-10,P004,Notebook Pack,Stationery,S02,Bengaluru,45,3467.788011453807,9,156050.4605154213,1,1,Saturday,August,Q3,0,No_Holiday,0,Summer,Stormy,0,3426.573982402665,99.17348208538857,Wholesale,Retail,8321.316564899085,312.10092103084264,3155.6870904229645,41.214029051142006,1.0120277657108232,2.3996035909388027,High,4,2,8,5
386,2024-02-10,P008,Coffee Maker,Appliances,S04,Delhi,90,1371.13,15,104891.45,1,1,Saturday,February,Q1,0,No_Holiday,1,Winter,Sunny,0,1294.03,107.06,Wholesale,Wholesale,4913.22,205.6695,1165.4605000000001,77.10000000000014,1.0595813080067698,3.583336372189362,Low,8,4,2,5
387,2024-02-10,P002,Bluetooth Speaker,Electronics,S01,Chennai,40,4027.778980194624,9,161111.1592077849,1,1,Saturday,August,Q3,0,No_Holiday,0,Summer,Cloudy,0,3801.376291691116,96.52593137324726,Wholesale,Corporate,5501.713406391328,362.5001082175162,3665.278871977108,226.40268850350822,1.0595580840019363,1.3659422310519835,High,2,1,8,5
388,2024-02-10,P006,Running Shoes,Apparel,S01,Chennai,62,3851.500726919759,9,238793.0450690251,1,1,Saturday,December,Q4,0,No_Holiday,1,Winter,Clear,1,4198.96162498724,105.7189208751661,Wholesale,Wholesale,8871.006979953769,346.63506542277827,3504.865661496981,-347.4608980674807,0.9172507564727895,2.3032598482847395,High,6,1,12,5
389,2024-02-10,P001,Wireless Mouse,Electronics,S02,Bengaluru,53,4700.623916903389,18,249133.0675958796,1,1,Saturday,July,Q3,0,No_Holiday,1,Summer,Stormy,0,4875.718319263279,105.1283129212592,In-Store,Retail,5657.302525152227,846.1123050426099,3854.511611860779,-175.0944023598904,0.964088490988473,1.2035216229081065,High,1,2,7,5
390,2024-02-11,P006,Running Shoes,Apparel,S02,Bengaluru,97,574.1360607033228,14,55691.1978882223,1,1,Sunday,April,Q2,0,No_Holiday,0,Spring,Clear,1,537.1427019902025,107.0980127879268,In-Store,Wholesale,9118.551734138979,80.37904849846518,493.7570122048576,36.9933587131203,1.068870634518637,15.882213918019112,Low,6,2,4,6
391,2024-02-11,P007,Yoga Mat,Sports,S04,Delhi,62,2875.828451286734,9,178301.3639797775,1,1,Sunday,September,Q3,0,No_Holiday,0,Autumn,Sunny,0,2645.479680363295,107.2718064443336,Online,Retail,1214.780106802216,258.82456061580604,2617.003890670928,230.34877092343913,1.0870725912707846,0.42241049053488783,Medium,7,4,9,6
392,2024-02-11,P004,Notebook Pack,Stationery,S01,Chennai,55,4748.431839490571,21,261163.7511719814,1,1,Sunday,April,Q2,0,No_Holiday,1,Spring,Sunny,0,4894.0235591819,103.8526964448994,Online,Retail,8021.532415626189,997.17068629302,3751.2611531975513,-145.59171969132876,0.970251119977104,1.6893013708051388,High,4,1,4,6
393,2024-02-11,P004,Notebook Pack,Stationery,S01,Chennai,94,2391.02,20,179804.7,1,1,Sunday,February,Q1,0,No_Holiday,1,Winter,Clear,1,2436.67,109.25,In-Store,Wholesale,8242.56,478.204,1912.816,-45.65000000000009,0.9812654155055875,3.4472986424203893,Medium,4,1,2,6
394,2024-02-12,P007,Yoga Mat,Sports,S04,Delhi,42,4506.6,15,160885.62,1,1,Monday,February,Q1,0,No_Holiday,0,Winter,Stormy,0,4733.53,107.6,In-Store,Wholesale,5103.67,675.99,3830.6100000000006,-226.92999999999938,0.9520590341668904,1.1324879066258375,High,7,4,2,0
395,2024-02-12,P006,Running Shoes,Apparel,S04,Delhi,47,4506.603264549156,8,211810.3534338103,1,1,Monday,January,Q1,0,No_Holiday,0,Winter,Stormy,0,4940.168011386712,108.9237606599814,In-Store,Corporate,2741.544078723288,360.5282611639325,4146.075003385224,-433.5647468375564,0.9122368417757812,0.6083393451314942,High,6,4,1,0
396,2024-02-13,P006,Running Shoes,Apparel,S01,Chennai,79,1693.361998459364,8,133775.5978782898,1,1,Tuesday,April,Q2,0,No_Holiday,1,Spring,Sunny,0,1798.287428611751,96.41867372627479,Online,Wholesale,6533.576346711393,135.46895987674912,1557.893038582615,-104.92543015238698,0.9416525809595478,3.858345913428847,Medium,6,1,4,1
397,2024-02-13,P004,Notebook Pack,Stationery,S03,Mumbai,62,2311.39,15,121810.25,1,1,Tuesday,February,Q1,0,No_Holiday,0,Winter,Rainy,0,2235.51,108.4,Online,Retail,1932.89,346.70849999999996,1964.6815,75.87999999999965,1.033943037606631,0.8362457222710145,Medium,4,3,2,1
398,2024-02-14,P007,Yoga Mat,Sports,S02,Bengaluru,29,3590.81,0,104133.49,1,1,Wednesday,February,Q1,0,No_Holiday,0,Winter,Cloudy,1,3566.34,95.93,In-Store,Corporate,9095.97,0.0,3590.81,24.4699999999998,1.0068613760886511,2.5331248381284444,High,7,2,2,2
399,2024-02-15,P001,Wireless Mouse,Electronics,S04,Delhi,31,2489.5,0,77174.5,0,1,Thursday,February,Q1,0,No_Holiday,0,Winter,Stormy,1,2612.74,103.19,Wholesale,Retail,244.11,0.0,2489.5,-123.23999999999978,0.9528311274753708,0.09805583450492067,Medium,1,4,2,3
400,2024-02-16,P005,LED Desk Lamp,Home,S04,Delhi,44,2531.08,5,105799.14,1,1,Friday,February,Q1,0,No_Holiday,0,Winter,Stormy,0,2703.45,108.79,Wholesale,Wholesale,756.18,126.554,2404.526,-172.3699999999999,0.9362407294383104,0.2987578425020149,Medium,5,4,2,4
401,2024-02-17,P004,Notebook Pack,Stationery,S02,Bengaluru,6,312.2276557248319,0,1873.365934348991,1,0,Saturday,February,Q1,0,No_Holiday,0,Winter,Sunny,0,311.2805343491189,104.0913442774371,Online,Wholesale,7486.232791568393,0.0,312.2276557248319,0.9471213757129817,1.0030426617510582,23.976840790061384,Low,4,2,2,5
402,2024-02-17,P007,Yoga Mat,Sports,S01,Chennai,85,602.95,5,48688.21,1,1,Saturday,February,Q1,0,No_Holiday,1,Winter,Stormy,0,548.72,100.69,Online,Corporate,3605.04,30.1475,572.8025,54.23000000000002,1.0988300043738155,5.979003234099013,Low,7,1,2,5
403,2024-02-18,P001,Wireless Mouse,Electronics,S01,Chennai,35,4279.997797799459,12,149799.9229229811,1,1,Sunday,November,Q4,0,No_Holiday,0,Autumn,Cloudy,0,4621.354889808926,109.7509098818677,In-Store,Wholesale,938.3609234300047,513.599735735935,3766.3980620635234,-341.3570920094671,0.9261348457002875,0.2192433192167666,High,1,1,11,6
404,2024-02-18,P007,Yoga Mat,Sports,S03,Mumbai,70,3809.65,20,213340.4,1,1,Sunday,February,Q1,0,No_Holiday,1,Winter,Cloudy,0,3787.03,106.24,Online,Corporate,2630.11,761.93,3047.7200000000003,22.61999999999989,1.0059730184339706,0.690381006129172,High,7,3,2,6
405,2024-02-19,P002,Bluetooth Speaker,Electronics,S01,Chennai,0,3820.32,0,0.0,0,1,Monday,February,Q1,0,No_Holiday,0,Winter,Clear,0,3620.55,102.1,Online,Wholesale,473.88,0.0,3820.32,199.76999999999998,1.0551766996727017,0.12404196507098882,High,2,1,2,0
406,2024-02-19,P003,Office Chair,Furniture,S02,Bengaluru,80,1243.273244626821,8,99461.85957014564,1,1,Monday,February,Q1,0,No_Holiday,0,Winter,Clear,1,1270.383653738111,109.6163790376331,Online,Corporate,2835.140031503747,99.46185957014568,1143.8113850566754,-27.110409111289982,0.9786596678637061,2.280383691804402,Low,3,2,2,0
407,2024-02-19,P005,LED Desk Lamp,Home,S04,Delhi,89,1395.921719011776,22,124237.032992048,1,1,Monday,January,Q1,0,No_Holiday,1,Winter,Sunny,0,1500.398456894234,95.51761703682045,In-Store,Retail,6805.430875830233,307.1027781825907,1088.8189408291853,-104.47673788245788,0.9303673384877237,4.875223863303772,Low,5,4,1,0
408,2024-02-20,P008,Coffee Maker,Appliances,S03,Mumbai,14,3881.11,0,54335.54,0,1,Tuesday,February,Q1,0,No_Holiday,0,Winter,Cloudy,0,3942.19,108.93,Wholesale,Wholesale,454.01,0.0,3881.11,-61.07999999999993,0.9845060740349907,0.11697942083579181,High,8,3,2,1
409,2024-02-20,P001,Wireless Mouse,Electronics,S01,Chennai,36,3510.262601506624,7,126369.4536542385,1,1,Tuesday,November,Q4,0,No_Holiday,0,Autumn,Stormy,0,3543.39516208587,102.5154762949154,Online,Retail,7279.039034404477,245.7183821054637,3264.5442194011603,-33.132560579246274,0.9906494875497481,2.073645154433823,High,1,1,11,1
410,2024-02-20,P006,Running Shoes,Apparel,S02,Bengaluru,52,4445.082708230487,15,231144.3008279853,1,1,Tuesday,December,Q4,0,No_Holiday,1,Winter,Cloudy,0,4250.66132474826,109.7231802735677,Wholesale,Wholesale,4546.007278419368,666.762406234573,3778.3203019959137,194.4213834822267,1.045739090609328,1.0227047676755283,High,6,2,12,1
411,2024-02-21,P001,Wireless Mouse,Electronics,S01,Chennai,25,4924.851118893088,0,123121.2779723272,1,1,Wednesday,July,Q3,0,No_Holiday,0,Summer,Cloudy,0,4621.431245348947,97.4303356785188,Wholesale,Wholesale,6249.182447584504,0.0,4924.851118893088,303.4198735441405,1.0656549578335728,1.2689078911666825,High,1,1,7,2
412,2024-02-21,P007,Yoga Mat,Sports,S04,Delhi,0,4719.06,0,0.0,0,0,Wednesday,February,Q1,0,No_Holiday,0,Winter,Rainy,0,4905.17,99.52,Wholesale,Wholesale,402.76,0.0,4719.06,-186.10999999999967,0.9620583996069454,0.08534750564731111,High,7,4,2,2
413,2024-02-21,P004,Notebook Pack,Stationery,S04,Delhi,41,2374.235411132167,0,97343.65185641884,1,1,Wednesday,April,Q2,0,No_Holiday,1,Spring,Stormy,0,2318.379752698613,96.4788406504971,In-Store,Corporate,6689.460624719834,0.0,2374.235411132167,55.8556584335538,1.0240925406497954,2.817522050827272,Medium,4,4,4,2
414,2024-02-21,P006,Running Shoes,Apparel,S02,Bengaluru,50,743.8630176695665,6,37193.15088347832,1,1,Wednesday,November,Q4,0,No_Holiday,0,Autumn,Cloudy,0,778.1725010223162,102.1190101990504,In-Store,Wholesale,8621.91989692726,44.63178106017399,699.2312366093925,-34.30948335274968,0.9559101827580955,11.59073605236983,Low,6,2,11,2
415,2024-02-22,P001,Wireless Mouse,Electronics,S03,Mumbai,67,2757.18,15,157021.4,1,1,Thursday,February,Q1,0,No_Holiday,0,Winter,Sunny,1,2838.54,95.19,In-Store,Corporate,1502.62,413.577,2343.603,-81.36000000000013,0.9713373776659832,0.5449843680862331,Medium,1,3,2,3
416,2024-02-22,P008,Coffee Maker,Appliances,S02,Bengaluru,39,2218.6226789392,0,86526.28447862882,1,1,Thursday,January,Q1,0,No_Holiday,0,Winter,Sunny,0,2368.60712913005,107.543768584065,Online,Retail,6364.538021100355,0.0,2218.6226789392,-149.9844501908501,0.9366782070583665,2.8686887957638025,Medium,8,2,1,3
417,2024-02-23,P006,Running Shoes,Apparel,S04,Delhi,41,3595.08,5,140028.37,1,1,Friday,February,Q1,0,No_Holiday,0,Winter,Clear,0,3678.42,108.79,In-Store,Corporate,4637.96,179.75400000000002,3415.326,-83.34000000000015,0.9773435333648686,1.2900853388519866,High,6,4,2,4
418,2024-02-24,P007,Yoga Mat,Sports,S03,Mumbai,55,2912.333644963759,20,160178.3504730067,1,1,Saturday,July,Q3,0,No_Holiday,0,Summer,Clear,0,2757.255818034619,108.1254778397122,Wholesale,Wholesale,4989.600471130897,582.4667289927518,2329.866915971007,155.07782692913997,1.0562435396508403,1.713265401359255,Medium,7,3,7,5
419,2024-02-24,P005,LED Desk Lamp,Home,S03,Mumbai,70,4288.22,20,240140.32,1,1,Saturday,February,Q1,0,No_Holiday,1,Winter,Cloudy,0,4068.55,101.97,Wholesale,Wholesale,4100.4,857.6440000000001,3430.576,219.67000000000007,1.053992208526379,0.9562009411830549,High,5,3,2,5
420,2024-02-24,P005,LED Desk Lamp,Home,S03,Mumbai,110,284.9844458536894,22,31348.28904390583,1,1,Saturday,July,Q3,0,No_Holiday,1,Summer,Rainy,0,309.89977756219,102.6423520576504,Online,Retail,6620.65260801576,62.696578087811666,222.28786776587773,-24.915331708500617,0.9196019696932481,23.23162791633475,Low,5,3,7,5
421,2024-02-25,P001,Wireless Mouse,Electronics,S04,Delhi,40,4284.57,0,171382.8,1,1,Sunday,February,Q1,0,No_Holiday,1,Winter,Cloudy,0,4147.75,108.2,Wholesale,Corporate,5780.01,0.0,4284.57,136.8199999999997,1.032986558977759,1.3490291907939422,High,1,4,2,6
422,2024-02-25,P005,LED Desk Lamp,Home,S03,Mumbai,57,3303.454801768672,9,188296.9237008143,1,1,Sunday,February,Q1,0,No_Holiday,0,Winter,Stormy,0,3542.09419156668,98.00603434148763,In-Store,Retail,6424.047862188551,297.3109321591805,3006.1438696094915,-238.63938979800787,0.9326275991287355,1.9446453024721608,Medium,5,3,2,6
423,2024-02-26,P004,Notebook Pack,Stationery,S01,Chennai,52,1358.51,5,67110.39,1,1,Monday,February,Q1,0,No_Holiday,0,Winter,Clear,0,1410.3,104.69,In-Store,Corporate,8032.86,67.9255,1290.5845,-51.789999999999964,0.9632773168829327,5.912992911351407,Low,4,1,2,0
424,2024-02-26,P002,Bluetooth Speaker,Electronics,S01,Chennai,42,4039.601716369887,9,169663.2720875352,1,1,Monday,August,Q3,0,No_Holiday,0,Summer,Cloudy,0,3798.462769529627,96.45973737211789,Wholesale,Corporate,5527.30517064069,363.5641544732898,3676.0375618965973,241.1389468402599,1.0634832987635472,1.3682797361537167,High,2,1,8,0
425,2024-02-26,P008,Coffee Maker,Appliances,S04,Delhi,101,999.1029819789612,16,100909.4011798751,1,1,Monday,February,Q1,0,No_Holiday,1,Winter,Rainy,0,1034.997124849392,109.2772906200954,Wholesale,Wholesale,1509.615780700899,159.85647711663378,839.2465048623275,-35.89414287043087,0.9653195723846537,1.5109711490508673,Low,8,4,2,0
426,2024-02-27,P002,Bluetooth Speaker,Electronics,S03,Mumbai,84,1263.66,15,90225.32,1,1,Tuesday,February,Q1,0,No_Holiday,0,Winter,Cloudy,1,1230.56,103.3,In-Store,Corporate,9968.0,189.549,1074.111,33.100000000000136,1.0268983227148616,7.888197774717883,Low,2,3,2,1
427,2024-02-27,P001,Wireless Mouse,Electronics,S02,Bengaluru,27,4274.927792488764,11,115423.0503971966,1,1,Tuesday,May,Q2,0,No_Holiday,0,Spring,Sunny,0,3895.651085756502,106.4429734370273,In-Store,Corporate,4177.649826023535,470.24205717376407,3804.685735315,379.2767067322616,1.0973590032533957,0.977244535770604,High,1,2,5,1
428,2024-02-28,P006,Running Shoes,Apparel,S03,Mumbai,17,3573.7,0,60752.9,0,1,Wednesday,February,Q1,0,No_Holiday,0,Winter,Rainy,0,3731.86,99.73,Wholesale,Wholesale,475.44,0.0,3573.7,-158.1600000000003,0.9576189889224139,0.1330385874583765,High,6,3,2,2
429,2024-02-29,P003,Office Chair,Furniture,S02,Bengaluru,80,1238.65,5,94137.4,1,1,Thursday,February,Q1,0,No_Holiday,0,Winter,Clear,1,1262.63,109.71,Online,Corporate,2661.09,61.9325,1176.7175000000002,-23.980000000000018,0.9810078962166272,2.1483792838977918,Low,3,2,2,3
430,2024-02-29,P001,Wireless Mouse,Electronics,S01,Chennai,1,1102.126726264333,22,1102.126726264333,1,0,Thursday,July,Q3,0,No_Holiday,1,Summer,Clear,0,1097.979997789551,107.7384455133862,In-Store,Corporate,9716.008589843046,242.46787977815325,859.6588464861798,4.146728474782094,1.0037766885399828,8.815690934903223,Low,1,1,7,3
431,2024-02-29,P003,Office Chair,Furniture,S03,Mumbai,48,2879.849028181692,5,138232.7533527212,1,1,Thursday,December,Q4,0,No_Holiday,0,Winter,Cloudy,0,2816.589159396864,104.1722787666648,In-Store,Corporate,166.8591984701908,143.9924514090846,2735.8565767726077,63.259868784828086,1.022459743045512,0.057940258964041605,Medium,3,3,12,3
432,2024-03-01,P003,Office Chair,Furniture,S03,Mumbai,73,267.91,10,17601.69,1,1,Friday,March,Q1,0,No_Holiday,0,Spring,Cloudy,0,293.32,103.3,Wholesale,Retail,6559.76,26.791000000000004,241.11900000000003,-25.409999999999968,0.9133710623210147,24.484938972042848,Low,3,3,3,4
433,2024-03-01,P004,Notebook Pack,Stationery,S04,Delhi,1,1995.818444116652,10,1995.818444116652,1,0,Friday,July,Q3,0,No_Holiday,1,Summer,Stormy,0,1790.158395221018,103.2222412632838,In-Store,Retail,1125.799183470078,199.5818444116652,1796.236599704987,205.66004889563396,1.1148837161251548,0.564078955572713,Medium,4,4,7,4
434,2024-03-01,P001,Wireless Mouse,Electronics,S03,Mumbai,86,2966.756612365665,17,255141.0686634472,1,1,Friday,March,Q1,0,No_Holiday,1,Spring,Stormy,1,3056.581110405666,108.9360584188283,Online,Wholesale,4869.879235319408,504.34862410216306,2462.4079882635024,-89.82449804000089,0.970612754971819,1.641482558771887,Medium,1,3,3,4
435,2024-03-02,P008,Coffee Maker,Appliances,S01,Chennai,45,4389.05,10,177756.52,1,1,Saturday,March,Q1,0,No_Holiday,1,Spring,Stormy,0,4336.79,97.77,Online,Corporate,9440.1,438.905,3950.1450000000004,52.26000000000022,1.0120503874985878,2.150829906243948,High,8,1,3,5
436,2024-03-02,P008,Coffee Maker,Appliances,S03,Mumbai,36,1935.045431712462,0,69661.63554164863,0,1,Saturday,November,Q4,0,No_Holiday,0,Autumn,Cloudy,1,2047.201869650528,103.6566810143646,Wholesale,Wholesale,22.05567099845373,0.0,1935.045431712462,-112.15643793806589,0.9452147638194509,0.01139801197273961,Medium,8,3,11,5
437,2024-03-03,P001,Wireless Mouse,Electronics,S01,Chennai,41,4731.761810676587,13,194002.23423774,1,1,Sunday,July,Q3,0,No_Holiday,0,Summer,Sunny,0,4394.774417404968,104.7386103469174,Online,Wholesale,2010.327226630081,615.1290353879563,4116.63277528863,336.9873932716191,1.0766791105220377,0.4248580776179492,High,1,1,7,6
438,2024-03-03,P005,LED Desk Lamp,Home,S02,Bengaluru,28,4749.618391304714,11,132989.314956532,1,1,Sunday,January,Q1,0,No_Holiday,0,Winter,Stormy,0,4497.057729652589,98.46017545841242,In-Store,Retail,3153.73292300363,522.4580230435186,4227.160368261196,252.56066165212542,1.056161311869936,0.6639971179110462,High,5,2,1,6
439,2024-03-03,P006,Running Shoes,Apparel,S04,Delhi,52,4008.216043773939,10,208427.2342762448,1,1,Sunday,January,Q1,0,No_Holiday,1,Winter,Clear,0,3950.562347896397,97.9664539584337,Wholesale,Wholesale,2831.60727078049,400.8216043773939,3607.394439396545,57.65369587754185,1.0145937947057693,0.7064507601028381,High,6,4,1,6
440,2024-03-03,P008,Coffee Maker,Appliances,S02,Bengaluru,58,4365.629395948711,14,253206.5049650252,1,1,Sunday,February,Q1,0,No_Holiday,0,Winter,Stormy,1,4438.074444834268,107.7230459287494,Online,Retail,2136.115584631139,611.1881154328196,3754.441280515892,-72.4450488855573,0.9836764683003728,0.4893030055674095,High,8,2,2,6
441,2024-03-03,P008,Coffee Maker,Appliances,S01,Chennai,44,4146.16,5,173309.49,1,1,Sunday,March,Q1,0,No_Holiday,1,Spring,Sunny,1,4253.5,95.8,Online,Wholesale,9516.69,207.308,3938.852,-107.34000000000015,0.9747643117432702,2.2953021591062575,High,8,1,3,6
442,2024-03-04,P006,Running Shoes,Apparel,S04,Delhi,1,1637.876605710149,14,1637.876605710149,1,0,Monday,February,Q1,0,No_Holiday,0,Winter,Sunny,0,1510.561243204051,97.35013322579083,Online,Corporate,5353.940966506552,229.30272479942087,1408.5738809107281,127.31536250609815,1.0842834827643595,3.268830477119609,Low,6,4,2,0
443,2024-03-04,P007,Yoga Mat,Sports,S03,Mumbai,55,2906.311422696646,22,159847.1282483155,1,1,Monday,July,Q3,0,No_Holiday,0,Summer,Clear,0,2767.844264136165,108.4586553813504,Wholesale,Wholesale,4910.602838747762,639.3885129932621,2266.922909703384,138.46715856048104,1.0500270771569933,1.6896340840829154,Medium,7,3,7,0
444,2024-03-04,P002,Bluetooth Speaker,Electronics,S02,Bengaluru,90,768.57,20,55337.04,1,1,Monday,March,Q1,0,No_Holiday,0,Spring,Clear,1,813.26,98.39,Wholesale,Corporate,4779.89,153.71400000000003,614.856,-44.68999999999994,0.9450483240292158,6.219199292191993,Low,2,2,3,0
445,2024-03-05,P008,Coffee Maker,Appliances,S03,Mumbai,48,4328.8,5,197393.28,1,1,Tuesday,March,Q1,0,No_Holiday,0,Spring,Clear,1,3948.06,109.4,Online,Retail,6442.39,216.44,4112.360000000001,380.74000000000024,1.0964372375293183,1.4882623359822584,High,8,3,3,1
446,2024-03-05,P008,Coffee Maker,Appliances,S04,Delhi,96,997.3254023504647,24,95743.23862564462,1,1,Tuesday,February,Q1,0,No_Holiday,1,Winter,Rainy,0,1045.098460608331,109.5508946306245,Wholesale,Wholesale,1122.062886424006,239.35809656411155,757.9673057863532,-47.77305825786618,0.9542884617492802,1.1250720013543862,Low,8,4,2,1
447,2024-03-05,P006,Running Shoes,Apparel,S02,Bengaluru,91,570.8334119808254,13,51945.84049025511,1,1,Tuesday,April,Q2,0,No_Holiday,0,Spring,Clear,1,527.066059540905,106.6440768053059,In-Store,Wholesale,9122.758197319674,74.2083435575073,496.6250684233181,43.76735243992039,1.0830395956021972,15.98147201240931,Low,6,2,4,1
448,2024-03-05,P007,Yoga Mat,Sports,S04,Delhi,85,2988.31661183085,15,254006.9120056223,1,1,Tuesday,April,Q2,0,No_Holiday,0,Spring,Stormy,1,3075.110704541832,99.62091419455292,In-Store,Wholesale,2291.781273644078,448.24749177462746,2540.0691200562223,-86.79409271098211,0.9717752949242476,0.7669138084535071,Medium,7,4,4,1
449,2024-03-06,P007,Yoga Mat,Sports,S03,Mumbai,51,3212.327820823881,14,163828.7188620179,1,1,Wednesday,September,Q3,0,No_Holiday,1,Autumn,Stormy,0,2951.132684153435,103.3315580881959,Wholesale,Retail,3405.159012006323,449.72589491534336,2762.601925908538,261.1951366704461,1.0885067411821143,1.0600284908446813,Medium,7,3,9,2
450,2024-03-06,P004,Notebook Pack,Stationery,S01,Chennai,56,1352.550325076798,1,75742.81820430071,1,1,Wednesday,February,Q1,0,No_Holiday,0,Winter,Clear,0,1402.278737327231,104.365561196614,In-Store,Corporate,8431.74012131671,13.52550325076798,1339.02482182603,-49.728412250433166,0.9645374268847459,6.233956670586697,Low,4,1,2,2
451,2024-03-06,P005,LED Desk Lamp,Home,S01,Chennai,51,953.87,0,48647.37,0,1,Wednesday,March,Q1,0,No_Holiday,0,Spring,Sunny,0,944.43,103.91,In-Store,Retail,115.74,0.0,953.87,9.440000000000055,1.0099954469891892,0.12133728914841645,Low,5,1,3,2
452,2024-03-07,P005,LED Desk Lamp,Home,S04,Delhi,56,4432.813971575374,6,248237.5824082209,1,1,Thursday,March,Q1,0,No_Holiday,0,Spring,Sunny,1,4686.392398515026,105.6986440277681,In-Store,Wholesale,1083.294956546358,265.9688382945224,4166.845133280852,-253.57842693965176,0.9458904834729582,0.2443808748783037,High,5,4,3,3
453,2024-03-07,P005,LED Desk Lamp,Home,S04,Delhi,0,541.66,0,0.0,0,0,Thursday,March,Q1,0,No_Holiday,0,Spring,Rainy,0,499.93,98.37,Online,Corporate,413.32,0.0,541.66,41.72999999999996,1.083471686036045,0.7630616992209135,Low,5,4,3,3
454,2024-03-07,P006,Running Shoes,Apparel,S02,Bengaluru,52,752.6391036803794,6,39137.23339137973,1,1,Thursday,November,Q4,0,No_Holiday,0,Autumn,Cloudy,0,781.902194406229,102.4537536999256,In-Store,Wholesale,8870.121943306864,45.15834622082277,707.4807574595567,-29.263090725849565,0.9625744870199888,11.785358879085967,Low,6,2,11,3
455,2024-03-08,P002,Bluetooth Speaker,Electronics,S01,Chennai,78,996.43,0,77721.54,0,1,Friday,March,Q1,0,No_Holiday,0,Spring,Sunny,0,1034.03,105.5,In-Store,Wholesale,269.99,0.0,996.43,-37.60000000000002,0.9636374186435597,0.2709573176239174,Low,2,1,3,4
456,2024-03-08,P008,Coffee Maker,Appliances,S01,Chennai,90,3234.312699537513,16,291088.1429583762,1,1,Friday,August,Q3,0,No_Holiday,1,Summer,Stormy,1,3402.91790058454,104.9461778154372,In-Store,Corporate,9788.738360903639,517.4900319260021,2716.822667611511,-168.6052010470271,0.9504527567303153,3.0265281283109604,Medium,8,1,8,4
457,2024-03-09,P008,Coffee Maker,Appliances,S01,Chennai,55,3070.58,5,160437.8,1,1,Saturday,March,Q1,0,No_Holiday,1,Spring,Clear,0,2779.41,98.43,Wholesale,Wholesale,6077.67,153.529,2917.051,291.1700000000001,1.104759643233636,1.9793231246214071,Medium,8,1,3,5
458,2024-03-09,P002,Bluetooth Speaker,Electronics,S02,Bengaluru,55,519.1986064056235,4,28555.9233523093,0,1,Saturday,January,Q1,0,No_Holiday,0,Winter,Sunny,1,492.8405590763272,103.6546652085556,Wholesale,Retail,116.6641695821037,20.76794425622494,498.4306621493986,26.358047329296312,1.0534818956026997,0.2247004674950146,Low,2,2,1,5
459,2024-03-09,P005,LED Desk Lamp,Home,S01,Chennai,46,4887.726293789975,12,224835.4095143389,1,1,Saturday,March,Q1,0,No_Holiday,0,Spring,Cloudy,0,4963.059274024636,105.2398075184812,Wholesale,Retail,8979.0019937048,586.527155254797,4301.199138535178,-75.33298023466068,0.9848212612271359,1.8370509013798362,High,5,1,3,5
460,2024-03-09,P004,Notebook Pack,Stationery,S02,Bengaluru,59,1149.848714420226,7,67841.07415079336,1,1,Saturday,September,Q3,0,No_Holiday,0,Autumn,Sunny,1,1170.950492854687,108.3998928028199,Online,Retail,10319.37404784333,80.48941000941582,1069.3593044108102,-21.10177843446081,0.9819789320187088,8.974549363258227,Low,4,2,9,5
461,2024-03-10,P008,Coffee Maker,Appliances,S01,Chennai,16,3172.733046143663,0,50763.7287382986,0,1,Sunday,March,Q1,0,No_Holiday,0,Spring,Sunny,0,3458.660696781513,106.722244720225,Wholesale,Retail,438.9846974369158,0.0,3172.733046143663,-285.92765063784964,0.9173299506066258,0.13836168724326967,Medium,8,1,3,6
462,2024-03-10,P001,Wireless Mouse,Electronics,S03,Mumbai,82,2965.99,20,194568.94,1,1,Sunday,March,Q1,0,No_Holiday,1,Spring,Stormy,1,3055.87,108.74,Online,Wholesale,4640.91,593.198,2372.792,-89.88000000000011,0.9705877540602185,1.564708579597369,Medium,1,3,3,6
463,2024-03-11,P008,Coffee Maker,Appliances,S01,Chennai,52,746.3199304252921,0,38808.63638211519,0,1,Monday,January,Q1,0,No_Holiday,1,Winter,Sunny,0,786.6690481339749,108.7999846665015,Online,Wholesale,7.628392534274724,0.0,746.3199304252921,-40.3491177086828,0.9487089039483716,0.01022134372041715,Low,8,1,1,0
464,2024-03-11,P008,Coffee Maker,Appliances,S01,Chennai,51,2456.05,5,118995.62,1,1,Monday,March,Q1,0,No_Holiday,0,Spring,Cloudy,0,2631.77,99.95,Wholesale,Corporate,3238.07,122.8025,2333.2475000000004,-175.7199999999998,0.933231247411438,1.3184055699191792,Medium,8,1,3,0
465,2024-03-11,P008,Coffee Maker,Appliances,S02,Bengaluru,1,2780.96281079874,12,2780.96281079874,1,0,Monday,January,Q1,0,No_Holiday,0,Winter,Clear,0,2640.862399880858,101.9172049496449,In-Store,Retail,1250.382962193195,333.7155372958488,2447.2472735028914,140.10041091788207,1.0530510074755135,0.4496223240878448,Medium,8,2,1,0
466,2024-03-11,P004,Notebook Pack,Stationery,S03,Mumbai,50,3326.342447151627,8,166317.1223575814,1,1,Monday,October,Q4,0,No_Holiday,0,Autumn,Sunny,0,3608.687418929612,104.6991764256775,Wholesale,Retail,2215.740191049804,266.10739577213013,3060.235051379497,-282.34497177798494,0.921759648592193,0.6661190861293188,Medium,4,3,10,0
467,2024-03-12,P002,Bluetooth Speaker,Electronics,S01,Chennai,100,2656.79978584852,12,265679.978584852,1,1,Tuesday,October,Q4,0,No_Holiday,0,Autumn,Clear,1,2706.794278219297,99.46847963734005,Online,Corporate,843.6850011905949,318.81597430182245,2337.983811546698,-49.99449237077715,0.981529999241883,0.31755686133539096,Medium,2,1,10,1
468,2024-03-12,P007,Yoga Mat,Sports,S04,Delhi,14,4120.997417412837,0,57693.96384377973,1,1,Tuesday,November,Q4,0,No_Holiday,0,Autumn,Clear,0,3774.479295097682,102.2441180031187,In-Store,Retail,10103.75499760758,0.0,4120.997417412837,346.5181223151553,1.0918055432878424,2.451774163923335,High,7,4,11,1
469,2024-03-12,P007,Yoga Mat,Sports,S01,Chennai,38,2383.16,0,90560.08,0,1,Tuesday,March,Q1,0,No_Holiday,0,Spring,Sunny,0,2557.09,107.37,Online,Wholesale,434.68,0.0,2383.16,-173.9300000000003,0.9319812755906126,0.1823964819819064,Medium,7,1,3,1
470,2024-03-13,P008,Coffee Maker,Appliances,S04,Delhi,75,460.18,10,31062.15,1,1,Wednesday,March,Q1,0,No_Holiday,0,Spring,Clear,0,471.72,106.4,Online,Corporate,5717.59,46.018,414.16200000000003,-11.54000000000002,0.9755363351140507,12.424681646312314,Low,8,4,3,2
471,2024-03-14,P007,Yoga Mat,Sports,S02,Bengaluru,32,3581.206994282673,2,114598.6238170455,1,1,Thursday,February,Q1,0,No_Holiday,0,Winter,Cloudy,1,3566.222949580411,95.59827926399659,In-Store,Corporate,8980.956692780097,71.62413988565346,3509.582854397019,14.984044702262054,1.004201656742752,2.5078016174764595,High,7,2,2,3
472,2024-03-14,P005,LED Desk Lamp,Home,S04,Delhi,53,4428.06,5,222952.82,1,1,Thursday,March,Q1,0,No_Holiday,0,Spring,Sunny,1,4693.14,105.65,In-Store,Wholesale,629.91,221.40300000000002,4206.657,-265.0799999999999,0.9435175596722024,0.1422541699976965,High,5,4,3,3
473,2024-03-15,P007,Yoga Mat,Sports,S01,Chennai,61,1278.56,20,62393.73,1,1,Friday,March,Q1,0,No_Holiday,0,Spring,Stormy,0,1316.33,97.31,Wholesale,Corporate,5334.28,255.71199999999996,1022.848,-37.76999999999998,0.9713065872539561,4.172099862345139,Low,7,1,3,4
474,2024-03-15,P005,LED Desk Lamp,Home,S01,Chennai,41,2615.186811381532,3,107222.6592666428,0,1,Friday,May,Q2,0,No_Holiday,0,Spring,Clear,1,2529.081511724643,109.2451076129939,Online,Retail,244.4065494491497,78.45560434144596,2536.7312070400862,86.1052996568892,1.034046075327233,0.09345663123776475,Medium,5,1,5,4
475,2024-03-16,P005,LED Desk Lamp,Home,S04,Delhi,59,4206.67,5,235783.85,1,1,Saturday,March,Q1,0,No_Holiday,1,Spring,Stormy,1,3907.7,97.86,Wholesale,Wholesale,7589.78,210.3335,3996.3365,298.97000000000025,1.0765079202599996,1.8042251947502417,High,5,4,3,5
476,2024-03-17,P004,Notebook Pack,Stationery,S01,Chennai,54,4947.575152655439,16,267169.0582433937,1,1,Sunday,September,Q3,0,No_Holiday,1,Autumn,Stormy,1,5230.098699751419,99.74343669393987,Wholesale,Wholesale,3961.265675536822,791.6120244248701,4155.963128230568,-282.5235470959806,0.9459812207541306,0.8006479039354765,High,4,1,9,6
477,2024-03-17,P003,Office Chair,Furniture,S01,Chennai,102,1525.99,20,124520.78,1,1,Sunday,March,Q1,0,No_Holiday,1,Spring,Cloudy,1,1454.93,95.04,Wholesale,Corporate,8456.02,305.198,1220.792,71.05999999999995,1.048840837703532,5.5413338226331765,Low,3,1,3,6
478,2024-03-18,P008,Coffee Maker,Appliances,S02,Bengaluru,59,2343.43,5,131349.25,1,1,Monday,March,Q1,0,No_Holiday,0,Spring,Cloudy,1,2466.63,100.66,In-Store,Retail,9817.36,117.1715,2226.2585,-123.20000000000027,0.9500533116032804,4.189312247432183,Medium,8,2,3,0
479,2024-03-19,P004,Notebook Pack,Stationery,S04,Delhi,83,1321.1,20,87721.04,1,1,Tuesday,March,Q1,0,No_Holiday,0,Spring,Sunny,0,1385.76,105.58,In-Store,Corporate,9889.93,264.22,1056.8799999999999,-64.66000000000008,0.9533396836393025,7.4861327681477565,Low,4,4,3,1
480,2024-03-19,P007,Yoga Mat,Sports,S02,Bengaluru,65,3714.513030127072,13,241443.3469582597,1,1,Tuesday,March,Q1,0,No_Holiday,0,Spring,Stormy,0,3707.763049042783,108.7506514928189,Wholesale,Wholesale,8168.316563952708,482.88669391651933,3231.626336210553,6.74998108428872,1.0018204995829039,2.199027570425099,High,7,2,3,1
481,2024-03-19,P006,Running Shoes,Apparel,S02,Bengaluru,45,3501.209716282063,1,157554.4372326928,1,1,Tuesday,April,Q2,0,No_Holiday,1,Spring,Sunny,0,3213.057944891214,96.44422592102407,Wholesale,Corporate,8593.625879543773,35.01209716282063,3466.197619119242,288.1517713908488,1.0896814736407143,2.4544733323399295,High,6,2,4,1
482,2024-03-19,P007,Yoga Mat,Sports,S01,Chennai,41,2391.634562780286,3,98057.01707399171,0,1,Tuesday,March,Q1,0,No_Holiday,0,Spring,Sunny,0,2560.385458798476,107.4641747228444,Online,Wholesale,866.7343694487174,71.74903688340859,2319.8855258968774,-168.7508960181899,0.9340916050595833,0.36240251037396565,Medium,7,1,3,1
483,2024-03-20,P002,Bluetooth Speaker,Electronics,S02,Bengaluru,18,3760.169233380354,0,67683.04620084638,0,1,Wednesday,September,Q3,0,No_Holiday,0,Autumn,Rainy,0,3737.600484407927,100.9964144249926,Online,Retail,284.4433207118208,0.0,3760.169233380354,22.568748972426874,1.0060382989210797,0.07564641457802396,High,2,2,9,2
484,2024-03-20,P003,Office Chair,Furniture,S04,Delhi,0,4831.16,0,0.0,0,1,Wednesday,March,Q1,0,No_Holiday,0,Spring,Stormy,0,4856.23,101.85,Wholesale,Retail,204.99,0.0,4831.16,-25.06999999999971,0.9948375591765629,0.04243080336813519,High,3,4,3,2
485,2024-03-21,P001,Wireless Mouse,Electronics,S04,Delhi,13,3730.834297303593,0,48500.84586494671,0,0,Thursday,March,Q1,0,No_Holiday,1,Spring,Rainy,0,3886.07466664877,104.6170830738426,Wholesale,Corporate,127.9965192098345,0.0,3730.834297303593,-155.240369345177,0.9600521393277676,0.0343077470104588,High,1,4,3,3
486,2024-03-21,P003,Office Chair,Furniture,S03,Mumbai,5,4661.28219345957,3,23306.41096729785,0,1,Thursday,June,Q2,0,No_Holiday,0,Summer,Clear,0,4755.82456757425,102.7257378196947,Wholesale,Wholesale,0.0,139.8384658037871,4521.443727655784,-94.54237411467966,0.9801207187583663,0.0,High,3,3,6,3
487,2024-03-21,P003,Office Chair,Furniture,S01,Chennai,0,2453.55,0,0.0,0,0,Thursday,March,Q1,0,No_Holiday,0,Spring,Stormy,0,2626.16,107.79,Wholesale,Corporate,477.07,0.0,2453.55,-172.60999999999967,0.9342728546623208,0.19444070836135394,Medium,3,1,3,3
488,2024-03-21,P003,Office Chair,Furniture,S03,Mumbai,18,3488.461460087584,1,62792.30628157652,0,1,Thursday,December,Q4,0,No_Holiday,0,Winter,Rainy,1,3149.925924530959,106.8992672345371,Online,Wholesale,181.642492859635,34.884614600875835,3453.576845486708,338.53553555662484,1.1074741259533063,0.052069514007207794,High,3,3,12,3
489,2024-03-22,P007,Yoga Mat,Sports,S01,Chennai,39,2382.027761959695,4,92899.08271642812,0,1,Friday,March,Q1,0,No_Holiday,0,Spring,Sunny,0,2557.649651279476,107.2240870626971,Online,Wholesale,375.4848579659717,95.2811104783878,2286.7466514813073,-175.62188931978108,0.9313346574923093,0.1576324440723815,Medium,7,1,3,4
490,2024-03-22,P003,Office Chair,Furniture,S01,Chennai,114,1620.587269073574,21,184746.9486743875,1,1,Friday,May,Q2,0,No_Holiday,1,Spring,Clear,1,1723.802194951484,107.7601528154452,Online,Wholesale,3265.011420713031,340.32332650545055,1280.2639425681234,-103.21492587790999,0.940123683459624,2.014708792930053,Low,3,1,5,4
491,2024-03-22,P008,Coffee Maker,Appliances,S01,Chennai,21,3163.81,0,66440.01,0,1,Friday,March,Q1,0,No_Holiday,0,Spring,Sunny,0,3466.48,106.41,Wholesale,Retail,221.84,0.0,3163.81,-302.6700000000001,0.912686644665482,0.07011799065051315,Medium,8,1,3,4
492,2024-03-23,P005,LED Desk Lamp,Home,S01,Chennai,113,420.76,20,38036.7,1,1,Saturday,March,Q1,0,No_Holiday,1,Spring,Cloudy,0,410.23,97.18,Wholesale,Corporate,5876.32,84.152,336.608,10.529999999999973,1.025668527411452,13.965966346610895,Low,5,1,3,5
493,2024-03-24,P005,LED Desk Lamp,Home,S02,Bengaluru,100,328.2868590717871,8,32828.68590717872,1,1,Sunday,September,Q3,0,No_Holiday,1,Autumn,Sunny,0,297.1637122255551,109.7780682692034,Wholesale,Corporate,7395.283375178087,26.262948725742966,302.02391034604415,31.123146846231975,1.1047340087830397,22.526894302403214,Low,5,2,9,6
494,2024-03-24,P003,Office Chair,Furniture,S02,Bengaluru,75,1040.33,10,70222.28,1,1,Sunday,March,Q1,0,No_Holiday,1,Spring,Clear,0,1039.84,103.75,Online,Corporate,6560.09,104.03299999999999,936.2969999999999,0.4900000000000091,1.0004712263425142,6.305777974296618,Low,3,2,3,6
495,2024-03-25,P008,Coffee Maker,Appliances,S03,Mumbai,67,3400.84,20,182285.02,1,1,Monday,March,Q1,1,Holi,0,Spring,Cloudy,1,3168.21,101.63,In-Store,Wholesale,3341.97,680.168,2720.672,232.6300000000001,1.073426319593714,0.982689570811917,High,8,3,3,0
496,2024-03-26,P006,Running Shoes,Apparel,S01,Chennai,86,976.4089699369464,15,83971.17141457739,1,1,Tuesday,January,Q1,0,No_Holiday,1,Winter,Sunny,0,968.3354259612341,103.7859575533878,Online,Retail,3229.912553237823,146.46134549054196,829.9476244464045,8.073543975712255,1.0083375489104902,3.307950513242828,Low,6,1,1,1
497,2024-03-26,P007,Yoga Mat,Sports,S03,Mumbai,22,2392.81,0,52641.82,0,1,Tuesday,March,Q1,0,No_Holiday,0,Spring,Stormy,0,2267.05,103.58,Wholesale,Corporate,496.35,0.0,2392.81,125.75999999999976,1.0554729714827638,0.2074339375044404,Medium,7,3,3,1
498,2024-03-26,P008,Coffee Maker,Appliances,S03,Mumbai,67,244.3545239997265,7,16371.75310798167,1,1,Tuesday,February,Q1,0,No_Holiday,1,Winter,Clear,0,249.5349132195831,103.5780887153482,Online,Corporate,8909.676429992249,17.104816679980853,227.24970731974565,-5.1803892198566075,0.9792398219831546,36.46208911606736,Low,8,3,2,1
499,2024-03-26,P004,Notebook Pack,Stationery,S02,Bengaluru,58,3615.960547251524,16,209725.7117405884,1,1,Tuesday,December,Q4,0,No_Holiday,1,Winter,Cloudy,0,3353.371373038625,105.7157159380814,In-Store,Corporate,4959.026336693468,578.5536875602438,3037.4068596912803,262.58917421289925,1.0783060225074197,1.3714271137340817,High,4,2,12,1
500,2024-03-27,P005,LED Desk Lamp,Home,S01,Chennai,46,4894.13,15,191360.48,1,1,Wednesday,March,Q1,0,No_Holiday,0,Spring,Cloudy,0,4958.66,105.29,Wholesale,Retail,9150.86,734.1195,4160.0105,-64.52999999999975,0.9869864035848395,1.8697623479556122,High,5,1,3,2
501,2024-03-27,P002,Bluetooth Speaker,Electronics,S01,Chennai,52,3274.188292260331,12,170257.7911975372,1,1,Wednesday,December,Q4,0,No_Holiday,1,Winter,Clear,0,3419.47180568912,95.7476315808087,Wholesale,Retail,3277.589623790006,392.9025950712397,2881.285697189091,-145.28351342878932,0.9575128786887276,1.0010388319870653,Medium,2,1,12,2
502,2024-03-27,P003,Office Chair,Furniture,S02,Bengaluru,45,691.2092947919981,0,31104.41826563991,0,1,Wednesday,April,Q2,0,No_Holiday,0,Spring,Clear,0,719.9784104572808,104.4929465541663,Online,Wholesale,0.0,0.0,691.2092947919981,-28.769115665282698,0.9600416967405863,0.0,Low,3,2,4,2
503,2024-03-27,P006,Running Shoes,Apparel,S04,Delhi,33,1709.801741127043,2,56423.45745719241,0,1,Wednesday,September,Q3,0,No_Holiday,0,Autumn,Sunny,0,1719.72462454462,104.3526190688902,Wholesale,Corporate,117.7678159222536,34.19603482254086,1675.605706304502,-9.92288341757694,0.9942299579386412,0.06887805357165275,Medium,6,4,9,2
504,2024-03-28,P008,Coffee Maker,Appliances,S04,Delhi,3,3885.970888494387,19,11657.91266548316,1,0,Thursday,May,Q2,0,No_Holiday,0,Spring,Sunny,0,4254.631757696064,104.77967067556,In-Store,Corporate,6537.089370191527,738.3344688139335,3147.6364196804534,-368.66086920167663,0.9133506986744933,1.6822280860483523,High,8,4,5,3
505,2024-03-28,P002,Bluetooth Speaker,Electronics,S04,Delhi,81,1079.052311222188,22,87403.23720899723,1,1,Thursday,February,Q1,0,No_Holiday,0,Winter,Stormy,0,988.7635424069283,106.9357498085427,Online,Corporate,8250.424699856076,237.39150846888137,841.6608027533067,90.2887688152598,1.0913148239623314,7.6459914075076085,Low,2,4,2,3
506,2024-03-28,P008,Coffee Maker,Appliances,S03,Mumbai,25,3923.56,0,98089.0,0,1,Thursday,March,Q1,0,No_Holiday,0,Spring,Rainy,1,3727.87,106.33,Wholesale,Wholesale,419.17,0.0,3923.56,195.69000000000005,1.0524937833132593,0.10683409964420068,High,8,3,3,3
507,2024-03-29,P003,Office Chair,Furniture,S01,Chennai,29,1106.050022010414,0,32075.450638302,0,1,Friday,December,Q4,0,No_Holiday,0,Winter,Sunny,0,1051.413520094201,98.90048261068806,Online,Wholesale,883.8426210219762,0.0,1106.050022010414,54.63650191621309,1.0519648082053557,0.7990982355530882,Low,3,1,12,4
508,2024-03-29,P002,Bluetooth Speaker,Electronics,S01,Chennai,51,1682.88,5,81535.54,1,1,Friday,March,Q1,0,No_Holiday,0,Spring,Clear,0,1761.09,96.35,In-Store,Corporate,7601.07,84.14400000000002,1598.736,-78.20999999999981,0.9555900039180282,4.516703508271534,Low,2,1,3,4
509,2024-03-29,P005,LED Desk Lamp,Home,S03,Mumbai,6,2944.140782142186,24,17664.84469285312,1,0,Friday,August,Q3,0,No_Holiday,0,Summer,Sunny,0,3216.579872984783,106.6100425357155,Online,Corporate,8403.422016924264,706.5937877141246,2237.546994428061,-272.4390908425971,0.915301624209384,2.854286747391832,Medium,5,3,8,4
510,2024-03-29,P004,Notebook Pack,Stationery,S01,Chennai,3,2520.104635428845,1,7560.313906286536,0,0,Friday,March,Q1,0,No_Holiday,0,Spring,Stormy,0,2541.51922406167,105.2064099341413,In-Store,Retail,415.8195171157871,25.20104635428845,2494.9035890745567,-21.41458863282469,0.9915740992906591,0.16500089372083843,Medium,4,1,3,4
511,2024-03-30,P006,Running Shoes,Apparel,S03,Mumbai,5,963.6030293454243,18,4818.015146727122,1,0,Saturday,January,Q1,0,No_Holiday,0,Winter,Cloudy,1,1057.890230292261,107.4011845240186,Wholesale,Retail,7093.203026203905,173.44854528217638,790.1544840632479,-94.28720094683683,0.9108724154482566,7.361125702378001,Low,6,3,1,5
512,2024-03-30,P003,Office Chair,Furniture,S01,Chennai,1,1561.740220530996,16,1561.740220530996,1,0,Saturday,February,Q1,0,No_Holiday,0,Winter,Cloudy,0,1663.552740471209,105.8661646867061,Wholesale,Corporate,2875.92108603,249.87843528495938,1311.8617852460368,-101.81251994021295,0.9387981411930625,1.8414849334239332,Low,3,1,2,5
513,2024-03-30,P008,Coffee Maker,Appliances,S04,Delhi,95,999.0450441659399,21,94909.27919576429,1,1,Saturday,February,Q1,0,No_Holiday,1,Winter,Rainy,0,1043.705078779558,109.4883735691896,Wholesale,Wholesale,890.2925975840733,209.79945927484735,789.2455848910926,-44.66003461361822,0.9572101012808706,0.8911436003642265,Low,8,4,2,5
514,2024-03-30,P003,Office Chair,Furniture,S02,Bengaluru,98,834.37,10,73591.43,1,1,Saturday,March,Q1,0,No_Holiday,1,Spring,Clear,1,903.37,107.46,In-Store,Corporate,9690.15,83.43700000000001,750.933,-69.0,0.9236193364844969,11.613732516749163,Low,3,2,3,5
515,2024-03-31,P001,Wireless Mouse,Electronics,S03,Mumbai,45,2735.969510031717,11,123118.6279514273,1,1,Sunday,March,Q1,0,No_Holiday,0,Spring,Cloudy,0,2974.498965846532,109.653995295721,Online,Retail,6976.158507496652,300.9566461034889,2435.0128639282284,-238.5294558148148,0.9198085262245401,2.549793951254881,Medium,1,3,3,6
516,2024-03-31,P005,LED Desk Lamp,Home,S03,Mumbai,43,4060.32,5,165864.07,1,1,Sunday,March,Q1,0,No_Holiday,1,Spring,Rainy,0,4352.78,105.86,In-Store,Wholesale,3974.86,203.01600000000002,3857.304,-292.4599999999996,0.9328107554252686,0.9789523978405643,High,5,3,3,6
517,2024-03-31,P003,Office Chair,Furniture,S01,Chennai,8,1001.905177436,0,8015.241419487998,1,0,Sunday,January,Q1,0,No_Holiday,0,Winter,Clear,0,1075.996537118641,106.0851509741997,In-Store,Retail,2496.71000942694,0.0,1001.905177436,-74.09135968264104,0.9311416374247387,2.4919623789312393,Low,3,1,1,6
518,2024-03-31,P003,Office Chair,Furniture,S01,Chennai,37,3347.863757204774,5,123870.9590165766,1,1,Sunday,February,Q1,0,No_Holiday,0,Winter,Rainy,0,3500.250492320647,101.5067586382809,Online,Retail,5436.36929448137,167.39318786023873,3180.4705693445353,-152.38673511587285,0.9564640486587458,1.6238322968734988,Medium,3,1,2,6
519,2024-04-01,P007,Yoga Mat,Sports,S03,Mumbai,71,2371.456294984356,18,168373.3969438893,1,1,Monday,June,Q2,0,No_Holiday,1,Summer,Rainy,0,2344.274117284678,102.0296423005507,In-Store,Wholesale,1707.954171170103,426.86213309718414,1944.594161887172,27.18217769967805,1.0115951362083726,0.7202132186801992,Medium,7,3,6,0
520,2024-04-01,P007,Yoga Mat,Sports,S01,Chennai,70,1469.4,0,102858.0,1,1,Monday,April,Q2,0,No_Holiday,0,Spring,Cloudy,1,1434.44,104.58,In-Store,Retail,6910.95,0.0,1469.4,34.960000000000036,1.0243718803156632,4.703246222948142,Low,7,1,4,0
521,2024-04-02,P004,Notebook Pack,Stationery,S02,Bengaluru,26,4610.002725125123,13,119860.0708532532,1,1,Tuesday,September,Q3,0,No_Holiday,0,Autumn,Rainy,0,4988.56587385871,97.28842350109983,Online,Wholesale,7848.999419961347,599.300354266266,4010.702370858857,-378.5631487335868,0.9241138318494801,1.7026019045896144,High,4,2,9,1
522,2024-04-02,P008,Coffee Maker,Appliances,S01,Chennai,43,3173.82,10,122826.83,1,1,Tuesday,April,Q2,0,No_Holiday,0,Spring,Clear,0,3267.54,104.53,In-Store,Wholesale,3370.81,317.382,2856.438,-93.7199999999998,0.9713178721607081,1.0620671619688578,Medium,8,1,4,1
523,2024-04-03,P001,Wireless Mouse,Electronics,S01,Chennai,36,3772.898956914445,0,135824.36244892,1,1,Wednesday,December,Q4,0,No_Holiday,0,Winter,Cloudy,1,3797.999104437385,103.6356467524911,Wholesale,Retail,3261.35094177578,0.0,3772.898956914445,-25.100147522940006,0.993391218156525,0.8644151298562684,High,1,1,12,2
524,2024-04-03,P004,Notebook Pack,Stationery,S04,Delhi,65,3877.492568586336,15,252037.0169581119,1,1,Wednesday,March,Q1,0,No_Holiday,1,Spring,Cloudy,0,3839.694435449406,101.1117856762668,Wholesale,Retail,10244.59624160673,581.6238852879504,3295.8686832983853,37.79813313693012,1.009844047168953,2.64206727940725,High,4,4,3,2
525,2024-04-03,P007,Yoga Mat,Sports,S01,Chennai,39,870.93,0,33966.27,0,1,Wednesday,April,Q2,0,No_Holiday,0,Spring,Sunny,0,824.74,103.06,In-Store,Corporate,185.51,0.0,870.93,46.18999999999994,1.0560055290152046,0.21300219305799548,Low,7,1,4,2
526,2024-04-03,P002,Bluetooth Speaker,Electronics,S01,Chennai,22,4662.59841345513,1,102577.1650960129,1,1,Wednesday,March,Q1,0,No_Holiday,0,Spring,Stormy,0,4540.233944864954,105.684179407048,In-Store,Corporate,8000.016572806895,46.6259841345513,4615.972429320579,122.36446859017633,1.0269511373370026,1.7157850330238145,High,2,1,3,2
527,2024-04-04,P007,Yoga Mat,Sports,S02,Bengaluru,41,4990.512107118012,18,204610.9963918385,1,1,Thursday,October,Q4,0,No_Holiday,1,Autumn,Clear,0,4809.716813095771,105.4412698545788,Online,Retail,4655.56887932518,898.2921792812422,4092.21992783677,180.79529402224125,1.0375895922874245,0.9328839965511557,High,7,2,10,3
528,2024-04-04,P007,Yoga Mat,Sports,S02,Bengaluru,52,4449.99,15,196689.56,1,1,Thursday,April,Q2,0,No_Holiday,0,Spring,Stormy,1,4368.21,109.27,Online,Wholesale,4020.03,667.4984999999999,3782.4915,81.77999999999975,1.0187216273942874,0.9033795581563105,High,7,2,4,3
529,2024-04-05,P002,Bluetooth Speaker,Electronics,S03,Mumbai,1,4249.339933123165,13,4249.339933123165,1,0,Friday,January,Q1,0,No_Holiday,0,Winter,Rainy,0,4128.245984964449,97.2884862021175,Wholesale,Retail,6130.651839960089,552.4141913060114,3696.9257418171537,121.09394815871565,1.0293330263263754,1.44273038552936,High,2,3,1,4
530,2024-04-05,P008,Coffee Maker,Appliances,S04,Delhi,36,4762.66,20,137164.61,1,1,Friday,April,Q2,0,No_Holiday,0,Spring,Sunny,0,4805.02,109.67,In-Store,Retail,4282.33,952.5319999999999,3810.1279999999997,-42.36000000000058,0.991184219836754,0.8991466953341201,High,8,4,4,4
531,2024-04-05,P004,Notebook Pack,Stationery,S02,Bengaluru,73,2598.629088918768,8,189699.9234910701,1,1,Friday,June,Q2,0,No_Holiday,0,Summer,Stormy,0,2590.861634728998,95.99924818645974,In-Store,Wholesale,5030.043454804231,207.89032711350146,2390.7387618052667,7.767454189769978,1.002998019687988,1.9356527163702,Medium,4,2,6,4
532,2024-04-06,P003,Office Chair,Furniture,S04,Delhi,1,4833.541032170378,0,4833.541032170378,0,1,Saturday,March,Q1,0,No_Holiday,0,Spring,Stormy,0,4861.528523593668,102.0616585622312,Wholesale,Retail,5.870175401554548,0.0,4833.541032170378,-27.98749142329052,0.9942430675275351,0.001214466860317248,High,3,4,3,5
533,2024-04-06,P004,Notebook Pack,Stationery,S01,Chennai,60,4755.25,20,228252.0,1,1,Saturday,April,Q2,0,No_Holiday,1,Spring,Sunny,0,4890.02,103.96,Online,Retail,7974.55,951.05,3804.2,-134.77000000000044,0.9724397855223496,1.6769991062509857,High,4,1,4,5
534,2024-04-07,P005,LED Desk Lamp,Home,S04,Delhi,11,4816.270848443512,0,52978.97933287864,1,1,Sunday,December,Q4,0,No_Holiday,0,Winter,Rainy,0,4920.665064417836,108.2288258359625,Wholesale,Corporate,8409.9028471485,0.0,4816.270848443512,-104.39421597432465,0.978784531235581,1.7461440836256858,High,5,4,12,6
535,2024-04-07,P004,Notebook Pack,Stationery,S02,Bengaluru,2,3977.49,0,7954.98,0,0,Sunday,April,Q2,0,No_Holiday,1,Spring,Rainy,1,3751.53,108.05,In-Store,Retail,394.32,0.0,3977.49,225.95999999999958,1.0602314255783638,0.0991378985239435,High,4,2,4,6
536,2024-04-08,P001,Wireless Mouse,Electronics,S03,Mumbai,0,4320.35,0,0.0,0,0,Monday,April,Q2,0,No_Holiday,0,Spring,Cloudy,0,3983.3,108.0,Online,Retail,179.12,0.0,4320.35,337.0500000000002,1.0846157708432707,0.04145960396727117,High,1,3,4,0
537,2024-04-09,P004,Notebook Pack,Stationery,S03,Mumbai,57,275.75,0,15717.75,0,1,Tuesday,April,Q2,0,No_Holiday,0,Spring,Stormy,1,254.44,95.95,In-Store,Corporate,256.62,0.0,275.75,21.310000000000002,1.0837525546297753,0.930625566636446,Low,4,3,4,1
538,2024-04-09,P007,Yoga Mat,Sports,S01,Chennai,82,604.7044799003189,6,49585.76735182615,1,1,Tuesday,February,Q1,0,No_Holiday,1,Winter,Stormy,0,542.5010966112234,101.1065830339894,Online,Corporate,3483.06650555251,36.28226879401914,568.4222111062998,62.20338328909554,1.1146603825829182,5.759948241373485,Low,7,1,2,1
539,2024-04-09,P008,Coffee Maker,Appliances,S03,Mumbai,15,4587.465812154973,4,68811.98718232459,0,1,Tuesday,July,Q3,0,No_Holiday,0,Summer,Sunny,1,4927.249330864798,105.7931667474147,Online,Corporate,0.0,183.49863248619891,4403.9671796687735,-339.78351870982533,0.9310399178337929,0.0,High,8,3,7,1
540,2024-04-09,P003,Office Chair,Furniture,S01,Chennai,65,4503.710430809602,16,292741.1780026241,1,1,Tuesday,January,Q1,0,No_Holiday,1,Winter,Clear,0,4387.560937225404,95.7112735415245,Wholesale,Corporate,2927.998484618732,720.5936689295363,3783.116761880066,116.14949358419835,1.0264724513792505,0.6501302713843405,High,3,1,1,1
541,2024-04-10,P002,Bluetooth Speaker,Electronics,S04,Delhi,42,2618.43,10,98976.65,1,1,Wednesday,April,Q2,0,No_Holiday,0,Spring,Clear,0,2596.46,109.46,Online,Corporate,8549.34,261.843,2356.587,21.9699999999998,1.008461520685857,3.265063415863705,Medium,2,4,4,2
542,2024-04-11,P007,Yoga Mat,Sports,S01,Chennai,44,2553.29,5,106727.52,1,1,Thursday,April,Q2,0,No_Holiday,0,Spring,Sunny,0,2608.59,95.99,In-Store,Wholesale,6514.23,127.6645,2425.6255,-55.30000000000018,0.9788008080993946,2.551308312020961,Medium,7,1,4,3
543,2024-04-12,P001,Wireless Mouse,Electronics,S01,Chennai,41,3773.461626193278,0,154711.9266739244,1,1,Friday,December,Q4,0,No_Holiday,0,Winter,Cloudy,1,3812.415652391555,104.221271741582,Wholesale,Retail,3048.568018877345,0.0,3773.461626193278,-38.954026198277006,0.9897823244498954,0.8078969182344075,High,1,1,12,4
544,2024-04-12,P006,Running Shoes,Apparel,S04,Delhi,40,4974.21,10,179071.56,1,1,Friday,April,Q2,0,No_Holiday,0,Spring,Stormy,1,5079.09,96.49,Wholesale,Retail,8601.53,497.421,4476.789,-104.88000000000011,0.9793506317076484,1.7292253443260337,High,6,4,4,4
545,2024-04-12,P002,Bluetooth Speaker,Electronics,S02,Bengaluru,1,1153.268837829388,4,1153.268837829388,1,0,Friday,March,Q1,0,No_Holiday,0,Spring,Sunny,0,1097.076547539446,103.2383159341243,In-Store,Corporate,4000.350883476732,46.13075351317552,1107.1380843162126,56.19229028994209,1.0512200269124081,3.4687063000904,Low,2,2,3,4
546,2024-04-12,P007,Yoga Mat,Sports,S03,Mumbai,1,951.3766548826325,0,951.3766548826325,0,0,Friday,February,Q1,0,No_Holiday,0,Winter,Rainy,0,906.5856913254707,103.3785099253265,Wholesale,Corporate,149.3955364957296,0.0,951.3766548826325,44.79096355716172,1.04940621056094,0.15703090435213585,Low,7,3,2,4
547,2024-04-13,P006,Running Shoes,Apparel,S02,Bengaluru,44,3491.368341865849,4,153620.2070420974,1,1,Saturday,April,Q2,0,No_Holiday,1,Spring,Sunny,0,3211.540031323344,96.47192995280376,Wholesale,Corporate,8664.61458556394,139.65473367463395,3351.713608191215,279.8283105425048,1.087132125962384,2.481724566744916,High,6,2,4,5
548,2024-04-13,P004,Notebook Pack,Stationery,S04,Delhi,45,2367.46,0,106535.7,1,1,Saturday,April,Q2,0,No_Holiday,1,Spring,Stormy,0,2327.68,96.43,In-Store,Corporate,6818.52,0.0,2367.46,39.7800000000002,1.0170899780038494,2.8800993469794633,Medium,4,4,4,5
549,2024-04-13,P001,Wireless Mouse,Electronics,S02,Bengaluru,5,3092.497090462075,23,15462.48545231037,1,0,Saturday,October,Q4,0,No_Holiday,0,Autumn,Rainy,1,2855.936263360644,102.4870323275676,In-Store,Wholesale,911.7875350669623,711.2743308062772,2381.2227596557977,236.5608271014312,1.0828312697787816,0.29483860724691086,Medium,1,2,10,5
550,2024-04-14,P007,Yoga Mat,Sports,S04,Delhi,40,4832.482182849999,16,193299.287314,1,1,Sunday,October,Q4,0,No_Holiday,0,Autumn,Clear,0,4808.71078964213,96.49406279622114,Wholesale,Retail,5019.262126755339,773.1971492559999,4059.2850335939993,23.77139320786864,1.0049434025558517,1.0386509327583666,High,7,4,10,6
551,2024-04-14,P006,Running Shoes,Apparel,S02,Bengaluru,29,1638.936253044853,0,47529.15133830074,0,1,Sunday,July,Q3,0,No_Holiday,0,Summer,Cloudy,0,1500.561365379425,108.883969206733,Wholesale,Retail,154.6031119679735,0.0,1638.936253044853,138.37488766542788,1.0922154140830083,0.09433137602560705,Low,6,2,7,6
552,2024-04-14,P006,Running Shoes,Apparel,S04,Delhi,63,2617.5080078423,12,164903.0044940649,1,1,Sunday,October,Q4,0,No_Holiday,1,Autumn,Sunny,0,2567.523773756499,103.8591116235389,Online,Corporate,6243.029469181013,314.100960941076,2303.407046901224,49.984234085800836,1.019467875856382,2.3851042481919102,Medium,6,4,10,6
553,2024-04-14,P006,Running Shoes,Apparel,S02,Bengaluru,46,3496.74,5,152807.54,1,1,Sunday,April,Q2,0,No_Holiday,1,Spring,Sunny,0,3212.27,96.45,Wholesale,Corporate,8211.81,174.83699999999996,3321.903,284.4699999999998,1.0885573130527633,2.348418812951492,High,6,2,4,6
554,2024-04-15,P008,Coffee Maker,Appliances,S04,Delhi,78,2748.948617963923,23,214417.992201186,1,1,Monday,July,Q3,0,No_Holiday,1,Summer,Rainy,0,2669.315612989666,99.16421000828507,Wholesale,Retail,399.5273994225016,632.2581821317023,2116.690435832221,79.63300497425689,1.0298327423653986,0.14533825652893487,Medium,8,4,7,0
555,2024-04-15,P006,Running Shoes,Apparel,S04,Delhi,32,4931.151731771492,4,157796.8554166878,1,1,Monday,November,Q4,0,No_Holiday,0,Autumn,Cloudy,0,5217.153495009367,102.0838855179188,Wholesale,Retail,3665.632438447691,197.2460692708597,4733.905662500632,-286.0017632378749,0.9451804966996928,0.7433623295000152,High,6,4,11,0
556,2024-04-15,P007,Yoga Mat,Sports,S02,Bengaluru,6,4144.745248188133,0,24868.47148912879,0,0,Monday,June,Q2,0,No_Holiday,0,Summer,Sunny,0,3741.917609789981,99.88976489676601,Online,Corporate,489.1918080045397,0.0,4144.745248188133,402.827638398152,1.1076527279339967,0.11802699049317662,High,7,2,6,0
557,2024-04-15,P001,Wireless Mouse,Electronics,S03,Mumbai,42,3416.06,5,136300.79,1,1,Monday,April,Q2,0,No_Holiday,0,Spring,Stormy,0,3736.08,104.01,In-Store,Retail,5990.23,170.803,3245.257,-320.02,0.9143433759448406,1.7535494107246359,High,1,3,4,0
558,2024-04-15,P006,Running Shoes,Apparel,S02,Bengaluru,22,3339.564432639298,1,73470.41751806455,0,1,Monday,January,Q1,0,No_Holiday,0,Winter,Stormy,0,3456.076840939159,101.3047962967624,Online,Wholesale,0.0,33.39564432639298,3306.1687883129052,-116.51240829986091,0.9662876684569897,0.0,Medium,6,2,1,0
559,2024-04-15,P006,Running Shoes,Apparel,S03,Mumbai,46,1010.001429586241,0,46460.0657609671,0,1,Monday,October,Q4,0,No_Holiday,0,Autumn,Sunny,0,955.1511538827722,105.3590457052068,In-Store,Corporate,471.1942914675428,0.0,1010.001429586241,54.85027570346881,1.0574257545316232,0.4665283411139063,Low,6,3,10,0
560,2024-04-16,P004,Notebook Pack,Stationery,S02,Bengaluru,32,3352.33,0,107274.56,0,1,Tuesday,April,Q2,0,No_Holiday,0,Spring,Clear,0,3094.12,99.18,Online,Corporate,422.58,0.0,3352.33,258.21000000000004,1.0834518376792108,0.12605560908383123,Medium,4,2,4,1
561,2024-04-16,P001,Wireless Mouse,Electronics,S04,Delhi,60,453.6103342024575,10,27216.62005214745,1,1,Tuesday,May,Q2,0,No_Holiday,0,Spring,Rainy,0,495.0699504936024,100.8099755856171,Online,Corporate,9213.678891796078,45.36103342024575,408.2493007822118,-41.45961629114487,0.9162550337587483,20.31188047775778,Low,1,4,5,1
562,2024-04-17,P007,Yoga Mat,Sports,S04,Delhi,2,429.1817181391771,0,858.3634362783542,1,0,Wednesday,July,Q3,0,No_Holiday,0,Summer,Cloudy,0,408.4340668332462,99.56855462301347,Online,Wholesale,4958.056609596588,0.0,429.1817181391771,20.7476513059309,1.050798043039837,11.552348108147433,Low,7,4,7,2
563,2024-04-17,P001,Wireless Mouse,Electronics,S03,Mumbai,48,338.98,0,16271.04,0,1,Wednesday,April,Q2,0,No_Holiday,0,Spring,Cloudy,0,317.38,97.15,Wholesale,Corporate,34.79,0.0,338.98,21.600000000000023,1.0680572184762747,0.10263142368281314,Low,1,3,4,2
564,2024-04-18,P001,Wireless Mouse,Electronics,S01,Chennai,29,3781.34,0,109658.86,1,1,Thursday,April,Q2,0,No_Holiday,0,Spring,Stormy,0,3522.25,99.67,In-Store,Wholesale,6164.13,0.0,3781.34,259.09000000000015,1.0735580949677053,1.6301443403661136,High,1,1,4,3
565,2024-04-18,P005,LED Desk Lamp,Home,S02,Bengaluru,79,3490.788410197848,18,275772.28440563,1,1,Thursday,January,Q1,0,No_Holiday,1,Winter,Rainy,0,3694.624033633763,100.6379145999745,Online,Retail,9197.35433553509,628.3419138356127,2862.4464963622354,-203.83562343591484,0.9448291296813124,2.63474987732465,High,5,2,1,3
566,2024-04-18,P008,Coffee Maker,Appliances,S02,Bengaluru,44,2771.050718360967,2,121926.2316078826,1,1,Thursday,May,Q2,0,No_Holiday,0,Spring,Cloudy,1,3022.573732164447,102.3285557398211,In-Store,Corporate,5631.235401991898,55.42101436721934,2715.6297039937476,-251.5230138034799,0.9167851519627395,2.032166125534752,Medium,8,2,5,3
567,2024-04-18,P004,Notebook Pack,Stationery,S03,Mumbai,45,3304.757035200989,0,148714.0665840445,1,1,Thursday,July,Q3,0,No_Holiday,0,Summer,Sunny,1,3455.284547418705,98.24038118299367,In-Store,Corporate,6565.367792647956,0.0,3304.757035200989,-150.52751221771632,0.9564355669838628,1.9866415965579942,Medium,4,3,7,3
568,2024-04-18,P001,Wireless Mouse,Electronics,S01,Chennai,40,4283.694754552266,18,171347.7901820907,1,1,Thursday,November,Q4,0,No_Holiday,0,Autumn,Cloudy,0,4630.598695067765,109.2549447077258,In-Store,Wholesale,1273.519674517,771.0650558194079,3512.6296987328583,-346.903940515499,0.9250844300360124,0.2972946830918883,High,1,1,11,3
569,2024-04-19,P007,Yoga Mat,Sports,S04,Delhi,83,2979.048580664742,24,247261.0321951736,1,1,Friday,April,Q2,0,No_Holiday,0,Spring,Stormy,1,3074.261040400318,100.0748921327583,In-Store,Wholesale,2307.984489973133,714.9716593595382,2264.076921305204,-95.21245973557598,0.969029155792451,0.7747387890727621,Medium,7,4,4,4
570,2024-04-19,P002,Bluetooth Speaker,Electronics,S02,Bengaluru,24,3757.079372013026,4,90169.90492831264,0,1,Friday,September,Q3,0,No_Holiday,0,Autumn,Rainy,0,3731.785465887487,100.7137415549171,Online,Retail,128.9795030777906,150.28317488052105,3606.796197132505,25.293906125538797,1.0067779636200291,0.03432972538152261,High,2,2,9,4
571,2024-04-19,P004,Notebook Pack,Stationery,S02,Bengaluru,35,2242.542252273381,3,78488.97882956834,0,1,Friday,March,Q1,0,No_Holiday,0,Spring,Clear,0,2106.880029727227,96.62869106128728,Wholesale,Wholesale,713.9322916637698,67.27626756820143,2175.2659847051796,135.66222254615423,1.0643901032009488,0.31835845721079264,Medium,4,2,3,4
572,2024-04-19,P001,Wireless Mouse,Electronics,S02,Bengaluru,70,955.57,10,60200.91,1,1,Friday,April,Q2,0,No_Holiday,0,Spring,Sunny,0,944.7,101.36,Wholesale,Corporate,4434.75,95.557,860.013,10.870000000000005,1.0115062982957552,4.640947288006111,Low,1,2,4,4
573,2024-04-20,P003,Office Chair,Furniture,S01,Chennai,22,1101.720660550807,2,24237.85453211776,0,1,Saturday,December,Q4,0,No_Holiday,0,Winter,Sunny,0,1055.0733875376,99.00802557290034,Online,Wholesale,478.1525068959834,22.03441321101614,1079.686247339791,46.64727301320704,1.0442123491732413,0.43400521022899785,Low,3,1,12,5
574,2024-04-20,P003,Office Chair,Furniture,S02,Bengaluru,42,695.6563022761603,1,29217.56469559873,0,1,Saturday,April,Q2,0,No_Holiday,0,Spring,Clear,0,736.6707560365111,104.8105218340517,Online,Wholesale,270.7326276777724,6.956563022761603,688.6997392533987,-41.01445376035076,0.9443245799778728,0.389175842714205,Low,3,2,4,5
575,2024-04-20,P004,Notebook Pack,Stationery,S01,Chennai,0,1856.83,0,0.0,0,0,Saturday,April,Q2,0,No_Holiday,1,Spring,Stormy,1,1918.9,95.68,In-Store,Wholesale,27.39,0.0,1856.83,-62.070000000000164,0.9676533430611287,0.014750946505603638,Medium,4,1,4,5
576,2024-04-20,P003,Office Chair,Furniture,S03,Mumbai,4,2139.021350270256,9,8556.085401081025,1,0,Saturday,October,Q4,0,No_Holiday,0,Autumn,Stormy,0,2089.443244223111,108.5555917381531,Wholesale,Retail,1268.715637004708,192.51192152432304,1946.5094287459328,49.578106047144956,1.0237279027244308,0.5931290198877217,Medium,3,3,10,5
577,2024-04-20,P001,Wireless Mouse,Electronics,S02,Bengaluru,2,3088.923522960751,19,6177.847045921501,1,0,Saturday,October,Q4,0,No_Holiday,0,Autumn,Rainy,1,2843.483765696331,102.0982325967156,In-Store,Wholesale,1341.664707255313,586.8954693625427,2502.0280535982083,245.43975726442022,1.0863165671017345,0.43434701354124805,Medium,1,2,10,5
578,2024-04-20,P004,Notebook Pack,Stationery,S02,Bengaluru,63,1141.745884561195,9,71929.99072735528,1,1,Saturday,September,Q3,0,No_Holiday,0,Autumn,Sunny,1,1165.23141526818,108.555831795697,Online,Retail,10372.55153338505,102.75712961050755,1038.9887549506875,-23.485530706984946,0.9798447498074194,9.08481622193148,Low,4,2,9,5
579,2024-04-20,P006,Running Shoes,Apparel,S03,Mumbai,34,980.6031388793499,0,33340.50672189789,0,1,Saturday,October,Q4,0,No_Holiday,0,Autumn,Sunny,0,902.7754267922592,108.2709699625669,Online,Retail,0.0,0.0,980.6031388793499,77.82771208709073,1.0862093825079269,0.0,Low,6,3,10,5
580,2024-04-21,P006,Running Shoes,Apparel,S01,Chennai,4,4607.876547150259,4,18431.50618860104,0,0,Sunday,June,Q2,0,No_Holiday,1,Summer,Clear,0,4661.517081890868,97.61220649918661,In-Store,Wholesale,0.0,184.31506188601037,4423.561485264249,-53.64053474060893,0.9884929018175236,0.0,High,6,1,6,6
581,2024-04-21,P004,Notebook Pack,Stationery,S03,Mumbai,57,4737.56,20,216032.74,1,1,Sunday,April,Q2,0,No_Holiday,1,Spring,Cloudy,0,4574.7,95.12,Wholesale,Corporate,2169.1,947.5120000000002,3790.0480000000002,162.86000000000058,1.035600148643627,0.45785172113915173,High,4,3,4,6
582,2024-04-22,P007,Yoga Mat,Sports,S02,Bengaluru,69,2601.26,20,143589.55,1,1,Monday,April,Q2,0,No_Holiday,0,Spring,Sunny,0,2789.47,95.63,Online,Corporate,9251.04,520.2520000000001,2081.0080000000003,-188.20999999999958,0.9325284014526058,3.556368836640705,Medium,7,2,4,0
583,2024-04-22,P004,Notebook Pack,Stationery,S02,Bengaluru,38,2248.387978358874,0,85438.74317763721,0,1,Monday,March,Q1,0,No_Holiday,0,Spring,Clear,0,2106.473743459802,97.52313877705943,Wholesale,Wholesale,508.7249125442164,0.0,2248.387978358874,141.9142348990722,1.0673705216310856,0.22626206750826916,Medium,4,2,3,0
584,2024-04-23,P008,Coffee Maker,Appliances,S03,Mumbai,57,2506.620011645259,9,142877.3406637798,1,1,Tuesday,June,Q2,0,No_Holiday,0,Summer,Cloudy,0,2533.865295479156,103.4798003316415,In-Store,Corporate,9846.307627701437,225.59580104807333,2281.0242105971856,-27.245283833896792,0.9892475405529619,3.9281213674020976,Medium,8,3,6,1
585,2024-04-23,P006,Running Shoes,Apparel,S04,Delhi,78,2952.32,15,195738.82,1,1,Tuesday,April,Q2,0,No_Holiday,0,Spring,Cloudy,0,2896.24,109.49,Online,Wholesale,4870.92,442.848,2509.472,56.08000000000038,1.0193630362124688,1.6498618035985257,Medium,6,4,4,1
586,2024-04-24,P005,LED Desk Lamp,Home,S04,Delhi,56,1162.452423157489,4,65097.33569681937,0,1,Wednesday,May,Q2,0,No_Holiday,1,Spring,Rainy,0,1272.71208505216,106.7474122442832,In-Store,Wholesale,0.0,46.49809692629956,1115.9543262311895,-110.25966189467113,0.9133663746972652,0.0,Low,5,4,5,2
587,2024-04-24,P008,Coffee Maker,Appliances,S03,Mumbai,1,4836.098583815424,21,4836.098583815424,1,0,Wednesday,June,Q2,0,No_Holiday,0,Summer,Clear,0,5063.407425031543,103.5000832695742,Online,Wholesale,5979.12125416142,1015.5807026012391,3820.517881214185,-227.30884121611962,0.9551075348800905,1.2363522270144074,High,8,3,6,2
588,2024-04-24,P006,Running Shoes,Apparel,S01,Chennai,25,2296.22,0,57405.5,0,1,Wednesday,April,Q2,0,No_Holiday,0,Spring,Clear,0,2307.22,100.94,In-Store,Wholesale,169.76,0.0,2296.22,-11.0,0.9952323575558464,0.07393019832594439,Medium,6,1,4,2
589,2024-04-24,P007,Yoga Mat,Sports,S04,Delhi,2,418.107825430754,0,836.215650861508,1,0,Wednesday,July,Q3,0,No_Holiday,0,Summer,Cloudy,0,424.6564865131199,99.65655425448192,Online,Wholesale,4991.876564879243,0.0,418.107825430754,-6.548661082365868,0.9845789213391338,11.939208647282268,Low,7,4,7,2
590,2024-04-25,P001,Wireless Mouse,Electronics,S04,Delhi,65,1349.202570970092,8,87698.16711305601,1,1,Thursday,April,Q2,0,No_Holiday,0,Spring,Stormy,0,1322.749307904058,104.5131835538021,Online,Retail,9379.218064126992,107.93620567760736,1241.2663652924846,26.45326306603397,1.019998697340428,6.9516752086999265,Low,1,4,4,3
591,2024-04-25,P006,Running Shoes,Apparel,S02,Bengaluru,96,566.62,15,46236.19,1,1,Thursday,April,Q2,0,No_Holiday,0,Spring,Clear,1,531.93,106.64,In-Store,Wholesale,9603.12,84.993,481.627,34.690000000000055,1.0652153478841202,16.94807807701811,Low,6,2,4,3
592,2024-04-26,P006,Running Shoes,Apparel,S02,Bengaluru,64,866.4472810891301,4,55452.62598970433,1,1,Friday,May,Q2,0,No_Holiday,1,Spring,Stormy,0,873.0162154975907,108.9046352872861,Online,Corporate,2572.184914659019,34.6578912435652,831.7893898455649,-6.568934408460564,0.9924755871748425,2.9686571483330932,Low,6,2,5,4
593,2024-04-26,P001,Wireless Mouse,Electronics,S04,Delhi,20,3476.251113431143,0,69525.02226862287,0,1,Friday,September,Q3,0,No_Holiday,0,Autumn,Rainy,0,3336.00105531817,108.0323529949991,Online,Wholesale,670.9389223103876,0.0,3476.251113431143,140.25005811297297,1.0420413710269636,0.19300646024048443,High,1,4,9,4
594,2024-04-26,P007,Yoga Mat,Sports,S03,Mumbai,76,2380.400969944848,13,180910.4737158084,1,1,Friday,June,Q2,0,No_Holiday,1,Summer,Rainy,0,2344.438893756448,101.7536262180123,In-Store,Wholesale,1419.502257675298,309.4521260928302,2070.9488438520175,35.962076188399806,1.0153393105208124,0.596329053633425,Medium,7,3,6,4
595,2024-04-26,P006,Running Shoes,Apparel,S04,Delhi,1,1630.97245459991,13,1630.97245459991,1,0,Friday,February,Q1,0,No_Holiday,0,Winter,Sunny,0,1516.520505502124,97.88646563921121,Online,Corporate,4660.128507188591,212.02641909798828,1418.9460355019216,114.45194909778593,1.0754700966340647,2.8572699030234427,Low,6,4,2,4
596,2024-04-26,P003,Office Chair,Furniture,S02,Bengaluru,43,693.46,0,29818.78,0,1,Friday,April,Q2,0,No_Holiday,0,Spring,Clear,0,729.55,104.83,Online,Wholesale,247.06,0.0,693.46,-36.08999999999992,0.9505311493386335,0.3562714504080985,Low,3,2,4,4
597,2024-04-27,P005,LED Desk Lamp,Home,S04,Delhi,50,4428.152468916113,8,221407.6234458057,1,1,Saturday,March,Q1,0,No_Holiday,0,Spring,Sunny,1,4701.417269436959,105.6533259551848,In-Store,Wholesale,151.0763880167822,354.25219751328905,4073.9002714028243,-273.2648005208457,0.9418760801562351,0.03411725072189337,High,5,4,3,5
598,2024-04-27,P008,Coffee Maker,Appliances,S03,Mumbai,45,4348.38,15,166325.54,1,1,Saturday,April,Q2,0,No_Holiday,1,Spring,Rainy,0,3972.93,101.63,In-Store,Corporate,6118.49,652.2570000000001,3696.123,375.4500000000003,1.0945020425731136,1.4070734388438912,High,8,3,4,5
599,2024-04-27,P005,LED Desk Lamp,Home,S04,Delhi,11,1117.557781636855,1,12293.13559800541,0,0,Saturday,June,Q2,0,No_Holiday,1,Summer,Cloudy,0,1222.085191453506,109.4495048129817,In-Store,Wholesale,0.0,11.17557781636855,1106.3822038204864,-104.52740981665102,0.9144679842717596,0.0,Low,5,4,6,5
600,2024-04-27,P003,Office Chair,Furniture,S03,Mumbai,59,643.289953082241,3,37954.10723185222,1,1,Saturday,September,Q3,0,No_Holiday,0,Autumn,Stormy,0,655.6782674186954,102.3074191214194,Wholesale,Corporate,777.7279441938821,19.298698592467233,623.9912544897738,-12.388314336454414,0.9811061080532296,1.2089850625950223,Low,3,3,9,5
601,2024-04-28,P006,Running Shoes,Apparel,S01,Chennai,75,1689.96,5,120409.65,1,1,Sunday,April,Q2,0,No_Holiday,1,Spring,Sunny,0,1802.07,96.15,Online,Wholesale,6143.76,84.49799999999999,1605.462,-112.1099999999999,0.9377882102249081,3.6354469928282325,Medium,6,1,4,6
602,2024-04-28,P003,Office Chair,Furniture,S02,Bengaluru,66,1404.088948918407,12,92669.87062861485,1,1,Sunday,August,Q3,0,No_Holiday,1,Summer,Rainy,0,1405.449914641652,103.8832180076717,In-Store,Wholesale,4635.724090744101,168.49067387020884,1235.598275048198,-1.3609657232450445,0.9990316512107142,3.3015886168145374,Low,3,2,8,6
603,2024-04-28,P004,Notebook Pack,Stationery,S04,Delhi,68,645.6022330008768,12,43900.95184405962,1,1,Sunday,July,Q3,0,No_Holiday,0,Summer,Sunny,0,595.6608708786375,100.8487671431486,Wholesale,Retail,5903.817885671913,77.47226796010521,568.1299650407716,49.9413621222393,1.0838419385321931,9.144667697678015,Low,4,4,7,6
604,2024-04-28,P006,Running Shoes,Apparel,S01,Chennai,1,4599.406525047003,0,4599.406525047003,0,0,Sunday,June,Q2,0,No_Holiday,1,Summer,Clear,0,4663.493576823096,97.67507657929575,In-Store,Wholesale,0.0,0.0,4599.406525047003,-64.08705177609318,0.9862577162977995,0.0,High,6,1,6,6
605,2024-04-29,P002,Bluetooth Speaker,Electronics,S04,Delhi,33,841.6518611558286,4,27774.51141814234,0,1,Monday,June,Q2,0,No_Holiday,0,Summer,Cloudy,0,827.603965842499,103.3047888021385,Online,Corporate,693.9707554408285,33.66607444623314,807.9857867095955,14.047895313329605,1.016974175926077,0.8245342135735413,Low,2,4,6,0
606,2024-04-29,P008,Coffee Maker,Appliances,S04,Delhi,81,2755.281458504347,15,223177.7981388521,1,1,Monday,July,Q3,0,No_Holiday,1,Summer,Rainy,0,2666.447764185813,99.36674867182305,Wholesale,Retail,946.4250993175187,413.2922187756521,2341.989239728695,88.83369431853407,1.0333153701758935,0.34349488920499177,Medium,8,4,7,0
607,2024-04-29,P008,Coffee Maker,Appliances,S02,Bengaluru,35,3151.557606955516,2,110304.5162434431,1,1,Monday,March,Q1,0,No_Holiday,1,Spring,Sunny,0,3164.092698854397,96.01925470503268,Online,Retail,8686.588365868967,63.03115213911032,3088.5264548164055,-12.535091898881092,0.9960383297545551,2.7562841772898548,Medium,8,2,3,0
608,2024-04-29,P007,Yoga Mat,Sports,S04,Delhi,83,2985.58,20,198242.51,1,1,Monday,April,Q2,0,No_Holiday,0,Spring,Stormy,1,3076.24,99.82,In-Store,Wholesale,1933.18,597.116,2388.464,-90.65999999999985,0.9705289574285492,0.647505677288835,Medium,7,4,4,0
609,2024-04-30,P001,Wireless Mouse,Electronics,S04,Delhi,106,696.81,20,59089.49,1,1,Tuesday,April,Q2,0,No_Holiday,0,Spring,Sunny,1,717.17,95.59,Wholesale,Corporate,9914.37,139.362,557.448,-20.360000000000014,0.9716106362508192,14.228225771731177,Low,1,4,4,1
610,2024-04-30,P002,Bluetooth Speaker,Electronics,S04,Delhi,42,4470.250432835109,11,187750.5181790746,1,1,Tuesday,November,Q4,0,No_Holiday,0,Autumn,Stormy,1,4279.350791521059,95.4383778061335,Online,Retail,10049.95633301981,491.72754761186195,3978.5228852232467,190.8996413140494,1.0446094864885325,2.2481864235615,High,2,4,11,1
611,2024-05-01,P003,Office Chair,Furniture,S03,Mumbai,50,1989.69,0,99484.5,1,1,Wednesday,May,Q2,0,No_Holiday,0,Spring,Cloudy,1,1811.56,104.46,In-Store,Retail,3632.06,0.0,1989.69,178.1300000000001,1.0983296164631589,1.8254401439420211,Medium,3,3,5,2
612,2024-05-01,P005,LED Desk Lamp,Home,S04,Delhi,33,4114.332375201676,1,135772.9683816553,0,1,Wednesday,June,Q2,0,No_Holiday,0,Summer,Stormy,1,3957.026922000735,108.613565829219,Wholesale,Wholesale,501.8511646205247,41.143323752016755,4073.189051449659,157.30545320094097,1.0397534452763857,0.12197633026571535,High,5,4,6,2
613,2024-05-02,P005,LED Desk Lamp,Home,S01,Chennai,49,958.3284134562182,0,46958.09225935469,0,1,Thursday,March,Q1,0,No_Holiday,0,Spring,Sunny,0,936.9122740208638,104.1011607264473,In-Store,Retail,0.0,0.0,958.3284134562182,21.416139435354353,1.022858212053776,0.0,Low,5,1,3,3
614,2024-05-02,P001,Wireless Mouse,Electronics,S01,Chennai,21,3879.791743243427,0,81475.62660811197,0,1,Thursday,April,Q2,0,No_Holiday,1,Spring,Sunny,0,4149.072541947237,96.0048060421372,In-Store,Retail,524.611726161791,0.0,3879.791743243427,-269.28079870381043,0.9350985561275745,0.1352164654392574,High,1,1,4,3
615,2024-05-02,P007,Yoga Mat,Sports,S03,Mumbai,11,1409.58,20,12404.3,1,0,Thursday,May,Q2,0,No_Holiday,0,Spring,Rainy,0,1291.6,104.95,In-Store,Corporate,9693.12,281.916,1127.664,117.98000000000002,1.0913440693713223,6.876601540884519,Low,7,3,5,3
616,2024-05-03,P007,Yoga Mat,Sports,S02,Bengaluru,0,3056.2,0,0.0,0,0,Friday,May,Q2,0,No_Holiday,0,Spring,Stormy,0,3247.63,105.05,Wholesale,Wholesale,456.22,0.0,3056.2,-191.4300000000003,0.9410554773788885,0.14927687978535437,Medium,7,2,5,4
617,2024-05-03,P005,LED Desk Lamp,Home,S03,Mumbai,1,859.3205587479627,6,859.3205587479627,1,0,Friday,June,Q2,0,No_Holiday,0,Summer,Rainy,0,791.195396291584,108.3380016100877,Online,Wholesale,3048.402167536617,51.55923352487776,807.7613252230849,68.12516245637869,1.0861040935977238,3.5474563438563194,Low,5,3,6,4
618,2024-05-03,P007,Yoga Mat,Sports,S02,Bengaluru,50,860.5436103577719,0,43027.18051788859,0,1,Friday,August,Q3,0,No_Holiday,0,Summer,Rainy,0,800.9909938570332,99.36214333841157,In-Store,Corporate,710.7163020818375,0.0,860.5436103577719,59.55261650073862,1.074348671779658,0.8258922540675847,Low,7,2,8,4
619,2024-05-03,P004,Notebook Pack,Stationery,S01,Chennai,51,4943.937482255119,18,252140.8115950111,1,1,Friday,September,Q3,0,No_Holiday,1,Autumn,Stormy,1,5235.817197485558,100.3996713007268,Wholesale,Wholesale,3246.500417914586,889.9087468059214,4054.0287354491975,-291.8797152304387,0.9442532647299813,0.6566629188914688,High,4,1,9,4
620,2024-05-04,P003,Office Chair,Furniture,S04,Delhi,63,4788.562614905518,20,301679.4447390476,1,1,Saturday,September,Q3,0,No_Holiday,0,Autumn,Sunny,1,4363.633207086908,98.87620347999076,Online,Retail,9752.1110254286,957.7125229811036,3830.8500919244143,424.92940781860943,1.0973797264005802,2.036542447011736,High,3,4,9,5
621,2024-05-04,P008,Coffee Maker,Appliances,S03,Mumbai,12,4500.797797718727,0,54009.57357262473,0,1,Saturday,October,Q4,0,No_Holiday,0,Autumn,Cloudy,0,4818.729198966353,107.7141464206374,Wholesale,Retail,937.0622739654178,0.0,4500.797797718727,-317.9314012476252,0.9340217330918236,0.20819914959085184,High,8,3,10,5
622,2024-05-04,P002,Bluetooth Speaker,Electronics,S04,Delhi,38,2640.74,0,100348.12,0,1,Saturday,May,Q2,0,No_Holiday,1,Spring,Rainy,0,2557.15,106.49,Online,Retail,499.99,0.0,2640.74,83.58999999999969,1.0326887355063252,0.18933707975794667,Medium,2,4,5,5
623,2024-05-04,P005,LED Desk Lamp,Home,S02,Bengaluru,84,1570.841072458798,3,131950.6500865391,1,1,Saturday,January,Q1,0,No_Holiday,1,Winter,Sunny,1,1724.006260178606,102.1359730809684,In-Store,Retail,8947.627375906895,47.12523217376394,1523.7158402850341,-153.16518771980805,0.9111574062939074,5.696074245054848,Low,5,2,1,5
624,2024-05-05,P001,Wireless Mouse,Electronics,S02,Bengaluru,45,1592.329865566195,4,71654.84395047878,1,1,Sunday,April,Q2,0,No_Holiday,0,Spring,Cloudy,0,1499.63258238865,99.77394617233045,Online,Wholesale,5741.434097285442,63.693194622647795,1528.6366709435472,92.69728317754493,1.0618133296556511,3.605681348722253,Low,1,2,4,6
625,2024-05-05,P004,Notebook Pack,Stationery,S01,Chennai,52,1355.451737335603,6,70483.49034145134,1,1,Sunday,February,Q1,0,No_Holiday,0,Winter,Clear,0,1405.845278052856,105.1017330158123,In-Store,Corporate,7687.890631167305,81.32710424013618,1274.1246330954668,-50.39354071725302,0.9641542767870944,5.671829117486182,Low,4,1,2,6
626,2024-05-05,P003,Office Chair,Furniture,S01,Chennai,118,1619.8,20,152909.12,1,1,Sunday,May,Q2,0,No_Holiday,1,Spring,Clear,1,1728.37,108.26,Online,Wholesale,3699.26,323.96,1295.84,-108.56999999999994,0.9371835891620429,2.283775774787011,Low,3,1,5,6
627,2024-05-06,P003,Office Chair,Furniture,S04,Delhi,33,940.41,0,31033.53,0,1,Monday,May,Q2,0,No_Holiday,0,Spring,Sunny,0,914.89,105.79,In-Store,Wholesale,142.46,0.0,940.41,25.519999999999982,1.027894063767229,0.15148711732116843,Low,3,4,5,0
628,2024-05-06,P001,Wireless Mouse,Electronics,S01,Chennai,38,4289.44467630261,17,162998.8976994992,1,1,Monday,November,Q4,0,No_Holiday,0,Autumn,Cloudy,0,4630.171772916343,109.6773517345404,In-Store,Wholesale,1320.169208837656,729.2055949714436,3560.2390813311663,-340.727096613733,0.9264115645543051,0.30777159013870475,High,1,1,11,0
629,2024-05-07,P008,Coffee Maker,Appliances,S02,Bengaluru,44,1974.772518779352,0,86889.9908262915,0,1,Tuesday,February,Q1,0,No_Holiday,0,Winter,Stormy,0,2047.266811773538,99.97270707165768,Wholesale,Retail,200.3426812814984,0.0,1974.772518779352,-72.49429299418603,0.9645897190452746,0.10145101745963853,Medium,8,2,2,1
630,2024-05-07,P008,Coffee Maker,Appliances,S02,Bengaluru,45,2763.25,0,124346.25,1,1,Tuesday,May,Q2,0,No_Holiday,0,Spring,Cloudy,1,3030.98,101.93,In-Store,Corporate,5277.61,0.0,2763.25,-267.73,0.911668833182667,1.909928526191984,Medium,8,2,5,1
631,2024-05-08,P007,Yoga Mat,Sports,S02,Bengaluru,1,4121.08,20,3296.86,1,0,Wednesday,May,Q2,0,No_Holiday,0,Spring,Rainy,0,3751.98,102.21,In-Store,Wholesale,9375.79,824.216,3296.864,369.0999999999999,1.098374724811966,2.2750808040610715,High,7,2,5,2
632,2024-05-08,P007,Yoga Mat,Sports,S03,Mumbai,67,3809.408435974676,16,255230.3652103033,1,1,Wednesday,February,Q1,0,No_Holiday,1,Winter,Cloudy,0,3781.932356567186,106.155459249713,Online,Corporate,3103.429742164597,609.5053497559481,3199.9030862187283,27.476079407490033,1.0072650901224551,0.814674980203469,High,7,3,2,2
633,2024-05-08,P006,Running Shoes,Apparel,S01,Chennai,81,970.1849671440314,15,78584.98233866654,1,1,Wednesday,January,Q1,0,No_Holiday,1,Winter,Sunny,0,958.6656000501777,104.0817801313575,Online,Retail,3133.413665408295,145.5277450716047,824.6572220724266,11.519367093853702,1.0120160430219367,3.229707500655507,Low,6,1,1,2
634,2024-05-09,P001,Wireless Mouse,Electronics,S01,Chennai,46,4099.143089245519,13,188560.5821052939,1,1,Thursday,December,Q4,0,No_Holiday,0,Winter,Clear,0,4441.781959654353,103.6223886438049,Wholesale,Wholesale,5365.585381718327,532.8886016019175,3566.254487643602,-342.638870408834,0.9228600427663727,1.3089529359917775,High,1,1,12,3
635,2024-05-09,P002,Bluetooth Speaker,Electronics,S01,Chennai,1,3743.316470128159,0,3743.316470128159,0,1,Thursday,March,Q1,0,No_Holiday,0,Spring,Sunny,0,3902.554551912584,96.96117856822627,In-Store,Corporate,0.0,0.0,3743.316470128159,-159.23808178442505,0.9591964494880962,0.0,High,2,1,3,3
636,2024-05-09,P002,Bluetooth Speaker,Electronics,S03,Mumbai,40,602.6,0,24104.0,0,1,Thursday,May,Q2,0,No_Holiday,0,Spring,Clear,0,642.5,96.38,Online,Corporate,442.31,0.0,602.6,-39.89999999999998,0.937898832684825,0.7340026551609691,Low,2,3,5,3
637,2024-05-09,P005,LED Desk Lamp,Home,S04,Delhi,46,2525.759922955053,3,116184.9564559324,1,1,Thursday,February,Q1,0,No_Holiday,0,Winter,Stormy,0,2710.662099967429,108.5955775699073,Wholesale,Wholesale,1133.976726717245,75.7727976886516,2449.987125266401,-184.90217701237634,0.9317870799851453,0.44896457355714586,Medium,5,4,2,3
638,2024-05-10,P001,Wireless Mouse,Electronics,S04,Delhi,63,455.63,10,25834.22,1,1,Friday,May,Q2,0,No_Holiday,0,Spring,Rainy,0,500.69,100.62,Online,Corporate,9342.85,45.563,410.067,-45.06,0.9100041942119874,20.505344248622787,Low,1,4,5,4
639,2024-05-10,P005,LED Desk Lamp,Home,S04,Delhi,28,4120.631488769195,2,115377.6816855375,0,1,Friday,June,Q2,0,No_Holiday,0,Summer,Stormy,1,3964.027688386936,108.4341700433353,Wholesale,Wholesale,336.9345907467004,82.4126297753839,4038.2188589938114,156.60380038225912,1.0395062327241174,0.0817677076110828,High,5,4,6,4
640,2024-05-10,P008,Coffee Maker,Appliances,S01,Chennai,82,3244.681568133842,15,266063.8885869751,1,1,Friday,August,Q3,0,No_Holiday,1,Summer,Stormy,1,3398.954609530215,105.3827210852971,In-Store,Corporate,9798.686582104163,486.7022352200763,2757.9793329137656,-154.27304139637272,0.9546116205953996,3.019922410364545,Medium,8,1,8,4
641,2024-05-11,P003,Office Chair,Furniture,S03,Mumbai,19,3471.941355936836,0,65966.88576279988,0,1,Saturday,December,Q4,0,No_Holiday,0,Winter,Rainy,1,3157.661964466995,107.4399366921483,Online,Wholesale,741.541809901976,0.0,3471.941355936836,314.2793914698409,1.0995291437165886,0.2135813177356751,High,3,3,12,5
642,2024-05-11,P008,Coffee Maker,Appliances,S01,Chennai,54,741.5693981019765,0,40044.74749750673,0,1,Saturday,January,Q1,0,No_Holiday,1,Winter,Sunny,0,793.6189937638022,109.6027459282237,Online,Wholesale,706.0654252360588,0.0,741.5693981019765,-52.04959566182572,0.9344148816109147,0.9521231958104137,Low,8,1,1,5
643,2024-05-11,P006,Running Shoes,Apparel,S02,Bengaluru,67,860.48,0,57652.16,1,1,Saturday,May,Q2,0,No_Holiday,1,Spring,Stormy,0,880.33,108.59,Online,Corporate,2548.72,0.0,860.48,-19.850000000000023,0.9774516374541365,2.961974711788769,Low,6,2,5,5
644,2024-05-12,P003,Office Chair,Furniture,S04,Delhi,44,733.7,0,32282.8,0,1,Sunday,May,Q2,0,No_Holiday,1,Spring,Sunny,0,695.32,104.58,Wholesale,Corporate,31.4,0.0,733.7,38.379999999999995,1.0551976068572744,0.04279678342646858,Low,3,4,5,6
645,2024-05-12,P004,Notebook Pack,Stationery,S03,Mumbai,50,2271.220790217546,19,113561.0395108773,1,1,Sunday,February,Q1,0,No_Holiday,0,Winter,Clear,0,2338.053803819889,96.70912939397084,In-Store,Wholesale,3657.457726726704,431.5319501413337,1839.6888400762123,-66.83301360234282,0.9714151087998267,1.6103488231878942,Medium,4,3,2,6
646,2024-05-12,P008,Coffee Maker,Appliances,S02,Bengaluru,37,3135.995978924977,0,116031.8512202241,1,1,Sunday,March,Q1,0,No_Holiday,1,Spring,Sunny,0,3150.262322185839,96.33767809073308,Online,Retail,9283.939552003982,0.0,3135.995978924977,-14.266343260861959,0.995471379268834,2.960443704135911,Medium,8,2,3,6
647,2024-05-13,P002,Bluetooth Speaker,Electronics,S04,Delhi,32,838.4450397328067,0,26830.24127144981,0,1,Monday,June,Q2,0,No_Holiday,0,Summer,Cloudy,0,823.2949572872892,103.5875512685714,Online,Corporate,342.3859809908206,0.0,838.4450397328067,15.150082445517455,1.018401767569956,0.4083582879802488,Low,2,4,6,0
648,2024-05-13,P008,Coffee Maker,Appliances,S01,Chennai,51,3233.38,10,148412.14,1,1,Monday,May,Q2,0,No_Holiday,0,Spring,Rainy,0,3187.62,104.22,Online,Wholesale,4457.39,323.338,2910.042,45.76000000000022,1.0143555379875895,1.3785543301436887,Medium,8,1,5,0
649,2024-05-13,P008,Coffee Maker,Appliances,S04,Delhi,65,3326.063444239473,22,216194.1238755657,1,1,Monday,June,Q2,0,No_Holiday,0,Summer,Cloudy,0,3412.668112635709,108.3737702427769,Online,Wholesale,6115.585460530789,731.7339577326841,2594.329486506789,-86.60466839623587,0.9746225927814152,1.8386857506048442,Medium,8,4,6,0
650,2024-05-14,P002,Bluetooth Speaker,Electronics,S03,Mumbai,0,524.86,10,0.0,1,0,Tuesday,May,Q2,0,No_Holiday,0,Spring,Clear,1,530.54,100.86,In-Store,Retail,6538.87,52.486000000000004,472.374,-5.67999999999995,0.9892939269423607,12.458312692908585,Low,2,3,5,1
651,2024-05-14,P007,Yoga Mat,Sports,S03,Mumbai,39,930.0206670976996,0,36270.80601681028,0,1,Tuesday,July,Q3,0,No_Holiday,0,Summer,Clear,0,939.5221581091528,104.5047649884214,Wholesale,Corporate,310.0255755805596,0.0,930.0206670976996,-9.50149101145314,0.989886889915853,0.33335342594917955,Low,7,3,7,1
652,2024-05-14,P004,Notebook Pack,Stationery,S03,Mumbai,61,2597.533136943646,12,158449.5213535624,1,1,Tuesday,September,Q3,0,No_Holiday,0,Autumn,Sunny,0,2470.685988600656,96.66204525875044,Online,Wholesale,8863.9342275839,311.7039764332375,2285.829160510408,126.84714834298984,1.0513408619825595,3.4124431759948735,Medium,4,3,9,1
653,2024-05-14,P003,Office Chair,Furniture,S04,Delhi,76,1681.33523798068,11,127781.4780865317,1,1,Tuesday,October,Q4,0,No_Holiday,1,Autumn,Rainy,0,1740.711853609506,108.9171454718563,Wholesale,Corporate,8568.662492092728,184.9468761778748,1496.388361802805,-59.37661562882613,0.9658894632642939,5.096343845373679,Low,3,4,10,1
654,2024-05-15,P005,LED Desk Lamp,Home,S02,Bengaluru,1,1023.089191180921,3,1023.089191180921,0,0,Wednesday,April,Q2,0,No_Holiday,0,Spring,Stormy,0,938.3804772962927,101.5870835722378,Wholesale,Retail,0.0,30.692675735427628,992.3965154454934,84.70871388462831,1.090271180969893,0.0,Low,5,2,4,2
655,2024-05-15,P006,Running Shoes,Apparel,S03,Mumbai,25,3787.12,0,94678.0,0,1,Wednesday,May,Q2,0,No_Holiday,0,Spring,Rainy,0,3992.76,106.03,In-Store,Retail,22.17,0.0,3787.12,-205.64000000000033,0.9484967791702982,0.005854052683833626,High,6,3,5,2
656,2024-05-15,P004,Notebook Pack,Stationery,S02,Bengaluru,34,4333.172039691838,12,147327.8493495225,1,1,Wednesday,May,Q2,0,No_Holiday,0,Spring,Cloudy,0,4062.399120353157,108.520631679459,In-Store,Corporate,4592.963496492362,519.9806447630206,3813.1913949288173,270.7729193386813,1.066653450662214,1.0599541062346094,High,4,2,5,2
657,2024-05-16,P006,Running Shoes,Apparel,S02,Bengaluru,39,4185.84,15,138760.6,1,1,Thursday,May,Q2,0,No_Holiday,0,Spring,Stormy,0,4446.62,95.95,In-Store,Retail,3287.7,627.8760000000001,3557.964,-260.77999999999975,0.9413532076048775,0.7854337480649045,High,6,2,5,3
658,2024-05-16,P007,Yoga Mat,Sports,S01,Chennai,40,2559.820355240312,9,102392.8142096125,1,1,Thursday,April,Q2,0,No_Holiday,0,Spring,Sunny,0,2612.706707009175,96.38189389556102,In-Store,Wholesale,6614.546627955659,230.3838319716281,2329.4365232686837,-52.88635176886282,0.9797580219674167,2.5839886046748366,Medium,7,1,4,3
659,2024-05-17,P007,Yoga Mat,Sports,S04,Delhi,62,2870.390441969904,5,177964.2074021341,1,1,Friday,September,Q3,0,No_Holiday,0,Autumn,Sunny,0,2639.989977700302,107.1541689061361,Online,Retail,1466.921159341537,143.51952209849517,2726.8709198714087,230.4004642696018,1.0872732344500429,0.511052830267513,Medium,7,4,9,4
660,2024-05-17,P005,LED Desk Lamp,Home,S04,Delhi,55,2440.945150181914,13,134251.9832600052,1,1,Friday,July,Q3,0,No_Holiday,0,Summer,Cloudy,0,2359.914008599495,107.747900118006,In-Store,Retail,8298.035261593432,317.3228695236488,2123.622280658265,81.03114158241897,1.0343364806035908,3.3995172980331048,Medium,5,4,7,4
661,2024-05-17,P005,LED Desk Lamp,Home,S02,Bengaluru,78,395.8627033278451,9,30877.29085957191,1,1,Friday,November,Q4,0,No_Holiday,1,Autumn,Stormy,0,367.0927378583699,95.61217609611177,Online,Retail,8692.22300298679,35.62764329950606,360.23506002833903,28.76996546947521,1.0783724724093429,21.957671005414408,Low,5,2,11,4
662,2024-05-17,P003,Office Chair,Furniture,S01,Chennai,58,4497.865535753136,15,260876.2010736819,1,1,Friday,January,Q1,0,No_Holiday,1,Winter,Clear,0,4391.403849959691,96.09047859356123,Wholesale,Corporate,2288.367548315502,674.6798303629704,3823.185705390166,106.46168579344521,1.024243200905884,0.508767443162867,High,3,1,1,4
663,2024-05-17,P008,Coffee Maker,Appliances,S02,Bengaluru,50,664.7129389055166,0,33235.64694527583,0,1,Friday,October,Q4,0,No_Holiday,0,Autumn,Sunny,0,710.407937662594,99.71436149769492,In-Store,Corporate,692.2106090019226,0.0,664.7129389055166,-45.69499875707743,0.9356778037877441,1.0413677370891596,Low,8,2,10,4
664,2024-05-17,P001,Wireless Mouse,Electronics,S02,Bengaluru,0,4451.79,0,0.0,0,0,Friday,May,Q2,0,No_Holiday,0,Spring,Stormy,1,4428.11,95.55,Wholesale,Retail,143.06,0.0,4451.79,23.68000000000029,1.0053476539652357,0.032135388237091146,High,1,2,5,4
665,2024-05-18,P005,LED Desk Lamp,Home,S03,Mumbai,5,4353.780501233763,3,21768.90250616882,0,1,Saturday,March,Q1,0,No_Holiday,1,Spring,Rainy,0,4364.394958321073,105.586895288307,In-Store,Corporate,289.0502172649497,130.61341503701289,4223.1670861967505,-10.614457087310257,0.9975679430508293,0.06639062699257332,High,5,3,3,5
666,2024-05-18,P005,LED Desk Lamp,Home,S01,Chennai,21,3267.286823753372,0,68613.02329882082,0,0,Saturday,June,Q2,0,No_Holiday,0,Summer,Rainy,0,3561.384375376167,102.2302845266436,In-Store,Wholesale,90.30210701527733,0.0,3267.286823753372,-294.097551622795,0.9174204408666977,0.027638255190445958,Medium,5,1,6,5
667,2024-05-18,P002,Bluetooth Speaker,Electronics,S03,Mumbai,3,4235.674145808381,7,12707.02243742514,1,0,Saturday,January,Q1,0,No_Holiday,0,Winter,Rainy,0,4141.181478080773,97.64200260896952,Wholesale,Retail,6038.665374023367,296.49719020658665,3939.176955601794,94.49266772760802,1.0228178041043978,1.4256680675021294,High,2,3,1,5
668,2024-05-18,P001,Wireless Mouse,Electronics,S03,Mumbai,96,1511.44,20,116078.59,1,1,Saturday,May,Q2,0,No_Holiday,1,Spring,Stormy,0,1584.99,108.42,In-Store,Corporate,9750.37,302.288,1209.152,-73.54999999999995,0.9535959217408312,6.4510466839570215,Low,1,3,5,5
669,2024-05-19,P006,Running Shoes,Apparel,S04,Delhi,47,4519.295442346996,5,212406.8857903088,1,1,Sunday,January,Q1,0,No_Holiday,0,Winter,Stormy,0,4939.78938033861,108.8808695395303,In-Store,Corporate,2151.170968739414,225.9647721173498,4293.330670229647,-420.49393799161317,0.9148761403339853,0.47599697700273624,High,6,4,1,6
670,2024-05-19,P008,Coffee Maker,Appliances,S04,Delhi,0,1963.27,20,0.0,1,0,Sunday,May,Q2,0,No_Holiday,1,Spring,Cloudy,0,2052.43,96.18,Wholesale,Retail,5682.01,392.654,1570.616,-89.15999999999985,0.9565588107755199,2.8941561782128797,Medium,8,4,5,6
671,2024-05-20,P006,Running Shoes,Apparel,S01,Chennai,83,584.33,15,41224.48,1,1,Monday,May,Q2,0,No_Holiday,0,Spring,Cloudy,0,596.32,101.39,Wholesale,Corporate,3839.7,87.6495,496.68050000000005,-11.990000000000009,0.9798933458545747,6.571115636712131,Low,6,1,5,0
672,2024-05-20,P006,Running Shoes,Apparel,S02,Bengaluru,23,3214.387739680046,0,73930.91801264106,0,1,Monday,February,Q1,0,No_Holiday,1,Winter,Stormy,0,3021.295606427923,107.9057873160744,Wholesale,Retail,6.465232566181385,0.0,3214.387739680046,193.09213325212295,1.0639103743577132,0.0020113418447847,Medium,6,2,2,0
673,2024-05-20,P005,LED Desk Lamp,Home,S02,Bengaluru,57,2906.03053982352,7,165643.7407699406,1,1,Monday,July,Q3,0,No_Holiday,0,Summer,Clear,0,2849.469585561231,106.4095976217089,Wholesale,Wholesale,1684.755208812098,203.4221377876464,2702.6084020358735,56.560954262289215,1.0198496430875745,0.579744495360469,Medium,5,2,7,0
674,2024-05-21,P006,Running Shoes,Apparel,S02,Bengaluru,59,1162.217644394811,6,68570.84101929382,1,1,Tuesday,December,Q4,0,No_Holiday,0,Winter,Cloudy,0,1270.01240694879,104.5999181380366,Online,Wholesale,5731.263155197322,69.73305866368867,1092.4845857311225,-107.7947625539789,0.9151230633935646,4.931316593615906,Low,6,2,12,1
675,2024-05-21,P007,Yoga Mat,Sports,S04,Delhi,95,342.0702787008597,9,32496.67647658167,1,1,Tuesday,August,Q3,0,No_Holiday,0,Summer,Stormy,1,328.6120372755757,95.13616424948457,Online,Retail,3155.156083619279,30.786325083077372,311.28395361778234,13.45824142528403,1.0409548035332554,9.223707173865465,Low,7,4,8,1
676,2024-05-21,P005,LED Desk Lamp,Home,S04,Delhi,45,2531.720707352853,7,113927.4318308784,1,1,Tuesday,February,Q1,0,No_Holiday,0,Winter,Stormy,0,2693.953450450966,108.8951281337817,Wholesale,Wholesale,868.7656911296759,177.2204495146997,2354.500257838153,-162.23274309811313,0.9397789360202362,0.34315226344143246,Medium,5,4,2,1
677,2024-05-21,P004,Notebook Pack,Stationery,S02,Bengaluru,31,3000.564101295183,1,93017.48714015067,0,1,Tuesday,June,Q2,0,No_Holiday,0,Summer,Stormy,1,3238.347860593415,105.0405184770921,In-Store,Corporate,690.1026512207926,30.005641012951827,2970.558460282231,-237.78375929823233,0.9265725087191037,0.22999097100538937,Medium,4,2,6,1
678,2024-05-21,P001,Wireless Mouse,Electronics,S03,Mumbai,51,3151.29,5,152680.0,1,1,Tuesday,May,Q2,0,No_Holiday,0,Spring,Sunny,0,3259.18,101.09,Wholesale,Wholesale,6954.4,157.5645,2993.7255,-107.88999999999987,0.9668965813486828,2.206842277289618,Medium,1,3,5,1
679,2024-05-22,P007,Yoga Mat,Sports,S04,Delhi,44,1940.890597034568,0,85399.18626952099,1,1,Wednesday,January,Q1,0,No_Holiday,0,Winter,Sunny,0,1803.410818844338,97.61441556600627,Wholesale,Corporate,5867.709125591829,0.0,1940.890597034568,137.4797781902298,1.0762332003078088,3.023204468380102,Medium,7,4,1,2
680,2024-05-22,P001,Wireless Mouse,Electronics,S02,Bengaluru,32,4273.61,15,116242.19,1,1,Wednesday,May,Q2,0,No_Holiday,0,Spring,Sunny,0,3903.71,106.68,In-Store,Corporate,4137.12,641.0414999999999,3632.5685,369.89999999999964,1.0947560141506412,0.9680621301429003,High,1,2,5,2
681,2024-05-22,P003,Office Chair,Furniture,S02,Bengaluru,43,2506.850344571161,0,107794.5648165599,1,1,Wednesday,March,Q1,0,No_Holiday,0,Spring,Clear,0,2534.495772090764,110.2257993765995,Wholesale,Retail,2441.920047320821,0.0,2506.850344571161,-27.645427519603345,0.9890923363045115,0.974098853810339,Medium,3,2,3,2
682,2024-05-22,P008,Coffee Maker,Appliances,S03,Mumbai,68,245.7391775236069,4,16710.26407160527,1,1,Wednesday,February,Q1,0,No_Holiday,1,Winter,Clear,0,252.8324982707704,103.0770166462912,Online,Corporate,8993.733823966695,9.829567100944276,235.90961042266264,-7.093320747163489,0.9719445846729445,36.59869750765611,Low,8,3,2,2
683,2024-05-22,P006,Running Shoes,Apparel,S02,Bengaluru,50,3491.723998525667,0,174586.1999262834,1,1,Wednesday,April,Q2,0,No_Holiday,1,Spring,Sunny,0,3210.236829468368,96.68433519145388,Wholesale,Corporate,7992.979832765724,0.0,3491.723998525667,281.48716905729907,1.0876842376467017,2.28912131547071,High,6,2,4,2
684,2024-05-23,P003,Office Chair,Furniture,S01,Chennai,18,4753.560153414582,2,85564.08276146247,1,1,Thursday,October,Q4,0,No_Holiday,0,Autumn,Rainy,0,5044.308241539837,97.2995433628023,In-Store,Retail,10294.34923201015,95.07120306829164,4658.48895034629,-290.748088125255,0.9423611575258334,2.1656082809040513,High,3,1,10,3
685,2024-05-23,P003,Office Chair,Furniture,S01,Chennai,100,1527.422477912533,24,152742.2477912533,1,1,Thursday,March,Q1,0,No_Holiday,1,Spring,Cloudy,1,1461.677401839959,95.36894893234847,Wholesale,Corporate,8766.823386714577,366.58139469900794,1160.841083213525,65.74507607257397,1.0449791971811386,5.739619203912622,Low,3,1,3,3
686,2024-05-23,P001,Wireless Mouse,Electronics,S02,Bengaluru,29,3459.5,0,100325.5,0,1,Thursday,May,Q2,0,No_Holiday,0,Spring,Sunny,1,3208.82,100.5,In-Store,Wholesale,139.34,0.0,3459.5,250.67999999999984,1.0781221757530806,0.040277496748084986,High,1,2,5,3
687,2024-05-24,P002,Bluetooth Speaker,Electronics,S01,Chennai,2,3731.24,5,7089.36,1,0,Friday,May,Q2,0,No_Holiday,0,Spring,Stormy,1,3445.99,106.62,Wholesale,Corporate,2538.42,186.56199999999998,3544.678,285.25,1.0827773731206416,0.6803153911300266,High,2,1,5,4
688,2024-05-25,P005,LED Desk Lamp,Home,S04,Delhi,55,1160.86,0,63847.3,0,1,Saturday,May,Q2,0,No_Holiday,1,Spring,Rainy,0,1276.31,107.16,In-Store,Wholesale,173.71,0.0,1160.86,-115.45000000000005,0.909543919580666,0.14963906069638028,Low,5,4,5,5
689,2024-05-25,P002,Bluetooth Speaker,Electronics,S01,Chennai,28,1691.674990111379,0,47366.89972311861,0,1,Saturday,April,Q2,0,No_Holiday,0,Spring,Stormy,0,1567.212768368494,106.5906344465534,Wholesale,Corporate,0.0,0.0,1691.674990111379,124.46222174288505,1.0794162887483703,0.0,Medium,2,1,4,5
690,2024-05-25,P007,Yoga Mat,Sports,S04,Delhi,25,2542.812538553767,0,63570.31346384417,0,1,Saturday,August,Q3,0,No_Holiday,0,Summer,Cloudy,0,2427.14467933301,102.7495407565675,Online,Corporate,621.8979905423735,0.0,2542.812538553767,115.66785922075678,1.0476559391805778,0.24457091551706758,Medium,7,4,8,5
691,2024-05-25,P002,Bluetooth Speaker,Electronics,S03,Mumbai,58,3331.236085121335,4,193211.6929370374,1,1,Saturday,May,Q2,0,No_Holiday,1,Spring,Rainy,1,3525.918385240384,103.1626660141029,Wholesale,Wholesale,10091.56108326684,133.2494434048534,3197.9866417164812,-194.68230011904916,0.9447853640248748,3.0293743299491402,Medium,2,3,5,5
692,2024-05-26,P002,Bluetooth Speaker,Electronics,S03,Mumbai,50,4478.39,20,179135.6,1,1,Sunday,May,Q2,0,No_Holiday,1,Spring,Rainy,0,4486.23,96.82,Online,Retail,2748.99,895.678,3582.7120000000004,-7.839999999999236,0.9982524302142335,0.6138344360361647,High,2,3,5,6
693,2024-05-26,P002,Bluetooth Speaker,Electronics,S04,Delhi,40,2612.727119307398,7,104509.0847722959,1,1,Sunday,April,Q2,0,No_Holiday,0,Spring,Clear,0,2602.98763071995,109.5009491289678,Online,Corporate,8065.570992104574,182.89089835151788,2429.83622095588,9.739488587447795,1.003741657652347,3.0870315282840015,Medium,2,4,4,6
694,2024-05-26,P008,Coffee Maker,Appliances,S01,Chennai,61,1928.874727932365,13,117661.3584038743,1,1,Sunday,May,Q2,0,No_Holiday,0,Spring,Stormy,1,1795.298849986444,108.6178351591743,Online,Corporate,4474.326785347355,250.75371463120743,1678.1210133011575,133.57587794592087,1.0744031434916417,2.3196564922303473,Medium,8,1,5,6
695,2024-05-26,P005,LED Desk Lamp,Home,S04,Delhi,55,4201.18790893663,5,231065.3349915147,1,1,Sunday,March,Q1,0,No_Holiday,1,Spring,Stormy,1,3905.12731516644,97.92151659269726,Wholesale,Wholesale,7488.922653171344,210.0593954468315,3991.128513489799,296.0605937701903,1.0758133013027187,1.7825726474269696,High,5,4,3,6
696,2024-05-26,P006,Running Shoes,Apparel,S04,Delhi,77,2958.074978549435,18,227771.7733483065,1,1,Sunday,April,Q2,0,No_Holiday,0,Spring,Cloudy,0,2892.744004259887,109.1737218850936,Online,Wholesale,5024.144546455879,532.4534961388982,2425.621482410537,65.33097428954807,1.0225844299368838,1.6984507096299475,Medium,6,4,4,6
697,2024-05-27,P006,Running Shoes,Apparel,S01,Chennai,81,584.7068630441261,18,47361.25590657421,1,1,Monday,May,Q2,0,No_Holiday,0,Spring,Cloudy,0,587.655909504113,101.7198729071329,Wholesale,Corporate,4148.826883661965,105.24723534794269,479.45962769618336,-2.949046459986903,0.9949816782026826,7.095567276330851,Low,6,1,5,0
698,2024-05-27,P004,Notebook Pack,Stationery,S03,Mumbai,67,2115.092955870199,15,141711.2280433033,1,1,Monday,January,Q1,0,No_Holiday,0,Winter,Stormy,1,2095.328242362497,98.45720584839118,Online,Corporate,480.4530138021292,317.2639433805299,1797.8290124896694,19.764713507702254,1.0094327528776195,0.2271545619159133,Medium,4,3,1,0
699,2024-05-27,P008,Coffee Maker,Appliances,S01,Chennai,62,1932.3,10,107822.34,1,1,Monday,May,Q2,0,No_Holiday,0,Spring,Stormy,1,1789.22,108.26,Online,Corporate,4282.52,193.23,1739.07,143.07999999999993,1.0799678072009031,2.216281115768773,Medium,8,1,5,0
700,2024-05-28,P008,Coffee Maker,Appliances,S04,Delhi,4,3891.99,20,12454.37,1,0,Tuesday,May,Q2,0,No_Holiday,0,Spring,Sunny,0,4259.69,104.64,In-Store,Corporate,6961.04,778.3979999999999,3113.5919999999996,-367.6999999999998,0.9136791644462391,1.7885554690531067,High,8,4,5,1
701,2024-05-28,P001,Wireless Mouse,Electronics,S04,Delhi,61,461.1039898245375,13,28127.34337929679,1,1,Tuesday,May,Q2,0,No_Holiday,0,Spring,Rainy,0,493.3995595169458,100.8418972008373,Online,Corporate,8852.93706194898,59.94351867718988,401.1604711473476,-32.29556969240832,0.934544794235271,19.199437127659124,Low,1,4,5,1
702,2024-05-28,P006,Running Shoes,Apparel,S04,Delhi,31,4941.666573958623,7,153191.6637927173,1,1,Tuesday,November,Q4,0,No_Holiday,0,Autumn,Cloudy,0,5222.204886245559,102.2334512069637,Wholesale,Retail,3913.850447591531,345.9166601771036,4595.749913781519,-280.53831228693525,0.9462797193143786,0.7920102234773523,High,6,4,11,1
703,2024-05-28,P008,Coffee Maker,Appliances,S03,Mumbai,34,1942.090347750276,0,66031.0718235094,0,1,Tuesday,November,Q4,0,No_Holiday,0,Autumn,Cloudy,1,2055.523406338887,104.3982792751282,Wholesale,Wholesale,119.8341019326395,0.0,1942.090347750276,-113.43305858861117,0.9448154867812243,0.06170367000250824,Medium,8,3,11,1
704,2024-05-28,P004,Notebook Pack,Stationery,S02,Bengaluru,63,1143.477194035046,3,72039.0632242079,1,1,Tuesday,September,Q3,0,No_Holiday,0,Autumn,Sunny,1,1166.929800284294,109.2461809672589,Online,Retail,9666.048036083741,34.30431582105138,1109.1728782139946,-23.452606249247992,0.9799022989698829,8.45320578889262,Low,4,2,9,1
705,2024-05-28,P006,Running Shoes,Apparel,S01,Chennai,48,4375.14118132057,17,210006.7767033874,1,1,Tuesday,August,Q3,0,No_Holiday,0,Summer,Stormy,0,4679.646810493789,106.8712748862199,In-Store,Retail,10059.72548072185,743.7740008244967,3631.3671804960727,-304.50562917321986,0.9349297839122417,2.2992916259871357,High,6,1,8,1
706,2024-05-29,P007,Yoga Mat,Sports,S04,Delhi,93,330.8669210298426,7,30770.62365577536,1,1,Wednesday,August,Q3,0,No_Holiday,0,Summer,Stormy,1,332.1118948826539,95.3786559406033,Online,Retail,2733.064836088788,23.160684472088985,307.70623655775364,-1.244973852811313,0.9962513421771563,8.260314532446955,Low,7,4,8,2
707,2024-05-29,P003,Office Chair,Furniture,S02,Bengaluru,101,832.4923296922094,9,84081.72529891315,1,1,Wednesday,March,Q1,0,No_Holiday,1,Spring,Clear,1,898.6373746218278,107.7342834933948,In-Store,Corporate,9274.649334390331,74.92430967229885,757.5680200199106,-66.1450449296184,0.9263940641713749,11.140822568082244,Low,3,2,3,2
708,2024-05-29,P006,Running Shoes,Apparel,S02,Bengaluru,2,4414.21,20,7062.74,1,0,Wednesday,May,Q2,0,No_Holiday,0,Spring,Clear,0,4650.62,96.94,Wholesale,Retail,8398.21,882.842,3531.368,-236.40999999999985,0.9491659176625913,1.9025397522999583,High,6,2,5,2
709,2024-05-30,P001,Wireless Mouse,Electronics,S03,Mumbai,71,2757.067536110885,17,195751.7950638729,1,1,Thursday,February,Q1,0,No_Holiday,0,Winter,Sunny,1,2836.546509091742,95.09196470855727,In-Store,Corporate,1304.362526868657,468.7014811388505,2288.366054972035,-79.47897298085672,0.9719803737657361,0.4730977786306202,Medium,1,3,2,3
710,2024-05-30,P003,Office Chair,Furniture,S03,Mumbai,42,990.35,0,41594.7,0,1,Thursday,May,Q2,0,No_Holiday,0,Spring,Clear,0,1058.87,98.76,Wholesale,Wholesale,137.23,0.0,990.35,-68.51999999999987,0.9352895067383155,0.13856717322158832,Low,3,3,5,3
711,2024-05-30,P002,Bluetooth Speaker,Electronics,S04,Delhi,41,2619.867072593406,7,107414.5499763296,1,1,Thursday,April,Q2,0,No_Holiday,0,Spring,Clear,0,2593.139458716495,109.6891632110714,Online,Corporate,8671.792262508037,183.39069508153844,2436.4763775118677,26.727613876911164,1.0103070483876484,3.310012310633696,Medium,2,4,4,3
712,2024-05-30,P006,Running Shoes,Apparel,S04,Delhi,35,4465.946014513105,0,156308.1105079587,1,1,Thursday,April,Q2,0,No_Holiday,0,Spring,Sunny,1,4678.986700964573,100.4358580515668,In-Store,Corporate,6475.464549083734,0.0,4465.946014513105,-213.040686451468,0.9544686274898901,1.4499648065695918,High,6,4,4,3
713,2024-05-30,P003,Office Chair,Furniture,S04,Delhi,66,4772.887438728133,24,315010.5709560568,1,1,Thursday,September,Q3,0,No_Holiday,0,Autumn,Sunny,1,4363.554392048237,98.86243957280857,Online,Retail,9873.783529189837,1145.492985294752,3627.394453433381,409.33304667989614,1.0938072520479702,2.068723316010356,High,3,4,9,3
714,2024-05-30,P005,LED Desk Lamp,Home,S01,Chennai,26,3258.423614637782,0,84719.01398058233,0,0,Thursday,June,Q2,0,No_Holiday,0,Summer,Rainy,0,3563.671957497043,102.180776643146,In-Store,Wholesale,684.6751488995405,0.0,3258.423614637782,-305.2483428592609,0.9143444327929519,0.210124658385049,Medium,5,1,6,3
715,2024-05-30,P004,Notebook Pack,Stationery,S02,Bengaluru,41,3466.058845411948,5,142108.4126618899,1,1,Thursday,August,Q3,0,No_Holiday,0,Summer,Stormy,0,3437.189587642531,99.86420229825383,Wholesale,Retail,7869.153882654949,173.3029422705974,3292.7559031413507,28.86925776941689,1.0083990879854892,2.270346302132584,High,4,2,8,3
716,2024-05-31,P005,LED Desk Lamp,Home,S01,Chennai,39,2612.35,0,101881.65,0,1,Friday,May,Q2,0,No_Holiday,0,Spring,Clear,1,2527.51,108.86,Online,Retail,40.61,0.0,2612.35,84.83999999999969,1.0335666327729662,0.015545390165942542,Medium,5,1,5,4
717,2024-05-31,P003,Office Chair,Furniture,S04,Delhi,48,741.2200642919341,0,35578.56308601284,0,1,Friday,May,Q2,0,No_Holiday,1,Spring,Sunny,0,685.4851236098447,104.1459407352423,Wholesale,Corporate,282.3934809511176,0.0,741.2200642919341,55.73494068208947,1.0813072942977708,0.3809846691358522,Low,3,4,5,4
718,2024-05-31,P003,Office Chair,Furniture,S01,Chennai,12,2831.494016515897,0,33977.92819819076,0,0,Friday,October,Q4,0,No_Holiday,0,Autumn,Clear,0,2933.341210514586,101.7428406897018,Wholesale,Retail,452.3080719093759,0.0,2831.494016515897,-101.84719399868891,0.9652794589209,0.15974184274135705,Medium,3,1,10,4
719,2024-06-01,P006,Running Shoes,Apparel,S02,Bengaluru,100,561.0529913859524,18,56105.29913859524,1,1,Saturday,April,Q2,0,No_Holiday,0,Spring,Clear,1,525.0973965618012,106.9535435467516,In-Store,Wholesale,9138.35819350165,100.98953844947144,460.063452936481,35.95559482415115,1.0684741441484549,16.287870011934945,Low,6,2,4,5
720,2024-06-01,P007,Yoga Mat,Sports,S02,Bengaluru,70,1128.728358706079,10,79010.98510942554,1,1,Saturday,March,Q1,0,No_Holiday,0,Spring,Clear,0,1145.433597126502,103.3187720242979,Wholesale,Retail,7558.422179755675,112.8728358706079,1015.8555228354711,-16.70523842042303,0.9854157949772638,6.696404960020933,Low,7,2,3,5
721,2024-06-01,P005,LED Desk Lamp,Home,S02,Bengaluru,0,3881.4,5,0.0,1,0,Saturday,June,Q2,0,No_Holiday,1,Summer,Sunny,0,4183.37,103.18,Wholesale,Corporate,5087.98,194.07,3687.33,-301.9699999999998,0.9278165689384397,1.3108620600814138,High,5,2,6,5
722,2024-06-01,P003,Office Chair,Furniture,S01,Chennai,62,362.1896173895667,0,22455.75627815313,0,1,Saturday,February,Q1,0,No_Holiday,0,Winter,Stormy,1,401.2631073913662,103.5506762204278,Online,Wholesale,263.0023708402371,0.0,362.1896173895667,-39.073490001799485,0.9026237665958916,0.7261455276818579,Low,3,1,2,5
723,2024-06-01,P006,Running Shoes,Apparel,S03,Mumbai,4,4876.242993292512,3,19504.97197317005,0,0,Saturday,June,Q2,0,No_Holiday,0,Summer,Clear,0,4699.380735604731,101.8307021289335,In-Store,Corporate,498.4384108062864,146.2872897987754,4729.955703493737,176.8622576877815,1.037635226349674,0.10221771382023219,High,6,3,6,5
724,2024-06-01,P006,Running Shoes,Apparel,S01,Chennai,67,3845.730276874492,6,257663.928550591,1,1,Saturday,December,Q4,0,No_Holiday,1,Winter,Clear,1,4200.947955228816,105.9860110167739,Wholesale,Wholesale,9431.764277323105,230.74381661246952,3614.986460262023,-355.21767835432365,0.9154434470171922,2.45252880422714,High,6,1,12,5
725,2024-06-01,P004,Notebook Pack,Stationery,S04,Delhi,35,3266.88897046675,0,114341.1139663362,0,1,Saturday,September,Q3,0,No_Holiday,0,Autumn,Cloudy,0,3190.431547693193,107.8316660499505,In-Store,Corporate,201.3946562928763,0.0,3266.88897046675,76.45742277355703,1.0239646021645061,0.06164723016714659,Medium,4,4,9,5
726,2024-06-02,P007,Yoga Mat,Sports,S03,Mumbai,76,2377.01,15,153554.85,1,1,Sunday,June,Q2,0,No_Holiday,1,Summer,Rainy,0,2336.9,101.97,In-Store,Wholesale,1864.85,356.55150000000003,2020.4585000000002,40.11000000000013,1.0171637639608029,0.784536034766366,Medium,7,3,6,6
727,2024-06-03,P001,Wireless Mouse,Electronics,S01,Chennai,1,1112.719828927141,22,1112.719828927141,1,0,Monday,July,Q3,0,No_Holiday,1,Summer,Clear,0,1104.355723510376,108.2086301742866,In-Store,Corporate,9410.588803482167,244.79836236397102,867.9214665631699,8.364105416764914,1.0075737420821058,8.45728507647396,Low,1,1,7,0
728,2024-06-03,P002,Bluetooth Speaker,Electronics,S03,Mumbai,45,4473.050353956933,24,201287.265928062,1,1,Monday,May,Q2,0,No_Holiday,1,Spring,Rainy,0,4487.695593333782,96.94084539556005,Online,Retail,3217.625745280271,1073.5320849496638,3399.518269007269,-14.645239376849531,0.9967365791479698,0.7193359096514322,High,2,3,5,0
729,2024-06-03,P006,Running Shoes,Apparel,S03,Mumbai,2,4881.8,0,9763.6,0,0,Monday,June,Q2,0,No_Holiday,0,Summer,Clear,0,4705.19,102.0,In-Store,Corporate,123.96,0.0,4881.8,176.61000000000058,1.0375351473585552,0.025392273341800154,High,6,3,6,0
730,2024-06-03,P007,Yoga Mat,Sports,S01,Chennai,34,2375.110417614519,0,80753.75419889364,0,1,Monday,March,Q1,0,No_Holiday,0,Spring,Sunny,0,2560.798732900087,107.4731403514768,Online,Wholesale,375.9616384896286,0.0,2375.110417614519,-185.68831528556802,0.9274881259116848,0.1582922779932193,Medium,7,1,3,0
731,2024-06-04,P004,Notebook Pack,Stationery,S04,Delhi,49,4551.812349537005,15,223038.8051273132,1,1,Tuesday,November,Q4,0,No_Holiday,1,Autumn,Clear,0,4861.909662868223,108.048112416546,Wholesale,Retail,2924.709851831969,682.7718524305507,3869.040497106454,-310.0973133312182,0.9362190302095658,0.6425374394288158,High,4,4,11,1
732,2024-06-04,P002,Bluetooth Speaker,Electronics,S01,Chennai,0,1593.02,5,0.0,1,0,Tuesday,June,Q2,0,No_Holiday,0,Summer,Stormy,0,1740.43,108.53,In-Store,Wholesale,7350.72,79.65100000000001,1513.369,-147.41000000000008,0.9153025401768528,4.614330014689082,Low,2,1,6,1
733,2024-06-05,P004,Notebook Pack,Stationery,S02,Bengaluru,69,2591.67,10,160942.71,1,1,Wednesday,June,Q2,0,No_Holiday,0,Summer,Stormy,0,2590.31,96.35,In-Store,Wholesale,4843.69,259.16700000000003,2332.503,1.3600000000001273,1.0005250336832272,1.8689455061794131,Medium,4,2,6,2
734,2024-06-05,P003,Office Chair,Furniture,S01,Chennai,61,4507.526983803868,15,274959.146012036,1,1,Wednesday,January,Q1,0,No_Holiday,1,Winter,Clear,0,4381.04414368125,95.61368906962318,Wholesale,Corporate,2881.498751511928,676.1290475705802,3831.3979362332875,126.48284012261774,1.0288704783550384,0.6392637829713563,High,3,1,1,2
735,2024-06-05,P007,Yoga Mat,Sports,S03,Mumbai,1,2358.654273654865,0,2358.654273654865,1,0,Wednesday,April,Q2,0,No_Holiday,1,Spring,Rainy,0,2168.891970647606,99.52718497321217,Wholesale,Wholesale,8272.032822940535,0.0,2358.654273654865,189.7623030072591,1.087492740798242,3.507098482102917,Medium,7,3,4,2
736,2024-06-05,P006,Running Shoes,Apparel,S01,Chennai,76,3425.484350339032,19,260336.8106257664,1,1,Wednesday,May,Q2,0,No_Holiday,1,Spring,Sunny,0,3154.642534605529,96.40860223634942,In-Store,Corporate,2461.139133990439,650.8420265644161,2774.6423237746158,270.84181573350315,1.0858549939533388,0.718479164485703,High,6,1,5,2
737,2024-06-06,P004,Notebook Pack,Stationery,S02,Bengaluru,36,3000.05,0,108001.8,0,1,Thursday,June,Q2,0,No_Holiday,0,Summer,Stormy,1,3229.46,104.81,In-Store,Corporate,268.35,0.0,3000.05,-229.40999999999985,0.928963356102878,0.08944850919151348,Medium,4,2,6,3
738,2024-06-06,P002,Bluetooth Speaker,Electronics,S01,Chennai,58,3763.451449462418,0,218280.1840688202,0,1,Thursday,January,Q1,0,No_Holiday,0,Winter,Sunny,1,3458.142693830851,101.54592770384,Online,Retail,467.6214408546176,0.0,3763.451449462418,305.30875563156724,1.0882869166087976,0.1242533475279491,High,2,1,1,3
739,2024-06-06,P007,Yoga Mat,Sports,S04,Delhi,38,4512.936973216888,11,171491.6049822418,1,1,Thursday,February,Q1,0,No_Holiday,0,Winter,Stormy,0,4728.162614447022,107.2916610508574,In-Store,Wholesale,5485.62309569444,496.42306705385766,4016.5139061630302,-215.225641230134,0.9544800678867291,1.2155328399776448,High,7,4,2,3
740,2024-06-07,P002,Bluetooth Speaker,Electronics,S04,Delhi,32,842.89,0,26972.48,0,1,Friday,June,Q2,0,No_Holiday,0,Summer,Cloudy,0,826.13,103.55,Online,Corporate,276.61,0.0,842.89,16.75999999999999,1.020287363974193,0.32816856292042856,Low,2,4,6,4
741,2024-06-07,P005,LED Desk Lamp,Home,S04,Delhi,43,2841.268545752646,4,122174.5474673638,0,1,Friday,December,Q4,0,No_Holiday,1,Winter,Rainy,1,2666.109207162491,106.2449673343815,Wholesale,Retail,283.0572559141409,113.65074183010583,2727.61780392254,175.15933859015468,1.0656984860633578,0.09962354890292838,Medium,5,4,12,4
742,2024-06-08,P002,Bluetooth Speaker,Electronics,S01,Chennai,16,2837.884897865539,11,45406.15836584862,1,0,Saturday,January,Q1,0,No_Holiday,0,Winter,Clear,0,2745.366933678359,107.2749147318474,Online,Wholesale,9400.790020732042,312.1673387652093,2525.7175591003297,92.51796418718004,1.0336996716366873,3.3126044075299412,Medium,2,1,1,5
743,2024-06-08,P008,Coffee Maker,Appliances,S03,Mumbai,71,3399.289627104353,15,241349.5635244091,1,1,Saturday,March,Q1,0,No_Holiday,0,Spring,Cloudy,1,3161.746992356474,102.1141249080769,In-Store,Wholesale,2886.810588476604,509.89344406565294,2889.3961830386997,237.54263474787876,1.0751301844588255,0.8492393720907218,High,8,3,3,5
744,2024-06-08,P005,LED Desk Lamp,Home,S01,Chennai,14,4699.786250344607,4,65797.00750482449,0,1,Saturday,January,Q1,0,No_Holiday,1,Winter,Sunny,1,4380.651796842041,98.84685829397232,Online,Wholesale,56.65096188581163,187.99145001378426,4511.794800330823,319.1344535025655,1.0728509062812583,0.012053944343034273,High,5,1,1,5
745,2024-06-08,P003,Office Chair,Furniture,S01,Chennai,28,2112.345681268263,0,59145.67907551138,0,1,Saturday,August,Q3,0,No_Holiday,0,Summer,Sunny,0,1898.053312556333,102.6419479333927,Online,Wholesale,0.0,0.0,2112.345681268263,214.29236871193007,1.1129011325942775,0.0,Medium,3,1,8,5
746,2024-06-08,P002,Bluetooth Speaker,Electronics,S04,Delhi,5,2620.43,20,10481.72,1,0,Saturday,June,Q2,0,No_Holiday,1,Summer,Cloudy,1,2714.97,96.78,Online,Corporate,4045.38,524.086,2096.344,-94.53999999999996,0.9651782524300453,1.5437847986780797,Medium,2,4,6,5
747,2024-06-08,P005,LED Desk Lamp,Home,S02,Bengaluru,1,3886.469546965862,3,3886.469546965862,1,0,Saturday,June,Q2,0,No_Holiday,1,Summer,Sunny,0,4175.511800854941,102.9664288060336,Wholesale,Corporate,4709.335814192428,116.59408640897585,3769.875460556886,-289.0422538890789,0.9307768082873344,1.2117259011765504,High,5,2,6,5
748,2024-06-08,P003,Office Chair,Furniture,S03,Mumbai,43,4995.614846696906,10,214811.438407967,1,1,Saturday,May,Q2,0,No_Holiday,1,Spring,Rainy,0,4553.22197645931,94.91544619971305,Wholesale,Corporate,6869.458404828566,499.5614846696906,4496.053362027215,442.39287023759607,1.0971604003768802,1.3750976837957478,High,3,3,5,5
749,2024-06-08,P006,Running Shoes,Apparel,S03,Mumbai,43,998.8392129566088,0,42950.08615713417,0,1,Saturday,October,Q4,0,No_Holiday,0,Autumn,Sunny,0,943.8836165907588,105.1543171443093,In-Store,Corporate,37.01494896455654,0.0,998.8392129566088,54.95559636584994,1.0582228522668353,0.037057965370613184,Low,6,3,10,5
750,2024-06-08,P003,Office Chair,Furniture,S04,Delhi,41,2304.167415031631,0,94470.86401629688,0,1,Saturday,January,Q1,0,No_Holiday,0,Winter,Sunny,1,2303.625608723228,105.1260215150514,Wholesale,Retail,776.2337751760994,0.0,2304.167415031631,0.5418063084030109,1.0002351972066776,0.3368825416556997,Medium,3,4,1,5
751,2024-06-08,P007,Yoga Mat,Sports,S03,Mumbai,79,2383.680722084025,11,188310.7770446379,1,1,Saturday,June,Q2,0,No_Holiday,1,Summer,Rainy,0,2338.221243588516,102.4010228216865,In-Store,Wholesale,1830.374730593104,262.20487942924274,2121.4758426547824,45.4594784955093,1.0194419063722737,0.7678774735371556,Medium,7,3,6,5
752,2024-06-09,P002,Bluetooth Speaker,Electronics,S04,Delhi,29,847.0501848139313,1,24564.45535960401,0,1,Sunday,June,Q2,0,No_Holiday,0,Summer,Cloudy,0,818.3317273201474,103.3184583904838,Online,Corporate,0.0,8.470501848139314,838.579682965792,28.718457493783944,1.035093906951195,0.0,Low,2,4,6,6
753,2024-06-09,P004,Notebook Pack,Stationery,S03,Mumbai,1,1715.221367476968,4,1715.221367476968,0,0,Sunday,February,Q1,0,No_Holiday,1,Winter,Stormy,0,1852.169317251437,106.6207813880434,In-Store,Wholesale,398.2664647786655,68.60885469907872,1646.6125127778894,-136.94794977446895,0.9260607826191098,0.2321953727550059,Medium,4,3,2,6
754,2024-06-09,P006,Running Shoes,Apparel,S03,Mumbai,0,3823.83,0,0.0,1,0,Sunday,June,Q2,0,No_Holiday,1,Summer,Sunny,0,3471.21,105.7,In-Store,Wholesale,4841.39,0.0,3823.83,352.6199999999999,1.1015841738183514,1.2661101565707682,High,6,3,6,6
755,2024-06-09,P005,LED Desk Lamp,Home,S04,Delhi,30,1583.512993051098,2,47505.38979153295,0,1,Sunday,April,Q2,0,No_Holiday,0,Spring,Rainy,0,1630.021782918961,98.74439870424128,In-Store,Corporate,335.0945687249001,31.67025986102196,1551.842733190076,-46.508789867863015,0.9714673813839607,0.21161466321740943,Low,5,4,4,6
756,2024-06-09,P004,Notebook Pack,Stationery,S04,Delhi,76,1336.541529631131,22,101577.1562519659,1,1,Sunday,December,Q4,0,No_Holiday,0,Winter,Sunny,0,1302.750602391975,109.8147128440748,Wholesale,Corporate,9920.852246737986,294.0391365188488,1042.502393112282,33.79092723915596,1.025938139792154,7.422778886246819,Low,4,4,12,6
757,2024-06-10,P003,Office Chair,Furniture,S03,Mumbai,10,4670.57,0,46705.7,0,1,Monday,June,Q2,0,No_Holiday,0,Summer,Clear,0,4758.12,102.61,Wholesale,Wholesale,244.92,0.0,4670.57,-87.55000000000018,0.9815998755811118,0.05243899566862289,High,3,3,6,0
758,2024-06-11,P006,Running Shoes,Apparel,S03,Mumbai,1,3825.11565513193,0,3825.11565513193,1,0,Tuesday,June,Q2,0,No_Holiday,1,Summer,Sunny,0,3464.810206940604,105.8024151439528,In-Store,Wholesale,4624.7015061172,0.0,3825.11565513193,360.3054481913259,1.1039899523124161,1.2090357320078708,High,6,3,6,1
759,2024-06-11,P005,LED Desk Lamp,Home,S04,Delhi,30,4115.59,0,123467.7,0,1,Tuesday,June,Q2,0,No_Holiday,0,Summer,Stormy,1,3957.29,108.48,Wholesale,Wholesale,13.32,0.0,4115.59,158.30000000000018,1.040002122664753,0.003236473992793257,High,5,4,6,1
760,2024-06-12,P008,Coffee Maker,Appliances,S03,Mumbai,0,4841.94,20,0.0,1,0,Wednesday,June,Q2,0,No_Holiday,0,Summer,Clear,0,5056.34,103.75,Online,Wholesale,6475.74,968.3879999999999,3873.5519999999997,-214.40000000000055,0.9575977881234251,1.3374267339124402,High,8,3,6,2
761,2024-06-12,P001,Wireless Mouse,Electronics,S02,Bengaluru,2,3101.223609500244,19,6202.447219000488,1,0,Wednesday,October,Q4,0,No_Holiday,0,Autumn,Rainy,1,2852.339880359618,102.8014360774704,In-Store,Wholesale,1136.091853149564,589.2324858050464,2511.9911236951975,248.8837291406262,1.0872559861657327,0.36633664520974124,Medium,1,2,10,2
762,2024-06-12,P003,Office Chair,Furniture,S01,Chennai,12,2818.684644926168,0,33824.21573911402,0,0,Wednesday,October,Q4,0,No_Holiday,0,Autumn,Clear,0,2932.966844000535,101.0974059591946,Wholesale,Retail,134.0240896576017,0.0,2818.684644926168,-114.28219907436687,0.9610352911734634,0.04754845133131674,Medium,3,1,10,2
763,2024-06-12,P007,Yoga Mat,Sports,S03,Mumbai,65,4318.225469926758,9,280684.6555452393,1,1,Wednesday,October,Q4,0,No_Holiday,1,Autumn,Sunny,1,4391.489473391219,106.7338556048766,Online,Corporate,1793.645866946408,388.6402922934082,3929.5851776333498,-73.26400346446098,0.9833168213408275,0.4153664229526279,High,7,3,10,2
764,2024-06-13,P007,Yoga Mat,Sports,S02,Bengaluru,8,4143.97,0,33151.76,0,0,Thursday,June,Q2,0,No_Holiday,0,Summer,Sunny,0,3745.27,99.71,Online,Corporate,345.25,0.0,4143.97,398.7000000000003,1.1064542743246817,0.08331382707886398,High,7,2,6,3
765,2024-06-13,P004,Notebook Pack,Stationery,S01,Chennai,1,2534.666225384085,0,2534.666225384085,0,0,Thursday,March,Q1,0,No_Holiday,0,Spring,Stormy,0,2547.740082010427,105.8301335876838,In-Store,Retail,354.7477805314134,0.0,2534.666225384085,-13.073856626342149,0.9948684496041584,0.1399583807046064,Medium,4,1,3,3
766,2024-06-14,P006,Running Shoes,Apparel,S04,Delhi,27,4947.560733367647,6,133584.1398009265,1,1,Friday,November,Q4,0,No_Holiday,0,Autumn,Cloudy,0,5215.496265990432,102.3160040873225,Wholesale,Retail,3788.103455053423,296.85364400205884,4650.707089365588,-267.9355326227851,0.948627030112176,0.7656507234980382,High,6,4,11,4
767,2024-06-14,P007,Yoga Mat,Sports,S04,Delhi,59,4389.53,15,220134.93,1,1,Friday,June,Q2,0,No_Holiday,0,Summer,Rainy,1,4132.6,99.88,Wholesale,Corporate,5492.03,658.4295,3731.1004999999996,256.9299999999994,1.0621715143009243,1.2511658423566987,High,7,4,6,4
768,2024-06-15,P001,Wireless Mouse,Electronics,S02,Bengaluru,52,4700.442155442805,14,244422.9920830259,1,1,Saturday,July,Q3,0,No_Holiday,1,Summer,Stormy,0,4889.508240064943,105.5024848639226,In-Store,Retail,6237.638166414315,658.0619017619928,4042.3802536808125,-189.06608462213717,0.9613322904187138,1.3270322152973495,High,1,2,7,5
769,2024-06-15,P006,Running Shoes,Apparel,S03,Mumbai,54,4726.678809343712,16,255240.6557045604,1,1,Saturday,August,Q3,0,No_Holiday,0,Summer,Clear,1,4451.611269192084,96.45268566822607,In-Store,Retail,9172.60508349592,756.2686094949938,3970.4101998487176,275.0675401516273,1.061790557063072,1.9406025781492682,High,6,3,8,5
770,2024-06-15,P006,Running Shoes,Apparel,S01,Chennai,76,3120.276294710942,13,237140.9983980316,1,1,Saturday,January,Q1,0,No_Holiday,1,Winter,Stormy,1,3212.34839053076,99.47918611182293,Wholesale,Retail,9584.634516535822,405.63591831242246,2714.6403763985195,-92.07209581981806,0.9713380727659475,3.0717262227009705,Medium,6,1,1,5
771,2024-06-15,P006,Running Shoes,Apparel,S02,Bengaluru,73,2406.38,10,158099.17,1,1,Saturday,June,Q2,0,No_Holiday,1,Summer,Clear,0,2491.02,108.01,Wholesale,Wholesale,8134.7,240.63800000000003,2165.742,-84.63999999999987,0.966021950847444,3.380471912166823,Medium,6,2,6,5
772,2024-06-16,P006,Running Shoes,Apparel,S04,Delhi,4,1939.373388555541,3,7757.493554222166,1,0,Sunday,January,Q1,0,No_Holiday,0,Winter,Cloudy,0,2081.397768005825,101.8328625819091,In-Store,Wholesale,2986.058272897543,58.181201656666225,1881.1921868988748,-142.0243794502842,0.9317649025893033,1.5397026124616364,Medium,6,4,1,6
773,2024-06-16,P006,Running Shoes,Apparel,S02,Bengaluru,30,3219.552251298893,0,96586.5675389668,0,1,Sunday,February,Q1,0,No_Holiday,1,Winter,Stormy,0,3022.722938416363,108.7053374476557,Wholesale,Retail,676.9689194666715,0.0,3219.552251298893,196.8293128825303,1.0651165577833777,0.21026803313832096,Medium,6,2,2,6
774,2024-06-16,P005,LED Desk Lamp,Home,S04,Delhi,15,1122.87,0,16843.05,0,0,Sunday,June,Q2,0,No_Holiday,1,Summer,Cloudy,0,1222.02,109.73,In-Store,Wholesale,103.64,0.0,1122.87,-99.15000000000009,0.9188638483821868,0.0922991975918851,Low,5,4,6,6
775,2024-06-16,P008,Coffee Maker,Appliances,S02,Bengaluru,55,4372.322057827104,14,240477.7131804907,1,1,Sunday,February,Q1,0,No_Holiday,0,Winter,Stormy,1,4431.570798230315,107.8371568420648,Online,Retail,1633.428359786543,612.1250880957946,3760.1969697313093,-59.24874040321083,0.9866303071527435,0.37358372466238265,High,8,2,2,6
776,2024-06-17,P008,Coffee Maker,Appliances,S03,Mumbai,68,239.6386552927437,1,16295.42855990657,1,1,Monday,February,Q1,0,No_Holiday,1,Winter,Clear,0,266.7700871719915,103.1774031920574,Online,Corporate,8911.186359050724,2.396386552927437,237.24226873981627,-27.131431879247828,0.8982965737768204,37.18593040911858,Low,8,3,2,0
777,2024-06-17,P004,Notebook Pack,Stationery,S03,Mumbai,1,1729.182195927222,0,1729.182195927222,0,0,Monday,February,Q1,0,No_Holiday,1,Winter,Stormy,0,1845.719512842993,106.8394758989847,In-Store,Wholesale,782.6193859612556,0.0,1729.182195927222,-116.53731691577104,0.9368607656229052,0.4525950983098108,Medium,4,3,2,0
778,2024-06-17,P008,Coffee Maker,Appliances,S03,Mumbai,53,2503.06,10,119395.96,1,1,Monday,June,Q2,0,No_Holiday,0,Summer,Cloudy,0,2539.84,103.15,In-Store,Corporate,9568.78,250.30599999999998,2252.754,-36.7800000000002,0.9855187728360841,3.8228328525884323,Medium,8,3,6,0
779,2024-06-17,P006,Running Shoes,Apparel,S03,Mumbai,60,1180.419807861646,16,70825.18847169876,1,1,Monday,January,Q1,0,No_Holiday,0,Winter,Rainy,0,1155.692649858237,105.0948145716021,In-Store,Corporate,3428.696714717852,188.86716925786334,991.5526386037826,24.72715800340893,1.021395963716168,2.9046417993688234,Low,6,3,1,0
780,2024-06-17,P003,Office Chair,Furniture,S03,Mumbai,52,2871.566813618184,6,149321.4743081456,1,1,Monday,December,Q4,0,No_Holiday,0,Winter,Cloudy,0,2816.083536546255,104.0853693030648,In-Store,Corporate,876.2133362603859,172.29400881709103,2699.272804801093,55.483277071929024,1.0197022838107905,0.3051342326791812,Medium,3,3,12,0
781,2024-06-18,P003,Office Chair,Furniture,S03,Mumbai,77,401.92,15,26305.66,1,1,Tuesday,June,Q2,0,No_Holiday,0,Summer,Cloudy,0,414.46,106.21,Online,Retail,8365.54,60.288000000000004,341.632,-12.539999999999964,0.9697437629686823,20.81394307324841,Low,3,3,6,1
782,2024-06-18,P002,Bluetooth Speaker,Electronics,S01,Chennai,14,2841.613754982021,16,39782.5925697483,1,0,Tuesday,January,Q1,0,No_Holiday,0,Winter,Clear,0,2747.409137260579,107.6930608243415,Online,Wholesale,9387.366662197011,454.65820079712336,2386.9555541848977,94.20461772144199,1.03428852894308,3.303533650813288,Medium,2,1,1,1
783,2024-06-19,P002,Bluetooth Speaker,Electronics,S01,Chennai,75,713.9755389331115,4,53548.16541998336,0,1,Wednesday,April,Q2,0,No_Holiday,1,Spring,Clear,1,723.5312944413163,103.1514399519578,In-Store,Wholesale,497.3985678792951,28.55902155732446,685.416517375787,-9.555755508204811,0.9867928926065549,0.6966605167209989,Low,2,1,4,2
784,2024-06-19,P007,Yoga Mat,Sports,S01,Chennai,82,597.6103862131505,0,49004.05166947834,1,1,Wednesday,February,Q1,0,No_Holiday,1,Winter,Stormy,0,539.5174742478612,100.6153165923564,Online,Corporate,3614.347190094297,0.0,597.6103862131505,58.09291196528932,1.1076756819531681,6.047999287624768,Low,7,1,2,2
785,2024-06-19,P004,Notebook Pack,Stationery,S02,Bengaluru,1,4906.698631037696,0,4906.698631037696,0,1,Wednesday,February,Q1,0,No_Holiday,0,Winter,Clear,0,5176.343114153976,101.2958862998461,Online,Corporate,767.1590679390038,0.0,4906.698631037696,-269.64448311627984,0.9479083056957768,0.15634933498590695,High,4,2,2,2
786,2024-06-19,P005,LED Desk Lamp,Home,S03,Mumbai,0,858.91,10,0.0,1,0,Wednesday,June,Q2,0,No_Holiday,0,Summer,Rainy,0,781.74,108.58,Online,Wholesale,2711.95,85.891,773.019,77.16999999999996,1.0987156855220406,3.1574320941658613,Low,5,3,6,2
787,2024-06-19,P003,Office Chair,Furniture,S03,Mumbai,51,2876.746248399532,5,146714.0586683761,1,1,Wednesday,December,Q4,0,No_Holiday,0,Winter,Cloudy,0,2811.215911092895,104.1175870564091,In-Store,Corporate,285.5962555956361,143.8373124199766,2732.9089359795553,65.53033730663674,1.0233103181609273,0.09927752778143939,Medium,3,3,12,2
788,2024-06-19,P008,Coffee Maker,Appliances,S02,Bengaluru,54,4359.223284534147,14,235398.0573648439,1,1,Wednesday,February,Q1,0,No_Holiday,0,Winter,Stormy,1,4435.913557155505,108.0563272394237,Online,Retail,2022.762496551426,610.2912598347806,3748.932024699366,-76.69027262135842,0.9827115042632761,0.46401901543512947,High,8,2,2,2
789,2024-06-19,P008,Coffee Maker,Appliances,S04,Delhi,31,4767.238027295832,18,147784.3788461708,1,1,Wednesday,April,Q2,0,No_Holiday,0,Spring,Sunny,0,4803.350150745847,109.3735726494634,In-Store,Retail,3883.259762734579,858.1028449132497,3909.135182382582,-36.11212345001513,0.9924818881995501,0.8145722408866837,High,8,4,4,2
790,2024-06-20,P003,Office Chair,Furniture,S01,Chennai,104,1524.969112016997,19,158596.7876497676,1,1,Thursday,March,Q1,0,No_Holiday,1,Spring,Cloudy,1,1459.027695550427,95.07864223690949,Wholesale,Corporate,8011.237706328614,289.7441312832294,1235.2249807337676,65.94141646656999,1.0451954521957811,5.253377031179712,Low,3,1,3,3
791,2024-06-20,P006,Running Shoes,Apparel,S04,Delhi,42,4515.41911644078,8,189647.6028905128,1,1,Thursday,January,Q1,0,No_Holiday,0,Winter,Stormy,0,4946.287218331835,109.1598852231475,In-Store,Corporate,2285.188458653846,361.23352931526244,4154.1855871255175,-430.8681018910547,0.9128906020066567,0.506085570292557,High,6,4,1,3
792,2024-06-20,P002,Bluetooth Speaker,Electronics,S04,Delhi,48,1785.41,5,81414.7,1,1,Thursday,June,Q2,0,No_Holiday,0,Summer,Rainy,0,1951.28,109.67,Online,Corporate,6702.48,89.27050000000001,1696.1395,-165.8699999999999,0.9149942601779345,3.754028486454091,Medium,2,4,6,3
793,2024-06-21,P006,Running Shoes,Apparel,S01,Chennai,70,1057.39920058649,6,74017.94404105427,1,1,Friday,July,Q3,0,No_Holiday,0,Summer,Clear,0,1106.946809268815,98.10745651215201,Online,Retail,9610.79469135975,63.4439520351894,993.9552485513007,-49.54760868232506,0.9552393951837186,9.089088289483376,Low,6,1,7,4
794,2024-06-21,P008,Coffee Maker,Appliances,S04,Delhi,61,3322.59,20,162142.39,1,1,Friday,June,Q2,0,No_Holiday,0,Summer,Cloudy,0,3419.54,108.62,Online,Wholesale,5954.27,664.518,2658.072,-96.94999999999982,0.9716482333881166,1.7920567990633813,Medium,8,4,6,4
795,2024-06-21,P003,Office Chair,Furniture,S02,Bengaluru,72,949.4346605484061,6,68359.29555948524,1,1,Friday,January,Q1,0,No_Holiday,0,Winter,Rainy,0,1022.353204764721,106.2843142005027,In-Store,Wholesale,4577.959222785177,56.96607963290437,892.4685809155018,-72.9185442163149,0.9286757806632043,4.821773854496619,Low,3,2,1,4
796,2024-06-21,P005,LED Desk Lamp,Home,S04,Delhi,48,4089.859713375592,10,196313.2662420284,1,1,Friday,December,Q4,0,No_Holiday,1,Winter,Sunny,0,3792.818498400075,104.9229405608708,Online,Corporate,7544.468168374716,408.9859713375592,3680.873742038033,297.04121497551705,1.078316749167095,1.844676516336508,High,5,4,12,4
797,2024-06-21,P005,LED Desk Lamp,Home,S01,Chennai,37,3282.311580682496,6,121445.5284852524,1,1,Friday,October,Q4,0,No_Holiday,0,Autumn,Cloudy,0,3196.8876532274,101.2081820967925,In-Store,Corporate,4840.641265272623,196.93869484094975,3085.372885841546,85.42392745509596,1.0267209663651635,1.4747659222120837,Medium,5,1,10,4
798,2024-06-21,P007,Yoga Mat,Sports,S04,Delhi,3,419.1812942052877,0,1257.543882615863,0,0,Friday,April,Q2,0,No_Holiday,0,Spring,Rainy,0,432.5852008623698,98.03542924283778,Wholesale,Retail,114.9331393399496,0.0,419.1812942052877,-13.403906657082075,0.9690144123507669,0.27418480005852275,Low,7,4,4,4
799,2024-06-22,P008,Coffee Maker,Appliances,S04,Delhi,1,3885.997506033756,16,3885.997506033756,1,0,Saturday,May,Q2,0,No_Holiday,0,Spring,Sunny,0,4269.282691238234,104.4142914618913,In-Store,Corporate,6635.684227821855,621.759600965401,3264.237905068355,-383.28518520447824,0.9102225800153532,1.707588390759048,High,8,4,5,5
800,2024-06-22,P001,Wireless Mouse,Electronics,S02,Bengaluru,86,2205.85,20,151762.48,1,1,Saturday,June,Q2,0,No_Holiday,1,Summer,Sunny,0,2332.89,97.79,Wholesale,Corporate,8829.06,441.17,1764.6799999999998,-127.03999999999996,0.9455439390627076,4.00256590429993,Medium,1,2,6,5
801,2024-06-22,P007,Yoga Mat,Sports,S04,Delhi,23,1325.417657692434,4,30484.60612692598,0,1,Saturday,July,Q3,0,No_Holiday,0,Summer,Clear,0,1260.962515366284,108.9524557407849,Wholesale,Corporate,29.72147558475058,53.01670630769736,1272.4009513847366,64.45514232615005,1.0511158274260255,0.022424233910159293,Low,7,4,7,5
802,2024-06-23,P003,Office Chair,Furniture,S04,Delhi,52,4287.164309185689,17,222932.5440776558,1,1,Sunday,November,Q4,0,No_Holiday,0,Autumn,Sunny,0,4136.396870333772,99.77159085771049,In-Store,Retail,4978.72112258083,728.817932561567,3558.3463766241216,150.76743885191627,1.0364489780787767,1.1613086794722118,High,3,4,11,6
803,2024-06-23,P001,Wireless Mouse,Electronics,S03,Mumbai,45,2926.22,0,131679.9,0,1,Sunday,June,Q2,0,No_Holiday,1,Summer,Stormy,1,2940.45,108.34,Online,Wholesale,234.01,0.0,2926.22,-14.230000000000018,0.9951606046693533,0.07997006376827444,Medium,1,3,6,6
804,2024-06-23,P002,Bluetooth Speaker,Electronics,S04,Delhi,81,1078.804224082083,17,87383.14215064874,1,1,Sunday,February,Q1,0,No_Holiday,0,Winter,Stormy,0,1000.663157595883,106.3738816071482,Online,Corporate,7920.362199377492,183.39671809395412,895.4075059881288,78.14106648619997,1.078089280986357,7.341797540806492,Low,2,4,2,6
805,2024-06-24,P006,Running Shoes,Apparel,S02,Bengaluru,46,3797.356669838271,16,174678.4068125605,1,1,Monday,September,Q3,0,No_Holiday,0,Autumn,Sunny,0,3668.963132279195,101.2622321975618,Wholesale,Retail,2927.585216022017,607.5770671741234,3189.7796026641477,128.39353755907587,1.0349945019696387,0.7709534475060786,High,6,2,9,0
806,2024-06-24,P006,Running Shoes,Apparel,S02,Bengaluru,45,3493.221643895256,0,157194.9739752865,1,1,Monday,April,Q2,0,No_Holiday,1,Spring,Sunny,0,3204.710577202266,96.79783025856881,Wholesale,Corporate,8418.315048662542,0.0,3493.221643895256,288.51106669298997,1.0900271833423605,2.409900059841426,High,6,2,4,0
807,2024-06-24,P006,Running Shoes,Apparel,S01,Chennai,12,4769.310867349725,2,57231.73040819669,1,1,Monday,September,Q3,0,No_Holiday,0,Autumn,Sunny,0,4796.149455877101,98.20321177954301,In-Store,Retail,9665.90757075927,95.38621734699451,4673.924650002731,-26.838588527375578,0.994404138408471,2.026688517398018,High,6,1,9,0
808,2024-06-24,P004,Notebook Pack,Stationery,S01,Chennai,76,1787.28,15,115458.29,1,1,Monday,June,Q2,0,No_Holiday,0,Summer,Cloudy,0,1613.59,100.06,In-Store,Wholesale,6906.81,268.092,1519.188,173.69000000000005,1.1076419660508556,3.8644252719215793,Medium,4,1,6,0
809,2024-06-25,P004,Notebook Pack,Stationery,S03,Mumbai,16,4401.464196562414,0,70423.42714499863,1,1,Tuesday,August,Q3,0,No_Holiday,0,Summer,Cloudy,0,4340.379566766158,109.5999910771515,Online,Retail,8347.50584609767,0.0,4401.464196562414,61.084629796256195,1.014073568649151,1.8965293078192373,High,4,3,8,1
810,2024-06-25,P004,Notebook Pack,Stationery,S02,Bengaluru,1,3969.318290091258,0,3969.318290091258,0,0,Tuesday,April,Q2,0,No_Holiday,1,Spring,Rainy,1,3750.095082955563,107.7089482902207,In-Store,Retail,578.1176739135421,0.0,3969.318290091258,219.2232071356948,1.0584580396726684,0.14564659008493136,High,4,2,4,1
811,2024-06-25,P004,Notebook Pack,Stationery,S02,Bengaluru,68,3132.58,15,181063.12,1,1,Tuesday,June,Q2,0,No_Holiday,0,Summer,Stormy,1,3024.77,101.01,Online,Retail,9826.01,469.88699999999994,2662.693,107.80999999999995,1.035642379420584,3.13671478461843,Medium,4,2,6,1
812,2024-06-25,P008,Coffee Maker,Appliances,S03,Mumbai,49,4338.551084945809,16,212589.0031623446,1,1,Tuesday,April,Q2,0,No_Holiday,1,Spring,Rainy,0,3969.314598013342,101.3692035788993,In-Store,Corporate,5647.38661040682,694.1681735913294,3644.3829113544793,369.2364869324665,1.0930227317122383,1.3016757207267873,High,8,3,4,1
813,2024-06-26,P008,Coffee Maker,Appliances,S03,Mumbai,15,4691.96,0,70379.4,0,1,Wednesday,June,Q2,0,No_Holiday,0,Summer,Rainy,0,4930.08,109.31,In-Store,Wholesale,361.44,0.0,4691.96,-238.1199999999999,0.9517005809236362,0.07703390480737261,High,8,3,6,2
814,2024-06-26,P004,Notebook Pack,Stationery,S01,Chennai,74,3456.220981332448,13,255760.3526186012,1,1,Wednesday,November,Q4,0,No_Holiday,1,Autumn,Rainy,0,3328.713980940091,96.9714896115237,Wholesale,Wholesale,3536.97346501075,449.3087275732182,3006.9122537592298,127.50700039235699,1.0383051836602515,1.0233643867433413,High,4,1,11,2
815,2024-06-26,P008,Coffee Maker,Appliances,S02,Bengaluru,1,4755.977523316666,15,4755.977523316666,1,0,Wednesday,November,Q4,0,No_Holiday,0,Autumn,Sunny,0,5142.927021712669,104.7776036545538,In-Store,Corporate,2846.124792494172,713.3966284974999,4042.5808948191657,-386.94949839600304,0.9247608420725474,0.5984310856266151,High,8,2,11,2
816,2024-06-27,P001,Wireless Mouse,Electronics,S03,Mumbai,52,3337.68,15,147525.46,1,1,Thursday,June,Q2,0,No_Holiday,0,Summer,Sunny,0,3314.58,97.4,Wholesale,Wholesale,9269.51,500.652,2837.028,23.09999999999991,1.0069692087685318,2.7772314901368618,Medium,1,3,6,3
817,2024-06-27,P008,Coffee Maker,Appliances,S04,Delhi,91,1380.228976244768,12,125600.8368382739,1,1,Thursday,February,Q1,0,No_Holiday,1,Winter,Sunny,0,1292.900530685278,106.6056321030077,Wholesale,Wholesale,4874.623295572824,165.62747714937217,1214.6014990953959,87.32844555949009,1.0675445971958903,3.5317497165110696,Low,8,4,2,3
818,2024-06-27,P006,Running Shoes,Apparel,S04,Delhi,29,4944.102295716853,3,143378.9665757887,1,1,Thursday,November,Q4,0,No_Holiday,0,Autumn,Cloudy,0,5205.171509216231,102.4662015280236,Wholesale,Retail,3945.608067068274,148.3230688715056,4795.779226845348,-261.06921349937784,0.9498442629532704,0.7980433718951185,High,6,4,11,3
819,2024-06-27,P006,Running Shoes,Apparel,S04,Delhi,5,2154.060690353211,5,10770.30345176606,1,0,Thursday,May,Q2,0,No_Holiday,1,Spring,Rainy,0,2140.498462356503,97.56855863713669,In-Store,Corporate,8194.220686643876,107.70303451766057,2046.3576558355505,13.562227996708316,1.0063360138935944,3.8040806943560312,Medium,6,4,5,3
820,2024-06-28,P005,LED Desk Lamp,Home,S01,Chennai,22,3265.81,0,71847.82,0,0,Friday,June,Q2,0,No_Holiday,0,Summer,Rainy,0,3564.54,102.17,In-Store,Wholesale,494.42,0.0,3265.81,-298.73,0.9161939549002115,0.15139276320422806,Medium,5,1,6,4
821,2024-06-29,P008,Coffee Maker,Appliances,S01,Chennai,19,3169.729316190397,2,60224.85700761754,0,1,Saturday,March,Q1,0,No_Holiday,0,Spring,Sunny,0,3471.425287150379,106.7158473476432,Wholesale,Retail,403.7057552165866,63.39458632380794,3106.3347298665894,-301.6959709599819,0.913091613385222,0.12736284866803343,Medium,8,1,3,5
822,2024-06-29,P002,Bluetooth Speaker,Electronics,S04,Delhi,2,2611.914831581962,20,5223.829663163924,1,0,Saturday,June,Q2,0,No_Holiday,1,Summer,Cloudy,1,2709.02154625104,97.27311670152795,Online,Corporate,3659.650677925755,522.3829663163924,2089.5318652655696,-97.10671466907797,0.9641543217685138,1.4011370637645215,Medium,2,4,6,5
823,2024-06-29,P004,Notebook Pack,Stationery,S02,Bengaluru,1,323.4899497855382,1,323.4899497855382,1,0,Saturday,February,Q1,0,No_Holiday,0,Winter,Sunny,0,321.2505800953016,104.6367889924121,Online,Wholesale,7355.644562723988,3.2348994978553822,320.2550502876828,2.2393696902366287,1.0069707880047167,22.738402128413902,Low,4,2,2,5
824,2024-06-29,P008,Coffee Maker,Appliances,S04,Delhi,93,1364.799882822905,13,126926.3891025302,1,1,Saturday,February,Q1,0,No_Holiday,1,Winter,Sunny,0,1287.862728440197,107.2399171958295,Wholesale,Wholesale,5139.315617508677,177.42398476697764,1187.3758980559273,76.93715438270783,1.0597401824617525,3.765618448675929,Low,8,4,2,5
825,2024-06-29,P006,Running Shoes,Apparel,S03,Mumbai,90,941.280846963984,21,84715.27622675856,1,1,Saturday,January,Q1,0,No_Holiday,0,Winter,Sunny,0,928.1995539638691,100.6494341590318,In-Store,Wholesale,2958.690973697913,197.66897786243666,743.6118691015473,13.081293000114897,1.0140931903535735,3.143260572273304,Low,6,3,1,5
826,2024-06-29,P006,Running Shoes,Apparel,S04,Delhi,5,3569.32,5,16954.27,1,0,Saturday,June,Q2,0,No_Holiday,1,Summer,Rainy,0,3698.06,103.94,Online,Wholesale,4744.11,178.466,3390.8540000000003,-128.73999999999978,0.9651871521824957,1.3291355216119596,High,6,4,6,5
827,2024-06-29,P005,LED Desk Lamp,Home,S03,Mumbai,1,1007.783695345832,12,1007.783695345832,1,0,Saturday,May,Q2,0,No_Holiday,1,Spring,Cloudy,1,961.8408124877769,104.0761647075858,Wholesale,Retail,5736.858289798819,120.93404344149985,886.8496519043322,45.9428828580551,1.047765578525645,5.692549220922008,Low,5,3,5,5
828,2024-06-30,P003,Office Chair,Furniture,S01,Chennai,4,1566.494544548736,18,6265.978178194946,1,0,Sunday,February,Q1,0,No_Holiday,0,Winter,Cloudy,0,1664.433295231059,105.8194675823271,Wholesale,Corporate,2431.819273589564,281.9690180187725,1284.5255265299636,-97.93875068232296,0.9411578998311693,1.552395622475726,Low,3,1,2,6
829,2024-06-30,P006,Running Shoes,Apparel,S01,Chennai,0,4602.77,0,0.0,0,0,Sunday,June,Q2,0,No_Holiday,1,Summer,Clear,0,4669.7,97.25,In-Store,Wholesale,220.92,0.0,4602.77,-66.92999999999938,0.9856671734800952,0.047997184304234185,High,6,1,6,6
830,2024-06-30,P007,Yoga Mat,Sports,S02,Bengaluru,69,1126.931915533448,16,77758.30217180793,1,1,Sunday,March,Q1,0,No_Holiday,0,Spring,Clear,0,1137.822403566732,103.6147173283175,Wholesale,Retail,7302.521703171877,180.3091064853517,946.6228090480964,-10.890488033283873,0.9904286574080934,6.480002564942117,Low,7,2,3,6
831,2024-07-01,P004,Notebook Pack,Stationery,S04,Delhi,1,2191.758283980159,0,2191.758283980159,0,0,Monday,April,Q2,0,No_Holiday,0,Spring,Rainy,0,2240.764128585954,104.940892949904,In-Store,Retail,0.0,0.0,2191.758283980159,-49.00584460579512,0.9781298513392748,0.0,Medium,4,4,4,0
832,2024-07-01,P008,Coffee Maker,Appliances,S03,Mumbai,21,3914.179875427993,0,82197.77738398785,0,1,Monday,March,Q1,0,No_Holiday,0,Spring,Rainy,1,3719.313725452148,106.3064070031135,Wholesale,Wholesale,518.8806679241595,0.0,3914.179875427993,194.86614997584502,1.0523930392433232,0.13256433900279632,High,8,3,3,0
833,2024-07-01,P008,Coffee Maker,Appliances,S02,Bengaluru,77,650.0524909004176,18,50054.04179933216,1,1,Monday,April,Q2,0,No_Holiday,0,Spring,Sunny,0,620.8063548408536,104.2207976902152,In-Store,Corporate,2484.901950075815,117.00944836207518,533.0430425383424,29.246136059564037,1.0471099173381713,3.822617380688539,Low,8,2,4,0
834,2024-07-01,P005,LED Desk Lamp,Home,S01,Chennai,39,3970.964649998156,2,154867.6213499281,1,1,Monday,November,Q4,0,No_Holiday,1,Autumn,Clear,0,4179.523323729336,107.0650010443162,Online,Corporate,6842.172846746535,79.41929299996312,3891.545356998193,-208.55867373118008,0.9500998899690106,1.7230505556753601,High,5,1,11,0
835,2024-07-01,P008,Coffee Maker,Appliances,S03,Mumbai,39,4526.26169208753,8,176524.2059914137,1,1,Monday,March,Q1,0,No_Holiday,1,Spring,Cloudy,0,4778.268585809586,101.8275546666212,Wholesale,Corporate,6553.404485406806,362.10093536700236,4164.160756720527,-252.0068937220558,0.9472597889389347,1.4478624814961483,High,8,3,3,0
836,2024-07-01,P002,Bluetooth Speaker,Electronics,S04,Delhi,18,2578.648486282013,0,46415.67275307624,0,1,Monday,June,Q2,0,No_Holiday,0,Summer,Rainy,0,2496.855441943326,98.81856122224941,Online,Retail,494.7503022996688,0.0,2578.648486282013,81.7930443386872,1.0327584220394541,0.19186418968372745,Medium,2,4,6,0
837,2024-07-01,P004,Notebook Pack,Stationery,S02,Bengaluru,38,2245.045497447278,0,85311.72890299658,0,1,Monday,March,Q1,0,No_Holiday,0,Spring,Clear,0,2113.768144648096,97.0287698356154,Wholesale,Wholesale,730.5182484805289,0.0,2245.045497447278,131.27735279918215,1.0621058431273869,0.3253912890902043,Medium,4,2,3,0
838,2024-07-01,P004,Notebook Pack,Stationery,S04,Delhi,65,636.52,10,37236.42,1,1,Monday,July,Q3,0,No_Holiday,0,Summer,Sunny,0,589.67,101.23,Wholesale,Retail,5808.57,63.652,572.8679999999999,46.85000000000002,1.079451218478132,9.125510588826746,Low,4,4,7,0
839,2024-07-02,P002,Bluetooth Speaker,Electronics,S01,Chennai,62,4194.383174848845,16,260051.7568406284,1,1,Tuesday,August,Q3,0,No_Holiday,1,Summer,Cloudy,0,4056.06673143276,106.9156197889638,Wholesale,Corporate,3824.921820098419,671.1013079758152,3523.2818668730297,138.31644341608444,1.034101126183204,0.9119152115224333,High,2,1,8,1
840,2024-07-02,P008,Coffee Maker,Appliances,S03,Mumbai,3,4840.172531744123,16,14520.51759523237,1,0,Tuesday,June,Q2,0,No_Holiday,0,Summer,Clear,0,5048.933848145267,104.219212509254,Online,Wholesale,6411.049774834558,774.4276050790597,4065.7449266650638,-208.76131640114363,0.9586523961929443,1.324549844615638,High,8,3,6,1
841,2024-07-02,P005,LED Desk Lamp,Home,S01,Chennai,90,2100.55,20,151239.6,1,1,Tuesday,July,Q3,0,No_Holiday,0,Summer,Rainy,1,1921.18,101.36,Wholesale,Retail,5641.05,420.11,1680.44,179.37000000000012,1.0933644947376093,2.6855109376115776,Medium,5,1,7,1
842,2024-07-03,P001,Wireless Mouse,Electronics,S01,Chennai,21,4933.46,5,98422.53,1,1,Wednesday,July,Q3,0,No_Holiday,0,Summer,Cloudy,0,4617.7,97.03,Wholesale,Wholesale,6635.87,246.673,4686.787,315.7600000000002,1.0683803625181367,1.34507424809363,High,1,1,7,2
843,2024-07-04,P008,Coffee Maker,Appliances,S04,Delhi,106,1292.907423858254,9,137048.186928975,1,1,Thursday,July,Q3,0,No_Holiday,1,Summer,Stormy,0,1343.455454214456,105.0482796426386,Online,Wholesale,2976.714248434157,116.36166814724287,1176.5457557110112,-50.548030356201934,0.9623746137636113,2.302341369153206,Low,8,4,7,3
844,2024-07-04,P005,LED Desk Lamp,Home,S04,Delhi,77,3704.915909047615,22,285278.5249966664,1,1,Thursday,September,Q3,0,No_Holiday,0,Autumn,Sunny,0,3389.588566149454,101.7662073981295,In-Store,Wholesale,6666.430218655692,815.0814999904753,2889.83440905714,315.3273428981611,1.0930282058557834,1.7993472408849798,High,5,4,9,3
845,2024-07-04,P006,Running Shoes,Apparel,S04,Delhi,38,4967.495045448909,11,188764.8117270585,1,1,Thursday,April,Q2,0,No_Holiday,0,Spring,Stormy,1,5075.153464841642,96.84647403088957,Wholesale,Retail,8473.090953448134,546.4244549993799,4421.070590449529,-107.65841939273287,0.9787871598093454,1.7057069762376436,High,6,4,4,3
846,2024-07-04,P002,Bluetooth Speaker,Electronics,S02,Bengaluru,42,1722.481781131794,0,72344.23480753534,0,1,Thursday,March,Q1,0,No_Holiday,1,Spring,Stormy,0,1647.4892312747,105.7970931605511,Wholesale,Wholesale,338.0505094631054,0.0,1722.481781131794,74.99254985709399,1.0455192959283082,0.19625781425739203,Medium,2,2,3,3
847,2024-07-04,P007,Yoga Mat,Sports,S03,Mumbai,29,4965.71,5,136805.31,1,1,Thursday,July,Q3,0,No_Holiday,0,Summer,Stormy,0,4548.84,109.46,Wholesale,Retail,6708.57,248.28549999999998,4717.4245,416.8699999999999,1.09164314418621,1.3509790140785507,High,7,3,7,3
848,2024-07-05,P005,LED Desk Lamp,Home,S01,Chennai,89,2095.999029935696,20,186543.913664277,1,1,Friday,July,Q3,0,No_Holiday,0,Summer,Rainy,1,1927.401714102941,101.6532960992826,Wholesale,Retail,5883.81590412535,419.1998059871392,1676.7992239485568,168.59731583275493,1.0874738849712107,2.807165375599369,Medium,5,1,7,4
849,2024-07-05,P007,Yoga Mat,Sports,S02,Bengaluru,1,4976.959609106126,3,4976.959609106126,0,1,Friday,August,Q3,0,No_Holiday,0,Summer,Cloudy,0,5126.715822928878,99.1503074499997,In-Store,Wholesale,108.2208323521004,149.30878827318378,4827.650820832942,-149.75621382275222,0.9707890550217396,0.021744366209863038,High,7,2,8,4
850,2024-07-05,P006,Running Shoes,Apparel,S01,Chennai,73,1056.67,10,69423.22,1,1,Friday,July,Q3,0,No_Holiday,0,Summer,Clear,0,1104.82,98.34,Online,Retail,9795.66,105.667,951.003,-48.149999999999864,0.9564182400753065,9.270311450121607,Low,6,1,7,4
851,2024-07-05,P003,Office Chair,Furniture,S01,Chennai,100,864.1014360018489,20,86410.14360018489,1,1,Friday,May,Q2,0,No_Holiday,0,Spring,Stormy,1,940.9807904901401,104.164920845599,In-Store,Wholesale,5023.674147273243,172.8202872003698,691.2811488014792,-76.87935448829114,0.918298699330253,5.813755119442359,Low,3,1,5,4
852,2024-07-06,P008,Coffee Maker,Appliances,S04,Delhi,77,2753.28,20,169602.05,1,1,Saturday,July,Q3,0,No_Holiday,1,Summer,Rainy,0,2668.57,99.13,Wholesale,Retail,806.06,550.6560000000001,2202.6240000000003,84.71000000000004,1.0317435930104888,0.292763540213854,Medium,8,4,7,5
853,2024-07-06,P007,Yoga Mat,Sports,S02,Bengaluru,1,2183.150592225702,22,2183.150592225702,1,0,Saturday,January,Q1,0,No_Holiday,0,Winter,Stormy,0,2126.449307173375,103.2903011299241,In-Store,Corporate,6161.840441526104,480.2931302896544,1702.8574619360475,56.701285052326966,1.0266647715800468,2.8224532304224437,Medium,7,2,1,5
854,2024-07-06,P001,Wireless Mouse,Electronics,S03,Mumbai,53,3346.46958985282,14,177362.8882621994,1,1,Saturday,June,Q2,0,No_Holiday,0,Summer,Sunny,0,3314.361417764063,97.21291716554185,Wholesale,Wholesale,9016.985819233398,468.5057425793948,2877.963847273425,32.108172088756874,1.0096875892643047,2.694477142889552,Medium,1,3,6,5
855,2024-07-07,P005,LED Desk Lamp,Home,S01,Chennai,6,2526.33249368995,9,15157.9949621397,1,0,Sunday,February,Q1,0,No_Holiday,0,Winter,Cloudy,1,2630.573740637015,97.75346526520991,Online,Wholesale,4052.251872334981,227.3699244320955,2298.9625692578543,-104.24124694706506,0.960373189568211,1.6040057603091982,Medium,5,1,2,6
856,2024-07-07,P007,Yoga Mat,Sports,S01,Chennai,0,1355.2,0,0.0,0,0,Sunday,July,Q3,0,No_Holiday,1,Summer,Sunny,0,1381.7,105.55,Online,Retail,370.27,0.0,1355.2,-26.5,0.9808207280885866,0.2732216646989374,Low,7,1,7,6
857,2024-07-08,P007,Yoga Mat,Sports,S02,Bengaluru,3,4113.782700748057,19,12341.34810224417,1,0,Monday,May,Q2,0,No_Holiday,0,Spring,Rainy,0,3742.339125413126,102.2176153987789,In-Store,Wholesale,9289.010714925784,781.6187131421309,3332.163987605926,371.4435753349312,1.0992543868653075,2.258021726144323,High,7,2,5,0
858,2024-07-08,P006,Running Shoes,Apparel,S02,Bengaluru,40,4178.148544243138,10,167125.9417697255,1,1,Monday,May,Q2,0,No_Holiday,0,Spring,Stormy,0,4445.313949026059,95.69057004329838,In-Store,Retail,2958.983001977294,417.81485442431375,3760.333689818824,-267.16540478292154,0.9398995418891717,0.7082043567010868,High,6,2,5,0
859,2024-07-08,P001,Wireless Mouse,Electronics,S03,Mumbai,98,1515.269293116192,20,148496.3907253869,1,1,Monday,May,Q2,0,No_Holiday,1,Spring,Stormy,0,1582.097038191703,108.1872702313661,In-Store,Corporate,10121.77783082559,303.0538586232384,1212.2154344929536,-66.82774507551085,0.9577600213752417,6.679854120193963,Low,1,3,5,0
860,2024-07-08,P006,Running Shoes,Apparel,S04,Delhi,19,3579.019585132168,9,68001.37211751119,1,1,Monday,March,Q1,0,No_Holiday,0,Spring,Rainy,0,3606.606574899974,102.6830065176964,Wholesale,Retail,6015.102528474841,322.1117626618951,3256.9078224702725,-27.586989767806244,0.9923509844517567,1.6806564997471822,High,6,4,3,0
861,2024-07-08,P007,Yoga Mat,Sports,S04,Delhi,25,1324.83,0,33120.75,0,1,Monday,July,Q3,0,No_Holiday,0,Summer,Clear,0,1254.39,108.75,Wholesale,Corporate,288.74,0.0,1324.83,70.43999999999983,1.056154784397197,0.21794494387959212,Low,7,4,7,0
862,2024-07-09,P007,Yoga Mat,Sports,S03,Mumbai,86,1099.860349048095,18,94587.99001813613,1,1,Tuesday,January,Q1,0,No_Holiday,0,Winter,Clear,1,1015.055974221179,94.93157642795391,Wholesale,Retail,7506.442125638955,197.9748628286571,901.8854862194379,84.80437482691605,1.0835465008636433,6.824904754622363,Low,7,3,1,1
863,2024-07-09,P006,Running Shoes,Apparel,S04,Delhi,50,2452.501098529217,0,122625.0549264608,1,1,Tuesday,January,Q1,0,No_Holiday,0,Winter,Sunny,0,2257.847673609391,109.3359652824032,Wholesale,Corporate,8026.157429686648,0.0,2452.501098529217,194.65342491982574,1.0862119385621143,3.2726417266438714,Medium,6,4,1,1
864,2024-07-09,P006,Running Shoes,Apparel,S02,Bengaluru,30,1648.47,0,49454.1,0,1,Tuesday,July,Q3,0,No_Holiday,0,Summer,Cloudy,0,1503.72,109.23,Wholesale,Retail,313.0,0.0,1648.47,144.75,1.0962612720453275,0.18987303378284107,Low,6,2,7,1
865,2024-07-10,P007,Yoga Mat,Sports,S04,Delhi,7,425.04,0,2975.28,1,0,Wednesday,July,Q3,0,No_Holiday,0,Summer,Cloudy,0,417.24,99.5,Online,Wholesale,4998.43,0.0,425.04,7.800000000000011,1.0186942766752949,11.759904950122342,Low,7,4,7,2
866,2024-07-10,P008,Coffee Maker,Appliances,S02,Bengaluru,79,641.2158920033678,24,50656.05546826606,1,1,Wednesday,April,Q2,0,No_Holiday,0,Spring,Sunny,0,630.1686310360855,104.3487809172501,In-Store,Corporate,2575.102420426248,153.89181408080827,487.3240779225595,11.047260967282341,1.0175306424712367,4.015967870635251,Low,8,2,4,2
867,2024-07-10,P007,Yoga Mat,Sports,S02,Bengaluru,1,2192.192068397096,17,2192.192068397096,1,0,Wednesday,January,Q1,0,No_Holiday,0,Winter,Stormy,0,2121.347788642414,103.1576722290146,In-Store,Corporate,5670.602641832669,372.67265162750635,1819.5194167695897,70.84427975468225,1.033395881681438,2.5867271046094715,Medium,7,2,1,2
868,2024-07-11,P004,Notebook Pack,Stationery,S03,Mumbai,24,4316.2,0,103588.8,1,1,Thursday,July,Q3,0,No_Holiday,0,Summer,Clear,0,4720.01,103.36,Online,Corporate,2807.16,0.0,4316.2,-403.8100000000004,0.9144472151542051,0.6503776470043093,High,4,3,7,3
869,2024-07-11,P005,LED Desk Lamp,Home,S01,Chennai,25,3264.278464575066,3,81606.96161437665,0,0,Thursday,June,Q2,0,No_Holiday,0,Summer,Rainy,0,3560.944021538692,102.6046989157029,In-Store,Wholesale,113.2537440343779,97.928353937252,3166.3501106378144,-296.66555696362593,0.9166890703225837,0.03469487829039148,Medium,5,1,6,3
870,2024-07-11,P001,Wireless Mouse,Electronics,S04,Delhi,64,4662.864873738116,19,298423.3519192394,1,1,Thursday,July,Q3,0,No_Holiday,1,Summer,Stormy,0,4350.870583051659,109.3294006291866,Wholesale,Wholesale,3250.932427130952,885.9443260102421,3776.9205477278742,311.99429068645713,1.0717084741388991,0.697196362142219,High,1,4,7,3
871,2024-07-12,P004,Notebook Pack,Stationery,S03,Mumbai,41,3304.19,5,128698.2,1,1,Friday,July,Q3,0,No_Holiday,0,Summer,Sunny,1,3452.6,97.86,In-Store,Corporate,6899.88,165.20950000000002,3138.9805,-148.40999999999985,0.9570150031860047,2.0882213189919465,Medium,4,3,7,4
872,2024-07-13,P004,Notebook Pack,Stationery,S01,Chennai,49,1358.513552631917,7,66567.16407896395,1,1,Saturday,February,Q1,0,No_Holiday,0,Winter,Clear,0,1401.416064588871,105.1269710030942,In-Store,Corporate,8135.486377365969,95.09594868423419,1263.417603947683,-42.90251195695396,0.9693863135716657,5.988520586787434,Low,4,1,2,5
873,2024-07-13,P008,Coffee Maker,Appliances,S04,Delhi,74,510.1836494932493,0,37753.59006250045,1,1,Saturday,May,Q2,0,No_Holiday,1,Spring,Clear,0,519.1496648661868,98.92589615199827,Wholesale,Wholesale,951.6844709167748,0.0,510.1836494932493,-8.966015372937477,0.9827294208593036,1.8653762657075654,Low,8,4,5,5
874,2024-07-13,P001,Wireless Mouse,Electronics,S01,Chennai,1,1103.18,20,882.54,1,0,Saturday,July,Q3,0,No_Holiday,1,Summer,Clear,0,1098.63,108.04,In-Store,Corporate,9591.69,220.63600000000002,882.5440000000001,4.5499999999999545,1.0041415217134066,8.69458293297558,Low,1,1,7,5
875,2024-07-13,P001,Wireless Mouse,Electronics,S04,Delhi,63,767.991436986492,0,48383.46053014899,1,1,Saturday,January,Q1,0,No_Holiday,1,Winter,Rainy,0,739.7599453658652,100.1310363049078,Wholesale,Retail,6908.993636871496,0.0,767.991436986492,28.231491620626798,1.0381630443733532,8.996185769963235,Low,1,4,1,5
876,2024-07-14,P001,Wireless Mouse,Electronics,S02,Bengaluru,54,4698.37,15,215655.18,1,1,Sunday,July,Q3,0,No_Holiday,1,Summer,Stormy,0,4882.19,105.56,In-Store,Retail,5744.75,704.7555,3993.6144999999997,-183.8199999999997,0.9623488639319651,1.2227112807207607,High,1,2,7,6
877,2024-07-14,P008,Coffee Maker,Appliances,S02,Bengaluru,43,3746.523493425523,0,161100.5102172975,0,1,Sunday,February,Q1,0,No_Holiday,1,Winter,Sunny,1,3865.510165087212,97.96975752156874,In-Store,Wholesale,90.58902812988362,0.0,3746.523493425523,-118.98667166168889,0.9692183782786652,0.02417949020975075,High,8,2,2,6
878,2024-07-14,P004,Notebook Pack,Stationery,S03,Mumbai,61,4731.491437867494,22,288620.9777099171,1,1,Sunday,April,Q2,0,No_Holiday,1,Spring,Cloudy,0,4576.360949279067,94.8408819684137,Wholesale,Corporate,2489.591038686818,1040.9281163308488,3690.563321536645,155.1304885884265,1.033898219635159,0.5261746896046141,High,4,3,4,6
879,2024-07-14,P002,Bluetooth Speaker,Electronics,S04,Delhi,18,2584.919298062873,0,46528.54736513172,0,1,Sunday,June,Q2,0,No_Holiday,0,Summer,Rainy,0,2501.74512224462,98.14618526941008,Online,Retail,358.1089538535458,0.0,2584.919298062873,83.17417581825339,1.0332464626706768,0.13853776948545785,Medium,2,4,6,6
880,2024-07-15,P007,Yoga Mat,Sports,S02,Bengaluru,66,2594.600186746417,21,171243.6123252635,1,1,Monday,April,Q2,0,No_Holiday,0,Spring,Sunny,0,2787.431200492084,95.61014236742163,Online,Corporate,9166.074530987142,544.8660392167476,2049.7341475296694,-192.83101374566695,0.9308212472789911,3.532750277984539,Medium,7,2,4,0
881,2024-07-15,P005,LED Desk Lamp,Home,S04,Delhi,56,2438.0,15,116048.8,1,1,Monday,July,Q3,0,No_Holiday,0,Summer,Cloudy,0,2369.56,108.24,In-Store,Retail,8126.76,365.7,2072.3,68.44000000000005,1.0288829993754114,3.333371616078753,Medium,5,4,7,0
882,2024-07-16,P007,Yoga Mat,Sports,S02,Bengaluru,49,875.519682326595,0,42900.46443400315,0,1,Tuesday,August,Q3,0,No_Holiday,0,Summer,Rainy,0,801.9598902024742,98.74192926063833,In-Store,Corporate,810.7130918227726,0.0,875.519682326595,73.5597921241208,1.0917250264293752,0.9259792877167465,Low,7,2,8,1
883,2024-07-16,P008,Coffee Maker,Appliances,S03,Mumbai,17,4588.79,0,78009.43,0,1,Tuesday,July,Q3,0,No_Holiday,0,Summer,Sunny,1,4922.93,106.12,Online,Corporate,276.66,0.0,4588.79,-334.1400000000003,0.9321257868789521,0.06029040335251777,High,8,3,7,1
884,2024-07-16,P001,Wireless Mouse,Electronics,S01,Chennai,19,3879.303694840606,4,73706.77020197152,0,1,Tuesday,April,Q2,0,No_Holiday,1,Spring,Sunny,0,4156.286154018076,96.24231839173564,In-Store,Retail,81.17350111199335,155.17214779362425,3724.1315470469817,-276.98245917746954,0.9333581835048346,0.020924760600711006,High,1,1,4,1
885,2024-07-16,P003,Office Chair,Furniture,S01,Chennai,92,834.5517321602445,16,76778.75935874249,1,1,Tuesday,November,Q4,0,No_Holiday,0,Autumn,Rainy,0,814.5411166591425,103.7738298506422,Wholesale,Wholesale,4657.332637212496,133.52827714563912,701.0234550146054,20.010615501101938,1.0245667346826834,5.580639830627335,Low,3,1,11,1
886,2024-07-17,P008,Coffee Maker,Appliances,S04,Delhi,58,3323.705896121584,17,192774.9419750519,1,1,Wednesday,June,Q2,0,No_Holiday,0,Summer,Cloudy,0,3421.048144780313,108.9409313717992,Online,Wholesale,5743.743519224352,565.0300023406693,2758.6758937809145,-97.3422486587292,0.9715460746124693,1.7281142491959647,Medium,8,4,6,2
887,2024-07-17,P007,Yoga Mat,Sports,S04,Delhi,84,2977.36346517609,17,250098.5310747916,1,1,Wednesday,April,Q2,0,No_Holiday,0,Spring,Stormy,1,3068.884770292404,99.67149621610179,In-Store,Wholesale,2329.386330770371,506.15178907993527,2471.2116760961544,-91.52130511631412,0.9701776664923154,0.7823654579010575,Medium,7,4,4,2
888,2024-07-17,P006,Running Shoes,Apparel,S01,Chennai,24,2299.09683447418,4,55178.32402738031,0,1,Wednesday,April,Q2,0,No_Holiday,0,Spring,Clear,0,2298.958704747339,100.6710362498465,In-Store,Wholesale,386.3173412274484,91.96387337896721,2207.132961095213,0.13812972684081615,1.0000600836050493,0.16803004355221166,Medium,6,1,4,2
889,2024-07-17,P004,Notebook Pack,Stationery,S04,Delhi,33,3257.68124914654,0,107503.4812218358,0,1,Wednesday,September,Q3,0,No_Holiday,0,Autumn,Cloudy,0,3190.011066536368,107.8824306220613,In-Store,Corporate,413.238873871071,0.0,3257.68124914654,67.67018261017165,1.0212131497975165,0.12685061621032842,Medium,4,4,9,2
890,2024-07-17,P007,Yoga Mat,Sports,S03,Mumbai,41,931.57,0,38194.37,0,1,Wednesday,July,Q3,0,No_Holiday,0,Summer,Clear,0,931.44,104.82,Wholesale,Corporate,128.66,0.0,931.57,0.12999999999999545,1.0001395688396462,0.1381109310089419,Low,7,3,7,2
891,2024-07-18,P001,Wireless Mouse,Electronics,S01,Chennai,17,3482.756434976123,3,59206.85939459409,0,1,Thursday,July,Q3,0,No_Holiday,0,Summer,Cloudy,0,3798.260259092997,103.9953535773882,Wholesale,Corporate,617.9453671989436,104.48269304928368,3378.273741926839,-315.50382411687406,0.9169346483402339,0.1774299692603052,High,1,1,7,3
892,2024-07-18,P007,Yoga Mat,Sports,S04,Delhi,1,402.6613135603898,0,402.6613135603898,0,0,Thursday,April,Q2,0,No_Holiday,0,Spring,Rainy,0,450.5285307477598,97.71216968988671,Wholesale,Retail,0.0,0.0,402.6613135603898,-47.867217187370045,0.8937531944804407,0.0,Low,7,4,4,3
893,2024-07-18,P002,Bluetooth Speaker,Electronics,S02,Bengaluru,1,1157.20826164392,8,1157.20826164392,1,0,Thursday,March,Q1,0,No_Holiday,0,Spring,Sunny,0,1093.798768634171,102.8761422391581,In-Store,Corporate,4399.778235787076,92.5766609315136,1064.6316007124065,63.409493009748985,1.057971808734918,3.8020625859832604,Low,2,2,3,3
894,2024-07-18,P008,Coffee Maker,Appliances,S04,Delhi,54,2411.98,15,110709.88,1,1,Thursday,July,Q3,0,No_Holiday,0,Summer,Rainy,0,2518.26,102.32,Wholesale,Wholesale,9593.75,361.79699999999997,2050.183,-106.2800000000002,0.957796256145116,3.977541273144885,Medium,8,4,7,3
895,2024-07-19,P001,Wireless Mouse,Electronics,S01,Chennai,43,4736.9,15,173133.69,1,1,Friday,July,Q3,0,No_Holiday,0,Summer,Sunny,0,4393.47,104.46,Online,Wholesale,1934.78,710.535,4026.365,343.4299999999994,1.07816828156332,0.4084485634064473,High,1,1,7,4
896,2024-07-19,P008,Coffee Maker,Appliances,S01,Chennai,1,2939.085366719364,0,2939.085366719364,0,0,Friday,August,Q3,0,No_Holiday,0,Summer,Sunny,0,2984.01147311306,109.9649303895973,Online,Wholesale,253.8768274895195,0.0,2939.085366719364,-44.926106393696045,0.9849443922054271,0.086379535063624,Medium,8,1,8,4
897,2024-07-19,P005,LED Desk Lamp,Home,S01,Chennai,6,2523.433626974147,0,15140.60176184488,1,0,Friday,February,Q1,0,No_Holiday,0,Winter,Cloudy,1,2639.121777765722,97.3511767921867,Online,Wholesale,4117.604535908231,0.0,2523.433626974147,-115.68815079157503,0.9561641483291019,1.6317467168120672,Medium,5,1,2,4
898,2024-07-20,P004,Notebook Pack,Stationery,S04,Delhi,4,1991.36,10,7168.9,1,0,Saturday,July,Q3,0,No_Holiday,1,Summer,Stormy,0,1798.49,102.98,In-Store,Retail,658.9,199.136,1792.224,192.8699999999999,1.107239962412913,0.33087939900369595,Medium,4,4,7,5
899,2024-07-20,P001,Wireless Mouse,Electronics,S02,Bengaluru,90,2202.770617753875,23,198249.3555978487,1,1,Saturday,June,Q2,0,No_Holiday,1,Summer,Sunny,0,2337.088333837867,97.53489509465095,Wholesale,Corporate,9107.826216741812,506.6372420833912,1696.1333756704837,-134.3177160839923,0.9425277538126163,4.134713865953459,Medium,1,2,6,5
900,2024-07-20,P005,LED Desk Lamp,Home,S03,Mumbai,39,4052.721529437629,8,158056.1396480675,1,1,Saturday,March,Q1,0,No_Holiday,1,Spring,Rainy,0,4352.250582187165,106.3249835597111,In-Store,Wholesale,3890.316443469481,324.2177223550103,3728.503807082619,-299.52905274953537,0.931178353108747,0.959926907193477,High,5,3,3,5
901,2024-07-20,P007,Yoga Mat,Sports,S04,Delhi,66,2860.441473712611,12,188789.1372650323,1,1,Saturday,September,Q3,0,No_Holiday,0,Autumn,Sunny,0,2644.925119242047,106.4744910201811,Online,Retail,1540.685327961037,343.25297684551333,2517.1884968670975,215.51635447056378,1.0814829701236774,0.5386180217703801,Medium,7,4,9,5
902,2024-07-21,P005,LED Desk Lamp,Home,S03,Mumbai,111,282.28,20,25066.46,1,1,Sunday,July,Q3,0,No_Holiday,1,Summer,Rainy,0,305.88,102.87,Online,Retail,6387.92,56.455999999999996,225.82399999999998,-23.600000000000023,0.9228455603504642,22.62972934674791,Low,5,3,7,6
903,2024-07-21,P007,Yoga Mat,Sports,S02,Bengaluru,43,858.0003720817381,0,36894.01599951474,0,1,Sunday,August,Q3,0,No_Holiday,0,Summer,Rainy,0,804.7392528171794,98.69739579394025,In-Store,Corporate,0.0,0.0,858.0003720817381,53.261119264558715,1.0661843188065023,0.0,Low,7,2,8,6
904,2024-07-22,P005,LED Desk Lamp,Home,S03,Mumbai,66,1483.16,5,92994.13,1,1,Monday,July,Q3,0,No_Holiday,0,Summer,Cloudy,0,1471.0,98.65,Wholesale,Retail,3349.76,74.158,1409.0020000000002,12.160000000000082,1.0082664853840926,2.2585290865449448,Low,5,3,7,0
905,2024-07-23,P008,Coffee Maker,Appliances,S01,Chennai,43,630.3685453675643,1,27105.84745080526,0,1,Tuesday,October,Q4,0,No_Holiday,0,Autumn,Clear,0,569.6691473261574,108.3869515738178,Online,Retail,143.9680960010331,6.303685453675643,624.0648599138887,60.69939804140688,1.1065520194068965,0.2283871824808234,Low,8,1,10,1
906,2024-07-23,P002,Bluetooth Speaker,Electronics,S01,Chennai,55,648.8,5,33899.8,1,1,Tuesday,July,Q3,0,No_Holiday,0,Summer,Clear,0,591.2,95.14,Online,Retail,5248.65,32.44,616.3599999999999,57.59999999999991,1.0974289580514207,8.089781134401973,Low,2,1,7,1
907,2024-07-23,P003,Office Chair,Furniture,S01,Chennai,84,826.953276479625,14,69464.07522428849,1,1,Tuesday,November,Q4,0,No_Holiday,0,Autumn,Rainy,0,821.3749465490904,103.9958504231482,Wholesale,Wholesale,4925.097423496838,115.7734587071475,711.1798177724775,5.578329930534551,1.0067914537130347,5.955714262918439,Low,3,1,11,1
908,2024-07-24,P007,Yoga Mat,Sports,S03,Mumbai,58,2916.11,20,135307.5,1,1,Wednesday,July,Q3,0,No_Holiday,0,Summer,Clear,0,2758.5,108.52,Wholesale,Wholesale,5017.25,583.2220000000001,2332.888,157.61000000000013,1.0571361247054558,1.7205283751298819,Medium,7,3,7,2
909,2024-07-24,P003,Office Chair,Furniture,S01,Chennai,2,1562.609169681401,10,3125.218339362802,1,0,Wednesday,February,Q1,0,No_Holiday,0,Winter,Cloudy,0,1669.635232671487,105.9858031889897,Wholesale,Corporate,2712.552343119641,156.2609169681401,1406.348252713261,-107.02606299008607,0.9358985358623273,1.7359122138472418,Low,3,1,2,2
910,2024-07-24,P002,Bluetooth Speaker,Electronics,S02,Bengaluru,55,525.7117228608794,0,28914.14475734837,0,1,Wednesday,January,Q1,0,No_Holiday,0,Winter,Sunny,1,508.5393275566798,103.9670149913445,Wholesale,Retail,641.3791820096396,0.0,525.7117228608794,17.172395304199597,1.0337680772629834,1.220020695980123,Low,2,2,1,2
911,2024-07-25,P005,LED Desk Lamp,Home,S01,Chennai,112,415.7341762780331,18,46562.22774313971,1,1,Thursday,March,Q1,0,No_Holiday,1,Spring,Cloudy,0,405.6851737833571,96.73370710452309,Wholesale,Corporate,5465.00692063196,74.83215173004595,340.90202454798714,10.049002494676017,1.024770445518037,13.14543579158884,Low,5,1,3,3
912,2024-07-25,P001,Wireless Mouse,Electronics,S01,Chennai,29,3778.636949873923,3,109580.4715463438,1,1,Thursday,April,Q2,0,No_Holiday,0,Spring,Stormy,0,3531.796737669954,99.54891448539655,In-Store,Wholesale,5961.394920595168,113.3591084962177,3665.2778413777055,246.84021220396926,1.0698908319301574,1.5776574991662202,High,1,1,4,3
913,2024-07-25,P001,Wireless Mouse,Electronics,S01,Chennai,19,3485.26,0,66219.94,0,1,Thursday,July,Q3,0,No_Holiday,0,Summer,Cloudy,0,3806.93,103.81,Wholesale,Corporate,464.44,0.0,3485.26,-321.6699999999996,0.9155040938499002,0.1332583508834348,High,1,1,7,3
914,2024-07-26,P002,Bluetooth Speaker,Electronics,S02,Bengaluru,1,1162.866229629532,4,1162.866229629532,1,0,Friday,March,Q1,0,No_Holiday,0,Spring,Sunny,0,1098.961651369704,102.7144819131941,In-Store,Corporate,3991.609624483359,46.51464918518128,1116.3515804443507,63.904578259827986,1.0581499619938328,3.432561306518475,Low,2,2,3,4
915,2024-07-26,P005,LED Desk Lamp,Home,S02,Bengaluru,55,2907.0,10,143896.5,1,1,Friday,July,Q3,0,No_Holiday,0,Summer,Clear,0,2839.47,106.1,Wholesale,Wholesale,1245.06,290.7,2616.3,67.5300000000002,1.0237826073175629,0.428297213622291,Medium,5,2,7,4
916,2024-07-26,P005,LED Desk Lamp,Home,S01,Chennai,21,3270.930064140677,0,68689.53134695422,0,0,Friday,June,Q2,0,No_Holiday,0,Summer,Rainy,0,3558.625021570936,101.9198453700838,In-Store,Wholesale,449.0970405974594,0.0,3270.930064140677,-287.6949574302589,0.9191555851806894,0.1372994933523423,Medium,5,1,6,4
917,2024-07-27,P001,Wireless Mouse,Electronics,S01,Chennai,24,4929.947764138913,1,118318.7463393339,1,1,Saturday,July,Q3,0,No_Holiday,0,Summer,Cloudy,0,4614.128938049704,96.99897437005062,Wholesale,Wholesale,7093.796794167462,49.29947764138913,4880.648286497524,315.8188260892093,1.0684460339815947,1.4389192611265926,High,1,1,7,5
918,2024-07-27,P006,Running Shoes,Apparel,S01,Chennai,69,668.89,0,46153.41,0,1,Saturday,July,Q3,0,No_Holiday,1,Summer,Clear,1,729.74,100.95,In-Store,Retail,317.06,0.0,668.89,-60.85000000000002,0.9166141365417819,0.4740091793867452,Low,6,1,7,5
919,2024-07-27,P004,Notebook Pack,Stationery,S02,Bengaluru,62,3614.044557991392,12,224070.7625954663,1,1,Saturday,December,Q4,0,No_Holiday,1,Winter,Cloudy,0,3349.426940574204,105.7713800327725,In-Store,Corporate,5144.378740411256,433.68534695896705,3180.3592110324253,264.6176174171883,1.0790038481543425,1.4234408729233794,High,4,2,12,5
920,2024-07-28,P008,Coffee Maker,Appliances,S04,Delhi,108,1295.06,10,125879.83,1,1,Sunday,July,Q3,0,No_Holiday,1,Summer,Stormy,0,1341.6,104.91,Online,Wholesale,3306.11,129.50599999999997,1165.554,-46.539999999999964,0.9653100775193799,2.5528624156409743,Low,8,4,7,6
921,2024-07-28,P006,Running Shoes,Apparel,S02,Bengaluru,49,3807.277232966587,21,186556.5844153627,1,1,Sunday,September,Q3,0,No_Holiday,0,Autumn,Sunny,0,3681.658301498848,101.0559250963746,Wholesale,Retail,2571.734194617172,799.5282189229832,3007.7490140436034,125.618931467739,1.034120203772468,0.6754785735982,High,6,2,9,6
922,2024-07-28,P005,LED Desk Lamp,Home,S04,Delhi,56,4418.482253848755,5,247435.0062155303,1,1,Sunday,March,Q1,0,No_Holiday,0,Spring,Sunny,1,4693.363174017952,105.2078720274863,In-Store,Wholesale,287.1125217000954,220.92411269243777,4197.558141156317,-274.88092016919654,0.9414319945043006,0.06497989698838412,High,5,4,3,6
923,2024-07-28,P006,Running Shoes,Apparel,S04,Delhi,1,1630.788491261245,5,1630.788491261245,1,0,Sunday,February,Q1,0,No_Holiday,0,Winter,Sunny,0,1502.402426749518,97.07855917859379,Online,Corporate,4690.003012843958,81.53942456306225,1549.2490666981828,128.386064511727,1.0854538452719975,2.875911277259952,Low,6,4,2,6
924,2024-07-29,P007,Yoga Mat,Sports,S04,Delhi,37,4509.707900389071,19,166859.1923143956,1,1,Monday,February,Q1,0,No_Holiday,0,Winter,Stormy,0,4736.983413198825,107.2872585797753,In-Store,Wholesale,4661.00972443408,856.8445010739237,3652.8633993151475,-227.2755128097533,0.952021045254985,1.0335502492371968,High,7,4,2,0
925,2024-07-29,P004,Notebook Pack,Stationery,S03,Mumbai,68,941.9769906320789,0,64054.43536298137,0,1,Monday,January,Q1,0,No_Holiday,0,Winter,Stormy,1,860.9751931299414,107.4069962715958,Online,Corporate,102.9420465513701,0.0,941.9769906320789,81.00179750213749,1.094081453389694,0.10928297354938005,Low,4,3,1,0
926,2024-07-29,P007,Yoga Mat,Sports,S01,Chennai,1,4217.064322647469,0,4217.064322647469,0,0,Monday,April,Q2,0,No_Holiday,1,Spring,Clear,0,3955.530676800267,104.8448774916862,In-Store,Retail,829.8862765512329,0.0,4217.064322647469,261.5336458472025,1.0661184723913617,0.19679241601660724,High,7,1,4,0
927,2024-07-29,P003,Office Chair,Furniture,S01,Chennai,30,862.9296292733435,0,25887.88887820031,0,1,Monday,July,Q3,0,No_Holiday,1,Summer,Stormy,0,939.3473016125057,97.57130168313029,Online,Retail,0.0,0.0,862.9296292733435,-76.41767233916221,0.9186481164016953,0.0,Low,3,1,7,0
928,2024-07-29,P004,Notebook Pack,Stationery,S01,Chennai,64,593.78,0,38001.92,1,1,Monday,July,Q3,0,No_Holiday,0,Summer,Stormy,0,577.24,96.37,In-Store,Corporate,3919.22,0.0,593.78,16.539999999999964,1.0286535929596008,6.600458082117956,Low,4,1,7,0
929,2024-07-29,P006,Running Shoes,Apparel,S04,Delhi,36,4970.028592656243,9,178921.0293356247,1,1,Monday,April,Q2,0,No_Holiday,0,Spring,Stormy,1,5080.036521546068,96.89488947138747,Wholesale,Retail,8939.644963543094,447.30257333906184,4522.7260193171805,-110.00792888982505,0.978345051571333,1.7987109725590695,High,6,4,4,0
930,2024-07-29,P007,Yoga Mat,Sports,S04,Delhi,2,4713.299077217153,0,9426.598154434307,0,0,Monday,February,Q1,0,No_Holiday,0,Winter,Rainy,0,4901.525746137642,99.74708335129932,Wholesale,Wholesale,0.0,0.0,4713.299077217153,-188.22666892048892,0.9615983514788615,0.0,High,7,4,2,0
931,2024-07-29,P006,Running Shoes,Apparel,S03,Mumbai,5,962.7044474330395,15,4813.522237165197,1,0,Monday,January,Q1,0,No_Holiday,0,Winter,Cloudy,1,1059.732377864187,106.8989397423194,Wholesale,Retail,7138.343558732969,144.40566711495592,818.2987803180836,-97.02793043114741,0.9084411003590358,7.414885822711931,Low,6,3,1,0
932,2024-07-30,P002,Bluetooth Speaker,Electronics,S03,Mumbai,50,2656.357835463099,6,132817.891773155,1,1,Tuesday,July,Q3,0,No_Holiday,0,Summer,Cloudy,0,2710.27277214594,97.5101391059383,In-Store,Wholesale,1327.412409846303,159.38147012778595,2496.976365335313,-53.91493668284102,0.9801071917052274,0.499711444040026,Medium,2,3,7,1
933,2024-07-30,P003,Office Chair,Furniture,S02,Bengaluru,100,842.3946645909316,12,84239.46645909316,1,1,Tuesday,March,Q1,0,No_Holiday,1,Spring,Clear,1,901.40799690249,107.4293656169475,In-Store,Corporate,10094.22160324325,101.08735975091179,741.3073048400198,-59.01333231155843,0.9345320515079231,11.982770104728788,Low,3,2,3,1
934,2024-07-30,P005,LED Desk Lamp,Home,S01,Chennai,78,836.03,0,65210.34,1,1,Tuesday,July,Q3,0,No_Holiday,0,Summer,Clear,1,838.11,96.55,Online,Corporate,5765.09,0.0,836.03,-2.080000000000041,0.9975182255312548,6.895793213162207,Low,5,1,7,1
935,2024-07-30,P004,Notebook Pack,Stationery,S04,Delhi,99,1493.302328493415,21,147836.9305208481,1,1,Tuesday,August,Q3,0,No_Holiday,0,Summer,Cloudy,1,1516.283928228184,103.3285992213634,In-Store,Corporate,9402.279964075507,313.59348898361714,1179.7088395097978,-22.981599734769134,0.9848434720523459,6.2963003436560765,Low,4,4,8,1
936,2024-07-31,P001,Wireless Mouse,Electronics,S02,Bengaluru,68,954.6241447778242,14,64914.44184489205,1,1,Wednesday,April,Q2,0,No_Holiday,0,Spring,Sunny,0,948.1177833952418,101.5460174479395,Wholesale,Corporate,4625.406569823958,133.6473802688954,820.9767645089288,6.5063613825824405,1.0068623977912143,4.84526459458079,Low,1,2,4,2
937,2024-07-31,P005,LED Desk Lamp,Home,S04,Delhi,94,1412.577353960727,21,132782.2712723083,1,1,Wednesday,January,Q1,0,No_Holiday,1,Winter,Sunny,0,1502.736524471371,95.6019537045686,In-Store,Retail,6951.870198664893,296.64124433175266,1115.9361096289742,-90.15917051064412,0.9400033412095576,4.921408501398198,Low,5,4,1,2
938,2024-07-31,P006,Running Shoes,Apparel,S04,Delhi,90,259.23,5,22164.17,1,1,Wednesday,July,Q3,0,No_Holiday,0,Summer,Sunny,1,280.24,109.67,Wholesale,Wholesale,2111.04,12.961500000000001,246.26850000000002,-21.00999999999999,0.9250285469597488,8.143501909501214,Low,6,4,7,2
939,2024-07-31,P008,Coffee Maker,Appliances,S04,Delhi,3,1896.700307895947,0,5690.100923687842,1,0,Wednesday,May,Q2,0,No_Holiday,0,Spring,Sunny,1,1909.710283896811,105.9125647576291,Wholesale,Wholesale,2965.197999141949,0.0,1896.700307895947,-13.009976000864071,0.993187460888404,1.563345556911577,Medium,8,4,5,2
940,2024-07-31,P001,Wireless Mouse,Electronics,S03,Mumbai,49,2736.458801072869,13,134086.4812525706,1,1,Wednesday,March,Q1,0,No_Holiday,0,Spring,Cloudy,0,2977.371985465107,109.8177739946416,Online,Retail,7397.400340766233,355.73964413947294,2380.719156933396,-240.91318439223824,0.9190852921407453,2.7032748813415255,Medium,1,3,3,2
941,2024-08-01,P007,Yoga Mat,Sports,S02,Bengaluru,47,866.43,0,40722.21,0,1,Thursday,August,Q3,0,No_Holiday,0,Summer,Rainy,0,808.76,99.14,In-Store,Corporate,391.33,0.0,866.43,57.66999999999996,1.0713066917256047,0.45165795274863524,Low,7,2,8,3
942,2024-08-02,P006,Running Shoes,Apparel,S01,Chennai,73,672.8133289101941,0,49115.37301044416,0,1,Friday,July,Q3,0,No_Holiday,1,Summer,Clear,1,732.963235168016,101.3647443887299,In-Store,Retail,354.2561956939205,0.0,672.8133289101941,-60.149906257821954,0.9179359845463001,0.526529693262373,Low,6,1,7,4
943,2024-08-02,P004,Notebook Pack,Stationery,S02,Bengaluru,39,2998.491894830437,2,116941.183898387,0,1,Friday,June,Q2,0,No_Holiday,0,Summer,Stormy,1,3228.223249024026,104.9388516042135,In-Store,Corporate,227.4413584429039,59.969837896608745,2938.5220569338285,-229.7313541935887,0.9288365963342088,0.07585191703703624,Medium,4,2,6,4
944,2024-08-02,P005,LED Desk Lamp,Home,S02,Bengaluru,28,1818.608565220754,0,50921.03982618111,0,1,Friday,June,Q2,0,No_Holiday,0,Summer,Rainy,0,1938.633308320838,101.8909370727134,Online,Corporate,363.3419116185735,0.0,1818.608565220754,-120.02474310008415,0.9380879599123134,0.19979115823336552,Medium,5,2,6,4
945,2024-08-02,P003,Office Chair,Furniture,S01,Chennai,21,2822.771666988781,0,59278.2050067644,0,0,Friday,October,Q4,0,No_Holiday,0,Autumn,Clear,0,2933.252660734272,101.1627457011979,Wholesale,Retail,93.0375455185407,0.0,2822.771666988781,-110.4809937454911,0.9623349889955151,0.03295964268260826,Medium,3,1,10,4
946,2024-08-02,P006,Running Shoes,Apparel,S03,Mumbai,50,4732.27,15,201121.48,1,1,Friday,August,Q3,0,No_Holiday,0,Summer,Clear,1,4444.12,96.6,In-Store,Retail,9513.82,709.8405,4022.4295,288.15000000000055,1.0648384832092743,2.0104136070004457,High,6,3,8,4
947,2024-08-02,P002,Bluetooth Speaker,Electronics,S02,Bengaluru,52,2787.798867546985,3,144965.5411124432,1,1,Friday,May,Q2,0,No_Holiday,0,Spring,Clear,0,3026.89579571804,105.7797506806057,Online,Retail,1585.864914312368,83.63396602640954,2704.1649015205758,-239.09692817105497,0.9210091974394062,0.5688591572274323,Medium,2,2,5,4
948,2024-08-03,P008,Coffee Maker,Appliances,S04,Delhi,97,1006.047915692947,21,97586.64782221589,1,1,Saturday,February,Q1,0,No_Holiday,1,Winter,Rainy,0,1043.908348399308,108.8559625983032,Wholesale,Wholesale,808.6105260061111,211.27006229551887,794.7778533974281,-37.86043270636094,0.9637320337897337,0.8037495166909175,Low,8,4,2,5
949,2024-08-03,P001,Wireless Mouse,Electronics,S03,Mumbai,1,4925.859661399255,1,4925.859661399255,0,1,Saturday,May,Q2,0,No_Holiday,0,Spring,Stormy,0,4670.15010823403,101.6539297504652,Wholesale,Retail,94.10837355912082,49.25859661399255,4876.601064785263,255.70955316522486,1.0547540330051444,0.019104964418005386,High,1,3,5,5
950,2024-08-03,P003,Office Chair,Furniture,S01,Chennai,25,3079.623191287368,0,76990.5797821842,0,1,Saturday,July,Q3,0,No_Holiday,1,Summer,Cloudy,0,3192.826082601029,105.1363951077486,Online,Wholesale,404.1171789415056,0.0,3079.623191287368,-113.20289131366098,0.964544610829087,0.1312229301574305,Medium,3,1,7,5
951,2024-08-03,P006,Running Shoes,Apparel,S04,Delhi,52,4059.57,0,211097.64,1,1,Saturday,August,Q3,0,No_Holiday,1,Summer,Stormy,1,3764.13,99.81,Wholesale,Retail,5050.59,0.0,4059.57,295.44000000000005,1.0784882562504483,1.2441194510748674,High,6,4,8,5
952,2024-08-03,P002,Bluetooth Speaker,Electronics,S01,Chennai,4,3816.018702479867,4,15264.07480991947,0,1,Saturday,February,Q1,0,No_Holiday,0,Winter,Clear,0,3626.365234732449,102.4056093762539,Online,Wholesale,457.9123277522337,152.64074809919467,3663.3779543806722,189.65346774741784,1.0522985015218442,0.11999740133732995,High,2,1,2,5
953,2024-08-03,P004,Notebook Pack,Stationery,S03,Mumbai,76,908.6864490493438,16,69060.17012775013,1,1,Saturday,September,Q3,0,No_Holiday,1,Autumn,Cloudy,0,908.8096736499169,105.2533165895167,In-Store,Retail,357.0704941952154,145.389831847895,763.2966172014487,-0.12322460057316675,0.9998644109936922,0.39295237050005316,Low,4,3,9,5
954,2024-08-04,P004,Notebook Pack,Stationery,S03,Mumbai,63,464.1017011232954,0,29238.40717076761,0,1,Sunday,June,Q2,0,No_Holiday,1,Summer,Stormy,0,416.3721822827399,109.3012172641211,Online,Wholesale,450.6147993374577,0.0,464.1017011232954,47.7295188405555,1.1146318627216658,0.9709397708450659,Low,4,3,6,6
955,2024-08-04,P001,Wireless Mouse,Electronics,S01,Chennai,45,4100.615322962669,13,184527.6895333201,1,1,Sunday,December,Q4,0,No_Holiday,0,Winter,Clear,0,4442.686470370553,103.0630741942491,Wholesale,Wholesale,4784.87696127992,533.0799919851469,3567.535330977522,-342.0711474078844,0.923003536331171,1.1668680391661015,High,1,1,12,6
956,2024-08-04,P003,Office Chair,Furniture,S04,Delhi,0,4849.88,0,0.0,1,0,Sunday,August,Q3,0,No_Holiday,1,Summer,Rainy,0,4729.66,107.25,In-Store,Corporate,1581.93,0.0,4849.88,120.22000000000025,1.025418317595768,0.3261792044339241,High,3,4,8,6
957,2024-08-04,P007,Yoga Mat,Sports,S04,Delhi,62,2249.366852724074,5,139460.7448688926,1,1,Sunday,November,Q4,0,No_Holiday,1,Autumn,Sunny,0,2269.065831645812,106.4199433297751,Online,Corporate,7367.806285446414,112.46834263620369,2136.8985100878704,-19.698978921738217,0.9913184630225338,3.275502293689313,Medium,7,4,11,6
958,2024-08-05,P002,Bluetooth Speaker,Electronics,S02,Bengaluru,71,4617.198782430875,16,327821.1135525922,1,1,Monday,July,Q3,0,No_Holiday,1,Summer,Cloudy,1,4333.802337972356,105.0014980717851,Online,Retail,8325.759078260406,738.75180518894,3878.446977241935,283.396444458519,1.0653921019829231,1.8032056817525706,High,2,2,7,0
959,2024-08-05,P004,Notebook Pack,Stationery,S02,Bengaluru,43,3472.22,10,134374.91,1,1,Monday,August,Q3,0,No_Holiday,0,Summer,Stormy,0,3429.48,99.37,Wholesale,Retail,8280.17,347.222,3124.9979999999996,42.73999999999978,1.0124625307626811,2.384690486201911,High,4,2,8,0
960,2024-08-05,P008,Coffee Maker,Appliances,S02,Bengaluru,1,4753.550353248212,24,4753.550353248212,1,0,Monday,November,Q4,0,No_Holiday,0,Autumn,Sunny,0,5141.9350674613,104.6530098698098,In-Store,Corporate,2694.346483655509,1140.8520847795708,3612.698268468641,-388.38471421308805,0.9244672075556094,0.5668071827227831,High,8,2,11,0
961,2024-08-06,P005,LED Desk Lamp,Home,S01,Chennai,115,416.62902000311,17,47912.33730035765,1,1,Tuesday,March,Q1,0,No_Holiday,1,Spring,Cloudy,0,416.0540199210158,96.91486006436914,Wholesale,Corporate,5934.212304666865,70.8269334005287,345.8020866025813,0.5750000820941636,1.001382032271202,14.243396450450254,Low,5,1,3,1
962,2024-08-06,P007,Yoga Mat,Sports,S04,Delhi,37,868.06,0,32118.22,0,1,Tuesday,August,Q3,0,No_Holiday,0,Summer,Rainy,0,918.25,96.11,Wholesale,Corporate,291.12,0.0,868.06,-50.190000000000055,0.9453416825483255,0.3353685229131627,Low,7,4,8,1
963,2024-08-07,P004,Notebook Pack,Stationery,S02,Bengaluru,65,770.8529582719382,6,50105.44228767598,1,1,Wednesday,June,Q2,0,No_Holiday,0,Summer,Clear,0,812.580099880701,109.6951060981265,Wholesale,Retail,5073.03483153556,46.25117749631629,724.6017807756219,-41.72714160876285,0.9486485804723879,6.581066826166239,Low,4,2,6,2
964,2024-08-07,P003,Office Chair,Furniture,S02,Bengaluru,75,1231.118913373622,7,92333.91850302163,1,1,Wednesday,February,Q1,0,No_Holiday,0,Winter,Clear,1,1261.343552075216,110.037195354986,Online,Corporate,2513.91959470091,86.17832393615353,1144.9405894374686,-30.224638701593904,0.976037742729277,2.0419795093652184,Low,3,2,2,2
965,2024-08-07,P004,Notebook Pack,Stationery,S04,Delhi,65,1400.542407450971,11,91035.2564843131,1,1,Wednesday,June,Q2,0,No_Holiday,1,Summer,Sunny,0,1474.472395268329,108.8705079487141,Online,Retail,7732.97718444851,154.0596648196068,1246.4827426313643,-73.92998781735787,0.9498600393913079,5.521415948070262,Low,4,4,6,2
966,2024-08-07,P004,Notebook Pack,Stationery,S03,Mumbai,55,3324.110111838969,5,182826.0561511433,1,1,Wednesday,October,Q4,0,No_Holiday,0,Autumn,Sunny,0,3608.316569918071,104.9919598235546,Wholesale,Retail,2926.14188515641,166.20550559194845,3157.90460624702,-284.20645807910205,0.9212357196016326,0.8802782659740491,Medium,4,3,10,2
967,2024-08-07,P007,Yoga Mat,Sports,S01,Chennai,11,3995.46,0,43950.06,0,1,Wednesday,August,Q3,0,No_Holiday,0,Summer,Rainy,0,3728.83,104.19,Wholesale,Wholesale,338.74,0.0,3995.46,266.6300000000001,1.07150500290976,0.08478122669229576,High,7,1,8,2
968,2024-08-08,P007,Yoga Mat,Sports,S03,Mumbai,43,4835.44,5,197527.72,1,1,Thursday,August,Q3,0,No_Holiday,0,Summer,Sunny,0,4602.12,102.66,Wholesale,Wholesale,6014.92,241.77199999999996,4593.668,233.3199999999997,1.0506983737929476,1.2439240275962478,High,7,3,8,3
969,2024-08-08,P007,Yoga Mat,Sports,S01,Chennai,35,2391.960922949625,0,83718.63230323688,0,1,Thursday,March,Q1,0,No_Holiday,0,Spring,Sunny,0,2553.50407068996,106.8889315102022,Online,Wholesale,716.530541390058,0.0,2391.960922949625,-161.54314774033492,0.9367366789837599,0.2995577956626795,Medium,7,1,3,3
970,2024-08-08,P008,Coffee Maker,Appliances,S04,Delhi,73,2746.652363993417,15,200505.6225715195,1,1,Thursday,July,Q3,0,No_Holiday,1,Summer,Rainy,0,2659.65588455257,99.49027576017478,Wholesale,Retail,632.6386153565559,411.99785459901256,2334.6545093944046,86.996479440847,1.0327096749418327,0.23033079236745815,Medium,8,4,7,3
971,2024-08-09,P007,Yoga Mat,Sports,S03,Mumbai,78,2369.350666912736,17,184809.3520191934,1,1,Friday,June,Q2,0,No_Holiday,1,Summer,Rainy,0,2340.325624129452,101.5660571015178,In-Store,Wholesale,1952.881089972224,402.7896133751651,1966.5610535375708,29.02504278328388,1.0124021386101263,0.8242262815899801,Medium,7,3,6,4
972,2024-08-09,P004,Notebook Pack,Stationery,S04,Delhi,0,1995.77,5,0.0,1,0,Friday,August,Q3,0,No_Holiday,0,Summer,Clear,0,1933.89,95.37,Online,Corporate,4451.77,99.7885,1895.9814999999999,61.87999999999988,1.0319976834256344,2.230602724762874,Medium,4,4,8,4
973,2024-08-10,P003,Office Chair,Furniture,S03,Mumbai,43,997.7601168083609,4,42903.68502275952,0,1,Saturday,May,Q2,0,No_Holiday,0,Spring,Clear,0,1056.215219693037,98.58157238768658,Wholesale,Wholesale,0.0,39.91040467233444,957.8497121360265,-58.45510288467608,0.9446560683894855,0.0,Low,3,3,5,5
974,2024-08-10,P002,Bluetooth Speaker,Electronics,S01,Chennai,61,4190.33,15,217268.61,1,1,Saturday,August,Q3,0,No_Holiday,1,Summer,Cloudy,0,4058.81,106.76,Wholesale,Corporate,3808.85,628.5495,3561.7805,131.51999999999998,1.0324035862728238,0.9089618240090875,High,2,1,8,5
975,2024-08-10,P001,Wireless Mouse,Electronics,S01,Chennai,40,2584.427376201048,1,103377.0950480419,0,1,Saturday,August,Q3,0,No_Holiday,1,Summer,Clear,0,2415.046639323342,104.4080410138076,Online,Retail,0.0,25.84427376201048,2558.5831024390377,169.3807368777061,1.0701355966049433,0.0,Medium,1,1,8,5
976,2024-08-11,P002,Bluetooth Speaker,Electronics,S04,Delhi,33,3665.57,5,114915.62,1,1,Sunday,August,Q3,0,No_Holiday,1,Summer,Sunny,0,3331.77,105.66,Online,Corporate,6655.71,183.2785,3482.2915000000003,333.8000000000002,1.1001869876972301,1.8157367067059147,High,2,4,8,6
977,2024-08-11,P003,Office Chair,Furniture,S03,Mumbai,89,1914.852485800229,18,170421.8712362204,1,1,Sunday,January,Q1,0,No_Holiday,1,Winter,Sunny,1,1965.441964937881,103.3037333552158,Online,Retail,4413.725115529197,344.67344744404124,1570.179038356188,-50.589479137652006,0.9742605072853164,2.304994848563843,Medium,3,3,1,6
978,2024-08-12,P003,Office Chair,Furniture,S02,Bengaluru,61,2676.77,10,146954.67,1,1,Monday,August,Q3,0,No_Holiday,0,Summer,Cloudy,1,2637.35,101.93,In-Store,Wholesale,2252.29,267.677,2409.093,39.42000000000007,1.014946821620187,0.8414208168800458,Medium,3,2,8,0
979,2024-08-12,P005,LED Desk Lamp,Home,S01,Chennai,66,1561.191254038382,5,103038.6227665332,1,1,Monday,December,Q4,0,No_Holiday,1,Winter,Stormy,0,1550.121309381906,102.930327659396,Online,Wholesale,4026.282884343791,78.0595627019191,1483.131691336463,11.069944656476082,1.007141340867632,2.5789811939625458,Low,5,1,12,0
980,2024-08-12,P001,Wireless Mouse,Electronics,S04,Delhi,41,4285.378165312164,0,175700.5047777987,1,1,Monday,February,Q1,0,No_Holiday,1,Winter,Cloudy,0,4152.482742708182,107.932922796418,Wholesale,Corporate,6017.673313896146,0.0,4285.378165312164,132.8954226039823,1.032003847056884,1.4042339046308634,High,1,4,2,0
981,2024-08-13,P008,Coffee Maker,Appliances,S04,Delhi,16,1892.114750582699,22,30273.83600932319,1,0,Tuesday,January,Q1,0,No_Holiday,0,Winter,Sunny,0,1736.311522567127,101.8127339994365,Online,Retail,3056.798286356446,416.2652451281938,1475.849505454505,155.8032280155719,1.089732300909469,1.6155459310356675,Medium,8,4,1,1
982,2024-08-13,P007,Yoga Mat,Sports,S04,Delhi,97,340.12,10,29692.48,1,1,Tuesday,August,Q3,0,No_Holiday,0,Summer,Stormy,1,335.33,95.07,Online,Retail,3144.28,34.012,306.108,4.7900000000000205,1.0142844362270003,9.244619546042573,Low,7,4,8,1
983,2024-08-14,P002,Bluetooth Speaker,Electronics,S01,Chennai,40,4037.61,10,145353.96,1,1,Wednesday,August,Q3,0,No_Holiday,0,Summer,Cloudy,0,3792.99,96.71,Wholesale,Corporate,5513.29,403.76099999999997,3633.849,244.62000000000035,1.0644926561894443,1.3654835410056938,High,2,1,8,2
984,2024-08-14,P001,Wireless Mouse,Electronics,S03,Mumbai,45,3413.047880422245,9,153587.154619001,1,1,Wednesday,April,Q2,0,No_Holiday,0,Spring,Stormy,0,3745.788787908752,104.4658941073651,In-Store,Retail,5706.410175544435,307.174309238002,3105.873571184243,-332.74090748650724,0.9111693353985733,1.6719396783963276,High,1,3,4,2
985,2024-08-15,P006,Running Shoes,Apparel,S04,Delhi,70,3134.28,10,197459.64,1,1,Thursday,August,Q3,1,Independence Day,0,Summer,Cloudy,0,3350.87,104.26,Wholesale,Wholesale,8105.83,313.42800000000005,2820.8520000000003,-216.5899999999997,0.9353630549678145,2.5861856630549918,Medium,6,4,8,3
986,2024-08-15,P006,Running Shoes,Apparel,S03,Mumbai,62,1747.782605584385,0,108362.5215462319,1,1,Thursday,October,Q4,1,Independence Day,1,Autumn,Cloudy,0,1827.874419411969,103.7723045855536,Wholesale,Corporate,2445.451435461207,0.0,1747.782605584385,-80.09181382758402,0.9561830873187942,1.3991736887915478,Medium,6,3,10,3
987,2024-08-15,P005,LED Desk Lamp,Home,S03,Mumbai,53,2229.345964887125,2,118155.3361390176,1,1,Thursday,October,Q4,1,Independence Day,0,Autumn,Stormy,0,2117.767449521418,99.20245390605773,Wholesale,Wholesale,3789.684439177086,44.5869192977425,2184.7590455893824,111.57851536570706,1.0526868591690377,1.6999086274027295,Medium,5,3,10,3
988,2024-08-15,P006,Running Shoes,Apparel,S04,Delhi,4,1635.791084897562,6,6543.164339590249,1,0,Thursday,February,Q1,1,Independence Day,0,Winter,Sunny,0,1511.353220211482,97.68721844006348,Online,Corporate,4928.373898788664,98.14746509385371,1537.6436198037084,124.43786468608005,1.0823353952087174,3.0128382189448675,Low,6,4,2,3
989,2024-08-16,P002,Bluetooth Speaker,Electronics,S02,Bengaluru,27,1703.29,0,45988.83,0,1,Friday,August,Q3,0,No_Holiday,0,Summer,Rainy,0,1769.19,102.66,In-Store,Wholesale,68.93,0.0,1703.29,-65.90000000000009,0.9627513155737936,0.04046873990923448,Medium,2,2,8,4
990,2024-08-16,P004,Notebook Pack,Stationery,S01,Chennai,1,846.4096884015253,23,846.4096884015253,1,0,Friday,June,Q2,0,No_Holiday,0,Summer,Stormy,0,767.5086953126329,102.204492097322,Online,Retail,2551.204160296246,194.67422833235082,651.7354600691745,78.90099308889239,1.102801432180196,3.014148107300479,Low,4,1,6,4
991,2024-08-17,P006,Running Shoes,Apparel,S01,Chennai,67,3132.40191799173,17,209870.9285054459,1,1,Saturday,January,Q1,0,No_Holiday,1,Winter,Stormy,1,3225.846174022851,99.25420806688679,Wholesale,Retail,9117.566461760101,532.5083260585941,2599.893591933136,-93.44425603112086,0.9710326373329236,2.9107268800312913,Medium,6,1,1,5
992,2024-08-17,P001,Wireless Mouse,Electronics,S02,Bengaluru,73,962.0278123013386,6,70228.03029799771,1,1,Saturday,April,Q2,0,No_Holiday,0,Spring,Sunny,0,936.3249564345036,101.6189935408803,Wholesale,Corporate,4661.740858067536,57.72166873808032,904.3061435632583,25.702855866834966,1.0274507858518591,4.84574437293641,Low,1,2,4,5
993,2024-08-17,P003,Office Chair,Furniture,S02,Bengaluru,3,1822.745269264138,8,5468.235807792415,1,0,Saturday,March,Q1,0,No_Holiday,1,Spring,Sunny,1,1779.210822914358,96.09511817360303,Wholesale,Corporate,8065.193675013856,145.81962154113103,1676.925647723007,43.534446349779955,1.0244684023889143,4.424750847533327,Medium,3,2,3,5
994,2024-08-17,P007,Yoga Mat,Sports,S04,Delhi,5,1091.62,15,4639.38,1,0,Saturday,August,Q3,0,No_Holiday,1,Summer,Rainy,1,1018.89,99.33,Online,Corporate,8498.86,163.743,927.877,72.7299999999999,1.0713816015467812,7.78554808449827,Low,7,4,8,5
995,2024-08-17,P005,LED Desk Lamp,Home,S03,Mumbai,81,1085.789498156541,10,87948.9493506798,1,1,Saturday,July,Q3,0,No_Holiday,1,Summer,Cloudy,0,1016.911262024323,101.5926086970954,Online,Wholesale,3502.174666517065,108.57894981565408,977.2105483408868,68.87823613221792,1.0677327891866444,3.2254637500759356,Low,5,3,7,5
996,2024-08-17,P001,Wireless Mouse,Electronics,S02,Bengaluru,30,3240.874432309382,0,97226.23296928145,0,1,Saturday,June,Q2,0,No_Holiday,1,Summer,Clear,0,3457.37065290861,95.85122104151384,Online,Retail,30.62511105829907,0.0,3240.874432309382,-216.49622059922785,0.93738125230597,0.00944964443947192,Medium,1,2,6,5
997,2024-08-18,P006,Running Shoes,Apparel,S03,Mumbai,5,959.5071264719804,23,4797.535632359903,1,0,Sunday,January,Q1,0,No_Holiday,0,Winter,Cloudy,1,1043.76535255235,107.4293461487218,Wholesale,Retail,7255.785131574048,220.6866390885555,738.820487383425,-84.25822608036947,0.9192747432415433,7.561991913757748,Low,6,3,1,6
998,2024-08-18,P006,Running Shoes,Apparel,S02,Bengaluru,4,3604.44578922243,3,14417.78315688972,0,1,Sunday,July,Q3,0,No_Holiday,0,Summer,Rainy,0,3748.17974512003,99.11966259456314,Online,Retail,880.4241141745147,108.13337367667289,3496.312415545757,-143.73395589760003,0.9616523310855795,0.24426060638976746,High,6,2,7,6
999,2024-08-18,P005,LED Desk Lamp,Home,S02,Bengaluru,35,1809.225231151049,4,63322.88309028671,0,1,Sunday,June,Q2,0,No_Holiday,0,Summer,Rainy,0,1948.610783502128,102.1864842988351,Online,Corporate,0.0,72.36900924604195,1736.856221905007,-139.385552351079,0.9284692697324761,0.0,Medium,5,2,6,6
1000,2024-08-18,P002,Bluetooth Speaker,Electronics,S03,Mumbai,57,3340.180014492389,3,190390.2608260662,1,1,Sunday,May,Q2,0,No_Holiday,1,Spring,Rainy,1,3519.511164052234,102.995236528541,Wholesale,Wholesale,9683.585252670015,100.20540043477168,3239.9746140576176,-179.33114955984502,0.9490465745949305,2.899120769136642,Medium,2,3,5,6
1001,2024-08-18,P001,Wireless Mouse,Electronics,S03,Mumbai,29,4768.84,5,131381.54,1,1,Sunday,August,Q3,0,No_Holiday,1,Summer,Rainy,0,5211.23,102.58,In-Store,Corporate,7004.62,238.442,4530.398,-442.3899999999994,0.9151083333493245,1.4688309945395526,High,1,3,8,6
1002,2024-08-19,P007,Yoga Mat,Sports,S04,Delhi,26,2545.76,0,66189.76,0,1,Monday,August,Q3,0,No_Holiday,0,Summer,Cloudy,0,2431.13,103.06,Online,Corporate,282.83,0.0,2545.76,114.63000000000011,1.0471509133612764,0.11109845389981772,Medium,7,4,8,0
1003,2024-08-19,P004,Notebook Pack,Stationery,S03,Mumbai,75,2472.299288767181,13,185422.4466575386,1,1,Monday,February,Q1,0,No_Holiday,1,Winter,Cloudy,0,2454.52895730516,98.15343319806763,Wholesale,Corporate,3919.679392959921,321.39890753973356,2150.9003812274477,17.770331462021204,1.0072398133292064,1.5854388709202274,Medium,4,3,2,0
1004,2024-08-19,P005,LED Desk Lamp,Home,S02,Bengaluru,3,3998.727055576173,10,11996.18116672852,1,0,Monday,June,Q2,0,No_Holiday,0,Summer,Rainy,1,4358.189960102565,107.5337142004197,Online,Corporate,8713.545674330435,399.8727055576173,3598.8543500185556,-359.4629045263923,0.9175201384480421,2.1790798804783407,High,5,2,6,0
1005,2024-08-19,P001,Wireless Mouse,Electronics,S02,Bengaluru,27,3234.335816921759,2,87327.06705688748,0,1,Monday,June,Q2,0,No_Holiday,1,Summer,Clear,0,3459.341762460776,95.84809586351297,Online,Retail,630.0424761974352,64.68671633843518,3169.649100583324,-225.00594553901692,0.9349570059886304,0.19479810132921532,Medium,1,2,6,0
1006,2024-08-20,P005,LED Desk Lamp,Home,S02,Bengaluru,52,2009.243563087255,5,104480.6652805373,1,1,Tuesday,January,Q1,0,No_Holiday,1,Winter,Clear,0,2011.881755828284,100.9060208549431,Online,Wholesale,4092.933703438167,100.46217815436276,1908.7813849328923,-2.638192741028888,0.9986886939387037,2.0370520421870943,Medium,5,2,1,1
1007,2024-08-20,P006,Running Shoes,Apparel,S02,Bengaluru,1,3611.50025878035,0,3611.50025878035,0,1,Tuesday,July,Q3,0,No_Holiday,0,Summer,Rainy,0,3737.074387743327,99.91772842653852,Online,Retail,697.895450705631,0.0,3611.50025878035,-125.57412896297683,0.9663977443492083,0.1932425309977187,High,6,2,7,1
1008,2024-08-20,P008,Coffee Maker,Appliances,S01,Chennai,0,2949.03,0,0.0,0,0,Tuesday,August,Q3,0,No_Holiday,0,Summer,Sunny,0,2976.37,109.85,Online,Wholesale,415.04,0.0,2949.03,-27.33999999999969,0.9908143140805747,0.14073780192130972,Medium,8,1,8,1
1009,2024-08-20,P007,Yoga Mat,Sports,S01,Chennai,64,1277.222524899964,24,81742.24159359768,1,1,Tuesday,March,Q1,0,No_Holiday,0,Spring,Stormy,0,1314.684317731563,97.72162750062915,Wholesale,Corporate,5565.962773102076,306.53340597599134,970.6891189239725,-37.46179283159904,0.9715051040570425,4.357864557343302,Low,7,1,3,1
1010,2024-08-20,P006,Running Shoes,Apparel,S01,Chennai,7,3581.89239216588,10,25073.24674516116,1,0,Tuesday,November,Q4,0,No_Holiday,1,Autumn,Clear,1,3389.342728895055,108.8543665797474,In-Store,Wholesale,5174.446537591719,358.189239216588,3223.7031529492924,192.54966327082502,1.056810325385299,1.4446125039682896,High,6,1,11,1
1011,2024-08-21,P002,Bluetooth Speaker,Electronics,S03,Mumbai,1,740.4605609814189,0,740.4605609814189,0,0,Wednesday,August,Q3,0,No_Holiday,1,Summer,Cloudy,0,748.9128403489974,108.2129951212191,Wholesale,Wholesale,919.9101968242976,0.0,740.4605609814189,-8.452279367578512,0.988713934503193,1.2423486749990211,Low,2,3,8,2
1012,2024-08-21,P004,Notebook Pack,Stationery,S03,Mumbai,16,4399.09,0,70385.44,1,1,Wednesday,August,Q3,0,No_Holiday,0,Summer,Cloudy,0,4345.48,109.91,Online,Retail,8201.68,0.0,4399.09,53.61000000000058,1.0123369570220093,1.8644037744169817,High,4,3,8,2
1013,2024-08-22,P006,Running Shoes,Apparel,S04,Delhi,69,996.71,0,68772.99,0,1,Thursday,August,Q3,0,No_Holiday,0,Summer,Sunny,1,966.97,99.22,Wholesale,Retail,161.83,0.0,996.71,29.74000000000001,1.0307558662626555,0.16236417814610068,Low,6,4,8,3
1014,2024-08-22,P007,Yoga Mat,Sports,S04,Delhi,35,4826.325069515252,19,168921.3774330338,1,1,Thursday,October,Q4,0,No_Holiday,0,Autumn,Clear,0,4805.346881377672,96.44315382404704,Wholesale,Retail,5739.92911016272,917.0017632078979,3909.323306307354,20.97818813758022,1.0043655928813127,1.189296002131748,High,7,4,10,3
1015,2024-08-22,P004,Notebook Pack,Stationery,S03,Mumbai,82,918.076872821916,12,75282.30357139712,1,1,Thursday,September,Q3,0,No_Holiday,1,Autumn,Cloudy,0,916.699228824671,105.629573291957,In-Store,Retail,403.9064378542146,110.16922473862992,807.9076480832861,1.377643997245059,1.0015028309765368,0.43994838538162623,Low,4,3,9,3
1016,2024-08-23,P005,LED Desk Lamp,Home,S03,Mumbai,5,2949.13,20,11796.52,1,0,Friday,August,Q3,0,No_Holiday,0,Summer,Sunny,0,3222.08,106.79,Online,Corporate,8736.95,589.826,2359.304,-272.9499999999998,0.9152876402820539,2.9625516677799895,Medium,5,3,8,4
1017,2024-08-23,P005,LED Desk Lamp,Home,S01,Chennai,52,960.7341330244491,1,49958.17491727135,0,1,Friday,March,Q1,0,No_Holiday,0,Spring,Sunny,0,935.9383199788698,103.9203942992489,In-Store,Retail,0.0,9.607341330244491,951.1267916942046,24.79581304557928,1.0264929990751304,0.0,Low,5,1,3,4
1018,2024-08-23,P005,LED Desk Lamp,Home,S02,Bengaluru,87,392.1220374741102,9,34114.61726024759,1,1,Friday,November,Q4,0,No_Holiday,1,Autumn,Stormy,0,374.206005873936,95.53492854519648,Online,Retail,8744.463107197487,35.29098337266991,356.83105410144026,17.916031600174165,1.0478774560507984,22.30036129447287,Low,5,2,11,4
1019,2024-08-23,P008,Coffee Maker,Appliances,S03,Mumbai,52,4328.196396727714,1,225066.2126298411,1,1,Friday,March,Q1,0,No_Holiday,0,Spring,Clear,1,3955.146199988164,109.7972859810935,Online,Retail,6413.548716776904,43.28196396727714,4284.914432760437,373.0501967395503,1.0943202040775803,1.481806306577446,High,8,3,3,4
1020,2024-08-24,P004,Notebook Pack,Stationery,S01,Chennai,47,1358.57180548659,8,63852.87485786973,1,1,Saturday,February,Q1,0,No_Holiday,0,Winter,Clear,0,1412.159780619484,104.3858300897863,In-Store,Corporate,8250.538042453236,108.6857444389272,1249.8860610476627,-53.587975132894144,0.9620524703589942,6.072949555653556,Low,4,1,2,5
1021,2024-08-24,P003,Office Chair,Furniture,S02,Bengaluru,67,1398.45,15,79641.73,1,1,Saturday,August,Q3,0,No_Holiday,1,Summer,Rainy,0,1395.5,103.66,In-Store,Wholesale,4435.14,209.7675,1188.6825000000001,2.9500000000000455,1.0021139376567538,3.1714684114555403,Low,3,2,8,5
1022,2024-08-24,P003,Office Chair,Furniture,S01,Chennai,34,857.4437748286743,0,29153.08834417493,0,1,Saturday,July,Q3,0,No_Holiday,1,Summer,Stormy,0,922.9837109508551,97.48937829284019,Online,Retail,0.0,0.0,857.4437748286743,-65.53993612218073,0.9289912320828916,0.0,Low,3,1,7,5
1023,2024-08-24,P007,Yoga Mat,Sports,S03,Mumbai,10,943.7840510633038,0,9437.840510633037,0,0,Saturday,February,Q1,0,No_Holiday,0,Winter,Rainy,0,904.4157018620166,102.5977589831904,Wholesale,Corporate,754.0763884990607,0.0,943.7840510633038,39.368349201287174,1.0435290421431598,0.7989925106802652,Low,7,3,2,5
1024,2024-08-25,P006,Running Shoes,Apparel,S03,Mumbai,20,3787.886943634548,2,75757.73887269096,0,1,Sunday,May,Q2,0,No_Holiday,0,Spring,Rainy,0,3991.367166723031,106.302071581537,In-Store,Retail,0.0,75.75773887269096,3712.129204761857,-203.48022308848294,0.949019918592069,0.0,High,6,3,5,6
1025,2024-08-25,P008,Coffee Maker,Appliances,S01,Chennai,86,3241.41,20,223009.01,1,1,Sunday,August,Q3,0,No_Holiday,1,Summer,Stormy,1,3403.35,105.42,In-Store,Corporate,9527.41,648.2819999999999,2593.1279999999997,-161.94000000000005,0.9524174710211997,2.9392795110769696,Medium,8,1,8,6
1026,2024-08-25,P003,Office Chair,Furniture,S01,Chennai,104,1528.697847992043,22,158984.5761911725,1,1,Sunday,March,Q1,0,No_Holiday,1,Spring,Cloudy,1,1458.83352552509,95.46581933676654,Wholesale,Corporate,8214.650969305845,336.3135265582495,1192.3843214337935,69.86432246695313,1.047890538052864,5.37362630561419,Low,3,1,3,6
1027,2024-08-25,P006,Running Shoes,Apparel,S01,Chennai,75,1683.614851815891,7,126271.1138861919,1,1,Sunday,April,Q2,0,No_Holiday,1,Spring,Sunny,0,1795.743291395624,96.5589867198512,Online,Wholesale,6505.970942215944,117.85303962711235,1565.7618121887785,-112.12843957973314,0.9375587590291992,3.8642869746598043,Low,6,1,4,6
1028,2024-08-26,P004,Notebook Pack,Stationery,S02,Bengaluru,1,323.3355166090667,0,323.3355166090667,1,0,Monday,February,Q1,0,No_Holiday,0,Winter,Sunny,0,312.5399875759714,104.1904988097652,Online,Wholesale,7029.25509594209,0.0,323.3355166090667,10.795529033095306,1.0345412729962151,21.739817418328677,Low,4,2,2,0
1029,2024-08-26,P001,Wireless Mouse,Electronics,S01,Chennai,38,2581.141232903464,4,98083.36685033163,0,1,Monday,August,Q3,0,No_Holiday,1,Summer,Clear,0,2403.588377885106,104.6730013833794,Online,Retail,604.8231502700401,103.24564931613855,2477.8955835873253,177.5528550183576,1.0738699091125514,0.23432392716832817,Medium,1,1,8,0
1030,2024-08-26,P001,Wireless Mouse,Electronics,S01,Chennai,50,3409.900614941535,6,170495.0307470768,1,1,Monday,December,Q4,0,No_Holiday,0,Winter,Clear,1,3239.691829357866,95.77745344493502,In-Store,Corporate,9059.72339161309,204.5940368964921,3205.306578045043,170.20878558366894,1.052538572972049,2.656887814241596,High,1,1,12,0
1031,2024-08-26,P006,Running Shoes,Apparel,S01,Chennai,46,4370.76,20,160843.97,1,1,Monday,August,Q3,0,No_Holiday,0,Summer,Stormy,0,4676.81,106.94,In-Store,Retail,9697.22,874.1520000000002,3496.608,-306.0500000000002,0.9345600954496761,2.218657624760911,High,6,1,8,0
1032,2024-08-26,P008,Coffee Maker,Appliances,S02,Bengaluru,33,3132.650929920995,0,103377.4806873928,1,1,Monday,March,Q1,0,No_Holiday,1,Spring,Sunny,0,3161.31986005824,95.76866254000947,Online,Retail,9248.59974633354,0.0,3132.650929920995,-28.668930137244843,0.9909313415262204,2.9523237517455505,Medium,8,2,3,0
1033,2024-08-27,P007,Yoga Mat,Sports,S03,Mumbai,69,3807.461051031382,21,262714.8125211654,1,1,Tuesday,February,Q1,0,No_Holiday,1,Winter,Cloudy,0,3794.239394909984,106.1881806293661,Online,Corporate,3022.16702053341,799.5668207165902,3007.8942303147915,13.2216561213977,1.0034846657644045,0.7937486372223694,High,7,3,2,1
1034,2024-08-27,P004,Notebook Pack,Stationery,S04,Delhi,99,1488.98,20,117927.22,1,1,Tuesday,August,Q3,0,No_Holiday,0,Summer,Cloudy,1,1512.19,103.49,In-Store,Corporate,8994.47,297.796,1191.184,-23.210000000000036,0.9846513996257084,6.040692285994439,Low,4,4,8,1
1035,2024-08-28,P001,Wireless Mouse,Electronics,S01,Chennai,82,677.96,20,44474.18,1,1,Wednesday,August,Q3,0,No_Holiday,0,Summer,Sunny,0,736.19,97.37,In-Store,Retail,9922.46,135.592,542.368,-58.23000000000002,0.9209035710889851,14.635760221841995,Low,1,1,8,2
1036,2024-08-28,P003,Office Chair,Furniture,S01,Chennai,37,3342.874436209871,0,123686.3541397652,0,1,Wednesday,November,Q4,0,No_Holiday,1,Autumn,Stormy,0,3500.360105304067,103.5704910547319,Wholesale,Retail,75.08440037599988,0.0,3342.874436209871,-157.48566909419606,0.9550087235723093,0.0224610292156621,Medium,3,1,11,2
1037,2024-08-28,P006,Running Shoes,Apparel,S04,Delhi,1,1634.667849436856,5,1634.667849436856,1,0,Wednesday,February,Q1,0,No_Holiday,0,Winter,Sunny,0,1508.825045448523,97.29529746078502,Online,Corporate,4920.529048211286,81.7333924718428,1552.9344569650132,125.84280398833289,1.0834045036354258,3.0101093931139657,Low,6,4,2,2
1038,2024-08-29,P006,Running Shoes,Apparel,S02,Bengaluru,23,2255.727543708444,0,51881.73350529421,0,1,Thursday,January,Q1,0,No_Holiday,0,Winter,Sunny,0,2132.86173459089,98.32151760763715,Online,Corporate,128.883276800178,0.0,2255.727543708444,122.86580911755391,1.0576060825345162,0.05713601235204687,Medium,6,2,1,3
1039,2024-08-29,P007,Yoga Mat,Sports,S02,Bengaluru,0,4979.33,0,0.0,0,1,Thursday,August,Q3,0,No_Holiday,0,Summer,Cloudy,0,5133.28,98.76,In-Store,Wholesale,451.9,0.0,4979.33,-153.94999999999982,0.9700094286693888,0.09075518192206582,High,7,2,8,3
1040,2024-08-30,P005,LED Desk Lamp,Home,S04,Delhi,47,4080.469726393866,6,191782.0771405117,1,1,Friday,December,Q4,0,No_Holiday,1,Winter,Sunny,0,3781.177893766559,104.9350340628178,Online,Corporate,7544.852215699755,244.82818358363198,3835.641542810234,299.29183262730703,1.07915306844481,1.849015608888625,High,5,4,12,4
1041,2024-08-30,P003,Office Chair,Furniture,S01,Chennai,10,1004.884855946077,4,10048.84855946077,1,0,Friday,January,Q1,0,No_Holiday,0,Winter,Clear,0,1073.867951600296,105.4292948732433,In-Store,Retail,2428.048772550229,40.19539423784308,964.6894617082339,-68.98309565421903,0.9357620314942641,2.4162457600819094,Low,3,1,1,4
1042,2024-08-30,P003,Office Chair,Furniture,S01,Chennai,33,2102.44,0,69380.52,0,1,Friday,August,Q3,0,No_Holiday,0,Summer,Sunny,0,1892.65,102.15,Online,Wholesale,113.1,0.0,2102.44,209.78999999999996,1.110844582992101,0.05379463861037651,Medium,3,1,8,4
1043,2024-08-30,P007,Yoga Mat,Sports,S02,Bengaluru,61,1245.586573320347,8,75980.78097254118,1,1,Friday,June,Q2,0,No_Holiday,0,Summer,Rainy,0,1203.786260036233,102.0608048211323,Online,Wholesale,3804.45830495613,99.64692586562776,1145.9396474547193,41.800313284114054,1.0347240325561249,3.054350766494396,Low,7,2,6,4
1044,2024-08-31,P008,Coffee Maker,Appliances,S01,Chennai,65,238.7,0,15515.5,0,1,Saturday,August,Q3,0,No_Holiday,1,Summer,Rainy,0,218.21,100.75,Wholesale,Retail,51.6,0.0,238.7,20.48999999999998,1.093900371202053,0.2161709258483452,Low,8,1,8,5
1045,2024-08-31,P003,Office Chair,Furniture,S04,Delhi,55,4180.158658062461,4,229908.7261934353,1,1,Saturday,April,Q2,0,No_Holiday,1,Spring,Clear,0,3919.544477596732,103.9807131577528,Wholesale,Wholesale,1786.447130712332,167.20634632249843,4012.952311739962,260.6141804657286,1.0664909358613845,0.42736347513191414,High,3,4,4,5
1046,2024-09-01,P006,Running Shoes,Apparel,S03,Mumbai,1,962.9112309986574,16,962.9112309986574,1,0,Sunday,January,Q1,0,No_Holiday,0,Winter,Cloudy,1,1047.668528064619,106.7698549351564,Wholesale,Retail,6626.518762079231,154.0657969597852,808.8454340388722,-84.75729706596167,0.919099128402248,6.881754567559375,Low,6,3,1,6
1047,2024-09-01,P006,Running Shoes,Apparel,S04,Delhi,47,2458.855749199684,3,115566.2202123852,1,1,Sunday,January,Q1,0,No_Holiday,0,Winter,Sunny,0,2254.988239857347,109.9779458231973,Wholesale,Corporate,8309.845341853565,73.76567247599053,2385.0900767236935,203.86750934233714,1.0904073492441957,3.3795578876712384,Medium,6,4,1,6
1048,2024-09-01,P001,Wireless Mouse,Electronics,S03,Mumbai,1,4324.055134984747,0,4324.055134984747,0,0,Sunday,April,Q2,0,No_Holiday,0,Spring,Cloudy,0,3991.142679172787,108.1611342714123,Online,Retail,425.825092907798,0.0,4324.055134984747,332.91245581196017,1.083412817474358,0.09847818300524516,High,1,3,4,6
1049,2024-09-01,P008,Coffee Maker,Appliances,S02,Bengaluru,46,668.1071712528382,0,30732.92987763055,0,1,Sunday,October,Q4,0,No_Holiday,0,Autumn,Sunny,0,710.624962556866,99.77430484071914,In-Store,Corporate,51.95409966015791,0.0,668.1071712528382,-42.51779130402781,0.9401684523562942,0.07776312228879882,Low,8,2,10,6
1050,2024-09-01,P006,Running Shoes,Apparel,S04,Delhi,28,1717.50162308249,0,48090.04544630972,0,1,Sunday,September,Q3,0,No_Holiday,0,Autumn,Sunny,0,1718.297366372504,104.0507415226215,Wholesale,Corporate,817.6603723748269,0.0,1717.50162308249,-0.7957432900141157,0.9995369001282391,0.47607545832028336,Medium,6,4,9,6
1051,2024-09-01,P006,Running Shoes,Apparel,S04,Delhi,62,2628.803529780047,16,162985.8188463629,1,1,Sunday,October,Q4,0,No_Holiday,1,Autumn,Sunny,0,2548.039132916249,103.767569137649,Online,Corporate,6402.301874099342,420.6085647648075,2208.1949650152396,80.76439686379808,1.0316966862166526,2.435443273554576,Medium,6,4,10,6
1052,2024-09-01,P004,Notebook Pack,Stationery,S01,Chennai,2,2533.691302489177,0,5067.382604978354,0,0,Sunday,March,Q1,0,No_Holiday,0,Spring,Stormy,0,2538.662747385577,105.5154839405142,In-Store,Retail,0.0,0.0,2533.691302489177,-4.971444896400044,0.9980417072328651,0.0,Medium,4,1,3,6
1053,2024-09-01,P007,Yoga Mat,Sports,S04,Delhi,73,3843.566875824627,18,280580.3819351977,1,1,Sunday,October,Q4,0,No_Holiday,0,Autumn,Sunny,1,4065.53682968816,96.06204145600289,Wholesale,Wholesale,3957.598181645194,691.8420376484329,3151.724838176194,-221.9699538635332,0.945402055580306,1.0296680946382915,High,7,4,10,6
1054,2024-09-01,P006,Running Shoes,Apparel,S03,Mumbai,87,858.22,20,59732.11,1,1,Sunday,September,Q3,0,No_Holiday,1,Autumn,Rainy,0,863.46,95.13,Wholesale,Retail,4680.94,171.644,686.576,-5.240000000000009,0.9939313923053761,5.454242501922583,Low,6,3,9,6
1055,2024-09-02,P006,Running Shoes,Apparel,S02,Bengaluru,1,4415.605606778881,20,4415.605606778881,1,0,Monday,May,Q2,0,No_Holiday,0,Spring,Clear,0,4641.031778061157,96.78922608311147,Wholesale,Retail,8471.31452422013,883.1211213557763,3532.484485423105,-225.4261712822754,0.9514275742846885,1.9184943762221165,High,6,2,5,0
1056,2024-09-02,P007,Yoga Mat,Sports,S02,Bengaluru,66,1236.388350761639,14,81601.63115026815,1,1,Monday,June,Q2,0,No_Holiday,0,Summer,Rainy,0,1208.10611421178,102.0035128237177,Online,Wholesale,3423.733636745085,173.09436910662944,1063.2939816550095,28.282236549858908,1.0234103910386312,2.7691409698546567,Low,7,2,6,0
1057,2024-09-02,P006,Running Shoes,Apparel,S01,Chennai,56,3279.369983088299,16,183644.7190529447,1,1,Monday,May,Q2,0,No_Holiday,0,Spring,Sunny,0,3258.167907572429,102.2226398923114,In-Store,Wholesale,9584.086499549676,524.6991972941278,2754.670785794171,21.202075515869637,1.0065073612279445,2.922538947717025,Medium,6,1,5,0
1058,2024-09-02,P004,Notebook Pack,Stationery,S03,Mumbai,77,2577.126616375519,24,198438.749460915,1,1,Monday,August,Q3,0,No_Holiday,0,Summer,Rainy,1,2474.696490196378,109.9000417994718,Online,Corporate,6442.051087786213,618.5103879301246,1958.6162284453944,102.4301261791411,1.0413909853531222,2.4997029819382095,Medium,4,3,8,0
1059,2024-09-02,P004,Notebook Pack,Stationery,S02,Bengaluru,31,4615.49,10,128772.17,1,1,Monday,September,Q3,0,No_Holiday,0,Autumn,Rainy,0,4981.58,97.1,Online,Wholesale,7435.09,461.5489999999999,4153.941,-366.09000000000015,0.926511267509505,1.610899384464055,High,4,2,9,0
1060,2024-09-02,P003,Office Chair,Furniture,S04,Delhi,1,2750.510600798621,3,2750.510600798621,1,0,Monday,May,Q2,0,No_Holiday,0,Spring,Clear,0,2574.496420607031,104.8421721678982,In-Store,Corporate,5611.332787739905,82.51531802395863,2667.9952827746624,176.01418019159019,1.068368391885388,2.040105857476293,Medium,3,4,5,0
1061,2024-09-03,P008,Coffee Maker,Appliances,S01,Chennai,103,666.5212876373151,17,68651.69262664346,1,1,Tuesday,November,Q4,0,No_Holiday,1,Autumn,Sunny,0,648.4863674518328,104.0465874482265,In-Store,Wholesale,5472.354489170721,113.30861889834358,553.2126687389716,18.034920185482292,1.0278107930878313,8.210322146752619,Low,8,1,11,1
1062,2024-09-03,P006,Running Shoes,Apparel,S04,Delhi,29,1709.62,0,49578.98,0,1,Tuesday,September,Q3,0,No_Holiday,0,Autumn,Sunny,0,1727.88,104.0,Wholesale,Corporate,389.48,0.0,1709.62,-18.26000000000022,0.9894321364909598,0.22781670780641314,Medium,6,4,9,1
1063,2024-09-04,P001,Wireless Mouse,Electronics,S02,Bengaluru,102,1134.75218658348,23,115744.7230315149,1,1,Wednesday,October,Q4,0,No_Holiday,1,Autumn,Sunny,0,1020.792109253894,95.76649294102197,In-Store,Wholesale,2795.820165808863,260.99300291420036,873.7591836692795,113.96007732958594,1.1116388697527064,2.463815623238884,Low,1,2,10,2
1064,2024-09-04,P001,Wireless Mouse,Electronics,S03,Mumbai,0,1186.14,10,0.0,1,0,Wednesday,September,Q3,0,No_Holiday,0,Autumn,Rainy,0,1137.64,95.82,Online,Corporate,4165.91,118.61400000000002,1067.526,48.5,1.0426321156077494,3.512157080951658,Low,1,3,9,2
1065,2024-09-04,P008,Coffee Maker,Appliances,S02,Bengaluru,58,329.8438108938959,0,19130.94103184596,0,1,Wednesday,July,Q3,0,No_Holiday,0,Summer,Cloudy,0,300.3046649789202,105.3487520256092,In-Store,Corporate,290.1448654243579,0.0,329.8438108938959,29.539145914975734,1.0983639262382061,0.8796432003318432,Low,8,2,7,2
1066,2024-09-04,P001,Wireless Mouse,Electronics,S02,Bengaluru,102,1119.366204895904,23,114175.3528993822,1,1,Wednesday,October,Q4,0,No_Holiday,1,Autumn,Sunny,0,1012.690474424782,96.11852400399458,In-Store,Wholesale,2613.62081640328,257.4542271260579,861.9119777698461,106.67573047112205,1.1053389294806144,2.3349113140737843,Low,1,2,10,2
1067,2024-09-04,P008,Coffee Maker,Appliances,S03,Mumbai,48,2511.298390007613,14,120542.3227203654,1,1,Wednesday,June,Q2,0,No_Holiday,0,Summer,Cloudy,0,2533.512910627378,103.2041562038314,In-Store,Corporate,9243.151153740964,351.5817746010658,2159.716615406547,-22.214520619765153,0.9912317318271474,3.6806264004784173,Medium,8,3,6,2
1068,2024-09-05,P001,Wireless Mouse,Electronics,S03,Mumbai,82,2960.066840833255,15,242725.4809483269,1,1,Thursday,March,Q1,0,No_Holiday,1,Spring,Stormy,1,3058.029135701679,108.5801705344733,Online,Wholesale,4584.821630802756,444.0100261249882,2516.0568147082668,-97.96229486842412,0.9679655456108183,1.5488912505476176,Medium,1,3,3,3
1069,2024-09-05,P004,Notebook Pack,Stationery,S04,Delhi,31,3262.8,0,101146.8,0,1,Thursday,September,Q3,0,No_Holiday,0,Autumn,Cloudy,0,3188.96,107.58,In-Store,Corporate,273.18,0.0,3262.8,73.84000000000015,1.023154884351011,0.08372563442442074,Medium,4,4,9,3
1070,2024-09-05,P003,Office Chair,Furniture,S03,Mumbai,68,267.1861459582756,6,18168.65792516274,1,1,Thursday,March,Q1,0,No_Holiday,0,Spring,Cloudy,0,284.4665501295323,103.7988061556774,Wholesale,Retail,6680.219745466509,16.031168757496534,251.15497720077903,-17.280404171256748,0.939253300033385,25.00211873451593,Low,3,3,3,3
1071,2024-09-05,P004,Notebook Pack,Stationery,S02,Bengaluru,1,3977.460772096256,0,3977.460772096256,0,0,Thursday,April,Q2,0,No_Holiday,1,Spring,Rainy,1,3747.039452662558,108.2199283140266,In-Store,Retail,697.4973450171431,0.0,3977.460772096256,230.42131943369805,1.061494233606205,0.17536246992312596,High,4,2,4,3
1072,2024-09-05,P004,Notebook Pack,Stationery,S01,Chennai,72,3448.433254019608,15,248287.1942894118,1,1,Thursday,November,Q4,0,No_Holiday,1,Autumn,Rainy,0,3312.506607029609,96.34347580883035,Wholesale,Wholesale,3323.56666651044,517.2649881029412,2931.1682659166668,135.92664698999897,1.0410343776225361,0.9637903423638491,High,4,1,11,3
1073,2024-09-06,P003,Office Chair,Furniture,S04,Delhi,62,4781.37,20,237155.95,1,1,Friday,September,Q3,0,No_Holiday,0,Autumn,Sunny,1,4367.81,98.93,Online,Retail,9512.46,956.2739999999999,3825.096,413.5599999999995,1.0946836057429237,1.989484185494952,High,3,4,9,4
1074,2024-09-07,P007,Yoga Mat,Sports,S03,Mumbai,48,3217.14,10,138980.45,1,1,Saturday,September,Q3,0,No_Holiday,1,Autumn,Stormy,0,2948.46,103.05,Wholesale,Retail,3135.94,321.714,2895.426,268.67999999999984,1.0911255367208643,0.974760190728411,Medium,7,3,9,5
1075,2024-09-07,P004,Notebook Pack,Stationery,S02,Bengaluru,31,4339.321186493345,14,134518.9567812937,1,1,Saturday,May,Q2,0,No_Holiday,0,Spring,Cloudy,0,4056.367590856039,109.2576187240135,In-Store,Corporate,5240.161690954914,607.5049661090683,3731.816220384276,282.9535956373056,1.0697554127676068,1.207599406853206,High,4,2,5,5
1076,2024-09-07,P004,Notebook Pack,Stationery,S02,Bengaluru,71,3129.450569815915,13,222190.99045693,1,1,Saturday,June,Q2,0,No_Holiday,0,Summer,Stormy,1,3020.109843033084,100.5722298590838,Online,Retail,9434.416315473518,406.828574076069,2722.621995739846,109.3407267828311,1.0362042218547325,3.0147197103766628,Medium,4,2,6,5
1077,2024-09-07,P006,Running Shoes,Apparel,S01,Chennai,64,665.0746235839937,0,42564.7759093756,0,1,Saturday,July,Q3,0,No_Holiday,1,Summer,Clear,1,738.5710329219819,100.8252427776849,In-Store,Retail,527.1563940767073,0.0,665.0746235839937,-73.49640933798821,0.9004883673176065,0.7926274366565599,Low,6,1,7,5
1078,2024-09-08,P003,Office Chair,Furniture,S02,Bengaluru,2,4640.217352263905,4,9280.43470452781,0,1,Sunday,June,Q2,0,No_Holiday,0,Summer,Sunny,0,5026.327204660851,103.9832154559703,Online,Wholesale,0.0,185.6086940905562,4454.608658173349,-386.1098523969458,0.9231825074899798,0.0,High,3,2,6,6
1079,2024-09-08,P005,LED Desk Lamp,Home,S01,Chennai,7,2654.26,0,18579.82,0,0,Sunday,September,Q3,0,No_Holiday,1,Autumn,Cloudy,0,2700.15,106.45,Wholesale,Wholesale,321.58,0.0,2654.26,-45.88999999999987,0.9830046478899321,0.12115617912337147,Medium,5,1,9,6
1080,2024-09-09,P005,LED Desk Lamp,Home,S04,Delhi,75,3703.8,20,222228.0,1,1,Monday,September,Q3,0,No_Holiday,0,Autumn,Sunny,0,3397.28,101.52,In-Store,Wholesale,6283.91,740.76,2963.04,306.52,1.0902251212734895,1.6966115880987094,High,5,4,9,0
1081,2024-09-09,P004,Notebook Pack,Stationery,S04,Delhi,1,1986.257504358301,8,1986.257504358301,1,0,Monday,July,Q3,0,No_Holiday,1,Summer,Stormy,0,1798.945505004674,102.9420702477541,In-Store,Retail,402.6725771538336,158.90060034866409,1827.356904009637,187.31199935362702,1.1041232204269247,0.20272929178129134,Medium,4,4,7,0
1082,2024-09-09,P006,Running Shoes,Apparel,S04,Delhi,69,3127.670299349737,9,215809.2506551319,1,1,Monday,August,Q3,0,No_Holiday,0,Summer,Cloudy,0,3355.698429261837,104.2000757209402,Wholesale,Wholesale,7957.940123289536,281.4903269414763,2846.1799724082607,-228.0281299121002,0.9320474903454717,2.5443666888239607,Medium,6,4,8,0
1083,2024-09-10,P008,Coffee Maker,Appliances,S03,Mumbai,31,3801.793248815872,0,117855.590713292,1,1,Tuesday,November,Q4,0,No_Holiday,0,Autumn,Rainy,0,3963.223144592814,96.92752447657757,Wholesale,Retail,6253.2867125677,0.0,3801.793248815872,-161.42989577694198,0.9592680275908291,1.6448255608101214,High,8,3,11,1
1084,2024-09-10,P005,LED Desk Lamp,Home,S02,Bengaluru,88,773.33,15,57845.08,1,1,Tuesday,September,Q3,0,No_Holiday,0,Autumn,Sunny,0,772.78,100.2,Wholesale,Wholesale,2962.85,115.99950000000001,657.3305,0.5500000000000682,1.0007117161417223,3.8312880658968353,Low,5,2,9,1
1085,2024-09-10,P004,Notebook Pack,Stationery,S02,Bengaluru,32,2990.23735801589,0,95687.59545650847,0,1,Tuesday,June,Q2,0,No_Holiday,0,Summer,Stormy,1,3233.124270748859,104.7289196783085,In-Store,Corporate,0.0,0.0,2990.23735801589,-242.886912732969,0.9248754788269518,0.0,Medium,4,2,6,1
1086,2024-09-10,P005,LED Desk Lamp,Home,S02,Bengaluru,52,2898.190268008255,5,150705.8939364293,1,1,Tuesday,July,Q3,0,No_Holiday,0,Summer,Clear,0,2833.165872096282,106.5245564766203,Wholesale,Wholesale,1530.440860565583,144.90951340041275,2753.280754607842,65.02439591197299,1.0229511432960545,0.528067766101968,Medium,5,2,7,1
1087,2024-09-11,P003,Office Chair,Furniture,S01,Chennai,57,3064.280890678209,15,174664.0107686579,1,1,Wednesday,June,Q2,0,No_Holiday,0,Summer,Clear,0,3136.275789356762,106.6736851563122,In-Store,Corporate,97.30080391036097,459.6421336017313,2604.6387570764773,-71.994898678553,0.9770444618031124,0.03175322608523191,Medium,3,1,6,2
1088,2024-09-11,P006,Running Shoes,Apparel,S04,Delhi,1,1946.310642749419,0,1946.310642749419,1,0,Wednesday,January,Q1,0,No_Holiday,0,Winter,Cloudy,0,2075.388610732575,101.3351647177443,In-Store,Wholesale,3046.57026593314,0.0,1946.310642749419,-129.0779679831562,0.9378053983164175,1.5653052493354607,Medium,6,4,1,2
1089,2024-09-11,P007,Yoga Mat,Sports,S03,Mumbai,79,3350.203231042427,20,264666.0552523517,1,1,Wednesday,July,Q3,0,No_Holiday,0,Summer,Stormy,1,3450.051713911997,102.5761847392535,Wholesale,Corporate,5261.720628605491,670.0406462084854,2680.1625848339418,-99.84848286957003,0.971058844577042,1.5705675941839172,Medium,7,3,7,2
1090,2024-09-11,P008,Coffee Maker,Appliances,S04,Delhi,71,464.0939404946604,14,32950.66977512089,1,1,Wednesday,March,Q1,0,No_Holiday,0,Spring,Clear,0,481.5894408579545,106.5028472874945,Online,Corporate,5990.945754203723,64.97315166925246,399.12078882540794,-17.495500363294127,0.9636713372865364,12.908907510876348,Low,8,4,3,2
1091,2024-09-11,P007,Yoga Mat,Sports,S02,Bengaluru,1,4112.782112227836,21,4112.782112227836,1,0,Wednesday,May,Q2,0,No_Holiday,0,Spring,Rainy,0,3745.847325499527,102.485211977932,In-Store,Wholesale,9125.47288140751,863.6842435678454,3249.09786865999,366.9347867283086,1.0979577529042448,2.218807763794803,High,7,2,5,2
1092,2024-09-11,P006,Running Shoes,Apparel,S02,Bengaluru,45,3798.93,20,136761.48,1,1,Wednesday,September,Q3,0,No_Holiday,0,Autumn,Sunny,0,3673.57,101.44,Wholesale,Retail,2998.02,759.786,3039.144,125.35999999999967,1.0341248431362406,0.7891748466015431,High,6,2,9,2
1093,2024-09-12,P003,Office Chair,Furniture,S02,Bengaluru,65,1397.783733645549,18,90855.94268696068,1,1,Thursday,August,Q3,0,No_Holiday,1,Summer,Rainy,0,1388.041636070383,103.2152544320569,In-Store,Wholesale,4139.743625095153,251.60107205619883,1146.1826615893503,9.742097575166099,1.0070185917497017,2.9616481616210537,Low,3,2,8,3
1094,2024-09-12,P002,Bluetooth Speaker,Electronics,S04,Delhi,22,2384.95,0,52468.9,0,1,Thursday,September,Q3,0,No_Holiday,0,Autumn,Clear,0,2321.84,98.83,Online,Wholesale,337.06,0.0,2384.95,63.10999999999967,1.0271810288391963,0.14132791043837398,Medium,2,4,9,3
1095,2024-09-12,P001,Wireless Mouse,Electronics,S03,Mumbai,3,1581.724558962357,2,4745.173676887071,1,0,Thursday,February,Q1,0,No_Holiday,0,Winter,Clear,0,1574.24008070972,101.4272639648711,Online,Wholesale,5389.550050111301,31.63449117924714,1550.0900677831098,7.484478252637018,1.0047543436000326,3.4073884859238412,Low,1,3,2,3
1096,2024-09-12,P006,Running Shoes,Apparel,S02,Bengaluru,74,2407.81446859212,12,178178.2706758169,1,1,Thursday,June,Q2,0,No_Holiday,1,Summer,Clear,0,2491.05583590782,107.7081166065113,Wholesale,Wholesale,7791.721312499021,288.93773623105443,2118.876732361066,-83.24136731569979,0.9665839014462059,3.2360139928285006,Medium,6,2,6,3
1097,2024-09-13,P007,Yoga Mat,Sports,S01,Chennai,63,1324.108783941737,0,83418.85338832941,1,1,Friday,August,Q3,0,No_Holiday,0,Summer,Cloudy,1,1343.14083126954,106.114832559501,Wholesale,Corporate,3974.500907667834,0.0,1324.108783941737,-19.032047327802957,0.9858301922741685,3.0016422788436983,Low,7,1,8,4
1098,2024-09-13,P002,Bluetooth Speaker,Electronics,S02,Bengaluru,23,3755.74,0,86382.02,0,1,Friday,September,Q3,0,No_Holiday,0,Autumn,Rainy,0,3734.53,100.74,Online,Retail,465.58,0.0,3755.74,21.20999999999958,1.0056794295399956,0.12396491769930826,High,2,2,9,4
1099,2024-09-13,P002,Bluetooth Speaker,Electronics,S04,Delhi,44,4476.801067811305,11,196979.2469836974,1,1,Friday,November,Q4,0,No_Holiday,0,Autumn,Stormy,1,4282.370167214013,96.09157443511032,Online,Retail,9739.394038905553,492.4481174592436,3984.3529503520613,194.43090059729184,1.0454026375594203,2.175525311797496,High,2,4,11,4
1100,2024-09-13,P002,Bluetooth Speaker,Electronics,S01,Chennai,29,4662.364105801565,1,135208.5590682454,1,1,Friday,March,Q1,0,No_Holiday,0,Spring,Stormy,0,4530.602982409866,106.0074700135755,In-Store,Corporate,8067.276752241452,46.62364105801564,4615.740464743549,131.76112339169867,1.0290824695748586,1.7302974562203368,High,2,1,3,4
1101,2024-09-13,P004,Notebook Pack,Stationery,S01,Chennai,8,3173.088452917579,2,25384.70762334063,0,0,Friday,June,Q2,0,No_Holiday,0,Summer,Cloudy,0,2933.077459984486,100.5163723722352,Wholesale,Retail,104.9458958858185,63.461769058351585,3109.626683859228,240.01099293309335,1.0818290673217894,0.03307373791906849,Medium,4,1,6,4
1102,2024-09-14,P003,Office Chair,Furniture,S02,Bengaluru,32,1619.282140353263,0,51817.02849130442,0,1,Saturday,January,Q1,0,No_Holiday,0,Winter,Sunny,0,1657.401830427175,102.2367562065483,Wholesale,Retail,0.0,0.0,1619.282140353263,-38.1196900739119,0.9770003330670348,0.0,Low,3,2,1,5
1103,2024-09-14,P003,Office Chair,Furniture,S04,Delhi,104,1223.078486746681,15,127200.1626216549,1,1,Saturday,August,Q3,0,No_Holiday,1,Summer,Cloudy,1,1306.432829560505,107.5129748528791,In-Store,Wholesale,7503.107769525123,183.46177301200217,1039.6167137346788,-83.35434281382413,0.9361969931191447,6.134608572408924,Low,3,4,8,5
1104,2024-09-14,P006,Running Shoes,Apparel,S02,Bengaluru,40,3346.775351412226,3,133871.014056489,1,1,Saturday,January,Q1,0,No_Holiday,0,Winter,Rainy,0,3106.967540962401,106.6175486864782,Wholesale,Corporate,7710.860443830663,100.40326054236677,3246.372090869859,239.80781044982496,1.0771838801944944,2.303967142753379,Medium,6,2,1,5
1105,2024-09-14,P001,Wireless Mouse,Electronics,S04,Delhi,57,1277.67,0,72827.19,1,1,Saturday,September,Q3,0,No_Holiday,1,Autumn,Cloudy,0,1295.95,96.79,Wholesale,Retail,2203.77,0.0,1277.67,-18.279999999999973,0.9858945175353988,1.7248350513043273,Low,1,4,9,5
1106,2024-09-15,P001,Wireless Mouse,Electronics,S04,Delhi,81,530.85,5,40848.91,1,1,Sunday,September,Q3,0,No_Holiday,1,Autumn,Cloudy,0,486.94,101.85,In-Store,Retail,3270.15,26.5425,504.3075,43.910000000000025,1.090175380950425,6.1602147499293585,Low,1,4,9,6
1107,2024-09-15,P003,Office Chair,Furniture,S01,Chennai,3,1556.202658633491,17,4668.607975900472,1,0,Sunday,February,Q1,0,No_Holiday,0,Winter,Cloudy,0,1659.95310596601,106.5799083957375,Wholesale,Corporate,2930.464302374703,264.55445196769347,1291.6482066657975,-103.75044733251912,0.9374979648764586,1.8830865543874329,Low,3,1,2,6
1108,2024-09-15,P007,Yoga Mat,Sports,S04,Delhi,29,2555.067036678562,3,74096.9440636783,0,1,Sunday,August,Q3,0,No_Holiday,0,Summer,Cloudy,0,2434.96303649245,103.0644200794927,Online,Corporate,744.7583374873795,76.65201110035687,2478.415025578205,120.10400018611199,1.0493247734713547,0.2914828952807132,Medium,7,4,8,6
1109,2024-09-16,P005,LED Desk Lamp,Home,S04,Delhi,47,4076.128142594499,13,191578.0227019414,1,1,Monday,December,Q4,0,No_Holiday,1,Winter,Sunny,0,3798.119140550181,104.819223291513,Online,Corporate,7988.022802773825,529.8966585372849,3546.231484057214,278.0090020443181,1.0731964932527227,1.959708459432623,High,5,4,12,0
1110,2024-09-16,P005,LED Desk Lamp,Home,S02,Bengaluru,74,2426.85,10,161628.21,1,1,Monday,September,Q3,0,No_Holiday,0,Autumn,Rainy,1,2553.28,98.68,Online,Corporate,727.15,242.685,2184.165,-126.43000000000029,0.9504832999122697,0.29962708861281084,Medium,5,2,9,0
1111,2024-09-17,P007,Yoga Mat,Sports,S02,Bengaluru,5,4137.360589812862,0,20686.80294906431,0,0,Tuesday,June,Q2,0,No_Holiday,0,Summer,Sunny,0,3748.08826327941,99.63799759617288,Online,Corporate,755.4507608933012,0.0,4137.360589812862,389.27232653345163,1.1038589006420185,0.18259243894607485,High,7,2,6,1
1112,2024-09-17,P004,Notebook Pack,Stationery,S01,Chennai,47,1353.865085705713,3,63631.6590281685,1,1,Tuesday,February,Q1,0,No_Holiday,0,Winter,Clear,0,1417.284401590443,104.4910835601332,In-Store,Corporate,7682.862887402011,40.61595257117139,1313.2491331345416,-63.41931588472994,0.9552529359572699,5.674762550950383,Low,4,1,2,1
1113,2024-09-17,P006,Running Shoes,Apparel,S01,Chennai,10,4764.75,0,47647.5,1,1,Tuesday,September,Q3,0,No_Holiday,0,Autumn,Sunny,0,4793.16,98.57,In-Store,Retail,9739.31,0.0,4764.75,-28.409999999999854,0.9940728037453371,2.0440337898105883,High,6,1,9,1
1114,2024-09-17,P006,Running Shoes,Apparel,S01,Chennai,87,587.6745431415965,11,51127.68525331889,1,1,Tuesday,May,Q2,0,No_Holiday,0,Spring,Cloudy,0,596.0267616808427,101.7973395465957,Wholesale,Corporate,4097.927077265107,64.64419974557562,523.0303433960208,-8.352218539246223,0.985986839725632,6.973123347079776,Low,6,1,5,1
1115,2024-09-18,P001,Wireless Mouse,Electronics,S04,Delhi,1,3384.068954115526,1,3384.068954115526,0,1,Wednesday,September,Q3,0,No_Holiday,0,Autumn,Cloudy,0,3677.708078317247,101.1059185751008,Wholesale,Corporate,630.6274508808046,33.840689541155264,3350.2282645743708,-293.63912420172073,0.9201570331443825,0.18635183249261775,High,1,4,9,2
1116,2024-09-18,P008,Coffee Maker,Appliances,S04,Delhi,7,2720.48036957406,19,19043.36258701842,1,0,Wednesday,February,Q1,0,No_Holiday,0,Winter,Cloudy,0,2705.094437773964,98.81659197782027,Online,Corporate,3365.262596104545,516.8912702190714,2203.589099354989,15.385931800096387,1.005687761427197,1.2370104315920636,Medium,8,4,2,2
1117,2024-09-18,P003,Office Chair,Furniture,S03,Mumbai,58,646.53,0,37498.74,1,1,Wednesday,September,Q3,0,No_Holiday,0,Autumn,Stormy,0,656.97,102.58,Wholesale,Corporate,1210.89,0.0,646.53,-10.440000000000055,0.9841088634184209,1.8729061296459564,Low,3,3,9,2
1118,2024-09-18,P002,Bluetooth Speaker,Electronics,S01,Chennai,68,720.1952873589709,3,48973.27954041002,0,1,Wednesday,April,Q2,0,No_Holiday,1,Spring,Clear,1,737.7479754184733,103.665532814307,In-Store,Wholesale,232.466214247024,21.605858620769126,698.5894287382017,-17.55268805950243,0.9762077448609113,0.3227821930069845,Low,2,1,4,2
1119,2024-09-18,P003,Office Chair,Furniture,S02,Bengaluru,96,825.7957545387159,14,79276.39243571673,1,1,Wednesday,March,Q1,0,No_Holiday,1,Spring,Clear,1,911.5419536878605,107.0268106173868,In-Store,Corporate,10171.89489977287,115.61140563542021,710.1843489032957,-85.74619914914467,0.9059328001281368,12.317688537227736,Low,3,2,3,2
1120,2024-09-18,P005,LED Desk Lamp,Home,S01,Chennai,18,4706.193434200077,4,84711.48181560138,0,1,Wednesday,January,Q1,0,No_Holiday,1,Winter,Sunny,1,4374.738583371582,99.28654049266937,Online,Wholesale,0.0,188.24773736800307,4517.945696832074,331.4548508284952,1.0757656359372783,0.0,High,5,1,1,2
1121,2024-09-19,P001,Wireless Mouse,Electronics,S04,Delhi,0,3379.73,0,0.0,0,1,Thursday,September,Q3,0,No_Holiday,0,Autumn,Cloudy,0,3667.71,100.89,Wholesale,Corporate,159.03,0.0,3379.73,-287.98,0.9214823418427301,0.047054054613830096,Medium,1,4,9,3
1122,2024-09-19,P001,Wireless Mouse,Electronics,S04,Delhi,34,2490.619720256326,1,84681.0704887151,0,1,Thursday,February,Q1,0,No_Holiday,0,Winter,Stormy,1,2615.151488250155,102.762838117013,Wholesale,Retail,552.9161158522016,24.906197202563263,2465.713523053763,-124.53176799382891,0.9523806676005774,0.22199941297955247,Medium,1,4,2,3
1123,2024-09-19,P007,Yoga Mat,Sports,S02,Bengaluru,1,4634.562103439929,0,4634.562103439929,0,1,Thursday,January,Q1,0,No_Holiday,0,Winter,Stormy,0,4343.048834785395,108.9100367281076,In-Store,Wholesale,177.9095518475955,0.0,4634.562103439929,291.51326865453393,1.0671218030798262,0.03838756453722888,High,7,2,1,3
1124,2024-09-20,P003,Office Chair,Furniture,S03,Mumbai,88,1902.776497439014,17,167444.3317746332,1,1,Friday,January,Q1,0,No_Holiday,1,Winter,Sunny,1,1960.801012273364,103.3054701454485,Online,Retail,4457.182427437737,323.4720045646324,1579.3044928743816,-58.02451483434993,0.9704077494497639,2.342462413970716,Medium,3,3,1,4
1125,2024-09-20,P004,Notebook Pack,Stationery,S04,Delhi,13,1761.470542767267,0,22899.11705597446,0,0,Friday,February,Q1,0,No_Holiday,0,Winter,Sunny,0,1857.0026018738,95.09739843975771,Online,Wholesale,507.4360409260696,0.0,1761.470542767267,-95.53205910653287,0.9485557753068645,0.28807523521164796,Medium,4,4,2,4
1126,2024-09-20,P005,LED Desk Lamp,Home,S02,Bengaluru,0,558.5,0,0.0,0,0,Friday,September,Q3,0,No_Holiday,0,Autumn,Sunny,0,514.45,101.74,In-Store,Corporate,60.37,0.0,558.5,44.049999999999955,1.0856254252113906,0.10809310653536257,Low,5,2,9,4
1127,2024-09-21,P008,Coffee Maker,Appliances,S01,Chennai,35,240.4056385264039,0,8414.197348424137,0,1,Saturday,September,Q3,0,No_Holiday,0,Autumn,Rainy,0,262.7452505147965,106.23247999654,In-Store,Retail,221.3920185991815,0.0,240.4056385264039,-22.33961198839262,0.914976152967094,0.9209102579965731,Low,8,1,9,5
1128,2024-09-21,P006,Running Shoes,Apparel,S02,Bengaluru,57,2369.2,5,128292.18,1,1,Saturday,September,Q3,0,No_Holiday,1,Autumn,Sunny,0,2206.96,105.29,Wholesale,Wholesale,6231.37,118.46,2250.74,162.23999999999978,1.073512886504513,2.630157859192977,Medium,6,2,9,5
1129,2024-09-21,P003,Office Chair,Furniture,S01,Chennai,1,2463.221601160015,3,2463.221601160015,0,0,Saturday,March,Q1,0,No_Holiday,0,Spring,Stormy,0,2631.450988513327,107.6836282753929,Wholesale,Corporate,252.9244893232122,73.89664803480045,2389.3249531252145,-168.22938735331218,0.9360697242366822,0.10268036347363203,Medium,3,1,3,5
1130,2024-09-21,P005,LED Desk Lamp,Home,S03,Mumbai,56,3307.435399111148,12,185216.3823502243,1,1,Saturday,February,Q1,0,No_Holiday,0,Winter,Stormy,0,3537.139913392423,97.25594887412369,In-Store,Retail,6102.830913621274,396.89224789333775,2910.54315121781,-229.7045142812749,0.9350592512861703,1.8451852197208056,Medium,5,3,2,5
1131,2024-09-21,P006,Running Shoes,Apparel,S01,Chennai,73,3120.471169065349,19,227794.3953417705,1,1,Saturday,January,Q1,0,No_Holiday,1,Winter,Stormy,1,3212.982814951407,99.61530382926492,Wholesale,Retail,9045.120757755301,592.8895221224163,2527.581646942933,-92.51164588605798,0.9712069278878303,2.8986394258096984,Medium,6,1,1,5
1132,2024-09-22,P004,Notebook Pack,Stationery,S03,Mumbai,78,911.95,15,60462.29,1,1,Sunday,September,Q3,0,No_Holiday,1,Autumn,Cloudy,0,914.4,105.16,In-Store,Retail,795.28,136.7925,775.1575,-2.449999999999932,0.9973206474190727,0.8720653544602225,Low,4,3,9,6
1133,2024-09-22,P003,Office Chair,Furniture,S03,Mumbai,47,1988.754336251387,0,93471.45380381517,1,1,Sunday,May,Q2,0,No_Holiday,0,Spring,Cloudy,1,1803.400735358851,104.6733304431071,In-Store,Retail,3292.040468341347,0.0,1988.754336251387,185.35360089253595,1.102780040652281,1.655327864449327,Medium,3,3,5,6
1134,2024-09-22,P005,LED Desk Lamp,Home,S04,Delhi,85,285.0725369667983,3,24231.16564217785,1,1,Sunday,May,Q2,0,No_Holiday,1,Spring,Sunny,0,291.7476598802705,98.98818348867471,Wholesale,Corporate,9042.932124295845,8.552176109003948,276.52036085779434,-6.675122913472194,0.9771202178066772,31.72151277886531,Low,5,4,5,6
1135,2024-09-22,P007,Yoga Mat,Sports,S03,Mumbai,49,4162.860535779791,19,203980.1662532098,1,1,Sunday,August,Q3,0,No_Holiday,0,Summer,Cloudy,1,3938.282491338359,98.17684698642924,Online,Retail,967.9959857141632,790.9435017981601,3371.9170339816305,224.57804444143176,1.0570243614914259,0.23253144740118886,High,7,3,8,6
1136,2024-09-22,P003,Office Chair,Furniture,S04,Delhi,1,2748.418040897699,8,2748.418040897699,1,0,Sunday,May,Q2,0,No_Holiday,0,Spring,Clear,0,2574.65436882645,105.1082296373113,In-Store,Corporate,5876.908635894584,219.87344327181592,2528.544597625883,173.76367207124895,1.0674900966029284,2.1382877526066033,Medium,3,4,5,6
1137,2024-09-22,P004,Notebook Pack,Stationery,S02,Bengaluru,35,4331.786042576273,12,151612.5114901696,1,1,Sunday,May,Q2,0,No_Holiday,0,Spring,Cloudy,0,4053.848156188041,108.6812616294666,In-Store,Corporate,4479.475440091945,519.8143251091527,3811.97171746712,277.9378863882321,1.0685614940865436,1.0340943426254348,High,4,2,5,6
1138,2024-09-23,P007,Yoga Mat,Sports,S04,Delhi,64,2868.58,10,165230.21,1,1,Monday,September,Q3,0,No_Holiday,0,Autumn,Sunny,0,2640.19,106.91,Online,Retail,1085.86,286.858,2581.7219999999998,228.38999999999987,1.0865051378878035,0.3785357215068082,Medium,7,4,9,0
1139,2024-09-23,P002,Bluetooth Speaker,Electronics,S03,Mumbai,1,527.9565701351679,9,527.9565701351679,1,0,Monday,May,Q2,0,No_Holiday,0,Spring,Clear,1,528.0514416162864,100.5354684230595,In-Store,Retail,6289.655094656547,47.51609131216511,480.4404788230028,-0.09487148111850274,0.9998203366686622,11.913205461286832,Low,2,3,5,0
1140,2024-09-23,P002,Bluetooth Speaker,Electronics,S03,Mumbai,49,3343.551801382178,3,163834.0382677267,1,1,Monday,May,Q2,0,No_Holiday,1,Spring,Rainy,1,3526.617609347425,102.8643378562107,Wholesale,Wholesale,9884.25554890789,100.30655404146533,3243.2452473407125,-183.06580796524713,0.948090258643289,2.956214270352227,Medium,2,3,5,0
1141,2024-09-23,P004,Notebook Pack,Stationery,S03,Mumbai,1,1071.110822854827,0,1071.110822854827,0,0,Monday,September,Q3,0,No_Holiday,0,Autumn,Clear,0,1078.825713451536,110.0129914694151,Wholesale,Wholesale,0.0,0.0,1071.110822854827,-7.7148905967092105,0.9928488072720971,0.0,Low,4,3,9,0
1142,2024-09-23,P008,Coffee Maker,Appliances,S03,Mumbai,13,4515.171138978369,0,58697.22480671879,0,1,Monday,October,Q4,0,No_Holiday,0,Autumn,Cloudy,0,4822.705585355928,107.9067865724316,Wholesale,Retail,350.7727840341291,0.0,4515.171138978369,-307.5344463775591,0.9362319675264061,0.07768759438728542,High,8,3,10,0
1143,2024-09-23,P008,Coffee Maker,Appliances,S03,Mumbai,15,3884.805780096779,0,58272.08670145168,0,1,Monday,February,Q1,0,No_Holiday,0,Winter,Cloudy,0,3948.4298964502,109.3531560645033,Wholesale,Wholesale,197.0049636822848,0.0,3884.805780096779,-63.62411635342096,0.9838862236326845,0.0507116635512669,High,8,3,2,0
1144,2024-09-23,P001,Wireless Mouse,Electronics,S02,Bengaluru,73,946.8179686795128,6,69117.71171360443,1,1,Monday,April,Q2,0,No_Holiday,0,Spring,Sunny,0,947.5898412678671,101.2486577611484,Wholesale,Corporate,4632.85290926877,56.809078120770764,890.008890558742,-0.7718725883543129,0.9991854359821739,4.893076665760807,Low,1,2,4,0
1145,2024-09-24,P003,Office Chair,Furniture,S01,Chennai,100,1518.63968866554,20,151863.9688665539,1,1,Tuesday,March,Q1,0,No_Holiday,1,Spring,Cloudy,1,1457.081932160509,95.20345389300188,Wholesale,Corporate,8035.235313485248,303.72793773310804,1214.911750932432,61.557756505030966,1.0422472855824623,5.291074224818907,Low,3,1,3,1
1146,2024-09-24,P005,LED Desk Lamp,Home,S04,Delhi,81,281.1507735753526,0,22773.21265960356,1,1,Tuesday,May,Q2,0,No_Holiday,1,Spring,Sunny,0,291.5167956676781,98.72950834150598,Wholesale,Corporate,9240.855199378038,0.0,281.1507735753526,-10.366022092325466,0.9644410811096371,32.86797002854894,Low,5,4,5,1
1147,2024-09-24,P002,Bluetooth Speaker,Electronics,S04,Delhi,48,1645.597123759612,0,78988.66194046136,0,1,Tuesday,September,Q3,0,No_Holiday,1,Autumn,Clear,0,1568.651802329031,95.25296601544505,Online,Retail,622.8480894927509,0.0,1645.597123759612,76.94532143058109,1.0490518809313436,0.37849366682761426,Low,2,4,9,1
1148,2024-09-24,P004,Notebook Pack,Stationery,S02,Bengaluru,62,1151.04,5,67796.26,1,1,Tuesday,September,Q3,0,No_Holiday,0,Autumn,Sunny,1,1170.87,108.76,Online,Retail,9973.03,57.552,1093.488,-19.829999999999927,0.9830638755796972,8.664364400889632,Low,4,2,9,1
1149,2024-09-24,P004,Notebook Pack,Stationery,S01,Chennai,89,2399.359464006852,20,213542.9922966098,1,1,Tuesday,February,Q1,0,No_Holiday,1,Winter,Clear,1,2442.029901861397,109.6955654685876,In-Store,Wholesale,8376.306238699082,479.87189280137034,1919.4875712054813,-42.67043785454507,0.9825266521830792,3.4910593282721067,Medium,4,1,2,1
1150,2024-09-25,P001,Wireless Mouse,Electronics,S04,Delhi,27,2484.377236924118,0,67078.18539695119,0,1,Wednesday,February,Q1,0,No_Holiday,0,Winter,Stormy,1,2622.54730651705,103.646554315334,Wholesale,Retail,399.8111184912586,0.0,2484.377236924118,-138.17006959293212,0.9473145558710883,0.16093011663005763,Medium,1,4,2,2
1151,2024-09-25,P001,Wireless Mouse,Electronics,S01,Chennai,1,1093.418098692957,23,1093.418098692957,1,0,Wednesday,July,Q3,0,No_Holiday,1,Summer,Clear,0,1104.688574315475,108.1925715934606,In-Store,Corporate,9239.757328848094,251.48616269938012,841.931935993577,-11.270475622518006,0.9897975991744987,8.45034240780636,Low,1,1,7,2
1152,2024-09-25,P002,Bluetooth Speaker,Electronics,S01,Chennai,30,4657.70662652473,0,139731.1987957419,1,1,Wednesday,March,Q1,0,No_Holiday,0,Spring,Stormy,0,4540.186361316487,106.1899524224223,In-Store,Corporate,8206.17959618719,0.0,4657.70662652473,117.52026520824347,1.0258844584463636,1.7618498231414144,High,2,1,3,2
1153,2024-09-25,P004,Notebook Pack,Stationery,S04,Delhi,6,4084.63,0,24507.78,0,1,Wednesday,September,Q3,0,No_Holiday,0,Autumn,Sunny,0,3717.53,108.86,In-Store,Wholesale,197.5,0.0,4084.63,367.0999999999999,1.0987483624879961,0.04835199271415036,High,4,4,9,2
1154,2024-09-25,P002,Bluetooth Speaker,Electronics,S01,Chennai,32,1694.864284494604,4,54235.65710382733,0,1,Wednesday,April,Q2,0,No_Holiday,0,Spring,Stormy,0,1559.992978693369,106.1629794937867,Wholesale,Corporate,40.04487416002404,67.79457137978416,1627.0697131148197,134.87130580123494,1.086456354383211,0.023627186274660997,Medium,2,1,4,2
1155,2024-09-26,P007,Yoga Mat,Sports,S04,Delhi,42,4504.377199512814,17,189183.8423795382,1,1,Thursday,February,Q1,0,No_Holiday,0,Winter,Stormy,0,4727.737278431295,107.2736205072616,In-Store,Wholesale,4772.730340384422,765.7441239171784,3738.633075595635,-223.36007891848112,0.9527553952844449,1.0595760809953112,High,7,4,2,3
1156,2024-09-26,P001,Wireless Mouse,Electronics,S04,Delhi,16,3479.42,0,55670.72,0,1,Thursday,September,Q3,0,No_Holiday,0,Autumn,Rainy,0,3326.22,108.25,Online,Wholesale,309.59,0.0,3479.42,153.20000000000027,1.0460582883874188,0.08897747325703709,High,1,4,9,3
1157,2024-09-26,P002,Bluetooth Speaker,Electronics,S02,Bengaluru,1,1571.528182532437,0,1571.528182532437,0,0,Thursday,August,Q3,0,No_Holiday,0,Summer,Stormy,0,1620.587452886461,109.449131652399,Wholesale,Wholesale,83.52959155266274,0.0,1571.528182532437,-49.059270354023965,0.9697274773622099,0.053151825389512956,Low,2,2,8,3
1158,2024-09-27,P005,LED Desk Lamp,Home,S02,Bengaluru,1,561.6236168206073,1,561.6236168206073,0,0,Friday,September,Q3,0,No_Holiday,0,Autumn,Sunny,0,504.9669215269964,101.5349473995692,In-Store,Corporate,0.0,5.616236168206073,556.0073806524011,56.65669529361088,1.1121988250681523,0.0,Low,5,2,9,4
1159,2024-09-27,P004,Notebook Pack,Stationery,S03,Mumbai,71,2585.236244195195,15,183551.7733378588,1,1,Friday,August,Q3,0,No_Holiday,0,Summer,Rainy,1,2489.311670001426,109.2487364772841,Online,Corporate,6318.47067324055,387.7854366292793,2197.450807565916,95.92457419376888,1.038534577791022,2.4440592953266216,Medium,4,3,8,4
1160,2024-09-27,P007,Yoga Mat,Sports,S03,Mumbai,6,1409.441638761401,23,8456.649832568406,1,0,Friday,May,Q2,0,No_Holiday,0,Spring,Rainy,0,1296.84136780583,104.9396086989485,In-Store,Corporate,9754.615270249666,324.1715769151222,1085.2700618462788,112.60027095557098,1.0868265570106568,6.920907543800036,Low,7,3,5,4
1161,2024-09-27,P004,Notebook Pack,Stationery,S03,Mumbai,66,2594.68,10,154123.99,1,1,Friday,September,Q3,0,No_Holiday,0,Autumn,Sunny,0,2480.4,97.06,Online,Wholesale,8904.2,259.468,2335.212,114.27999999999975,1.0460732139977422,3.43171412274346,Medium,4,3,9,4
1162,2024-09-28,P007,Yoga Mat,Sports,S04,Delhi,7,3067.06506517923,3,21469.45545625461,1,0,Saturday,January,Q1,0,No_Holiday,0,Winter,Cloudy,1,3280.226678461212,95.26347487217438,Wholesale,Retail,7446.020762292091,92.0119519553769,2975.053113223853,-213.16161328198223,0.9350161942521672,2.4277348553272273,Medium,7,4,1,5
1163,2024-09-28,P004,Notebook Pack,Stationery,S01,Chennai,56,4949.14,20,221721.47,1,1,Saturday,September,Q3,0,No_Holiday,1,Autumn,Stormy,1,5227.71,100.16,Wholesale,Wholesale,3555.24,989.828,3959.3120000000004,-278.5699999999997,0.9467128054157558,0.7183551081602055,High,4,1,9,5
1164,2024-09-29,P006,Running Shoes,Apparel,S03,Mumbai,17,3573.441400599917,2,60748.50381019858,0,1,Sunday,February,Q1,0,No_Holiday,0,Winter,Rainy,0,3738.019159820716,100.066690327806,Wholesale,Wholesale,874.3456545406154,71.46882801199834,3501.9725725879184,-164.57775922079918,0.9559719326776558,0.24467888416858563,High,6,3,2,6
1165,2024-09-29,P005,LED Desk Lamp,Home,S02,Bengaluru,96,325.1,10,28088.64,1,1,Sunday,September,Q3,0,No_Holiday,1,Autumn,Sunny,0,296.4,109.87,Wholesale,Corporate,7785.0,32.51,292.59000000000003,28.700000000000045,1.0968286099865048,23.946478006767148,Low,5,2,9,6
1166,2024-09-29,P007,Yoga Mat,Sports,S03,Mumbai,6,4542.822702747695,0,27256.93621648617,0,0,Sunday,September,Q3,0,No_Holiday,0,Autumn,Cloudy,0,4883.504667334818,99.34748180870018,In-Store,Retail,712.4345158509591,0.0,4542.822702747695,-340.6819645871228,0.9302382227939897,0.15682639681712604,High,7,3,9,6
1167,2024-09-29,P001,Wireless Mouse,Electronics,S03,Mumbai,1,2214.92247072904,0,2214.92247072904,0,0,Sunday,November,Q4,0,No_Holiday,0,Autumn,Clear,0,2178.967592675639,108.0398911493813,Wholesale,Wholesale,506.8688607434693,0.0,2214.92247072904,35.95487805340099,1.0165008778351083,0.22884271004602424,Medium,1,3,11,6
1168,2024-09-30,P007,Yoga Mat,Sports,S01,Chennai,37,2386.900739116109,2,88315.32734729603,0,1,Monday,March,Q1,0,No_Holiday,0,Spring,Sunny,0,2552.232778411455,107.4553450176008,Online,Wholesale,0.0,47.73801478232218,2339.1627243337866,-165.33203929534602,0.9352206269373866,0.0,Medium,7,1,3,0
1169,2024-09-30,P004,Notebook Pack,Stationery,S03,Mumbai,59,463.8725842667731,0,27368.48247173961,0,1,Monday,June,Q2,0,No_Holiday,1,Summer,Stormy,0,417.8836784011614,108.6957537921959,Online,Wholesale,0.0,0.0,463.8725842667731,45.98890586561174,1.1100519312971662,0.0,Low,4,3,6,0
1170,2024-09-30,P004,Notebook Pack,Stationery,S02,Bengaluru,93,680.64,15,53804.59,1,1,Monday,September,Q3,0,No_Holiday,0,Autumn,Cloudy,1,723.7,108.76,Online,Retail,5969.08,102.096,578.544,-43.06000000000006,0.9405002072682049,8.76980488951575,Low,4,2,9,0
1171,2024-09-30,P003,Office Chair,Furniture,S01,Chennai,1,2460.390411982573,0,2460.390411982573,0,0,Monday,March,Q1,0,No_Holiday,0,Spring,Stormy,0,2618.675286590752,107.30552363829,Wholesale,Corporate,905.4139083087446,0.0,2460.390411982573,-158.28487460817905,0.9395553639587557,0.36799603180828755,Medium,3,1,3,0
1172,2024-10-01,P007,Yoga Mat,Sports,S03,Mumbai,40,4688.99,20,150047.68,1,1,Tuesday,October,Q4,0,No_Holiday,0,Autumn,Rainy,0,4775.75,107.09,Wholesale,Corporate,9182.81,937.7979999999999,3751.192,-86.76000000000022,0.9818332199131026,1.958376963909072,High,7,3,10,1
1173,2024-10-01,P005,LED Desk Lamp,Home,S01,Chennai,5,2524.029383955294,8,12620.14691977647,1,0,Tuesday,February,Q1,0,No_Holiday,0,Winter,Cloudy,1,2623.129035424032,97.8563807866763,Online,Wholesale,3313.768338452714,201.92235071642352,2322.107033238871,-99.09965146873765,0.9622208247743641,1.3128881777358135,Medium,5,1,2,1
1174,2024-10-01,P006,Running Shoes,Apparel,S03,Mumbai,48,4726.225196948159,15,226858.8094535116,1,1,Tuesday,August,Q3,0,No_Holiday,0,Summer,Clear,1,4446.036761073757,96.34468895046045,In-Store,Retail,9014.020097782017,708.9337795422238,4017.2914174059347,280.1884358744019,1.063019819882626,1.9072345735033096,High,6,3,8,1
1175,2024-10-01,P002,Bluetooth Speaker,Electronics,S01,Chennai,58,643.8533026394134,3,37343.49155308598,1,1,Tuesday,July,Q3,0,No_Holiday,0,Summer,Clear,0,581.2039080596576,95.1903443431395,Online,Retail,5349.203591884541,19.3155990791824,624.537703560231,62.649394579755835,1.1077924523751228,8.308109269543243,Low,2,1,7,1
1176,2024-10-01,P006,Running Shoes,Apparel,S03,Mumbai,22,3791.04810318067,0,83403.05826997473,0,1,Tuesday,May,Q2,0,No_Holiday,0,Spring,Rainy,0,3987.972721675626,105.9260611191447,In-Store,Retail,90.22587295574606,0.0,3791.04810318067,-196.92461849495612,0.9506203697370793,0.023799717254984712,High,6,3,5,1
1177,2024-10-01,P007,Yoga Mat,Sports,S03,Mumbai,58,1982.50486952729,10,114985.2824325828,1,1,Tuesday,November,Q4,0,No_Holiday,0,Autumn,Stormy,0,1976.528530575935,108.2677511381914,Wholesale,Wholesale,9610.456420640865,198.250486952729,1784.254382574561,5.9763389513550464,1.0030236542801705,4.847633197961521,Medium,7,3,11,1
1178,2024-10-02,P005,LED Desk Lamp,Home,S04,Delhi,15,4824.870626563335,3,72373.05939845002,1,1,Wednesday,December,Q4,1,Gandhi Jayanti,0,Winter,Rainy,0,4928.510149514544,108.7969763318641,Wholesale,Corporate,8981.874233604121,144.74611879690005,4680.124507766434,-103.63952295120907,0.9789714295381094,1.8615782533430836,High,5,4,12,2
1179,2024-10-02,P001,Wireless Mouse,Electronics,S03,Mumbai,66,4748.28,10,282047.83,1,1,Wednesday,October,Q4,1,Gandhi Jayanti,0,Autumn,Clear,0,5068.03,107.16,In-Store,Wholesale,3436.0,474.828,4273.451999999999,-319.75,0.9369084239832834,0.7236304514476821,High,1,3,10,2
1180,2024-10-03,P005,LED Desk Lamp,Home,S02,Bengaluru,1,3885.806792346797,7,3885.806792346797,1,0,Thursday,June,Q2,0,No_Holiday,1,Summer,Sunny,0,4176.903611601129,103.3011313557274,Wholesale,Corporate,4742.032735896907,272.0064754642758,3613.800316882521,-291.09681925433233,0.93030798736992,1.220347019114916,High,5,2,6,3
1181,2024-10-03,P003,Office Chair,Furniture,S03,Mumbai,71,265.8216739795308,10,18873.33885254668,1,1,Thursday,March,Q1,0,No_Holiday,0,Spring,Cloudy,0,293.0872759451792,103.2666467949953,Wholesale,Retail,6353.147253755071,26.582167397953075,239.2395065815777,-27.265601965648443,0.906971048546139,23.90003478137861,Low,3,3,3,3
1182,2024-10-03,P004,Notebook Pack,Stationery,S03,Mumbai,65,2107.599142950819,17,136993.9442918033,1,1,Thursday,January,Q1,0,No_Holiday,0,Winter,Stormy,1,2085.3142498271,98.37240459640581,Online,Corporate,564.0744312415757,358.29185430163926,1749.3072886491798,22.28489312371903,1.0106865874654465,0.26763838518733846,Medium,4,3,1,3
1183,2024-10-03,P008,Coffee Maker,Appliances,S01,Chennai,45,633.24,0,28495.8,0,1,Thursday,October,Q4,0,No_Holiday,0,Autumn,Clear,0,570.0,108.77,Online,Retail,170.38,0.0,633.24,63.24000000000001,1.1109473684210527,0.26906070368264795,Low,8,1,10,3
1184,2024-10-04,P003,Office Chair,Furniture,S03,Mumbai,40,485.87,0,19434.8,0,1,Friday,October,Q4,0,No_Holiday,0,Autumn,Clear,0,530.62,100.6,Wholesale,Corporate,293.01,0.0,485.87,-44.75,0.9156646941313935,0.6030625475950356,Low,3,3,10,4
1185,2024-10-04,P002,Bluetooth Speaker,Electronics,S01,Chennai,1,1626.713149382844,0,1626.713149382844,1,0,Friday,November,Q4,0,No_Holiday,0,Autumn,Clear,1,1571.442550405671,108.1790516706588,Online,Corporate,10251.82343378692,0.0,1626.713149382844,55.270598977172995,1.035171886470113,6.302170384296913,Low,2,1,11,4
1186,2024-10-05,P003,Office Chair,Furniture,S01,Chennai,16,2828.17706842805,0,45250.8330948488,0,0,Saturday,October,Q4,0,No_Holiday,0,Autumn,Clear,0,2935.909063198585,101.1455810645795,Wholesale,Retail,231.0063848326164,0.0,2828.17706842805,-107.73199477053504,0.9633054047480734,0.08168031182043838,Medium,3,1,10,5
1187,2024-10-05,P002,Bluetooth Speaker,Electronics,S04,Delhi,40,2641.332112297926,0,105653.284491917,0,1,Saturday,May,Q2,0,No_Holiday,1,Spring,Rainy,0,2557.442595459119,106.1631135066854,Online,Retail,702.6170878220521,0.0,2641.332112297926,83.88951683880714,1.0328021113700685,0.2660086115451737,Medium,2,4,5,5
1188,2024-10-05,P003,Office Chair,Furniture,S01,Chennai,121,1620.410654812533,16,196069.6892323165,1,1,Saturday,May,Q2,0,No_Holiday,1,Spring,Clear,1,1738.116065880317,108.3677912896453,Online,Wholesale,3522.49108624341,259.2657047700053,1361.1449500425279,-117.70541106778387,0.9322798900612148,2.17382616917619,Low,3,1,5,5
1189,2024-10-05,P006,Running Shoes,Apparel,S03,Mumbai,58,1748.5,0,101413.0,1,1,Saturday,October,Q4,0,No_Holiday,1,Autumn,Cloudy,0,1820.95,103.43,Wholesale,Corporate,2620.75,0.0,1748.5,-72.45000000000005,0.9602130755924105,1.4988561624249357,Medium,6,3,10,5
1190,2024-10-05,P005,LED Desk Lamp,Home,S03,Mumbai,65,1481.878487246813,9,96322.10167104282,1,1,Saturday,July,Q3,0,No_Holiday,0,Summer,Cloudy,0,1476.957412821511,99.01415567404376,Wholesale,Retail,3527.542248831001,133.36906385221317,1348.5094233945997,4.9210744253018674,1.0033319000145717,2.380453106775869,Low,5,3,7,5
1191,2024-10-06,P005,LED Desk Lamp,Home,S04,Delhi,29,4116.202840976099,2,119369.8823883069,0,1,Sunday,June,Q2,0,No_Holiday,0,Summer,Stormy,1,3959.797512335605,108.0848375543357,Wholesale,Wholesale,471.7325193523411,82.32405681952197,4033.878784156577,156.40532864049374,1.0394983147883845,0.11460380782412474,High,5,4,6,6
1192,2024-10-06,P008,Coffee Maker,Appliances,S03,Mumbai,84,2243.189813313167,22,188427.944318306,1,1,Sunday,April,Q2,0,No_Holiday,0,Spring,Cloudy,1,2278.318601482584,104.7844006980141,Online,Wholesale,6100.620580871075,493.5017589288967,1749.6880543842703,-35.12878816941702,0.9845812661378626,2.719618529232051,Medium,8,3,4,6
1193,2024-10-06,P003,Office Chair,Furniture,S04,Delhi,78,1672.75,15,110903.32,1,1,Sunday,October,Q4,0,No_Holiday,1,Autumn,Rainy,0,1749.31,109.23,Wholesale,Corporate,8582.19,250.9125,1421.8375,-76.55999999999995,0.9562341723308048,5.130587356150053,Low,3,4,10,6
1194,2024-10-06,P008,Coffee Maker,Appliances,S03,Mumbai,37,3568.812693616073,6,132046.0696637947,1,1,Sunday,February,Q1,0,No_Holiday,0,Winter,Cloudy,0,3323.032278550324,109.9756201381714,Online,Retail,9524.547956874236,214.12876161696437,3354.6839319991086,245.7804150657489,1.0739626926443733,2.668828199897361,High,8,3,2,6
1195,2024-10-07,P002,Bluetooth Speaker,Electronics,S04,Delhi,50,4474.856575245612,13,223742.8287622806,1,1,Monday,November,Q4,0,No_Holiday,0,Autumn,Stormy,1,4296.087508288045,95.8831183678066,Online,Retail,9826.827481517717,581.7313547819294,3893.125220463682,178.7690669575668,1.0416120636771677,2.196009484611996,High,2,4,11,0
1196,2024-10-07,P007,Yoga Mat,Sports,S03,Mumbai,84,3135.955826307973,16,263420.2894098698,1,1,Monday,November,Q4,0,No_Holiday,1,Autumn,Stormy,0,2894.236823032245,101.1442589750694,Online,Retail,3248.012808570242,501.7529322092757,2634.2028940986975,241.71900327572803,1.0835173546795258,1.0357329594129507,Medium,7,3,11,0
1197,2024-10-07,P008,Coffee Maker,Appliances,S03,Mumbai,52,2502.064292556085,9,130107.3432129164,1,1,Monday,June,Q2,0,No_Holiday,0,Summer,Cloudy,0,2540.143392264885,102.9618625726117,In-Store,Corporate,9694.641057275374,225.18578633004768,2276.8785062260376,-38.07909970879973,0.9850090747535134,3.8746570526257025,Medium,8,3,6,0
1198,2024-10-07,P004,Notebook Pack,Stationery,S02,Bengaluru,74,1180.546490332889,7,87360.44028463376,1,1,Monday,March,Q1,0,No_Holiday,0,Spring,Clear,0,1197.49476786133,109.9643035545121,Wholesale,Wholesale,7277.599713896196,82.63825432330225,1097.9082360095867,-16.94827752844094,0.9858468880338327,6.164602388376985,Low,4,2,3,0
1199,2024-10-07,P007,Yoga Mat,Sports,S03,Mumbai,62,4887.966945141597,19,303053.950598779,1,1,Monday,September,Q3,0,No_Holiday,1,Autumn,Rainy,1,4436.614157463356,97.58495154469097,Online,Wholesale,4980.583299855797,928.7137195769034,3959.2532255646934,451.35278767824093,1.1017336129893034,1.0189478275433628,High,7,3,9,0
1200,2024-10-07,P001,Wireless Mouse,Electronics,S01,Chennai,1,2251.619825182655,0,2251.619825182655,1,0,Monday,April,Q2,0,No_Holiday,0,Spring,Cloudy,0,2174.720623838454,98.29287361651586,Wholesale,Wholesale,1224.452924155539,0.0,2251.619825182655,76.89920134420117,1.035360496654725,0.5438097988217035,Medium,1,1,4,0
1201,2024-10-07,P001,Wireless Mouse,Electronics,S02,Bengaluru,1,3091.47,20,2473.18,1,0,Monday,October,Q4,0,No_Holiday,0,Autumn,Rainy,1,2846.69,102.44,In-Store,Wholesale,1239.16,618.294,2473.176,244.77999999999975,1.085987585581851,0.40083196666957793,Medium,1,2,10,0
1202,2024-10-08,P006,Running Shoes,Apparel,S03,Mumbai,45,1005.86,0,45263.7,0,1,Tuesday,October,Q4,0,No_Holiday,0,Autumn,Sunny,0,947.46,105.4,In-Store,Corporate,393.51,0.0,1005.86,58.39999999999998,1.0616384860574588,0.39121746565128346,Low,6,3,10,1
1203,2024-10-08,P007,Yoga Mat,Sports,S02,Bengaluru,44,860.9100372401338,0,37880.04163856588,0,1,Tuesday,August,Q3,0,No_Holiday,0,Summer,Rainy,0,801.908198430742,98.89314613594566,In-Store,Corporate,0.0,0.0,860.9100372401338,59.00183880939176,1.0735767995948324,0.0,Low,7,2,8,1
1204,2024-10-09,P006,Running Shoes,Apparel,S03,Mumbai,60,1748.26417311462,2,104895.8503868772,1,1,Wednesday,October,Q4,0,No_Holiday,1,Autumn,Cloudy,0,1826.235702144499,103.4986865014515,Wholesale,Corporate,2747.685119701484,34.9652834622924,1713.2988896523277,-77.9715290298791,0.9573047833101066,1.5716647186142043,Medium,6,3,10,2
1205,2024-10-09,P006,Running Shoes,Apparel,S04,Delhi,1,1648.598431500984,12,1648.598431500984,1,0,Wednesday,February,Q1,0,No_Holiday,0,Winter,Sunny,0,1502.378246208893,97.49177710043585,Online,Corporate,4950.368363828465,197.83181178011807,1450.766619720866,146.22018529209095,1.0973258136964266,3.0027739134273888,Low,6,4,2,2
1206,2024-10-09,P001,Wireless Mouse,Electronics,S01,Chennai,44,1768.74244908509,0,77824.66775974396,1,1,Wednesday,July,Q3,0,No_Holiday,0,Summer,Stormy,1,1863.049543684923,105.5541566473453,In-Store,Retail,5536.856320799652,0.0,1768.74244908509,-94.30709459983314,0.9493802540466513,3.1303914957565917,Medium,1,1,7,2
1207,2024-10-09,P008,Coffee Maker,Appliances,S01,Chennai,55,2459.750506297831,1,135286.2778463807,1,1,Wednesday,March,Q1,0,No_Holiday,0,Spring,Cloudy,0,2627.55617257975,99.96284809286873,Wholesale,Corporate,2881.817017597634,24.59750506297831,2435.153001234853,-167.805666281919,0.9361362211650964,1.1715891551680397,Medium,8,1,3,2
1208,2024-10-09,P001,Wireless Mouse,Electronics,S01,Chennai,80,2052.5,15,139570.0,1,1,Wednesday,October,Q4,0,No_Holiday,0,Autumn,Rainy,0,2049.66,100.68,Wholesale,Corporate,1463.57,307.875,1744.625,2.8400000000001455,1.001385595659768,0.7130669914738124,Medium,1,1,10,2
1209,2024-10-10,P005,LED Desk Lamp,Home,S01,Chennai,49,3547.502623222099,14,173827.6285378828,1,1,Thursday,August,Q3,0,No_Holiday,0,Summer,Cloudy,0,3595.085008590527,99.63223558622775,Online,Corporate,1383.405661102487,496.6503672510938,3050.852255971005,-47.58238536842828,0.9867646007661212,0.38996607135584804,High,5,1,8,3
1210,2024-10-10,P008,Coffee Maker,Appliances,S02,Bengaluru,30,980.75,0,29422.5,0,1,Thursday,October,Q4,0,No_Holiday,0,Autumn,Sunny,0,933.9,96.57,In-Store,Retail,443.97,0.0,980.75,46.85000000000002,1.0501659706606703,0.45268417027784863,Low,8,2,10,3
1211,2024-10-10,P001,Wireless Mouse,Electronics,S02,Bengaluru,1,3645.344052628447,13,3645.344052628447,1,0,Thursday,January,Q1,0,No_Holiday,0,Winter,Stormy,0,3596.307628172744,98.80170920009539,Online,Retail,7547.793617766223,473.8947268416981,3171.449325786749,49.03642445570313,1.0136352140933556,2.0705298344401664,High,1,2,1,3
1212,2024-10-10,P003,Office Chair,Furniture,S03,Mumbai,8,348.0078014641555,1,2784.062411713244,0,0,Thursday,July,Q3,0,No_Holiday,0,Summer,Cloudy,0,327.0824039397614,102.8742288631103,Wholesale,Wholesale,104.7947428453752,3.480078014641555,344.5277234495139,20.9253975243941,1.06397591943909,0.3011275678432426,Low,3,3,7,3
1213,2024-10-10,P007,Yoga Mat,Sports,S02,Bengaluru,86,892.3580248174466,11,76742.7901343004,1,1,Thursday,February,Q1,0,No_Holiday,0,Winter,Stormy,0,838.710299203154,102.2221395913411,Wholesale,Wholesale,5520.424450259588,98.15938272991913,794.1986420875274,53.64772561429254,1.063964548504129,6.186333620285339,Low,7,2,2,3
1214,2024-10-10,P004,Notebook Pack,Stationery,S02,Bengaluru,55,3311.163481066184,5,182113.9914586401,1,1,Thursday,January,Q1,0,No_Holiday,0,Winter,Rainy,0,3056.524830730347,103.7800424430467,Online,Wholesale,5113.11655558307,165.5581740533092,3145.6053070128746,254.63865033583716,1.08330985823367,1.5442054084072778,Medium,4,2,1,3
1215,2024-10-10,P005,LED Desk Lamp,Home,S04,Delhi,98,1403.073964705496,22,137501.2485411386,1,1,Thursday,January,Q1,0,No_Holiday,1,Winter,Sunny,0,1500.519884067969,95.98754709610334,In-Store,Retail,6610.569697434918,308.6762722352091,1094.397692470287,-97.44591936247298,0.9350585617710755,4.7114905298827,Low,5,4,1,3
1216,2024-10-10,P001,Wireless Mouse,Electronics,S03,Mumbai,64,2758.110320626204,19,176519.0605200771,1,1,Thursday,February,Q1,0,No_Holiday,0,Winter,Sunny,1,2833.532273806562,95.29484022353425,In-Store,Corporate,1604.384145964575,524.0409609189788,2234.0693597072254,-75.42195318035783,0.9733823560516442,0.581696871936694,Medium,1,3,2,3
1217,2024-10-11,P007,Yoga Mat,Sports,S04,Delhi,35,876.6542141236822,2,30682.89749432888,0,1,Friday,August,Q3,0,No_Holiday,0,Summer,Rainy,0,919.7117576710763,95.88622264877317,Wholesale,Corporate,619.846634282201,17.533084282473645,859.1211298412086,-43.05754354739406,0.9531836543479386,0.707059436087705,Low,7,4,8,4
1218,2024-10-11,P006,Running Shoes,Apparel,S03,Mumbai,91,943.1198593532226,17,85823.90720114326,1,1,Friday,January,Q1,0,No_Holiday,0,Winter,Sunny,0,927.4048085145024,100.3359023238549,In-Store,Wholesale,2796.185735078009,160.33037609004785,782.7894832631748,15.71505083872023,1.0169451901633897,2.964825422079004,Low,6,3,1,4
1219,2024-10-11,P004,Notebook Pack,Stationery,S02,Bengaluru,74,1172.711979787268,8,86780.68650425783,1,1,Friday,March,Q1,0,No_Holiday,0,Spring,Clear,0,1216.953139674062,110.1413034873783,Wholesale,Wholesale,7111.892006899559,93.81695838298145,1078.8950214042866,-44.24115988679387,0.9636459626550263,6.064483120731545,Low,4,2,3,4
1220,2024-10-11,P007,Yoga Mat,Sports,S01,Chennai,70,1474.269080187284,0,103198.8356131099,1,1,Friday,April,Q2,0,No_Holiday,0,Spring,Cloudy,1,1433.119515111233,104.3230495565979,In-Store,Retail,7260.987140802625,0.0,1474.269080187284,41.149565076050976,1.0287132822086071,4.925143746404981,Low,7,1,4,4
1221,2024-10-11,P003,Office Chair,Furniture,S01,Chennai,17,2825.82,0,48038.94,0,0,Friday,October,Q4,0,No_Holiday,0,Autumn,Clear,0,2941.4,101.47,Wholesale,Retail,303.66,0.0,2825.82,-115.57999999999993,0.9607057863602366,0.10745907382635837,Medium,3,1,10,4
1222,2024-10-11,P004,Notebook Pack,Stationery,S04,Delhi,26,3253.357993601068,2,84587.30783362777,0,1,Friday,September,Q3,0,No_Holiday,0,Autumn,Cloudy,0,3194.661955683604,107.9309712710125,In-Store,Corporate,0.0,65.06715987202136,3188.2908337290464,58.696037917463855,1.0183731608325688,0.0,Medium,4,4,9,4
1223,2024-10-11,P001,Wireless Mouse,Electronics,S02,Bengaluru,82,2209.698921997515,24,181195.3116037962,1,1,Friday,June,Q2,0,No_Holiday,1,Summer,Sunny,0,2342.669544742412,97.30647796033047,Wholesale,Corporate,8711.58130678927,530.3277412794035,1679.3711807181112,-132.97062274489736,0.9432397014579715,3.9424290884453206,Medium,1,2,6,4
1224,2024-10-12,P002,Bluetooth Speaker,Electronics,S01,Chennai,1,1587.546317074562,0,1587.546317074562,1,0,Saturday,June,Q2,0,No_Holiday,0,Summer,Stormy,0,1740.231171512907,108.8569804934956,In-Store,Wholesale,7501.708689647331,0.0,1587.546317074562,-152.68485443834493,0.9122617403148772,4.7253479214836664,Low,2,1,6,5
1225,2024-10-12,P007,Yoga Mat,Sports,S02,Bengaluru,52,457.07,0,23767.64,0,1,Saturday,October,Q4,0,No_Holiday,1,Autumn,Stormy,1,477.37,105.95,In-Store,Wholesale,140.76,0.0,457.07,-20.30000000000001,0.9574753335986761,0.30796158137703195,Low,7,2,10,5
1226,2024-10-13,P004,Notebook Pack,Stationery,S01,Chennai,0,438.25,10,0.0,1,0,Sunday,October,Q4,0,No_Holiday,1,Autumn,Stormy,0,399.2,95.06,Online,Corporate,8327.02,43.825,394.425,39.05000000000001,1.097820641282565,19.0006160867085,Low,4,1,10,6
1227,2024-10-13,P004,Notebook Pack,Stationery,S01,Chennai,70,3448.43735141288,16,241390.6145989016,1,1,Sunday,November,Q4,0,No_Holiday,1,Autumn,Rainy,0,3318.216932279895,96.98055715562776,Wholesale,Wholesale,3222.779119778824,551.7499762260609,2896.6873751868193,130.22041913298517,1.0392440945816983,0.9345621774043249,High,4,1,11,6
1228,2024-10-13,P001,Wireless Mouse,Electronics,S04,Delhi,65,1350.08791607403,6,87755.71454481196,1,1,Sunday,April,Q2,0,No_Holiday,0,Spring,Stormy,0,1327.095728448638,103.7371608129106,Online,Retail,9123.724312712779,81.00527496444181,1269.0826411095882,22.992187625392035,1.0173251914933594,6.757874212550535,Low,1,4,4,6
1229,2024-10-14,P008,Coffee Maker,Appliances,S02,Bengaluru,48,665.54,0,31945.92,0,1,Monday,October,Q4,0,No_Holiday,0,Autumn,Sunny,0,711.3,99.63,In-Store,Corporate,244.55,0.0,665.54,-45.75999999999999,0.9356670884296359,0.3674459837124741,Low,8,2,10,0
1230,2024-10-14,P008,Coffee Maker,Appliances,S04,Delhi,86,1365.489858638092,11,117432.1278428759,1,1,Monday,February,Q1,0,No_Holiday,1,Winter,Sunny,0,1291.073137597653,107.4904695305538,Wholesale,Wholesale,4722.280768810074,150.20388445019012,1215.285974187902,74.41672104043914,1.057639431007688,3.458305266009055,Low,8,4,2,0
1231,2024-10-14,P007,Yoga Mat,Sports,S03,Mumbai,9,1411.584448200023,22,12704.2600338002,1,0,Monday,May,Q2,0,No_Holiday,0,Spring,Rainy,0,1298.823003185031,105.3060818987316,In-Store,Corporate,9976.784967531852,310.54857860400506,1101.0358695960178,112.76144501499198,1.0868181767172844,7.067791785502961,Low,7,3,5,0
1232,2024-10-15,P005,LED Desk Lamp,Home,S01,Chennai,42,3280.96,5,130910.3,1,1,Tuesday,October,Q4,0,No_Holiday,0,Autumn,Cloudy,0,3195.26,101.69,In-Store,Corporate,4918.05,164.048,3116.9120000000003,85.69999999999982,1.0268209785745135,1.4989667658246368,Medium,5,1,10,1
1233,2024-10-15,P006,Running Shoes,Apparel,S02,Bengaluru,59,1170.268941482053,5,69045.86754744114,1,1,Tuesday,December,Q4,0,No_Holiday,0,Winter,Cloudy,0,1273.926895285477,104.4913890528509,Online,Wholesale,5362.488510012642,58.51344707410264,1111.7554944079502,-103.6579538034241,0.9186311599299463,4.582270211513496,Low,6,2,12,1
1234,2024-10-15,P008,Coffee Maker,Appliances,S01,Chennai,2,545.8963109684593,0,1091.792621936919,1,0,Tuesday,June,Q2,0,No_Holiday,0,Summer,Clear,0,526.0001191435265,106.6363114054438,In-Store,Retail,7934.333617707968,0.0,545.8963109684593,19.89619182493277,1.037825451175428,14.534506752082443,Low,8,1,6,1
1235,2024-10-15,P007,Yoga Mat,Sports,S02,Bengaluru,6,3108.710825790378,0,18652.26495474227,1,0,Tuesday,January,Q1,0,No_Holiday,1,Winter,Clear,0,3345.175520795028,102.9161022776615,Online,Retail,5033.12992601072,0.0,3108.710825790378,-236.46469500465037,0.9293117226481284,1.6190408848114928,Medium,7,2,1,1
1236,2024-10-15,P006,Running Shoes,Apparel,S02,Bengaluru,49,4438.491440858558,19,217486.0806020694,1,1,Tuesday,December,Q4,0,No_Holiday,1,Winter,Cloudy,0,4264.40027862374,109.2456593212635,Wholesale,Wholesale,4552.53893115244,843.313373763126,3595.178067095432,174.0911622348185,1.040824301392974,1.0256951019988496,High,6,2,12,1
1237,2024-10-16,P006,Running Shoes,Apparel,S04,Delhi,21,3569.907044286212,3,74968.04793001045,1,1,Wednesday,March,Q1,0,No_Holiday,0,Spring,Rainy,0,3597.960394985161,103.0579970363725,Wholesale,Retail,5375.050185046777,107.09721132858637,3462.8098329576255,-28.05335069894909,0.992202985130673,1.5056555026130929,High,6,4,3,2
1238,2024-10-16,P004,Notebook Pack,Stationery,S03,Mumbai,28,2908.38,0,81434.64,0,1,Wednesday,October,Q4,0,No_Holiday,0,Autumn,Cloudy,1,2858.35,106.35,Online,Wholesale,30.49,0.0,2908.38,50.0300000000002,1.0175031049381638,0.010483499405167136,Medium,4,3,10,2
1239,2024-10-16,P003,Office Chair,Furniture,S01,Chennai,14,2821.090486254141,0,39495.26680755797,0,0,Wednesday,October,Q4,0,No_Holiday,0,Autumn,Clear,0,2932.92236377994,101.7265197469597,Wholesale,Retail,453.7065494052719,0.0,2821.090486254141,-111.83187752579897,0.9618701541824413,0.1608266560806796,Medium,3,1,10,2
1240,2024-10-17,P007,Yoga Mat,Sports,S04,Delhi,37,4835.01,15,152061.06,1,1,Thursday,October,Q4,0,No_Holiday,0,Autumn,Clear,0,4812.06,96.18,Wholesale,Retail,5269.96,725.2515000000001,4109.7585,22.949999999999818,1.0047692672161195,1.0899584488966931,High,7,4,10,3
1241,2024-10-17,P008,Coffee Maker,Appliances,S04,Delhi,33,1321.475348395225,2,43608.68649704244,0,1,Thursday,September,Q3,0,No_Holiday,0,Autumn,Clear,0,1331.196311910546,99.0076405571219,Wholesale,Corporate,76.30757484093266,26.429506967904498,1295.0458414273205,-9.720963515321046,0.9926975732817578,0.05774422877702498,Low,8,4,9,3
1242,2024-10-17,P003,Office Chair,Furniture,S03,Mumbai,12,4677.902232576224,0,56134.8267909147,0,1,Thursday,June,Q2,0,No_Holiday,0,Summer,Clear,0,4764.374353332919,103.0838108729184,Wholesale,Wholesale,120.8308412855021,0.0,4677.902232576224,-86.4721207566945,0.981850267350171,0.025830133952790605,High,3,3,6,3
1243,2024-10-17,P003,Office Chair,Furniture,S04,Delhi,1,4854.975972295598,0,4854.975972295598,1,0,Thursday,August,Q3,0,No_Holiday,1,Summer,Rainy,0,4725.313391164725,107.5404391565233,In-Store,Corporate,1518.002615275596,0.0,4854.975972295598,129.66258113087315,1.0274399961224399,0.31266943934180436,High,3,4,8,3
1244,2024-10-17,P003,Office Chair,Furniture,S04,Delhi,1,3353.087118944653,14,3353.087118944653,1,0,Thursday,May,Q2,0,No_Holiday,0,Spring,Rainy,0,3483.24377345788,98.64784447099817,In-Store,Wholesale,9714.251421581233,469.43219665225143,2883.6549222924014,-130.15665451322684,0.9626334925206748,2.8971067786150115,Medium,3,4,5,3
1245,2024-10-17,P004,Notebook Pack,Stationery,S02,Bengaluru,4,3984.685052301205,0,15938.74020920482,0,0,Thursday,April,Q2,0,No_Holiday,1,Spring,Rainy,1,3749.304273657104,107.888413573639,In-Store,Retail,360.6694306034207,0.0,3984.685052301205,235.3807786441007,1.0627798549981402,0.09051391160642161,High,4,2,4,3
1246,2024-10-17,P002,Bluetooth Speaker,Electronics,S02,Bengaluru,60,3228.800392281042,17,193728.0235368625,1,1,Thursday,October,Q4,0,No_Holiday,0,Autumn,Cloudy,0,3360.978523416017,105.8170305049935,Wholesale,Corporate,7377.187919619219,548.8960666877772,2679.9043255932647,-132.17813113497505,0.960672723668394,2.284807675710011,Medium,2,2,10,3
1247,2024-10-18,P003,Office Chair,Furniture,S01,Chennai,21,4756.42,5,94890.58,1,1,Friday,October,Q4,0,No_Holiday,0,Autumn,Rainy,0,5049.85,96.89,In-Store,Retail,9888.66,237.821,4518.599,-293.4300000000003,0.9418933235640662,2.0790132074122973,High,3,1,10,4
1248,2024-10-18,P001,Wireless Mouse,Electronics,S03,Mumbai,1,1189.208079238957,7,1189.208079238957,1,0,Friday,September,Q3,0,No_Holiday,0,Autumn,Rainy,0,1146.535830706156,95.82561531521812,Online,Corporate,3985.232684209812,83.24456554672699,1105.96351369223,42.67224853280095,1.037218416895457,3.3511651609028696,Low,1,3,9,4
1249,2024-10-18,P001,Wireless Mouse,Electronics,S03,Mumbai,31,4765.307521791333,5,147724.5331755313,1,1,Friday,August,Q3,0,No_Holiday,1,Summer,Rainy,0,5218.201689576722,102.2630715105492,In-Store,Corporate,7062.009586661981,238.26537608956664,4527.0421457017665,-452.8941677853891,0.9132087652552721,1.481963032683207,High,1,3,8,4
1250,2024-10-18,P008,Coffee Maker,Appliances,S03,Mumbai,63,3406.854142527312,18,214631.8109792207,1,1,Friday,March,Q1,0,No_Holiday,0,Spring,Cloudy,1,3168.781370159256,101.2606218523803,In-Store,Wholesale,3072.079475454577,613.2337456549161,2793.6203968723958,238.07277236805612,1.0751307031182435,0.9017349575099834,High,8,3,3,4
1251,2024-10-19,P006,Running Shoes,Apparel,S02,Bengaluru,25,2258.364218115867,0,56459.10545289666,0,1,Saturday,January,Q1,0,No_Holiday,0,Winter,Sunny,0,2138.520652066936,98.58638514037358,Online,Corporate,672.4308095584981,0.0,2258.364218115867,119.84356604893128,1.0560404062187099,0.2977512680038391,Medium,6,2,1,5
1252,2024-10-19,P007,Yoga Mat,Sports,S02,Bengaluru,43,4986.89,15,182270.83,1,1,Saturday,October,Q4,0,No_Holiday,1,Autumn,Clear,0,4807.11,105.91,Online,Retail,4186.94,748.0335,4238.8565,179.78000000000065,1.037398769738991,0.8395894034157559,High,7,2,10,5
1253,2024-10-19,P008,Coffee Maker,Appliances,S02,Bengaluru,1,879.6801788787623,0,879.6801788787623,0,0,Saturday,June,Q2,0,No_Holiday,0,Summer,Rainy,0,862.093486134048,106.6407744849197,Wholesale,Corporate,709.04475230958,0.0,879.6801788787623,17.58669274471424,1.0203999833284667,0.8060256094587993,Low,8,2,6,5
1254,2024-10-20,P007,Yoga Mat,Sports,S03,Mumbai,66,4311.8,10,256120.92,1,1,Sunday,October,Q4,0,No_Holiday,1,Autumn,Sunny,1,4387.32,106.73,Online,Corporate,1921.6,431.18,3880.6200000000003,-75.51999999999953,0.9827867582031856,0.44566074493251073,High,7,3,10,6
1255,2024-10-21,P008,Coffee Maker,Appliances,S04,Delhi,19,2892.791707918266,0,54963.04245044706,0,1,Monday,August,Q3,0,No_Holiday,0,Summer,Cloudy,0,2960.242892578678,100.347553873678,Wholesale,Corporate,106.8806722571557,0.0,2892.791707918266,-67.45118466041185,0.9772143073700095,0.03694724095225992,Medium,8,4,8,0
1256,2024-10-21,P002,Bluetooth Speaker,Electronics,S01,Chennai,3,2900.88,0,8702.64,0,0,Monday,October,Q4,0,No_Holiday,0,Autumn,Cloudy,0,2764.04,104.82,Wholesale,Wholesale,236.52,0.0,2900.88,136.84000000000015,1.0495072430210852,0.08153387937453463,Medium,2,1,10,0
1257,2024-10-21,P007,Yoga Mat,Sports,S01,Chennai,1,1346.018710340615,1,1346.018710340615,0,0,Monday,July,Q3,0,No_Holiday,1,Summer,Sunny,0,1388.973152987716,105.8669012619134,Online,Retail,197.6508096885606,13.460187103406149,1332.5585232372089,-42.95444264710113,0.9690746775380755,0.1468410566436661,Low,7,1,7,0
1258,2024-10-21,P001,Wireless Mouse,Electronics,S02,Bengaluru,90,2215.239521584611,21,199371.556942615,1,1,Monday,June,Q2,0,No_Holiday,1,Summer,Sunny,0,2327.083229878878,97.7448264489178,Wholesale,Corporate,8786.371353901033,465.20029953276827,1750.0392220518427,-111.84370829426689,0.9519382431800308,3.9663301725566646,Medium,1,2,6,0
1259,2024-10-22,P007,Yoga Mat,Sports,S01,Chennai,39,868.3698685128229,3,33866.42487200009,0,1,Tuesday,April,Q2,0,No_Holiday,0,Spring,Sunny,0,829.0528809508934,103.5010923481697,In-Store,Corporate,0.0,26.051096055384686,842.3187724574382,39.31698756192952,1.047423980382089,0.0,Low,7,1,4,1
1260,2024-10-22,P005,LED Desk Lamp,Home,S01,Chennai,8,2654.675108521027,0,21237.40086816822,0,0,Tuesday,September,Q3,0,No_Holiday,1,Autumn,Cloudy,0,2695.756765478188,106.3528185476027,Wholesale,Wholesale,400.8729810576261,0.0,2654.675108521027,-41.0816569571607,0.9847606217729835,0.15100641874061962,Medium,5,1,9,1
1261,2024-10-22,P002,Bluetooth Speaker,Electronics,S04,Delhi,58,654.1396143049016,3,37940.09762968429,0,1,Tuesday,September,Q3,0,No_Holiday,0,Autumn,Stormy,0,586.9253888935582,97.88225701119542,In-Store,Corporate,567.439318289448,19.624188429147047,634.5154258757545,67.21422541134336,1.1145191990042418,0.8674590345555168,Low,2,4,9,1
1262,2024-10-22,P003,Office Chair,Furniture,S03,Mumbai,0,2134.28,10,0.0,1,0,Tuesday,October,Q4,0,No_Holiday,0,Autumn,Stormy,0,2089.8,108.18,Wholesale,Retail,968.26,213.42800000000003,1920.852,44.48000000000002,1.0212843334290362,0.45367055868958145,Medium,3,3,10,1
1263,2024-10-22,P004,Notebook Pack,Stationery,S03,Mumbai,70,2592.401742032786,17,181468.121942295,1,1,Tuesday,August,Q3,0,No_Holiday,0,Summer,Rainy,1,2482.313370262346,109.6148205410114,Online,Corporate,6085.999739250493,440.7082961455736,2151.6934458872124,110.08837177044006,1.0443491031749974,2.347629860207648,Medium,4,3,8,1
1264,2024-10-22,P001,Wireless Mouse,Electronics,S01,Chennai,29,2092.82533009297,2,60691.93457269615,0,1,Tuesday,September,Q3,0,No_Holiday,0,Autumn,Stormy,0,2254.475903063552,109.9846964396357,Wholesale,Wholesale,547.7426579731793,41.8565066018594,2050.9688234911105,-161.65057297058183,0.928297937116596,0.26172401972449694,Medium,1,1,9,1
1265,2024-10-22,P005,LED Desk Lamp,Home,S01,Chennai,44,3274.489128203747,8,144077.5216409648,1,1,Tuesday,October,Q4,0,No_Holiday,0,Autumn,Cloudy,0,3191.192775565976,101.2906641196135,In-Store,Corporate,5165.741343815859,261.9591302562998,3012.529997947447,83.29635263777118,1.0261019494890897,1.577571688762814,Medium,5,1,10,1
1266,2024-10-23,P008,Coffee Maker,Appliances,S03,Mumbai,12,4505.75,0,54069.0,0,1,Wednesday,October,Q4,0,No_Holiday,0,Autumn,Cloudy,0,4814.71,107.87,Wholesale,Retail,486.25,0.0,4505.75,-308.96000000000004,0.9358299876835781,0.10791766076679798,High,8,3,10,2
1267,2024-10-23,P008,Coffee Maker,Appliances,S02,Bengaluru,1,4767.033491592759,22,4767.033491592759,1,0,Wednesday,November,Q4,0,No_Holiday,0,Autumn,Sunny,0,5144.950376987641,104.6937406125511,In-Store,Corporate,3442.390983363213,1048.747368150407,3718.2861234423517,-377.91688539488223,0.9265460582311482,0.7221243545769683,High,8,2,11,2
1268,2024-10-23,P002,Bluetooth Speaker,Electronics,S04,Delhi,32,3370.978014316402,0,107871.2964581249,1,1,Wednesday,November,Q4,0,No_Holiday,0,Autumn,Stormy,0,3614.605194105526,103.0163688357931,Wholesale,Retail,271.3915647206532,0.0,3370.978014316402,-243.62717978912406,0.9325992282126921,0.08050825711946641,Medium,2,4,11,2
1269,2024-10-24,P008,Coffee Maker,Appliances,S03,Mumbai,92,1830.428252408663,19,168399.399221597,1,1,Thursday,September,Q3,0,No_Holiday,0,Autumn,Rainy,0,1676.92825957844,110.1666968755481,In-Store,Wholesale,2004.884506828391,347.781367957646,1482.6468844510168,153.49999283022294,1.0915364100720748,1.0953089825783453,Medium,8,3,9,3
1270,2024-10-24,P005,LED Desk Lamp,Home,S02,Bengaluru,57,2911.457341572477,5,165953.0684696312,1,1,Thursday,July,Q3,0,No_Holiday,0,Summer,Clear,0,2846.547200503152,106.1026056173323,Wholesale,Wholesale,1461.978012789513,145.57286707862386,2765.8844744938533,64.91014106932516,1.0228031142634317,0.5021464652475036,Medium,5,2,7,3
1271,2024-10-24,P004,Notebook Pack,Stationery,S02,Bengaluru,74,1642.31,15,103301.3,1,1,Thursday,October,Q4,0,No_Holiday,0,Autumn,Cloudy,0,1717.46,104.07,Online,Retail,4696.31,246.3465,1395.9634999999998,-75.15000000000009,0.9562435224110022,2.859575841345422,Low,4,2,10,3
1272,2024-10-24,P005,LED Desk Lamp,Home,S01,Chennai,51,4534.985368257232,10,231284.2537811188,1,1,Thursday,May,Q2,0,No_Holiday,0,Spring,Stormy,0,4543.949700158012,102.1212154774894,Wholesale,Corporate,4717.817947560514,453.4985368257232,4081.486831431509,-8.964331900780053,0.9980271938528571,1.0403160240787157,High,5,1,5,3
1273,2024-10-25,P007,Yoga Mat,Sports,S04,Delhi,75,3845.57,20,230734.2,1,1,Friday,October,Q4,0,No_Holiday,0,Autumn,Sunny,1,4069.76,95.98,Wholesale,Wholesale,4332.16,769.114,3076.456,-224.19000000000005,0.9449132135555904,1.1265326076498412,High,7,4,10,4
1274,2024-10-25,P004,Notebook Pack,Stationery,S03,Mumbai,92,973.816389087499,18,89591.10779604991,1,1,Friday,February,Q1,0,No_Holiday,0,Winter,Stormy,0,1029.284658885203,98.65478669748168,In-Store,Corporate,3039.732996825437,175.28695003574984,798.5294390517493,-55.46826979770401,0.9461098838704343,3.1214642009401548,Low,4,3,2,4
1275,2024-10-25,P007,Yoga Mat,Sports,S04,Delhi,20,1318.743857902758,0,26374.87715805516,0,1,Friday,July,Q3,0,No_Holiday,0,Summer,Clear,0,1257.165186146977,108.4785705958951,Wholesale,Corporate,422.4802419280171,0.0,1318.743857902758,61.57867175578099,1.0489821643442978,0.3203656566028686,Low,7,4,7,4
1276,2024-10-25,P006,Running Shoes,Apparel,S01,Chennai,79,1686.81600855402,2,133258.4646757676,1,1,Friday,April,Q2,0,No_Holiday,1,Spring,Sunny,0,1794.910160784015,95.79325936714574,Online,Wholesale,5788.285430486819,33.7363201710804,1653.0796883829396,-108.09415222999496,0.9397774024618706,3.4314859481613995,Low,6,1,4,4
1277,2024-10-25,P006,Running Shoes,Apparel,S01,Chennai,1,4595.063878869867,0,4595.063878869867,0,0,Friday,June,Q2,0,No_Holiday,1,Summer,Clear,0,4666.459995512009,97.42677714060423,In-Store,Wholesale,659.0644830776112,0.0,4595.063878869867,-71.39611664214226,0.984700154568815,0.14342879673736,High,6,1,6,4
1278,2024-10-26,P005,LED Desk Lamp,Home,S04,Delhi,60,4207.261210375573,1,252435.6726225344,1,1,Saturday,March,Q1,0,No_Holiday,1,Spring,Stormy,1,3911.275985307551,97.71915397315453,Wholesale,Wholesale,7611.506309051629,42.07261210375573,4165.188598271817,295.9852250680219,1.0756748504017284,1.8091356653304078,High,5,4,3,5
1279,2024-10-26,P003,Office Chair,Furniture,S01,Chennai,65,1504.120698362811,8,97767.8453935827,1,1,Saturday,July,Q3,0,No_Holiday,0,Summer,Sunny,0,1445.877978433542,104.3860009735832,Online,Wholesale,2768.446464790831,120.32965586902488,1383.791042493786,58.242719929269015,1.0402819053875962,1.840574674495338,Low,3,1,7,5
1280,2024-10-26,P008,Coffee Maker,Appliances,S04,Delhi,72,4028.705641472943,12,290066.8061860519,1,1,Saturday,April,Q2,0,No_Holiday,1,Spring,Stormy,0,4123.0648923943,108.1469119407948,Wholesale,Corporate,5078.033757494441,483.44467697675316,3545.26096449619,-94.35925092135676,0.9771142940060394,1.2604628407743015,High,8,4,4,5
1281,2024-10-26,P001,Wireless Mouse,Electronics,S02,Bengaluru,99,1125.26,20,89120.59,1,1,Saturday,October,Q4,0,No_Holiday,1,Autumn,Sunny,0,1020.18,95.76,In-Store,Wholesale,2391.54,225.05200000000002,900.208,105.08000000000004,1.1030014311199985,2.125322147770293,Low,1,2,10,5
1282,2024-10-27,P007,Yoga Mat,Sports,S02,Bengaluru,39,4994.437288824624,13,194783.0542641603,1,1,Sunday,October,Q4,0,No_Holiday,1,Autumn,Clear,0,4807.584716906137,106.2071634806618,Online,Retail,4478.36105812795,649.2768475472012,4345.160441277423,186.85257191848723,1.0388662047413142,0.8966697946430465,High,7,2,10,6
1283,2024-10-27,P005,LED Desk Lamp,Home,S03,Mumbai,64,1484.081409208383,5,94981.21018933649,1,1,Sunday,July,Q3,0,No_Holiday,0,Summer,Cloudy,0,1476.579517419998,98.93162851151676,Wholesale,Retail,3227.909125137587,74.20407046041915,1409.877338747964,7.501891788385137,1.0050805877366449,2.175021602662196,Low,5,3,7,6
1284,2024-10-27,P005,LED Desk Lamp,Home,S03,Mumbai,1,868.6855988629912,9,868.6855988629912,1,0,Sunday,June,Q2,0,No_Holiday,0,Summer,Rainy,0,774.2846748744508,108.9069316299512,Online,Wholesale,3196.620264928706,78.18170389766921,790.503894965322,94.4009239885404,1.1219201761985633,3.6798356840641904,Low,5,3,6,6
1285,2024-10-27,P006,Running Shoes,Apparel,S04,Delhi,65,2624.61,15,145009.7,1,1,Sunday,October,Q4,0,No_Holiday,1,Autumn,Sunny,0,2557.66,103.91,Online,Corporate,6075.36,393.6915,2230.9185,66.95000000000027,1.0261762704972515,2.3147667653479944,Medium,6,4,10,6
1286,2024-10-27,P002,Bluetooth Speaker,Electronics,S01,Chennai,64,4131.916450502121,21,264442.6528321357,1,1,Sunday,July,Q3,0,No_Holiday,1,Summer,Clear,0,4305.168421125921,109.3975396164779,Online,Wholesale,441.320415536951,867.7024546054454,3264.2139958966754,-173.25197062379993,0.9597572141954693,0.10680768133230782,High,2,1,7,6
1287,2024-10-27,P001,Wireless Mouse,Electronics,S03,Mumbai,1,4784.491589999607,4,4784.491589999607,0,1,Sunday,May,Q2,0,No_Holiday,0,Spring,Sunny,0,5250.299390256106,97.76823273505795,In-Store,Retail,434.6339370133296,191.37966359998427,4593.1119263996225,-465.8078002564989,0.911279764136693,0.09084224077680222,High,1,3,5,6
1288,2024-10-28,P007,Yoga Mat,Sports,S02,Bengaluru,69,1122.572433909542,10,77457.49793975841,1,1,Monday,March,Q1,0,No_Holiday,0,Spring,Clear,0,1139.014283878798,103.3385803170425,Wholesale,Retail,7767.907760536035,112.25724339095422,1010.3151905185878,-16.441849969256054,0.9855648430384341,6.919738562867633,Low,7,2,3,0
1289,2024-10-28,P006,Running Shoes,Apparel,S03,Mumbai,36,984.87,0,35455.32,0,1,Monday,October,Q4,0,No_Holiday,0,Autumn,Sunny,0,896.16,107.81,Online,Retail,323.69,0.0,984.87,88.71000000000004,1.0989890198178898,0.3286626661386782,Low,6,3,10,0
1290,2024-10-28,P001,Wireless Mouse,Electronics,S04,Delhi,61,460.1869945657307,10,28071.40666850957,1,1,Monday,May,Q2,0,No_Holiday,0,Spring,Rainy,0,497.1774497753709,100.7619301029142,Online,Corporate,9356.178788939813,46.01869945657307,414.1682951091576,-36.99045520964023,0.9255990889644073,20.331254249740482,Low,1,4,5,0
1291,2024-10-29,P008,Coffee Maker,Appliances,S04,Delhi,1,2485.454854204088,14,2485.454854204088,1,0,Tuesday,September,Q3,0,No_Holiday,0,Autumn,Stormy,0,2605.525166610288,106.9112299703403,Wholesale,Retail,4560.77267078552,347.96367958857235,2137.491174615516,-120.07031240620017,0.9539170398563418,1.8349851187484179,Medium,8,4,9,1
1292,2024-10-29,P004,Notebook Pack,Stationery,S03,Mumbai,53,3327.62,10,158727.47,1,1,Tuesday,October,Q4,0,No_Holiday,0,Autumn,Sunny,0,3601.49,104.71,Wholesale,Retail,2625.82,332.76199999999994,2994.858,-273.8699999999999,0.923956473570661,0.7890985148544606,Medium,4,3,10,1
1293,2024-10-29,P001,Wireless Mouse,Electronics,S01,Chennai,38,4296.657268915753,12,163272.9762187986,1,1,Tuesday,November,Q4,0,No_Holiday,0,Autumn,Cloudy,0,4636.103767383601,109.0015418116056,In-Store,Wholesale,1008.835939619059,515.5988722698903,3781.0583966458626,-339.44649846784796,0.9267819454655098,0.23479553440706136,High,1,1,11,1
1294,2024-10-29,P008,Coffee Maker,Appliances,S02,Bengaluru,49,2613.020461267978,12,128038.0026021309,1,1,Tuesday,March,Q1,0,No_Holiday,0,Spring,Cloudy,0,2789.404725074342,101.9355511671165,Online,Retail,2112.75840669453,313.5624553521574,2299.4580059158206,-176.38426380636383,0.9367663422160214,0.8085502727633851,Medium,8,2,3,1
1295,2024-10-29,P008,Coffee Maker,Appliances,S03,Mumbai,45,4327.719289678897,2,194747.3680355504,1,1,Tuesday,March,Q1,0,No_Holiday,0,Spring,Clear,1,3950.961366138637,109.1307715444641,Online,Retail,6698.207196664768,86.55438579357795,4241.164903885319,376.75792354026044,1.0953585440670797,1.547745301466111,High,8,3,3,1
1296,2024-10-29,P001,Wireless Mouse,Electronics,S04,Delhi,61,2780.356050868884,0,169601.7191030019,1,1,Tuesday,January,Q1,0,No_Holiday,0,Winter,Clear,0,2956.91139808038,104.2468480381103,In-Store,Wholesale,1896.865545077346,0.0,2780.356050868884,-176.55534721149616,0.9402906196898171,0.6822383573803651,Medium,1,4,1,1
1297,2024-10-29,P008,Coffee Maker,Appliances,S01,Chennai,96,663.9230348354987,12,63736.61134420788,1,1,Tuesday,November,Q4,0,No_Holiday,1,Autumn,Sunny,0,643.0256088677348,104.4299038938127,In-Store,Wholesale,5756.274524642493,79.67076418025985,584.2522706552388,20.897425967763866,1.0324985905375696,8.670093102084843,Low,8,1,11,1
1298,2024-10-29,P004,Notebook Pack,Stationery,S02,Bengaluru,36,2990.061782810166,0,107642.224181166,0,1,Tuesday,June,Q2,0,No_Holiday,0,Summer,Stormy,1,3222.434625981366,105.0121739019314,In-Store,Corporate,163.8712754531943,0.0,2990.061782810166,-232.3728431712002,0.9278890434897704,0.05480531418958918,Medium,4,2,6,1
1299,2024-10-30,P007,Yoga Mat,Sports,S04,Delhi,87,2990.305640752039,21,260156.5907454274,1,1,Wednesday,April,Q2,0,No_Holiday,0,Spring,Stormy,1,3082.444814863129,100.0887925606823,In-Store,Wholesale,2296.570261839096,627.9641845579282,2362.341456194111,-92.13917411109014,0.9701084108085869,0.7680051933626176,Medium,7,4,4,2
1300,2024-10-30,P001,Wireless Mouse,Electronics,S03,Mumbai,1,2218.297033644375,1,2218.297033644375,0,0,Wednesday,November,Q4,0,No_Holiday,0,Autumn,Clear,0,2187.061512035079,108.7522805821863,Wholesale,Wholesale,614.5864883169886,22.18297033644375,2196.1140633079312,31.23552160929603,1.0142819584348275,0.2770532886244285,Medium,1,3,11,2
1301,2024-10-30,P001,Wireless Mouse,Electronics,S02,Bengaluru,68,961.3473827071066,7,65371.62202408325,1,1,Wednesday,April,Q2,0,No_Holiday,0,Spring,Sunny,0,948.1414915597127,101.0452389671664,Wholesale,Corporate,4434.220626176627,67.29431678949746,894.0530659176092,13.205891147393913,1.0139281861040275,4.612506057581476,Low,1,2,4,2
1302,2024-10-30,P005,LED Desk Lamp,Home,S03,Mumbai,55,2234.27,5,116740.61,1,1,Wednesday,October,Q4,0,No_Holiday,0,Autumn,Stormy,0,2108.35,99.53,Wholesale,Wholesale,4272.95,111.71350000000001,2122.5565,125.92000000000007,1.059724429055897,1.9124591029732305,Medium,5,3,10,2
1303,2024-10-30,P002,Bluetooth Speaker,Electronics,S01,Chennai,37,4044.380471137584,12,149642.0774320906,1,1,Wednesday,August,Q3,0,No_Holiday,0,Summer,Cloudy,0,3788.477789500374,96.25394161327897,Wholesale,Corporate,5873.726046901875,485.32565653651005,3559.054814601074,255.9026816372102,1.0675476262118877,1.4523178738546676,High,2,1,8,2
1304,2024-10-30,P006,Running Shoes,Apparel,S04,Delhi,2,3567.170959346511,7,7134.341918693022,1,0,Wednesday,June,Q2,0,No_Holiday,1,Summer,Rainy,0,3706.35017282715,104.3451686869461,Online,Wholesale,5023.367981457927,249.70196715425575,3317.4689921922554,-139.17921348063874,0.9624484446987709,1.4082218202343137,High,6,4,6,2
1305,2024-10-31,P002,Bluetooth Speaker,Electronics,S01,Chennai,34,1685.427272337413,0,57304.52725947203,0,1,Thursday,April,Q2,1,Diwali,0,Spring,Stormy,0,1554.620194676991,106.7662113187663,Wholesale,Corporate,0.0,0.0,1685.427272337413,130.80707766042178,1.0841408583963494,0.0,Low,2,1,4,3
1306,2024-10-31,P001,Wireless Mouse,Electronics,S04,Delhi,60,1337.780613384814,10,80266.83680308884,1,1,Thursday,April,Q2,1,Diwali,0,Spring,Stormy,0,1336.16708441039,103.7980269102092,Online,Retail,8799.579370065532,133.7780613384814,1204.0025520463325,1.6135289744238435,1.0012075802444542,6.577744722881796,Low,1,4,4,3
1307,2024-10-31,P006,Running Shoes,Apparel,S03,Mumbai,1,3819.127223513829,0,3819.127223513829,1,0,Thursday,June,Q2,1,Diwali,1,Summer,Sunny,0,3470.555683004571,105.7784223424819,In-Store,Wholesale,5217.869131184839,0.0,3819.127223513829,348.57154050925783,1.1004368096487327,1.3662464814105046,High,6,3,6,3
1308,2024-10-31,P008,Coffee Maker,Appliances,S02,Bengaluru,51,2614.951523996986,13,133362.5277238463,1,1,Thursday,March,Q1,1,Diwali,0,Spring,Cloudy,0,2803.361481067653,101.9173496742148,Online,Retail,2108.866089259564,339.94369811960814,2275.007825877378,-188.40995707066713,0.9327914154692203,0.8064646973019737,Medium,8,2,3,3
1309,2024-10-31,P005,LED Desk Lamp,Home,S01,Chennai,4,2528.887268210166,3,10115.54907284066,1,0,Thursday,February,Q1,1,Diwali,0,Winter,Cloudy,1,2635.731898844354,97.96524202614447,Online,Wholesale,3615.45582838582,75.86661804630498,2453.020650163861,-106.84463063418798,0.9594630126527534,1.4296627112780236,Medium,5,1,2,3
1310,2024-10-31,P002,Bluetooth Speaker,Electronics,S01,Chennai,103,2655.27,15,232468.89,1,1,Thursday,October,Q4,1,Diwali,0,Autumn,Clear,1,2713.18,99.48,Online,Corporate,1106.45,398.2905,2256.9795,-57.909999999999854,0.9786560419876308,0.4166996200009792,Medium,2,1,10,3
1311,2024-11-01,P005,LED Desk Lamp,Home,S03,Mumbai,20,4335.16,0,86703.2,0,1,Friday,November,Q4,0,No_Holiday,0,Autumn,Rainy,1,4565.33,108.5,Wholesale,Corporate,330.27,0.0,4335.16,-230.17000000000007,0.949583053141832,0.07618403934341524,High,5,3,11,4
1312,2024-11-01,P008,Coffee Maker,Appliances,S04,Delhi,75,457.0880347846535,13,34281.60260884902,1,1,Friday,March,Q1,0,No_Holiday,0,Spring,Clear,0,469.1384809145048,106.8217635972006,Online,Corporate,5766.13997644823,59.42144452200495,397.6665902626485,-12.05044612985131,0.9743136693746354,12.614944031875204,Low,8,4,3,4
1313,2024-11-01,P004,Notebook Pack,Stationery,S03,Mumbai,75,2579.665991615273,23,193474.9493711455,1,1,Friday,August,Q3,0,No_Holiday,0,Summer,Rainy,1,2476.388906710595,109.544322432602,Online,Corporate,6157.699234470399,593.3231780715128,1986.3428135437603,103.27708490467785,1.041704711495361,2.387014153958249,Medium,4,3,8,4
1314,2024-11-01,P008,Coffee Maker,Appliances,S04,Delhi,51,2415.964126988878,16,123214.1704764328,1,1,Friday,July,Q3,0,No_Holiday,0,Summer,Rainy,0,2516.650875254717,102.0125827355832,Wholesale,Wholesale,9398.14758870482,386.5542603182205,2029.4098666706575,-100.68674826583901,0.9599917695156471,3.8900195096928627,Medium,8,4,7,4
1315,2024-11-01,P006,Running Shoes,Apparel,S02,Bengaluru,1,1038.262878158124,15,1038.262878158124,1,0,Friday,October,Q4,0,No_Holiday,1,Autumn,Sunny,0,1007.709305487252,97.10845224703547,Online,Retail,5355.316513295481,155.7394317237186,882.5234464344055,30.553572670872086,1.0303198278556123,5.1579581876179565,Low,6,2,10,4
1316,2024-11-02,P003,Office Chair,Furniture,S01,Chennai,37,3345.92,0,123799.04,0,1,Saturday,November,Q4,0,No_Holiday,1,Autumn,Stormy,0,3504.34,103.75,Wholesale,Retail,171.58,0.0,3345.92,-158.42000000000007,0.9547931992900233,0.05128036534047437,Medium,3,1,11,5
1317,2024-11-02,P007,Yoga Mat,Sports,S03,Mumbai,36,4694.484328780562,16,169001.4358361002,1,1,Saturday,October,Q4,0,No_Holiday,0,Autumn,Rainy,0,4779.201168791034,107.5843432707166,Wholesale,Corporate,9323.615651848144,751.1174926048899,3943.366836175672,-84.71684001047288,0.9822738493278568,1.9860787679463923,High,7,3,10,5
1318,2024-11-02,P005,LED Desk Lamp,Home,S03,Mumbai,62,726.1385872266446,6,45020.59240805197,1,1,Saturday,January,Q1,0,No_Holiday,0,Winter,Stormy,0,810.5323717944325,107.866325842365,In-Store,Wholesale,7273.649398624252,43.568315233598675,682.5702719930459,-84.39378456778786,0.8958785762239835,10.016888685677268,Low,5,3,1,5
1319,2024-11-02,P004,Notebook Pack,Stationery,S02,Bengaluru,46,3477.864726843079,9,159981.7774347816,1,1,Saturday,August,Q3,0,No_Holiday,0,Summer,Stormy,0,3422.983628490749,99.70328609903518,Wholesale,Retail,8633.701426429152,313.0078254158771,3164.856901427202,54.8810983523299,1.0160331173937072,2.4824718913855284,High,4,2,8,5
1320,2024-11-03,P004,Notebook Pack,Stationery,S04,Delhi,60,645.0015550094452,11,38700.09330056671,1,1,Sunday,July,Q3,0,No_Holiday,0,Summer,Sunny,0,587.6204316544239,101.4160652085251,Wholesale,Retail,5669.212888293207,70.95017105103896,574.0513839584062,57.38112335502126,1.0976499799257606,8.789456155978087,Low,4,4,7,6
1321,2024-11-03,P006,Running Shoes,Apparel,S02,Bengaluru,75,2408.514404904673,14,180638.5803678505,1,1,Sunday,June,Q2,0,No_Holiday,1,Summer,Clear,0,2491.350686809376,107.8370084057758,Wholesale,Wholesale,8512.34396779539,337.19201668665426,2071.3223882180187,-82.8362819047029,0.9667504529397306,3.534271561947458,Medium,6,2,6,6
1322,2024-11-03,P008,Coffee Maker,Appliances,S02,Bengaluru,55,4377.438912201515,13,240759.1401710833,1,1,Sunday,February,Q1,0,No_Holiday,0,Winter,Stormy,1,4438.237096599542,108.0048652675011,Online,Retail,2078.705515326631,569.067058586197,3808.3718536153183,-60.79818439802693,0.9863012761430414,0.4748679666396993,High,8,2,2,6
1323,2024-11-03,P004,Notebook Pack,Stationery,S04,Delhi,47,4551.33,15,181825.63,1,1,Sunday,November,Q4,0,No_Holiday,1,Autumn,Clear,0,4865.75,107.61,Wholesale,Retail,3290.95,682.6995,3868.6305,-314.4200000000001,0.9353809792940451,0.7230743540899034,High,4,4,11,6
1324,2024-11-04,P003,Office Chair,Furniture,S01,Chennai,1,1572.014419848409,19,1572.014419848409,1,0,Monday,February,Q1,0,No_Holiday,0,Winter,Cloudy,0,1657.400308043133,106.1610404603359,Wholesale,Corporate,2596.253621365404,298.6827397711977,1273.3316800772113,-85.38588819472398,0.948482036729233,1.6515456783251157,Low,3,1,2,0
1325,2024-11-04,P008,Coffee Maker,Appliances,S02,Bengaluru,4,3756.41,15,12771.79,1,0,Monday,November,Q4,0,No_Holiday,0,Autumn,Rainy,0,3872.43,98.33,Online,Wholesale,8778.61,563.4614999999999,3192.9485,-116.01999999999998,0.9700394842514907,2.3369680093493526,High,8,2,11,0
1326,2024-11-04,P004,Notebook Pack,Stationery,S04,Delhi,1,2179.589121562437,0,2179.589121562437,0,0,Monday,April,Q2,0,No_Holiday,0,Spring,Rainy,0,2252.525196117015,104.9879956395919,In-Store,Retail,359.0974337773112,0.0,2179.589121562437,-72.93607455457823,0.9676203068980946,0.16475464582971144,Medium,4,4,4,0
1327,2024-11-05,P001,Wireless Mouse,Electronics,S01,Chennai,17,4940.135431931516,9,83982.30234283577,1,1,Tuesday,July,Q3,0,No_Holiday,0,Summer,Cloudy,0,4618.787705538256,97.51847797329603,Wholesale,Wholesale,6302.185277090144,444.61218887383643,4495.52324305768,321.34772639326,1.069574041259342,1.2757110334171724,High,1,1,7,1
1328,2024-11-05,P007,Yoga Mat,Sports,S03,Mumbai,59,1984.08,10,105354.65,1,1,Tuesday,November,Q4,0,No_Holiday,0,Autumn,Stormy,0,1972.39,108.0,Wholesale,Wholesale,9470.86,198.408,1785.672,11.689999999999827,1.0059268197466018,4.773426474738923,Medium,7,3,11,1
1329,2024-11-05,P006,Running Shoes,Apparel,S04,Delhi,51,2449.319789303705,2,124915.3092544889,1,1,Tuesday,January,Q1,0,No_Holiday,0,Winter,Sunny,0,2258.245396842069,110.0072157855629,Wholesale,Corporate,8558.688847786012,48.9863957860741,2400.333393517631,191.07439246163585,1.0846118817418313,3.494312537367399,Medium,6,4,1,1
1330,2024-11-06,P002,Bluetooth Speaker,Electronics,S01,Chennai,43,4042.802251332719,11,173840.4968073069,1,1,Wednesday,August,Q3,0,No_Holiday,0,Summer,Cloudy,0,3791.492368457806,96.56263872780917,Wholesale,Corporate,5181.935055372113,444.70824764659915,3598.0940036861202,251.309882874913,1.0662825764771706,1.28176812349995,High,2,1,8,2
1331,2024-11-06,P002,Bluetooth Speaker,Electronics,S04,Delhi,46,4469.25,10,185026.95,1,1,Wednesday,November,Q4,0,No_Holiday,0,Autumn,Stormy,1,4289.01,95.81,Online,Retail,9927.3,446.925,4022.325,180.23999999999978,1.0420236837871677,2.2212451753649938,High,2,4,11,2
1332,2024-11-07,P006,Running Shoes,Apparel,S04,Delhi,32,4938.52,5,150131.01,1,1,Thursday,November,Q4,0,No_Holiday,0,Autumn,Cloudy,0,5214.03,102.31,Wholesale,Retail,3477.43,246.92600000000002,4691.594,-275.5099999999993,0.9471598744157591,0.7041441565489255,High,6,4,11,3
1333,2024-11-07,P008,Coffee Maker,Appliances,S01,Chennai,102,676.9419237994705,13,69048.07622754599,1,1,Thursday,November,Q4,0,No_Holiday,1,Autumn,Sunny,0,647.4642143447364,104.81447192065,In-Store,Wholesale,5112.453094699223,88.00245009393116,588.9394737055393,29.477709454734054,1.0455279362189411,7.552277255934406,Low,8,1,11,3
1334,2024-11-07,P003,Office Chair,Furniture,S04,Delhi,105,1214.754473451931,24,127549.2197124527,1,1,Thursday,August,Q3,0,No_Holiday,1,Summer,Cloudy,1,1302.97471776534,107.634426424257,In-Store,Wholesale,7726.633020792983,291.54107362846344,923.2133998234676,-88.22024431340901,0.9322932033058088,6.360654098960792,Low,3,4,8,3
1335,2024-11-07,P007,Yoga Mat,Sports,S01,Chennai,34,873.9048949177406,0,29712.76642720318,0,1,Thursday,April,Q2,0,No_Holiday,0,Spring,Sunny,0,819.4866083048479,103.2713147354925,In-Store,Corporate,0.0,0.0,873.9048949177406,54.41828661289276,1.0664053397107487,0.0,Low,7,1,4,3
1336,2024-11-07,P001,Wireless Mouse,Electronics,S03,Mumbai,41,3408.236808260175,7,139737.7091386672,1,1,Thursday,April,Q2,0,No_Holiday,0,Spring,Stormy,0,3735.791463394704,104.2542556211542,In-Store,Retail,6419.626403251274,238.57657657821227,3169.660231681963,-327.55465513452873,0.9123198769674149,1.8835623122468248,High,1,3,4,3
1337,2024-11-07,P007,Yoga Mat,Sports,S03,Mumbai,84,1113.067787633935,17,93497.69416125052,1,1,Thursday,January,Q1,0,No_Holiday,0,Winter,Clear,1,1024.537799880745,94.88363818465379,Wholesale,Retail,7153.202289602684,189.22152389776898,923.8462637361661,88.52998775318997,1.086409684214184,6.426564822982034,Low,7,3,1,3
1338,2024-11-07,P007,Yoga Mat,Sports,S01,Chennai,1,1361.262894453768,4,1361.262894453768,0,0,Thursday,July,Q3,0,No_Holiday,1,Summer,Sunny,0,1381.611177572129,106.0121258310166,Online,Retail,143.6626466651296,54.450515778150724,1306.8123786756173,-20.348283118360996,0.9852720624668667,0.1055362981320202,Low,7,1,7,3
1339,2024-11-08,P001,Wireless Mouse,Electronics,S01,Chennai,7,2369.86,0,16589.02,0,0,Friday,November,Q4,0,No_Holiday,0,Autumn,Rainy,0,2505.04,106.7,Online,Wholesale,216.86,0.0,2369.86,-135.17999999999984,0.9460367898316994,0.09150751521186906,Medium,1,1,11,4
1340,2024-11-08,P008,Coffee Maker,Appliances,S03,Mumbai,70,3397.217802197479,19,237805.2461538235,1,1,Friday,March,Q1,0,No_Holiday,0,Spring,Cloudy,1,3164.577988449435,101.3998147540891,In-Store,Wholesale,2900.53672486511,645.471382417521,2751.746419779958,232.63981374804416,1.0735136926936764,0.8537976938037083,High,8,3,3,4
1341,2024-11-09,P007,Yoga Mat,Sports,S04,Delhi,66,2259.32,5,141659.36,1,1,Saturday,November,Q4,0,No_Holiday,1,Autumn,Sunny,0,2274.59,105.96,Online,Corporate,7690.05,112.96600000000001,2146.3540000000003,-15.269999999999982,0.9932867022188614,3.4037011136094044,Medium,7,4,11,5
1342,2024-11-09,P004,Notebook Pack,Stationery,S02,Bengaluru,34,4578.003184564659,2,155652.1082751984,1,1,Saturday,June,Q2,0,No_Holiday,1,Summer,Sunny,0,4796.541521262142,102.1757908994683,In-Store,Wholesale,3847.676074165698,91.56006369129318,4486.443120873366,-218.53833669748292,0.9544383519398832,0.840470379561693,High,4,2,6,5
1343,2024-11-09,P008,Coffee Maker,Appliances,S04,Delhi,86,2775.836591062215,22,238721.9468313504,1,1,Saturday,November,Q4,0,No_Holiday,1,Autumn,Clear,0,2998.602931853217,107.1342312182758,In-Store,Wholesale,2089.049388900944,610.6840500336873,2165.1525410285276,-222.76634079100177,0.9257099569854265,0.752583705981604,Medium,8,4,11,5
1344,2024-11-10,P004,Notebook Pack,Stationery,S02,Bengaluru,34,4335.976057391759,7,147423.1859513198,1,1,Sunday,May,Q2,0,No_Holiday,0,Spring,Cloudy,0,4051.893314890838,109.038535556828,In-Store,Corporate,5258.363012774749,303.51832401742314,4032.457733374336,284.0827425009211,1.0701111111333825,1.2127287935113364,High,4,2,5,6
1345,2024-11-10,P001,Wireless Mouse,Electronics,S01,Chennai,27,2089.907723529607,4,56427.50853529938,0,1,Sunday,September,Q3,0,No_Holiday,0,Autumn,Stormy,0,2243.348875290774,109.2719471166139,Wholesale,Wholesale,725.3225500424606,83.59630894118429,2006.3114145884228,-153.44115176116657,0.9316017435133542,0.3470596054918045,Medium,1,1,9,6
1346,2024-11-10,P008,Coffee Maker,Appliances,S02,Bengaluru,45,2759.986427159149,3,124199.3892221617,1,1,Sunday,May,Q2,0,No_Holiday,0,Spring,Cloudy,1,3024.277375189678,102.1109140408577,In-Store,Corporate,5450.988076941002,82.79959281477448,2677.186834344375,-264.29094803052885,0.912610215518359,1.9750053925271285,Medium,8,2,5,6
1347,2024-11-10,P004,Notebook Pack,Stationery,S01,Chennai,73,3448.39,15,213972.6,1,1,Sunday,November,Q4,0,No_Holiday,1,Autumn,Rainy,0,3318.79,96.54,Wholesale,Wholesale,3408.09,517.2585,2931.1315,129.5999999999999,1.039050376793952,0.9883133868268961,High,4,1,11,6
1348,2024-11-10,P001,Wireless Mouse,Electronics,S03,Mumbai,39,3411.274301232505,7,133039.6977480677,1,1,Sunday,April,Q2,0,No_Holiday,0,Spring,Stormy,0,3742.256880822345,104.3276434179875,In-Store,Retail,5635.053392284315,238.78920108627534,3172.48510014623,-330.98257958984004,0.9115553554631696,1.6518910221462846,High,1,3,4,6
1349,2024-11-11,P002,Bluetooth Speaker,Electronics,S01,Chennai,0,1631.37,0,0.0,1,0,Monday,November,Q4,0,No_Holiday,0,Autumn,Clear,1,1578.46,108.32,Online,Corporate,9963.32,0.0,1631.37,52.909999999999854,1.0335200131774007,6.107333100400277,Low,2,1,11,0
1350,2024-11-12,P008,Coffee Maker,Appliances,S03,Mumbai,32,3800.55,0,121617.6,1,1,Tuesday,November,Q4,0,No_Holiday,0,Autumn,Rainy,0,3973.22,96.97,Wholesale,Retail,6102.08,0.0,3800.55,-172.66999999999962,0.9565415456481142,1.6055781400060516,High,8,3,11,1
1351,2024-11-13,P003,Office Chair,Furniture,S01,Chennai,65,1959.64,15,108270.11,1,1,Wednesday,November,Q4,0,No_Holiday,0,Autumn,Stormy,0,2065.95,104.35,Wholesale,Retail,6788.71,293.946,1665.694,-106.30999999999972,0.9485418330550112,3.46426384437958,Medium,3,1,11,2
1352,2024-11-13,P003,Office Chair,Furniture,S04,Delhi,1,4831.58881180255,1,4831.58881180255,0,1,Wednesday,March,Q1,0,No_Holiday,0,Spring,Stormy,0,4852.151731263546,102.0315396341877,Wholesale,Retail,0.0,48.3158881180255,4783.272923684524,-20.562919460996454,0.9957621029597025,0.0,High,3,4,3,2
1353,2024-11-13,P003,Office Chair,Furniture,S04,Delhi,64,4782.545086155983,21,306082.8855139829,1,1,Wednesday,September,Q3,0,No_Holiday,0,Autumn,Sunny,1,4372.312910387611,98.5163916803529,Online,Retail,9500.17133236853,1004.3344680927564,3778.2106180632263,410.23217576837214,1.0938249810057634,1.9864258802010344,High,3,4,9,2
1354,2024-11-14,P006,Running Shoes,Apparel,S04,Delhi,1,1635.190119329745,6,1635.190119329745,1,0,Thursday,February,Q1,0,No_Holiday,0,Winter,Sunny,0,1501.444280414443,97.45980149772832,Online,Corporate,5061.575317796831,98.11140715978469,1537.0787121699602,133.74583891530187,1.0890781234175297,3.0954047838006393,Low,6,4,2,3
1355,2024-11-14,P001,Wireless Mouse,Electronics,S01,Chennai,40,3510.8,5,133410.4,1,1,Thursday,November,Q4,0,No_Holiday,0,Autumn,Stormy,0,3544.0,102.12,Online,Retail,7104.32,175.54,3335.26,-33.19999999999982,0.9906320541760723,2.0235615814059473,High,1,1,11,3
1356,2024-11-15,P001,Wireless Mouse,Electronics,S03,Mumbai,0,2220.18,0,0.0,0,0,Friday,November,Q4,0,No_Holiday,0,Autumn,Clear,0,2184.14,108.48,Wholesale,Wholesale,308.85,0.0,2220.18,36.039999999999964,1.0165007737599239,0.1391103424046699,Medium,1,3,11,4
1357,2024-11-15,P008,Coffee Maker,Appliances,S02,Bengaluru,2,4765.548488096028,16,9531.096976192055,1,0,Friday,November,Q4,0,No_Holiday,0,Autumn,Sunny,0,5132.625459272698,104.7410814056061,In-Store,Corporate,2771.02139100987,762.4877580953646,4003.060730000664,-367.07697117666976,0.9284816369147876,0.5814695617790202,High,8,2,11,4
1358,2024-11-16,P004,Notebook Pack,Stationery,S02,Bengaluru,34,2994.176496390982,0,101802.0008772934,0,1,Saturday,June,Q2,0,No_Holiday,0,Summer,Stormy,1,3232.98839372926,104.3323592594324,In-Store,Corporate,682.0684371605732,0.0,2994.176496390982,-238.8118973382784,0.926132769977931,0.22779834053961134,Medium,4,2,6,5
1359,2024-11-16,P005,LED Desk Lamp,Home,S02,Bengaluru,89,1624.678187599739,22,144596.3586963768,1,1,Saturday,December,Q4,0,No_Holiday,0,Winter,Sunny,1,1756.961588917911,97.31755654980057,Online,Retail,6215.682461707651,357.4292012719426,1267.2489863277965,-132.28340131817208,0.9247089963989232,3.825793014978894,Low,5,2,12,5
1360,2024-11-16,P001,Wireless Mouse,Electronics,S01,Chennai,44,3775.71078777641,2,166131.274662162,1,1,Saturday,December,Q4,0,No_Holiday,0,Winter,Cloudy,1,3813.524786915218,104.3623858339771,Wholesale,Retail,2805.125290597226,75.5142157555282,3700.196572020882,-37.81399913880796,0.9900842393188177,0.7429396604418473,High,1,1,12,5
1361,2024-11-16,P003,Office Chair,Furniture,S01,Chennai,21,4747.035123973066,7,99687.73760343439,1,1,Saturday,October,Q4,0,No_Holiday,0,Autumn,Rainy,0,5052.835039048376,97.36854458869018,In-Store,Retail,9770.868337077862,332.29245867811466,4414.742665294952,-305.7999150753094,0.9394795371881165,2.0583096779153514,High,3,1,10,5
1362,2024-11-16,P005,LED Desk Lamp,Home,S01,Chennai,44,3966.85,5,165814.33,1,1,Saturday,November,Q4,0,No_Holiday,1,Autumn,Clear,0,4187.37,107.47,Online,Corporate,7182.65,198.3425,3768.5074999999997,-220.51999999999998,0.9473368725476851,1.8106684144850447,High,5,1,11,5
1363,2024-11-16,P008,Coffee Maker,Appliances,S04,Delhi,8,3897.598466228267,16,31180.78772982614,1,0,Saturday,May,Q2,0,No_Holiday,0,Spring,Sunny,0,4266.937138354437,105.0900856663273,In-Store,Corporate,7095.619206313368,623.6157545965227,3273.9827116317447,-369.3386721261695,0.9134417358047588,1.8205105702383568,High,8,4,5,5
1364,2024-11-16,P001,Wireless Mouse,Electronics,S01,Chennai,27,2473.508145680736,0,66784.71993337988,1,1,Saturday,May,Q2,0,No_Holiday,0,Spring,Rainy,0,2622.689652455615,104.1899695584445,Online,Wholesale,1732.683004044993,0.0,2473.508145680736,-149.18150677487893,0.9431188868895712,0.7004961787049785,Medium,1,1,5,5
1365,2024-11-17,P008,Coffee Maker,Appliances,S01,Chennai,52,2448.272605454528,2,127310.1754836355,1,1,Sunday,March,Q1,0,No_Holiday,0,Spring,Cloudy,0,2629.169171003363,99.58847019384406,Wholesale,Corporate,3250.381331563205,48.965452109090556,2399.307153345437,-180.89656554883504,0.9311963005104765,1.3276223098365976,Medium,8,1,3,6
1366,2024-11-17,P005,LED Desk Lamp,Home,S02,Bengaluru,83,389.15,5,30684.48,1,1,Sunday,November,Q4,0,No_Holiday,1,Autumn,Stormy,0,368.49,95.19,Online,Retail,8434.71,19.4575,369.6925,20.659999999999968,1.0560666503839995,21.674701272003084,Low,5,2,11,6
1367,2024-11-17,P007,Yoga Mat,Sports,S01,Chennai,18,4599.149915917255,1,82784.69848651059,0,1,Sunday,November,Q4,0,No_Holiday,1,Autumn,Cloudy,0,4719.213944067566,96.10702785083106,In-Store,Corporate,462.0090284622914,45.991499159172555,4553.158416758083,-120.06402815031106,0.9745584689371328,0.10045530954825338,High,7,1,11,6
1368,2024-11-18,P008,Coffee Maker,Appliances,S02,Bengaluru,0,4757.34,20,0.0,1,0,Monday,November,Q4,0,No_Holiday,0,Autumn,Sunny,0,5142.47,104.67,In-Store,Corporate,3009.19,951.4680000000001,3805.8720000000003,-385.1300000000001,0.9251079734057758,0.6325362492485296,High,8,2,11,0
1369,2024-11-19,P001,Wireless Mouse,Electronics,S01,Chennai,71,4103.26,20,233065.17,1,1,Tuesday,November,Q4,0,No_Holiday,0,Autumn,Cloudy,0,4350.77,99.69,Wholesale,Retail,1402.49,820.6520000000002,3282.608,-247.51000000000022,0.9431112193933487,0.34179895985143516,High,1,1,11,1
1370,2024-11-20,P002,Bluetooth Speaker,Electronics,S01,Chennai,33,1697.823018024814,0,56028.15959481885,0,1,Wednesday,April,Q2,0,No_Holiday,0,Spring,Stormy,0,1549.097951710809,106.7045350064837,Wholesale,Corporate,0.0,0.0,1697.823018024814,148.72506631400506,1.0960075288652693,0.0,Medium,2,1,4,2
1371,2024-11-20,P006,Running Shoes,Apparel,S02,Bengaluru,33,1654.74295286766,4,54606.51744463277,0,1,Wednesday,July,Q3,0,No_Holiday,0,Summer,Cloudy,0,1509.153112614228,109.2528449703098,Wholesale,Retail,397.8520069151931,66.18971811470641,1588.5532347529536,145.58984025343216,1.0964712188819823,0.24043130458765083,Low,6,2,7,2
1372,2024-11-20,P001,Wireless Mouse,Electronics,S01,Chennai,37,4289.59,15,134907.61,1,1,Wednesday,November,Q4,0,No_Holiday,0,Autumn,Cloudy,0,4628.06,109.33,In-Store,Wholesale,1383.04,643.4385000000001,3646.1515,-338.47000000000025,0.9268656845416869,0.32241776020552076,High,1,1,11,2
1373,2024-11-21,P006,Running Shoes,Apparel,S02,Bengaluru,32,3225.699118234283,0,103222.371783497,0,1,Thursday,February,Q1,0,No_Holiday,1,Winter,Stormy,0,3024.16423246367,108.2806956238425,Wholesale,Retail,210.9413359934496,0.0,3225.699118234283,201.53488577061307,1.0666415149042452,0.06539399003491586,Medium,6,2,2,3
1374,2024-11-21,P006,Running Shoes,Apparel,S02,Bengaluru,55,746.39,5,38998.88,1,1,Thursday,November,Q4,0,No_Holiday,0,Autumn,Cloudy,0,774.74,102.17,In-Store,Wholesale,8918.18,37.3195,709.0705,-28.350000000000023,0.9634070785037561,11.948418387170246,Low,6,2,11,3
1375,2024-11-21,P006,Running Shoes,Apparel,S03,Mumbai,2,966.3592794319824,20,1932.718558863965,1,0,Thursday,January,Q1,0,No_Holiday,0,Winter,Cloudy,1,1039.92340911548,106.8022227720351,Wholesale,Retail,6753.231602710503,193.27185588639648,773.0874235455859,-73.56412968349753,0.9292600502703671,6.9883238526772296,Low,6,3,1,3
1376,2024-11-22,P008,Coffee Maker,Appliances,S04,Delhi,20,1886.805533754724,16,37736.11067509449,1,0,Friday,January,Q1,0,No_Holiday,0,Winter,Sunny,0,1740.886436434318,102.3700262346542,Online,Retail,2893.987249075461,301.88888540075584,1584.916648353968,145.91909732040585,1.083818848987805,1.5338026083252234,Medium,8,4,1,4
1377,2024-11-22,P003,Office Chair,Furniture,S01,Chennai,88,836.06,15,62537.29,1,1,Friday,November,Q4,0,No_Holiday,0,Autumn,Rainy,0,822.02,103.86,Wholesale,Wholesale,4662.55,125.40899999999999,710.651,14.039999999999964,1.017079876402034,5.5768126689472055,Low,3,1,11,4
1378,2024-11-22,P006,Running Shoes,Apparel,S01,Chennai,44,4377.960537958271,20,192630.2636701639,1,1,Friday,August,Q3,0,No_Holiday,0,Summer,Stormy,0,4674.95391550749,107.4228072468073,In-Store,Retail,10166.76257602928,875.5921075916542,3502.368430366617,-296.9933775492191,0.9364713785596795,2.32225998564407,High,6,1,8,4
1379,2024-11-22,P005,LED Desk Lamp,Home,S04,Delhi,66,4529.566689619653,22,298951.4015148971,1,1,Friday,October,Q4,0,No_Holiday,0,Autumn,Stormy,1,4186.194569211034,96.62936363775917,Wholesale,Corporate,7330.858956887585,996.5046717163236,3533.062017903329,343.3721204086187,1.0820248831561916,1.61844597049153,High,5,4,10,4
1380,2024-11-22,P002,Bluetooth Speaker,Electronics,S01,Chennai,5,3721.901711803331,1,18609.50855901665,1,0,Friday,May,Q2,0,No_Holiday,0,Spring,Stormy,1,3448.102179664857,106.7435640971953,Wholesale,Corporate,2120.007452729743,37.219017118033314,3684.682694685298,273.7995321384742,1.0794058638265431,0.5696032880198116,High,2,1,5,4
1381,2024-11-23,P002,Bluetooth Speaker,Electronics,S01,Chennai,7,895.2085961106194,9,6266.460172774336,1,0,Saturday,July,Q3,0,No_Holiday,0,Summer,Sunny,0,804.8056254670022,109.3478317112143,In-Store,Retail,6269.144864670017,80.56877364995574,814.6398224606637,90.40297064361721,1.1123289497276554,7.002998956787665,Low,2,1,7,5
1382,2024-11-23,P006,Running Shoes,Apparel,S01,Chennai,1,4594.912089563389,0,4594.912089563389,0,0,Saturday,November,Q4,0,No_Holiday,0,Autumn,Stormy,0,4961.087816484221,104.7876702686307,In-Store,Wholesale,704.5904578708115,0.0,4594.912089563389,-366.17572692083195,0.9261904363587077,0.15334144465378927,High,6,1,11,5
1383,2024-11-23,P005,LED Desk Lamp,Home,S02,Bengaluru,46,1727.927879245101,0,79484.68244527464,0,1,Saturday,December,Q4,0,No_Holiday,0,Winter,Clear,1,1567.209288109746,96.2901460753207,Wholesale,Wholesale,607.8793309502314,0.0,1727.927879245101,160.71859113535493,1.1025508158704203,0.35179670300580046,Medium,5,2,12,5
1384,2024-11-23,P007,Yoga Mat,Sports,S03,Mumbai,80,3134.52,20,200609.28,1,1,Saturday,November,Q4,0,No_Holiday,1,Autumn,Stormy,0,2891.87,101.17,Online,Retail,2985.32,626.904,2507.616,242.6500000000001,1.0839076445345055,0.9524010055766114,Medium,7,3,11,5
1385,2024-11-24,P008,Coffee Maker,Appliances,S03,Mumbai,4,4360.620939237311,7,17442.48375694924,1,0,Sunday,February,Q1,0,No_Holiday,0,Winter,Rainy,0,4390.593055862933,101.3377254374545,In-Store,Wholesale,4299.626035205106,305.2434657466118,4055.3774734906992,-29.97211662562222,0.993173560782273,0.9860123351967224,High,8,3,2,6
1386,2024-11-24,P003,Office Chair,Furniture,S03,Mumbai,40,3502.40414909435,11,140096.165963774,1,1,Sunday,March,Q1,0,No_Holiday,0,Spring,Stormy,0,3614.677907490057,103.4239735773523,Online,Corporate,1069.650708367631,385.2644564003785,3117.1396926939715,-112.27375839570686,0.9689394847150664,0.30540470569172345,High,3,3,3,6
1387,2024-11-24,P005,LED Desk Lamp,Home,S04,Delhi,10,2678.645958729976,10,26786.45958729976,1,0,Sunday,May,Q2,0,No_Holiday,0,Spring,Sunny,0,2672.495941541449,106.4404975233212,Wholesale,Retail,7380.006084436629,267.8645958729976,2410.7813628569784,6.150017188526817,1.0023012260160737,2.755125611275521,Medium,5,4,5,6
1388,2024-11-24,P004,Notebook Pack,Stationery,S04,Delhi,27,3472.739401601598,4,93763.96384324314,1,1,Sunday,May,Q2,0,No_Holiday,0,Spring,Cloudy,0,3505.028593046249,101.6795415955659,In-Store,Corporate,3978.083426721899,138.9095760640639,3333.829825537534,-32.28919144465135,0.9907877523428166,1.1455174047575354,High,4,4,5,6
1389,2024-11-24,P006,Running Shoes,Apparel,S01,Chennai,5,3581.93,15,15223.2,1,0,Sunday,November,Q4,0,No_Holiday,1,Autumn,Clear,1,3384.2,109.34,In-Store,Wholesale,5469.48,537.2895,3044.6405,197.73000000000002,1.058427397907925,1.5269645135443741,High,6,1,11,6
1390,2024-11-25,P006,Running Shoes,Apparel,S01,Chennai,72,662.292480471175,0,47685.0585939246,0,1,Monday,July,Q3,0,No_Holiday,1,Summer,Clear,1,723.2476628093577,101.0136992514142,In-Store,Retail,778.5753825870149,0.0,662.292480471175,-60.95518233818268,0.9157201806896818,1.1755763587004833,Low,6,1,7,0
1391,2024-11-25,P002,Bluetooth Speaker,Electronics,S04,Delhi,36,3376.22,0,121543.92,1,1,Monday,November,Q4,0,No_Holiday,0,Autumn,Stormy,0,3605.15,103.38,Wholesale,Retail,610.63,0.0,3376.22,-228.9300000000003,0.9364991747916175,0.18086202913317262,Medium,2,4,11,0
1392,2024-11-25,P001,Wireless Mouse,Electronics,S04,Delhi,67,1342.969328185357,14,89978.94498841895,1,1,Monday,April,Q2,0,No_Holiday,0,Spring,Stormy,0,1331.882741643951,104.315051033878,Online,Retail,8714.18688198839,188.01570594594995,1154.953622239407,11.08658654140595,1.0083239959455603,6.488746019064447,Low,1,4,4,0
1393,2024-11-25,P001,Wireless Mouse,Electronics,S01,Chennai,73,606.3600398051601,0,44264.28290577669,1,1,Monday,October,Q4,0,No_Holiday,1,Autumn,Stormy,0,593.8009790870634,95.7949344471382,Wholesale,Retail,8810.475164073345,0.0,606.3600398051601,12.559060718096703,1.0211502863087318,14.530105194439246,Low,1,1,10,0
1394,2024-11-25,P001,Wireless Mouse,Electronics,S01,Chennai,40,4287.023145040172,15,171480.9258016068,1,1,Monday,November,Q4,0,No_Holiday,0,Autumn,Cloudy,0,4618.450491751467,109.6641979245356,In-Store,Wholesale,1801.233994729326,643.0534717560257,3643.9696732841458,-331.4273467112953,0.9282384108472694,0.4201596151430266,High,1,1,11,0
1395,2024-11-26,P003,Office Chair,Furniture,S02,Bengaluru,81,1240.959695551632,7,100517.7353396822,1,1,Tuesday,February,Q1,0,No_Holiday,0,Winter,Clear,1,1255.84074000186,109.6610187545515,Online,Corporate,2314.82055019045,86.86717868861425,1154.0925168630176,-14.881044450228046,0.9881505321684293,1.8653470845896125,Low,3,2,2,1
1396,2024-11-26,P003,Office Chair,Furniture,S04,Delhi,52,4288.98,20,178421.57,1,1,Tuesday,November,Q4,0,No_Holiday,0,Autumn,Sunny,0,4135.12,99.96,In-Store,Retail,5315.83,857.7959999999999,3431.1839999999997,153.85999999999967,1.0372081100427557,1.2394158984187384,High,3,4,11,1
1397,2024-11-26,P006,Running Shoes,Apparel,S03,Mumbai,85,850.9223577574634,20,72328.40040938438,1,1,Tuesday,September,Q3,0,No_Holiday,1,Autumn,Rainy,0,872.6315528062156,94.98303399545372,Wholesale,Retail,4270.46115983657,170.1844715514927,680.7378862059707,-21.709195048752235,0.9751221520939283,5.018626107193873,Low,6,3,9,1
1398,2024-11-27,P007,Yoga Mat,Sports,S04,Delhi,17,4122.1,0,70075.7,1,1,Wednesday,November,Q4,0,No_Holiday,0,Autumn,Clear,0,3782.46,102.48,In-Store,Retail,9816.37,0.0,4122.1,339.6400000000003,1.089793414867573,2.3814002571504815,High,7,4,11,2
1399,2024-11-27,P005,LED Desk Lamp,Home,S04,Delhi,47,2844.400527171075,4,133686.8247770405,0,1,Wednesday,December,Q4,0,No_Holiday,1,Winter,Rainy,1,2673.282025301155,105.631214235291,Wholesale,Retail,44.43528377605332,113.77602108684299,2730.624506084232,171.11850186991978,1.0640106431907956,0.015622020651306391,Medium,5,4,12,2
1400,2024-11-27,P008,Coffee Maker,Appliances,S04,Delhi,23,4084.022487563454,8,93932.51721395944,1,1,Wednesday,April,Q2,0,No_Holiday,0,Spring,Cloudy,0,3665.572052411529,95.00871844866076,Wholesale,Retail,7054.041415841066,326.7217990050763,3757.3006885583777,418.4504351519249,1.114156925349928,1.727228838068798,High,8,4,4,2
1401,2024-11-28,P001,Wireless Mouse,Electronics,S01,Chennai,41,2136.51,0,87596.91,0,1,Thursday,November,Q4,0,No_Holiday,0,Autumn,Clear,1,2195.28,108.35,Wholesale,Retail,327.3,0.0,2136.51,-58.76999999999998,0.9732289275172188,0.15319375991687376,Medium,1,1,11,3
1402,2024-11-28,P002,Bluetooth Speaker,Electronics,S02,Bengaluru,38,4310.737580743734,7,163808.0280682619,1,1,Thursday,August,Q3,0,No_Holiday,0,Summer,Stormy,0,4150.852852249461,108.6282330616233,Online,Corporate,2169.39297745922,301.75163065206135,4008.9859500916723,159.88472849427308,1.0385185247912672,0.5032533149663296,High,2,2,8,3
1403,2024-11-29,P004,Notebook Pack,Stationery,S01,Chennai,53,4956.138967777554,24,262675.3652922104,1,1,Friday,September,Q3,0,No_Holiday,1,Autumn,Stormy,1,5222.303958830827,99.98278937180609,Wholesale,Wholesale,3517.320009274475,1189.473352266613,3766.6656155109413,-266.1649910532724,0.949033033474968,0.7096895450556185,High,4,1,9,4
1404,2024-11-29,P008,Coffee Maker,Appliances,S01,Chennai,39,3033.381915035492,5,118301.8946863842,1,1,Friday,May,Q2,0,No_Holiday,0,Spring,Clear,0,3234.243831182017,97.27576514880035,In-Store,Retail,6524.24796763983,151.6690957517746,2881.7128192837176,-200.8619161465249,0.9378952464220621,2.1508165309818867,Medium,8,1,5,4
1405,2024-11-29,P008,Coffee Maker,Appliances,S03,Mumbai,37,1944.04,0,71929.48,0,1,Friday,November,Q4,0,No_Holiday,0,Autumn,Cloudy,1,2048.01,104.0,Wholesale,Wholesale,181.65,0.0,1944.04,-103.97000000000025,0.9492336463200862,0.09343943540256373,Medium,8,3,11,4
1406,2024-11-30,P006,Running Shoes,Apparel,S04,Delhi,54,4057.223033524377,4,219090.0438103164,1,1,Saturday,August,Q3,0,No_Holiday,1,Summer,Stormy,1,3767.588358190609,100.2027198544571,Wholesale,Retail,4960.038062689275,162.2889213409751,3894.9341121834022,289.634675333768,1.0768753504358064,1.2225204337314066,High,6,4,8,5
1407,2024-11-30,P005,LED Desk Lamp,Home,S01,Chennai,39,2620.922543735017,0,102215.9792056657,0,1,Saturday,May,Q2,0,No_Holiday,0,Spring,Clear,1,2529.402156672949,108.7818593687958,Online,Retail,492.0851953477279,0.0,2620.922543735017,91.52038706206804,1.0361826160464929,0.18775266614574138,Medium,5,1,5,5
1408,2024-11-30,P008,Coffee Maker,Appliances,S01,Chennai,99,667.7,15,56186.96,1,1,Saturday,November,Q4,0,No_Holiday,1,Autumn,Sunny,0,648.36,104.5,In-Store,Wholesale,5458.86,100.155,567.5450000000001,19.340000000000032,1.0298291072860757,8.175617792421745,Low,8,1,11,5
1409,2024-12-01,P002,Bluetooth Speaker,Electronics,S01,Chennai,36,4505.01,5,154071.34,1,1,Sunday,December,Q4,0,No_Holiday,1,Winter,Stormy,0,4283.62,97.94,Online,Corporate,2548.1,225.25050000000002,4279.7595,221.39000000000033,1.0516829223880737,0.5656147267153679,High,2,1,12,6
1410,2024-12-01,P004,Notebook Pack,Stationery,S04,Delhi,95,1480.779723012573,19,140674.0736861944,1,1,Sunday,August,Q3,0,No_Holiday,0,Summer,Cloudy,1,1520.268890960492,103.2150683879044,In-Store,Corporate,9452.281894876765,281.34814737238884,1199.431575640184,-39.489167947918986,0.9740248792942345,6.383313971673361,Low,4,4,8,6
1411,2024-12-01,P001,Wireless Mouse,Electronics,S03,Mumbai,26,4760.153736867347,2,123763.997158551,1,1,Sunday,August,Q3,0,No_Holiday,1,Summer,Rainy,0,5207.492578837933,102.841611030616,In-Store,Corporate,6982.737424506928,95.20307473734694,4664.95066213,-447.33884197058615,0.9140970754738145,1.466914265903996,High,1,3,8,6
1412,2024-12-02,P005,LED Desk Lamp,Home,S04,Delhi,58,1158.501770766239,0,67193.10270444187,0,1,Monday,May,Q2,0,No_Holiday,1,Spring,Rainy,0,1270.545685847862,107.0975150352928,In-Store,Wholesale,0.0,0.0,1158.501770766239,-112.04391508162303,0.9118143358954828,0.0,Low,5,4,5,0
1413,2024-12-02,P004,Notebook Pack,Stationery,S03,Mumbai,55,271.3220715948823,0,14922.71393771853,0,1,Monday,April,Q2,0,No_Holiday,0,Spring,Stormy,1,259.906422206326,96.14232763710756,In-Store,Corporate,0.0,0.0,271.3220715948823,11.41564938855629,1.043922152025524,0.0,Low,4,3,4,0
1414,2024-12-02,P005,LED Desk Lamp,Home,S04,Delhi,41,2539.579034324246,3,104122.7404072941,1,1,Monday,August,Q3,0,No_Holiday,0,Summer,Sunny,0,2348.710129172056,96.6313662429314,In-Store,Corporate,6295.825473068768,76.18737102972739,2463.391663294519,190.8689051521901,1.0812654157622563,2.4790823156027577,Medium,5,4,8,0
1415,2024-12-02,P003,Office Chair,Furniture,S02,Bengaluru,34,1619.336509379968,3,55057.44131891891,0,1,Monday,January,Q1,0,No_Holiday,0,Winter,Sunny,0,1646.400999226374,102.623274005281,Wholesale,Retail,0.0,48.580095281399046,1570.756414098569,-27.064489846406104,0.9835614228495224,0.0,Low,3,2,1,0
1416,2024-12-02,P005,LED Desk Lamp,Home,S01,Chennai,16,4712.084765000529,0,75393.35624000846,0,1,Monday,January,Q1,0,No_Holiday,1,Winter,Sunny,1,4385.244641621014,98.74876344051668,Online,Wholesale,262.3887006792848,0.0,4712.084765000529,326.8401233795148,1.074531787868213,0.05568420641075954,High,5,1,1,0
1417,2024-12-02,P004,Notebook Pack,Stationery,S03,Mumbai,59,717.28,5,40203.54,1,1,Monday,December,Q4,0,No_Holiday,0,Winter,Clear,0,756.32,101.76,Wholesale,Wholesale,9583.81,35.864,681.4159999999999,-39.04000000000008,0.9483816374021578,13.361323332589784,Low,4,3,12,0
1418,2024-12-03,P004,Notebook Pack,Stationery,S02,Bengaluru,36,3826.837754314035,3,137766.1591553053,1,1,Tuesday,January,Q1,0,No_Holiday,0,Winter,Rainy,1,4178.2938802476,104.7376022322101,Online,Wholesale,7593.93420256197,114.80513262942105,3712.032621684614,-351.4561259335651,0.915885254602355,1.9843888583991436,High,4,2,1,1
1419,2024-12-03,P003,Office Chair,Furniture,S04,Delhi,83,220.82,15,15578.85,1,1,Tuesday,December,Q4,0,No_Holiday,0,Winter,Clear,0,235.78,102.24,Wholesale,Retail,7072.27,33.123,187.697,-14.960000000000008,0.9365510221392823,32.02730730912055,Low,3,4,12,1
1420,2024-12-03,P001,Wireless Mouse,Electronics,S04,Delhi,11,3721.02046547842,0,40931.22512026262,0,0,Tuesday,March,Q1,0,No_Holiday,1,Spring,Rainy,0,3882.549961153079,104.6454964142472,Wholesale,Corporate,250.1611708871496,0.0,3721.02046547842,-161.52949567465885,0.958396029081185,0.06722918436165758,High,1,4,3,1
1421,2024-12-03,P001,Wireless Mouse,Electronics,S04,Delhi,68,1349.037908974424,7,91734.57781026086,1,1,Tuesday,April,Q2,0,No_Holiday,0,Spring,Stormy,0,1333.401224208368,103.8108217293685,Online,Retail,8713.116377163771,94.43265362820968,1254.6052553462143,15.636684766056078,1.011726916461577,6.458763181671984,Low,1,4,4,1
1422,2024-12-03,P008,Coffee Maker,Appliances,S01,Chennai,47,3202.482146948405,6,150516.6609065751,1,1,Tuesday,November,Q4,0,No_Holiday,0,Autumn,Sunny,0,3466.159037105808,100.7141917754219,Wholesale,Retail,7865.323103939377,192.1489288169043,3010.333218131501,-263.6768901574028,0.9239282192955667,2.4560084156703637,Medium,8,1,11,1
1423,2024-12-04,P006,Running Shoes,Apparel,S04,Delhi,51,4061.291956463527,0,207125.8897796399,1,1,Wednesday,August,Q3,0,No_Holiday,1,Summer,Stormy,1,3766.578869106276,99.6614770369748,Wholesale,Retail,5257.064992673082,0.0,4061.291956463527,294.71308735725097,1.0782442363744211,1.2944316855394964,High,6,4,8,2
1424,2024-12-04,P003,Office Chair,Furniture,S02,Bengaluru,3,697.06,15,1777.5,1,0,Wednesday,December,Q4,0,No_Holiday,0,Winter,Clear,0,697.63,100.77,Wholesale,Wholesale,7742.56,104.559,592.501,-0.57000000000005,0.9991829479810214,11.107451295440853,Low,3,2,12,2
1425,2024-12-04,P005,LED Desk Lamp,Home,S01,Chennai,53,3544.993365023211,9,187884.6483462302,1,1,Wednesday,August,Q3,0,No_Holiday,0,Summer,Cloudy,0,3583.738378047375,99.41667608205992,Online,Corporate,1858.283687332065,319.04940285208903,3225.943962171122,-38.74501302416411,0.9891886602935356,0.524199482477705,High,5,1,8,2
1426,2024-12-05,P005,LED Desk Lamp,Home,S04,Delhi,12,4825.25,0,57903.0,1,1,Thursday,December,Q4,0,No_Holiday,0,Winter,Rainy,0,4924.19,108.3,Wholesale,Corporate,8509.21,0.0,4825.25,-98.9399999999996,0.9799073553213828,1.7634754675923525,High,5,4,12,3
1427,2024-12-05,P002,Bluetooth Speaker,Electronics,S02,Bengaluru,50,2796.290199672064,0,139814.5099836032,1,1,Thursday,May,Q2,0,No_Holiday,0,Spring,Clear,0,3016.55177939354,105.3458721906836,Online,Retail,706.1866083523089,0.0,2796.290199672064,-220.2615797214762,0.9269823308765618,0.2525441059140168,Medium,2,2,5,3
1428,2024-12-05,P005,LED Desk Lamp,Home,S02,Bengaluru,81,399.1079444560313,2,32327.74350093854,1,1,Thursday,November,Q4,0,No_Holiday,1,Autumn,Stormy,0,366.7480008300869,95.15430151754173,Online,Retail,8164.863010594004,7.982158889120626,391.1257855669107,32.359943625944425,1.0882348194201519,20.457781219370105,Low,5,2,11,3
1429,2024-12-06,P007,Yoga Mat,Sports,S01,Chennai,50,1432.643753052299,0,71632.18765261494,0,1,Friday,March,Q1,0,No_Holiday,1,Spring,Clear,0,1296.428954177126,105.308497530875,Online,Retail,443.7917794454391,0.0,1432.643753052299,136.21479887517307,1.1050692353300855,0.3097712034132175,Low,7,1,3,4
1430,2024-12-06,P004,Notebook Pack,Stationery,S03,Mumbai,59,4737.918156457697,22,279537.1712310041,1,1,Friday,April,Q2,0,No_Holiday,1,Spring,Cloudy,0,4574.987544782422,95.37862651065576,Wholesale,Corporate,1872.97879252001,1042.3419944206933,3695.576162037003,162.93061167527412,1.0356133454092327,0.3953168312895346,High,4,3,4,4
1431,2024-12-06,P006,Running Shoes,Apparel,S02,Bengaluru,62,1164.27,10,64966.27,1,1,Friday,December,Q4,0,No_Holiday,0,Winter,Cloudy,0,1276.35,104.75,Online,Wholesale,5653.67,116.427,1047.843,-112.07999999999993,0.9121870960159831,4.855978424248671,Low,6,2,12,4
1432,2024-12-06,P001,Wireless Mouse,Electronics,S01,Chennai,15,3891.989394870628,0,58379.84092305941,0,1,Friday,April,Q2,0,No_Holiday,1,Spring,Sunny,0,4160.508380375077,95.70284429647214,In-Store,Retail,0.0,0.0,3891.989394870628,-268.51898550444866,0.9354600541676493,0.0,High,1,1,4,4
1433,2024-12-06,P002,Bluetooth Speaker,Electronics,S03,Mumbai,49,2653.63263361298,14,130027.999047036,1,1,Friday,July,Q3,0,No_Holiday,0,Summer,Cloudy,0,2702.433369816125,97.25200998531396,In-Store,Wholesale,1692.551294608243,371.50856870581725,2282.124064907163,-48.80073620314488,0.9819419280607591,0.6378242689545903,Medium,2,3,7,4
1434,2024-12-06,P006,Running Shoes,Apparel,S01,Chennai,62,746.9146627933284,0,46308.70909318636,0,1,Friday,April,Q2,0,No_Holiday,0,Spring,Clear,1,815.2376811971535,107.6143903948022,Online,Corporate,594.5795833274012,0.0,746.9146627933284,-68.32301840382513,0.9161925166369951,0.7960475445799645,Low,6,1,4,4
1435,2024-12-07,P007,Yoga Mat,Sports,S04,Delhi,1,3066.520523670351,1,3066.520523670351,1,0,Saturday,January,Q1,0,No_Holiday,0,Winter,Cloudy,1,3283.224385889277,95.64759044728194,Wholesale,Retail,7118.550950270543,30.66520523670351,3035.8553184336474,-216.70386221892613,0.933996633568427,2.3213772402052193,Medium,7,4,1,5
1436,2024-12-07,P006,Running Shoes,Apparel,S01,Chennai,67,3854.301966281426,12,258238.2317408555,1,1,Saturday,December,Q4,0,No_Holiday,1,Winter,Clear,1,4184.228201669874,105.7187438387191,Wholesale,Wholesale,9272.362609857539,462.5162359537711,3391.7857303276546,-329.9262353884478,0.9211500378357045,2.4057177385100883,High,6,1,12,5
1437,2024-12-07,P006,Running Shoes,Apparel,S01,Chennai,65,3851.72,10,225325.62,1,1,Saturday,December,Q4,0,No_Holiday,1,Winter,Clear,1,4192.73,105.65,Wholesale,Wholesale,8991.73,385.17199999999997,3466.548,-341.00999999999976,0.9186663581962111,2.3344713530578547,High,6,1,12,5
1438,2024-12-07,P003,Office Chair,Furniture,S03,Mumbai,22,3478.982864831672,2,76537.62302629677,0,1,Saturday,December,Q4,0,No_Holiday,0,Winter,Rainy,1,3145.672398297804,107.5982635549355,Online,Wholesale,831.6410457054882,69.57965729663344,3409.4032075350387,333.31046653386784,1.1059584166215877,0.2390471807471022,High,3,3,12,5
1439,2024-12-08,P003,Office Chair,Furniture,S01,Chennai,46,2733.498078458867,1,125740.9116091079,1,1,Sunday,January,Q1,0,No_Holiday,0,Winter,Clear,0,2716.911285805441,101.0990727487296,Wholesale,Retail,4508.789197264217,27.33498078458867,2706.163097674278,16.586792653426073,1.0061050181285212,1.6494576062794422,Medium,3,1,1,6
1440,2024-12-08,P005,LED Desk Lamp,Home,S04,Delhi,51,4079.86,10,187265.57,1,1,Sunday,December,Q4,0,No_Holiday,1,Winter,Sunny,0,3790.46,105.05,Online,Corporate,7626.76,407.986,3671.8740000000003,289.4000000000001,1.0763495723474197,1.8693680665513033,High,5,4,12,6
1441,2024-12-08,P005,LED Desk Lamp,Home,S01,Chennai,110,414.9250339778398,23,45641.75373756238,1,1,Sunday,March,Q1,0,No_Holiday,1,Spring,Cloudy,0,411.9449780214165,97.35481845718445,Wholesale,Corporate,5914.935284344106,95.43275781490316,319.49227616293666,2.980055956423314,1.0072341116299963,14.255431222450678,Low,5,1,3,6
1442,2024-12-08,P006,Running Shoes,Apparel,S04,Delhi,1,1636.638617764077,5,1636.638617764077,1,0,Sunday,February,Q1,0,No_Holiday,0,Winter,Sunny,0,1512.284639063998,97.2750938434447,Online,Corporate,5364.463968590238,81.83193088820386,1554.806686875873,124.3539787000791,1.0822292149823367,3.2777327324214043,Low,6,4,2,6
1443,2024-12-09,P008,Coffee Maker,Appliances,S04,Delhi,1,2485.291493662509,13,2485.291493662509,1,0,Monday,September,Q3,0,No_Holiday,0,Autumn,Stormy,0,2609.97144631102,107.2060988080033,Wholesale,Retail,4338.017113173874,323.08789417612616,2162.2035994863827,-124.67995264851106,0.9522293805839386,1.7454761842769004,Medium,8,4,9,0
1444,2024-12-09,P005,LED Desk Lamp,Home,S01,Chennai,10,2646.040710722865,0,26460.40710722865,0,0,Monday,September,Q3,0,No_Holiday,1,Autumn,Cloudy,0,2706.230823190699,106.2531122070413,Wholesale,Wholesale,805.5078681220675,0.0,2646.040710722865,-60.1901124678343,0.9777586922918611,0.30442005856441,Medium,5,1,9,0
1445,2024-12-09,P008,Coffee Maker,Appliances,S01,Chennai,69,244.4795028159496,3,16869.08569430052,0,1,Monday,August,Q3,0,No_Holiday,1,Summer,Rainy,0,209.2245117888455,100.7463808305517,Wholesale,Retail,0.0,7.3343850844784875,237.1451177314711,35.2549910271041,1.1685031582852219,0.0,Low,8,1,8,0
1446,2024-12-09,P003,Office Chair,Furniture,S01,Chennai,3,805.2898789506447,4,2415.869636851934,0,0,Monday,February,Q1,0,No_Holiday,0,Winter,Cloudy,0,836.6540974735183,95.75578807575305,In-Store,Corporate,719.3050499796893,32.21159515802579,773.0782837926189,-31.364218522873557,0.962512323052519,0.8932249973351207,Low,3,1,2,0
1447,2024-12-09,P003,Office Chair,Furniture,S03,Mumbai,23,3480.27,0,80046.21,0,1,Monday,December,Q4,0,No_Holiday,0,Winter,Rainy,1,3154.73,107.21,Online,Wholesale,434.02,0.0,3480.27,325.53999999999996,1.1031910813286716,0.12470871512842394,High,3,3,12,0
1448,2024-12-09,P004,Notebook Pack,Stationery,S02,Bengaluru,5,4903.096084393437,0,24515.48042196719,0,1,Monday,February,Q1,0,No_Holiday,0,Winter,Clear,0,5172.227530817723,101.2838606049109,Online,Corporate,674.6566704905874,0.0,4903.096084393437,-269.13144642428597,0.9479660465784387,0.13759809289441027,High,4,2,2,0
1449,2024-12-09,P006,Running Shoes,Apparel,S01,Chennai,1,4596.030385994474,2,4596.030385994474,0,0,Monday,November,Q4,0,No_Holiday,0,Autumn,Stormy,0,4946.611387027157,105.3260945728186,In-Store,Wholesale,667.1789798222261,91.92060771988949,4504.109778274585,-350.58100103268316,0.9291270379654025,0.1451641794743844,High,6,1,11,0
1450,2024-12-10,P008,Coffee Maker,Appliances,S04,Delhi,71,461.6094174164548,12,32774.2686365683,1,1,Tuesday,March,Q1,0,No_Holiday,0,Spring,Clear,0,466.5595204565121,106.0702239404721,Online,Corporate,5397.524704212364,55.393130089974576,406.2162873264802,-4.950103040057286,0.9893902003431121,11.692839228500455,Low,8,4,3,1
1451,2024-12-10,P002,Bluetooth Speaker,Electronics,S01,Chennai,27,1683.743106094809,0,45461.06386455986,0,1,Tuesday,April,Q2,0,No_Holiday,0,Spring,Stormy,0,1550.0594554718,106.4618417509691,Wholesale,Corporate,381.6034639293446,0.0,1683.743106094809,133.68365062300904,1.0862442083438142,0.22663995626649777,Low,2,1,4,1
1452,2024-12-10,P004,Notebook Pack,Stationery,S04,Delhi,78,1340.46,20,83644.7,1,1,Tuesday,December,Q4,0,No_Holiday,0,Winter,Sunny,0,1310.31,109.35,Wholesale,Corporate,9675.42,268.092,1072.368,30.15000000000009,1.0230098221031665,7.217984870865226,Low,4,4,12,1
1453,2024-12-10,P007,Yoga Mat,Sports,S01,Chennai,1,4203.287386434537,1,4203.287386434537,0,0,Tuesday,April,Q2,0,No_Holiday,1,Spring,Clear,0,3962.071117472424,105.3624651613269,In-Store,Retail,955.0197578554096,42.032873864345376,4161.254512570192,241.21626896211365,1.0608813577066722,0.22720781856067912,High,7,1,4,1
1454,2024-12-10,P003,Office Chair,Furniture,S01,Chennai,120,1610.151043355125,20,193218.125202615,1,1,Tuesday,May,Q2,0,No_Holiday,1,Spring,Clear,1,1734.091713908305,108.3227161446316,Online,Wholesale,3364.129702298556,322.030208671025,1288.1208346841,-123.9406705531801,0.9285270383572493,2.089325542583016,Low,3,1,5,1
1455,2024-12-11,P001,Wireless Mouse,Electronics,S01,Chennai,41,3769.62,0,154554.42,1,1,Wednesday,December,Q4,0,No_Holiday,0,Winter,Cloudy,1,3804.76,104.05,Wholesale,Retail,3294.69,0.0,3769.62,-35.14000000000033,0.9907642006328914,0.8740111735400385,High,1,1,12,2
1456,2024-12-11,P004,Notebook Pack,Stationery,S01,Chennai,2,2528.641074500706,0,5057.282149001411,0,0,Wednesday,March,Q1,0,No_Holiday,0,Spring,Stormy,0,2536.485604340118,105.1233650297765,In-Store,Retail,432.5965761362823,0.0,2528.641074500706,-7.844529839411734,0.9969073233350944,0.17107867957167502,Medium,4,1,3,2
1457,2024-12-11,P002,Bluetooth Speaker,Electronics,S04,Delhi,53,1850.107972701008,0,98055.72255315344,1,1,Wednesday,August,Q3,0,No_Holiday,1,Summer,Sunny,0,1757.57999780644,104.5734709121828,Wholesale,Retail,9271.703586484582,0.0,1850.107972701008,92.52797489456816,1.05264510008651,5.011439182627079,Medium,2,4,8,2
1458,2024-12-11,P006,Running Shoes,Apparel,S01,Chennai,24,2304.991963574247,0,55319.80712578193,0,1,Wednesday,April,Q2,0,No_Holiday,0,Spring,Clear,0,2306.726662222921,101.0963108648542,In-Store,Wholesale,596.058484474939,0.0,2304.991963574247,-1.7346986486736569,0.999247982573279,0.2585946041871044,Medium,6,1,4,2
1459,2024-12-11,P005,LED Desk Lamp,Home,S02,Bengaluru,94,324.5696834475098,12,30509.55024406592,1,1,Wednesday,September,Q3,0,No_Holiday,1,Autumn,Sunny,0,298.7491088747642,109.4541361163608,Wholesale,Corporate,7379.451219842228,38.94836201370118,285.62132143380865,25.820574572745613,1.0864289593030036,22.73610751768087,Low,5,2,9,2
1460,2024-12-12,P008,Coffee Maker,Appliances,S02,Bengaluru,35,3139.016636805963,0,109865.5822882087,1,1,Thursday,March,Q1,0,No_Holiday,1,Spring,Sunny,0,3162.304544512887,96.13125586943787,Online,Retail,8869.06906691296,0.0,3139.016636805963,-23.28790770692376,0.9926357795781143,2.8254291369215183,Medium,8,2,3,3
1461,2024-12-12,P005,LED Desk Lamp,Home,S02,Bengaluru,1,3666.762793803915,0,3666.762793803915,1,0,Thursday,January,Q1,0,No_Holiday,0,Winter,Clear,0,3480.010643605678,100.9387600949484,Online,Retail,2163.271492435421,0.0,3666.762793803915,186.7521501982369,1.0536642468440098,0.5899676674179499,High,5,2,1,3
1462,2024-12-12,P003,Office Chair,Furniture,S01,Chennai,36,3347.664009683827,8,120515.9043486178,1,1,Thursday,February,Q1,0,No_Holiday,0,Winter,Rainy,0,3502.097284223795,101.5509674373694,Online,Retail,5743.142717670178,267.81312077470614,3079.850888909121,-154.43327453996835,0.9559026314786693,1.7155672436232914,Medium,3,1,2,3
1463,2024-12-12,P003,Office Chair,Furniture,S01,Chennai,27,1097.49,0,29632.23,0,1,Thursday,December,Q4,0,No_Holiday,0,Winter,Sunny,0,1049.01,98.96,Online,Wholesale,423.01,0.0,1097.49,48.48000000000002,1.0462150027168473,0.3854340358454291,Low,3,1,12,3
1464,2024-12-13,P001,Wireless Mouse,Electronics,S01,Chennai,22,3475.917995145337,4,76470.19589319742,0,1,Friday,July,Q3,0,No_Holiday,0,Summer,Cloudy,0,3803.211307603562,103.8896675473533,Wholesale,Corporate,297.8612545177233,139.03671980581348,3336.8812753395237,-327.29331245822505,0.9139429061425316,0.08569283134231967,High,1,1,7,4
1465,2024-12-13,P001,Wireless Mouse,Electronics,S03,Mumbai,26,2438.39,0,63398.14,0,1,Friday,December,Q4,0,No_Holiday,0,Winter,Cloudy,1,2219.35,108.99,Wholesale,Wholesale,150.58,0.0,2438.39,219.03999999999996,1.0986955640164913,0.06175386217955291,Medium,1,3,12,4
1466,2024-12-13,P006,Running Shoes,Apparel,S02,Bengaluru,46,3793.780870884989,22,174513.9200607095,1,1,Friday,September,Q3,0,No_Holiday,0,Autumn,Sunny,0,3674.867085495633,101.6706117126478,Wholesale,Retail,2680.882347442595,834.6317915946976,2959.1490792902914,118.91378538935578,1.032358662945579,0.7066518701743614,High,6,2,9,4
1467,2024-12-13,P007,Yoga Mat,Sports,S01,Chennai,3,4214.862225726922,0,12644.58667718077,0,0,Friday,April,Q2,0,No_Holiday,1,Spring,Clear,0,3955.321841244761,105.3200535636093,In-Store,Retail,656.6683012708515,0.0,4214.862225726922,259.5403844821608,1.065618019190186,0.15579828381166086,High,7,1,4,4
1468,2024-12-14,P001,Wireless Mouse,Electronics,S01,Chennai,48,4637.738604016159,15,222611.4529927757,1,1,Saturday,January,Q1,0,No_Holiday,1,Winter,Rainy,0,4624.983959188303,98.32393669638984,In-Store,Retail,1986.473961643672,695.6607906024238,3942.0778134137354,12.754644827856282,1.0027577706085915,0.42832814249674145,High,1,1,1,5
1469,2024-12-14,P001,Wireless Mouse,Electronics,S03,Mumbai,67,2268.166847146227,2,151967.1787587972,1,1,Saturday,November,Q4,0,No_Holiday,0,Autumn,Sunny,1,2251.065139196806,100.5140924527017,Online,Wholesale,2323.872607903499,45.36333694292454,2222.8035102033027,17.101707949421325,1.0075971626283207,1.0245598161472822,Medium,1,3,11,5
1470,2024-12-14,P006,Running Shoes,Apparel,S01,Chennai,15,3963.35,0,59450.25,0,1,Saturday,December,Q4,0,No_Holiday,1,Winter,Clear,0,4190.26,97.39,Wholesale,Wholesale,201.71,0.0,3963.35,-226.9100000000003,0.9458482289881772,0.05089381457605309,High,6,1,12,5
1471,2024-12-14,P003,Office Chair,Furniture,S04,Delhi,1,3357.054301933295,15,3357.054301933295,1,0,Saturday,May,Q2,0,No_Holiday,0,Spring,Rainy,0,3474.735724102476,98.49139428730102,In-Store,Wholesale,9507.433946417641,503.55814528999423,2853.4961566433008,-117.68142216918113,0.966132266879209,2.832076305987187,Medium,3,4,5,5
1472,2024-12-14,P007,Yoga Mat,Sports,S03,Mumbai,66,1690.757450329074,5,111589.9917217189,1,1,Saturday,November,Q4,0,No_Holiday,1,Autumn,Rainy,0,1630.045897241449,100.2329690497476,In-Store,Retail,5315.060733327316,84.5378725164537,1606.2195778126202,60.71155308762491,1.0372453028410844,3.1435974049931525,Medium,7,3,11,5
1473,2024-12-14,P008,Coffee Maker,Appliances,S04,Delhi,88,2789.163223409601,20,245446.3636600449,1,1,Saturday,November,Q4,0,No_Holiday,1,Autumn,Clear,0,3003.888882616317,106.9513700508948,In-Store,Wholesale,1260.053511803978,557.8326446819202,2231.330578727681,-214.72565920671605,0.9285174426892598,0.451767577181672,Medium,8,4,11,5
1474,2024-12-14,P005,LED Desk Lamp,Home,S02,Bengaluru,69,2436.635660115889,14,168127.8605479964,1,1,Saturday,September,Q3,0,No_Holiday,0,Autumn,Rainy,1,2550.876204736954,98.26364999305896,Online,Corporate,656.8259507099051,341.1289924162245,2095.506667699665,-114.24054462106506,0.9552151749234552,0.2695626438786773,Medium,5,2,9,5
1475,2024-12-14,P003,Office Chair,Furniture,S03,Mumbai,1,1220.027531171104,6,1220.027531171104,1,0,Saturday,October,Q4,0,No_Holiday,0,Autumn,Cloudy,1,1190.248255750629,104.2332230920174,Online,Retail,9126.207652834322,73.20165187026625,1146.8258793008379,29.779275420475187,1.025019381693355,7.480329270991186,Low,3,3,10,5
1476,2024-12-15,P006,Running Shoes,Apparel,S03,Mumbai,39,992.0738674429881,4,38690.88083027654,0,1,Sunday,October,Q4,0,No_Holiday,0,Autumn,Sunny,0,891.8313351761803,107.3336469085815,Online,Retail,381.8427576616799,39.68295469771952,952.3909127452686,100.24253226680776,1.112400773905309,0.38489347435978444,Low,6,3,10,6
1477,2024-12-15,P006,Running Shoes,Apparel,S02,Bengaluru,51,4440.3,15,192487.01,1,1,Sunday,December,Q4,0,No_Holiday,1,Winter,Cloudy,0,4256.98,109.25,Wholesale,Wholesale,5011.14,666.045,3774.255,183.32000000000062,1.0430633923579629,1.1285588811566787,High,6,2,12,6
1478,2024-12-15,P005,LED Desk Lamp,Home,S03,Mumbai,54,809.0076661905097,3,43686.41397428752,1,1,Sunday,February,Q1,0,No_Holiday,0,Winter,Rainy,0,747.7013792260203,102.6163897647816,In-Store,Corporate,3008.729311927212,24.27022998571529,784.7374362047943,61.306286964489345,1.0819930104020274,3.7190368369373394,Low,5,3,2,6
1479,2024-12-15,P003,Office Chair,Furniture,S01,Chennai,89,1641.480001693841,15,146091.7201507518,1,1,Sunday,September,Q3,0,No_Holiday,0,Autumn,Cloudy,1,1514.923392549725,104.5532507910506,In-Store,Wholesale,2462.851786543235,246.2220002540761,1395.2580014397647,126.55660914411601,1.083539939885087,1.5003848868105745,Low,3,1,9,6
1480,2024-12-15,P004,Notebook Pack,Stationery,S01,Chennai,3,1860.544351013468,4,5581.633053040406,0,0,Sunday,April,Q2,0,No_Holiday,1,Spring,Stormy,1,1910.896046471579,96.09744571288884,In-Store,Wholesale,32.79285964106147,74.42177404053872,1786.1225769729292,-50.35169545811095,0.9736502173673528,0.017625411414244802,Medium,4,1,4,6
1481,2024-12-15,P007,Yoga Mat,Sports,S04,Delhi,5,1091.61713792919,13,5458.085689645949,1,0,Sunday,August,Q3,0,No_Holiday,1,Summer,Rainy,1,1010.336762116715,99.26082789563114,Online,Corporate,8967.14595427328,141.9102279307947,949.7069099983953,81.28037581247497,1.0804487957482491,8.214552192982291,Low,7,4,8,6
1482,2024-12-16,P001,Wireless Mouse,Electronics,S01,Chennai,53,3410.9,5,171738.82,1,1,Monday,December,Q4,0,No_Holiday,0,Winter,Clear,1,3236.14,95.6,In-Store,Corporate,9201.36,170.545,3240.355,174.76000000000022,1.0540026080453875,2.6976340555278666,High,1,1,12,0
1483,2024-12-16,P008,Coffee Maker,Appliances,S01,Chennai,40,3037.078971256668,8,121483.1588502667,1,1,Monday,May,Q2,0,No_Holiday,0,Spring,Clear,0,3234.996841286868,97.61125071662353,In-Store,Retail,5710.230585703128,242.96631770053344,2794.1126535561343,-197.9178700302,0.9388197640553277,1.8801719151018244,Medium,8,1,5,0
1484,2024-12-16,P004,Notebook Pack,Stationery,S01,Chennai,88,1142.767107812026,23,100563.5054874583,1,1,Monday,November,Q4,0,No_Holiday,0,Autumn,Sunny,0,1163.590353189403,102.5746675913358,Wholesale,Retail,6561.018674263066,262.836434796766,879.93067301526,-20.823245377376907,0.98210431590439,5.741343646847673,Low,4,1,11,0
1485,2024-12-16,P005,LED Desk Lamp,Home,S02,Bengaluru,78,1582.524931747824,2,123436.9446763303,1,1,Monday,January,Q1,0,No_Holiday,1,Winter,Sunny,1,1720.389883518474,102.227072528217,In-Store,Retail,8834.432772160795,31.65049863495648,1550.8744331128676,-137.86495177065012,0.919864123190091,5.582492000554823,Low,5,2,1,0
1486,2024-12-17,P002,Bluetooth Speaker,Electronics,S04,Delhi,97,1431.63,15,118037.89,1,1,Tuesday,December,Q4,0,No_Holiday,0,Winter,Sunny,1,1523.86,100.62,Wholesale,Corporate,5124.64,214.74450000000002,1216.8855,-92.22999999999979,0.939476067355269,3.579584110419592,Low,2,4,12,1
1487,2024-12-17,P001,Wireless Mouse,Electronics,S04,Delhi,79,456.787195763187,10,36086.18846529177,1,1,Tuesday,November,Q4,0,No_Holiday,0,Autumn,Sunny,0,483.0559864275246,103.4828749596539,In-Store,Corporate,4054.945691019715,45.6787195763187,411.1084761868683,-26.268790664337587,0.9456195732949915,8.877100165307452,Low,1,4,11,1
1488,2024-12-17,P008,Coffee Maker,Appliances,S02,Bengaluru,34,1750.206675775592,2,59507.02697637013,1,1,Tuesday,December,Q4,0,No_Holiday,0,Winter,Stormy,0,1772.215524848003,104.1520165928643,Wholesale,Wholesale,1343.464198484196,35.00413351551184,1715.2025422600802,-22.008849072411067,0.9875811667577516,0.7676031734302745,Medium,8,2,12,1
1489,2024-12-18,P003,Office Chair,Furniture,S01,Chennai,55,360.6990229066038,0,19838.44625986321,0,1,Wednesday,February,Q1,0,No_Holiday,0,Winter,Stormy,1,403.4982049280509,103.2318778612009,Online,Wholesale,438.4994380075859,0.0,360.6990229066038,-42.79918202144711,0.8939296842000108,1.21569344567126,Low,3,1,2,2
1490,2024-12-18,P002,Bluetooth Speaker,Electronics,S03,Mumbai,1,4247.95400803263,11,4247.95400803263,1,0,Wednesday,January,Q1,0,No_Holiday,0,Winter,Rainy,0,4139.751567599244,97.49727591926855,Wholesale,Retail,6647.983875901887,467.2749408835893,3780.6790671490403,108.20244043338607,1.0261374236271226,1.5649848993964959,High,2,3,1,2
1491,2024-12-18,P005,LED Desk Lamp,Home,S02,Bengaluru,51,1737.5,0,88612.5,0,1,Wednesday,December,Q4,0,No_Holiday,0,Winter,Clear,1,1566.3,95.98,Wholesale,Wholesale,386.79,0.0,1737.5,171.20000000000005,1.10930217710528,0.22261294964028777,Medium,5,2,12,2
1492,2024-12-18,P007,Yoga Mat,Sports,S04,Delhi,36,4826.57865652696,16,173756.8316349706,1,1,Wednesday,October,Q4,0,No_Holiday,0,Autumn,Clear,0,4817.446746090058,96.05297432212946,Wholesale,Retail,5178.454931032687,772.2525850443136,4054.3260714826465,9.131910436902217,1.0018955913616094,1.0729038724003568,High,7,4,10,2
1493,2024-12-19,P008,Coffee Maker,Appliances,S03,Mumbai,83,2245.229947371914,21,186354.0856318689,1,1,Thursday,April,Q2,0,No_Holiday,0,Spring,Cloudy,1,2280.707243726642,104.1380790733743,Online,Wholesale,6136.816514057276,471.49828894810196,1773.731658423812,-35.47729635472797,0.9844446074995761,2.7332685996107173,Medium,8,3,4,3
1494,2024-12-19,P007,Yoga Mat,Sports,S04,Delhi,59,1230.111721064038,2,72576.59154277826,1,1,Thursday,July,Q3,0,No_Holiday,0,Summer,Cloudy,0,1224.351966469006,103.2771949340458,In-Store,Corporate,6966.867507245398,24.60223442128076,1205.509486642757,5.759754595032064,1.0047043291086002,5.663605498546999,Low,7,4,7,3
1495,2024-12-19,P007,Yoga Mat,Sports,S01,Chennai,82,1186.78,20,77852.77,1,1,Thursday,December,Q4,0,No_Holiday,0,Winter,Sunny,0,1073.74,105.75,Online,Retail,1195.86,237.356,949.424,113.03999999999996,1.1052768826717827,1.007650954684103,Low,7,1,12,3
1496,2024-12-19,P002,Bluetooth Speaker,Electronics,S02,Bengaluru,1,1149.562006012018,9,1149.562006012018,1,0,Thursday,March,Q1,0,No_Holiday,0,Spring,Sunny,0,1092.455081198654,102.6125098194447,In-Store,Corporate,4533.409657637012,103.46058054108161,1046.1014254709364,57.106924813364,1.0522739340007514,3.9435973300509533,Low,2,2,3,3
1497,2024-12-20,P003,Office Chair,Furniture,S03,Mumbai,51,2878.8,10,132136.92,1,1,Friday,December,Q4,0,No_Holiday,0,Winter,Cloudy,0,2814.33,104.45,In-Store,Corporate,660.46,287.88,2590.92,64.47000000000025,1.0229077613499484,0.229421981381131,Medium,3,3,12,4
1498,2024-12-20,P005,LED Desk Lamp,Home,S03,Mumbai,99,892.4811732961587,17,88355.63615631971,1,1,Friday,April,Q2,0,No_Holiday,0,Spring,Clear,0,844.9282509087859,95.67354194395597,In-Store,Wholesale,8662.251279343149,151.72179946034697,740.7593738358116,47.552922387372746,1.0562804265761334,9.705808412015308,Low,5,3,4,4
1499,2024-12-20,P003,Office Chair,Furniture,S02,Bengaluru,32,1632.856640199374,0,52251.41248637998,0,1,Friday,January,Q1,0,No_Holiday,0,Winter,Sunny,0,1660.549683304186,102.4927173505592,Wholesale,Retail,54.62917755459199,0.0,1632.856640199374,-27.693043104811977,0.9833229662543381,0.03345619952767053,Low,3,2,1,4
1500,2024-12-21,P002,Bluetooth Speaker,Electronics,S01,Chennai,49,3278.83,10,144596.4,1,1,Saturday,December,Q4,0,No_Holiday,1,Winter,Clear,0,3410.56,96.09,Wholesale,Retail,3253.45,327.88300000000004,2950.947,-131.73000000000002,0.9613758444361044,0.9922594340054226,Medium,2,1,12,5
1501,2024-12-21,P008,Coffee Maker,Appliances,S02,Bengaluru,2,4362.702343790629,1,8725.404687581258,0,0,Saturday,October,Q4,0,No_Holiday,1,Autumn,Clear,0,4261.746996221983,108.6074142122684,In-Store,Wholesale,189.5886575425954,43.62702343790629,4319.075320352723,100.95534756864618,1.0236887238163463,0.04345670242950088,High,8,2,10,5
1502,2024-12-21,P008,Coffee Maker,Appliances,S03,Mumbai,32,2369.944823324177,2,75838.23434637366,0,1,Saturday,June,Q2,0,No_Holiday,1,Summer,Stormy,0,2164.261833718985,108.9201469068606,In-Store,Retail,0.0,47.398896466483535,2322.5459268576933,205.68298960519178,1.095036093323216,0.0,Medium,8,3,6,5
1503,2024-12-21,P004,Notebook Pack,Stationery,S03,Mumbai,57,710.4057551061327,7,40493.12804104956,1,1,Saturday,December,Q4,0,No_Holiday,0,Winter,Clear,0,749.6784397220746,101.7630017984562,Wholesale,Wholesale,9957.270278785829,49.728402857429295,660.6773522487034,-39.2726846159419,0.9476139601527005,14.01631420806584,Low,4,3,12,5
1504,2024-12-22,P005,LED Desk Lamp,Home,S01,Chennai,67,1551.28,5,98738.97,1,1,Sunday,December,Q4,0,No_Holiday,1,Winter,Stormy,0,1543.21,103.0,Online,Wholesale,4214.43,77.564,1473.716,8.069999999999936,1.0052293595816513,2.7167435923882217,Low,5,1,12,6
1505,2024-12-22,P001,Wireless Mouse,Electronics,S01,Chennai,6,2370.763834561063,0,14224.58300736638,0,0,Sunday,November,Q4,0,No_Holiday,0,Autumn,Rainy,0,2504.270699174973,106.8800070747514,Online,Wholesale,389.1677540040894,0.0,2370.763834561063,-133.50686461390978,0.9466883254043209,0.16415289803682287,Medium,1,1,11,6
1506,2024-12-22,P003,Office Chair,Furniture,S03,Mumbai,1,2090.469156207181,15,2090.469156207181,1,0,Sunday,December,Q4,0,No_Holiday,0,Winter,Cloudy,0,2069.091933099251,102.6256603545806,In-Store,Corporate,4773.759472104254,313.57037343107714,1776.898782776104,21.37722310793015,1.0103316932253994,2.2835828301650096,Medium,3,3,12,6
1507,2024-12-22,P003,Office Chair,Furniture,S01,Chennai,17,2825.399720944448,3,48031.79525605562,0,0,Sunday,October,Q4,0,No_Holiday,0,Autumn,Clear,0,2940.16475117039,101.9091503476693,Wholesale,Retail,566.0229158677907,84.76199162833343,2740.6377293161145,-114.76503022594216,0.9609664627874143,0.20033374806117202,Medium,3,1,10,6
1508,2024-12-22,P007,Yoga Mat,Sports,S01,Chennai,90,581.4720079030462,20,52332.48071127416,1,1,Sunday,July,Q3,0,No_Holiday,0,Summer,Stormy,0,540.3077166438993,95.84813348825702,Wholesale,Wholesale,5787.631003262172,116.29440158060925,465.177606322437,41.16429125914692,1.0761867543088914,9.953412932350808,Low,7,1,7,6
1509,2024-12-23,P005,LED Desk Lamp,Home,S03,Mumbai,57,2723.670009030084,13,155249.1905147148,1,1,Monday,April,Q2,0,No_Holiday,0,Spring,Rainy,1,2488.915285181039,103.8735451168984,Wholesale,Wholesale,9779.092535347556,354.07710117391093,2369.592907856173,234.75472384904515,1.0943200940774365,3.5904101829244546,Medium,5,3,4,0
1510,2024-12-23,P005,LED Desk Lamp,Home,S02,Bengaluru,88,1630.67,20,114799.17,1,1,Monday,December,Q4,0,No_Holiday,0,Winter,Sunny,1,1752.89,97.12,Online,Retail,5940.83,326.134,1304.536,-122.22000000000003,0.9302751456166674,3.6431834767304236,Low,5,2,12,0
1511,2024-12-24,P007,Yoga Mat,Sports,S01,Chennai,73,1662.52,15,103159.37,1,1,Tuesday,December,Q4,0,No_Holiday,0,Winter,Rainy,0,1797.39,107.77,Online,Retail,2247.93,249.378,1413.142,-134.87000000000012,0.9249634191800332,1.3521220797343791,Low,7,1,12,1
1512,2024-12-24,P005,LED Desk Lamp,Home,S01,Chennai,55,3552.06223885912,2,195363.4231372516,1,1,Tuesday,June,Q2,0,No_Holiday,0,Summer,Rainy,1,3862.466948484303,95.39133754269908,In-Store,Wholesale,5462.841035887272,71.0412447771824,3481.0209940819377,-310.40470962518293,0.919635633452607,1.5379350553389715,High,5,1,6,1
1513,2024-12-24,P004,Notebook Pack,Stationery,S04,Delhi,1,1990.032775740779,7,1990.032775740779,1,0,Tuesday,July,Q3,0,No_Holiday,1,Summer,Stormy,0,1789.195406417882,103.2948906910586,In-Store,Retail,811.6558557333846,139.30229430185452,1850.7304814389245,200.83736932289708,1.1122501033718784,0.4078605466340875,Medium,4,4,7,1
1514,2024-12-24,P006,Running Shoes,Apparel,S03,Mumbai,3,3814.551525378891,0,11443.65457613667,1,0,Tuesday,June,Q2,0,No_Holiday,1,Summer,Sunny,0,3474.238200209276,105.4383388926735,In-Store,Wholesale,4965.799497055187,0.0,3814.551525378891,340.3133251696149,1.0979533657620584,1.3018042786987771,High,6,3,6,1
1515,2024-12-24,P008,Coffee Maker,Appliances,S02,Bengaluru,67,325.1656813156911,4,21786.10064815131,0,1,Tuesday,July,Q3,0,No_Holiday,0,Summer,Cloudy,0,303.3426387017241,104.6734269545045,In-Store,Corporate,0.0,13.006627252627643,312.1590540630634,21.823042613966948,1.0719418895654345,0.0,Low,8,2,7,1
1516,2024-12-25,P006,Running Shoes,Apparel,S02,Bengaluru,1,4423.594124388615,20,4423.594124388615,1,0,Wednesday,May,Q2,1,Christmas,0,Spring,Clear,0,4649.062335954268,96.54811404134698,Wholesale,Retail,8583.711231085126,884.7188248777229,3538.8752995108916,-225.4682115656533,0.9515024331203394,1.9404382476594146,High,6,2,5,2
1517,2024-12-25,P004,Notebook Pack,Stationery,S02,Bengaluru,59,1149.365574045657,8,67812.56886869378,1,1,Wednesday,September,Q3,1,Christmas,0,Autumn,Sunny,1,1174.428741303203,108.8215037062443,Online,Retail,10343.66164830481,91.94924592365255,1057.4163281220044,-25.063167257545956,0.978659269501754,8.999453160839078,Low,4,2,9,2
1518,2024-12-25,P005,LED Desk Lamp,Home,S02,Bengaluru,0,750.19,15,0.0,1,0,Wednesday,December,Q4,1,Christmas,0,Winter,Sunny,1,744.38,103.24,In-Store,Wholesale,1139.95,112.52850000000001,637.6615,5.810000000000059,1.0078051532819259,1.5195483810767938,Low,5,2,12,2
1519,2024-12-26,P008,Coffee Maker,Appliances,S04,Delhi,94,1377.143467064534,16,129451.4859040662,1,1,Thursday,February,Q1,0,No_Holiday,1,Winter,Sunny,0,1285.977787293746,107.1615577997874,Wholesale,Wholesale,4613.740469570528,220.34295473032543,1156.8005123342086,91.16567977078807,1.070892110790374,3.350224998274871,Low,8,4,2,3
1520,2024-12-26,P002,Bluetooth Speaker,Electronics,S02,Bengaluru,40,3682.83,5,139947.54,1,1,Thursday,December,Q4,0,No_Holiday,0,Winter,Cloudy,0,3809.0,98.52,In-Store,Wholesale,1163.18,184.1415,3498.6884999999997,-126.17000000000007,0.9668758204253085,0.3158386349627868,High,2,2,12,3
1521,2024-12-26,P006,Running Shoes,Apparel,S01,Chennai,26,2297.818102707604,3,59743.2706703977,0,1,Thursday,April,Q2,0,No_Holiday,0,Spring,Clear,0,2301.781167747479,100.8164374934384,In-Store,Wholesale,0.0,68.93454308122811,2228.8835596263757,-3.9630650398748912,0.9982782615934975,0.0,Medium,6,1,4,3
1522,2024-12-27,P004,Notebook Pack,Stationery,S03,Mumbai,12,2532.13,0,30385.56,0,0,Friday,December,Q4,0,No_Holiday,0,Winter,Rainy,1,2565.99,107.12,In-Store,Retail,2.42,0.0,2532.13,-33.85999999999967,0.9868043133449469,0.0009557171235284128,Medium,4,3,12,4
1523,2024-12-27,P007,Yoga Mat,Sports,S02,Bengaluru,1,4634.223167803504,3,4634.223167803504,0,1,Friday,January,Q1,0,No_Holiday,0,Winter,Stormy,0,4343.09321283785,109.3638437998382,In-Store,Wholesale,728.282805895176,139.02669503410513,4495.196472769399,291.1299549656542,1.067032859001298,0.15715315804274532,High,7,2,1,4
1524,2024-12-27,P003,Office Chair,Furniture,S02,Bengaluru,59,1091.945608277954,8,64424.79088839929,1,1,Friday,July,Q3,0,No_Holiday,0,Summer,Clear,0,995.6760013244004,107.4441384271615,Wholesale,Corporate,4908.585389492896,87.35564866223632,1004.5899596157178,96.26960695355365,1.096687684372728,4.4952654713580005,Low,3,2,7,4
1525,2024-12-27,P006,Running Shoes,Apparel,S02,Bengaluru,47,3802.236818419884,18,178705.1304657345,1,1,Friday,September,Q3,0,No_Holiday,0,Autumn,Sunny,0,3668.486467843342,100.9898641142091,Wholesale,Retail,2551.488191964085,684.4026273155791,3117.834191104305,133.75035057654213,1.0364592732585907,0.6710492570066745,High,6,2,9,4
1526,2024-12-27,P002,Bluetooth Speaker,Electronics,S04,Delhi,19,3774.736379116233,4,71719.99120320842,0,1,Friday,February,Q1,0,No_Holiday,0,Winter,Clear,1,4106.835414834417,99.19682867703114,Online,Corporate,54.30555633900956,150.9894551646493,3623.7469239515835,-332.09903571818404,0.9191350511591968,0.014386582501351776,High,2,4,2,4
1527,2024-12-28,P002,Bluetooth Speaker,Electronics,S01,Chennai,1,2899.492866015142,0,2899.492866015142,0,0,Saturday,October,Q4,0,No_Holiday,0,Autumn,Cloudy,0,2764.389122945199,104.6538511262387,Wholesale,Wholesale,607.6380326204566,0.0,2899.492866015142,135.10374306994345,1.048872910817274,0.20956700385179813,Medium,2,1,10,5
1528,2024-12-28,P004,Notebook Pack,Stationery,S02,Bengaluru,60,3618.56,15,184546.56,1,1,Saturday,December,Q4,0,No_Holiday,1,Winter,Cloudy,0,3353.9,105.99,In-Store,Corporate,4730.9,542.784,3075.776,264.65999999999985,1.0789111183994753,1.3073985231694374,High,4,2,12,5
1529,2024-12-29,P005,LED Desk Lamp,Home,S04,Delhi,47,2848.02,0,133856.94,0,1,Sunday,December,Q4,0,No_Holiday,1,Winter,Rainy,1,2675.11,106.0,Wholesale,Retail,363.71,0.0,2848.02,172.90999999999985,1.0646365943830347,0.12770626610768182,Medium,5,4,12,6
1530,2024-12-29,P002,Bluetooth Speaker,Electronics,S01,Chennai,1,1627.131799573031,0,1627.131799573031,1,0,Sunday,November,Q4,0,No_Holiday,0,Autumn,Clear,1,1587.312299318875,108.3251049170653,Online,Corporate,10135.50647182457,0.0,1627.131799573031,39.81950025415608,1.0250861158646871,6.22906298954036,Low,2,1,11,6
1531,2024-12-29,P007,Yoga Mat,Sports,S03,Mumbai,9,4541.898205346792,2,40877.08384812112,0,0,Sunday,September,Q3,0,No_Holiday,0,Autumn,Cloudy,0,4895.821310121999,99.80111679515416,In-Store,Retail,27.43957356145486,90.83796410693583,4451.060241239856,-353.9231047752073,0.9277091457477259,0.006041432969403096,High,7,3,9,6
1532,2024-12-30,P001,Wireless Mouse,Electronics,S01,Chennai,45,4100.68,10,166077.54,1,1,Monday,December,Q4,0,No_Holiday,0,Winter,Clear,0,4433.9,103.27,Wholesale,Wholesale,4984.99,410.06800000000004,3690.612,-333.21999999999935,0.9248471999819573,1.2156495995786063,High,1,1,12,0
1533,2024-12-31,P002,Bluetooth Speaker,Electronics,S01,Chennai,61,4131.859693542931,24,252043.4413061188,1,1,Tuesday,July,Q3,0,No_Holiday,1,Summer,Clear,0,4313.207617003667,109.8006913498468,Online,Wholesale,451.4552339964921,991.6463264503036,3140.213367092628,-181.34792346073573,0.9579552065275457,0.10926199519843433,High,2,1,7,1
1534,2024-12-31,P003,Office Chair,Furniture,S03,Mumbai,0,2083.99,20,0.0,1,0,Tuesday,December,Q4,0,No_Holiday,0,Winter,Cloudy,0,2069.28,102.66,In-Store,Corporate,5270.59,416.79799999999994,1667.1919999999998,14.709999999999582,1.007108752802907,2.529086032082688,Medium,3,3,12,1
1535,2025-01-01,P001,Wireless Mouse,Electronics,S03,Mumbai,47,341.3200344412269,2,16042.04161873766,0,1,Wednesday,April,Q2,1,New Year,0,Spring,Cloudy,0,325.9650998935134,97.20244501185523,Wholesale,Corporate,69.94329961273698,6.826400688824537,334.49363375240233,15.35493454771347,1.0471060691857184,0.2049199945946354,Low,1,3,4,2
1536,2025-01-01,P001,Wireless Mouse,Electronics,S02,Bengaluru,15,3010.439995701725,2,45156.59993552588,0,1,Wednesday,July,Q3,1,New Year,0,Summer,Sunny,0,3030.586603108386,101.5436415734605,Wholesale,Retail,700.2600996968645,60.2087999140345,2950.2311957876905,-20.146607406661133,0.9933522416465521,0.23261054885554558,Medium,1,2,7,2
1537,2025-01-01,P004,Notebook Pack,Stationery,S02,Bengaluru,40,3834.59,0,153383.6,1,1,Wednesday,January,Q1,1,New Year,0,Winter,Rainy,1,4178.72,104.89,Online,Wholesale,7454.04,0.0,3834.59,-344.1300000000001,0.9176470306696788,1.9438949144497846,High,4,2,1,2
1538,2025-01-01,P007,Yoga Mat,Sports,S02,Bengaluru,3,2182.200552976818,22,6546.601658930455,1,0,Wednesday,January,Q1,1,New Year,0,Winter,Stormy,0,2132.528889064188,103.395700131562,In-Store,Corporate,6426.583851026623,480.08412165489995,1702.116431321918,49.67166391262981,1.0232923756237726,2.9450014767249004,Medium,7,2,1,2
1539,2025-01-01,P006,Running Shoes,Apparel,S04,Delhi,3,1631.108312722802,8,4893.324938168405,1,0,Wednesday,February,Q1,1,New Year,0,Winter,Sunny,0,1516.822860316691,97.91230074911225,Online,Corporate,4955.034690187786,130.48866501782416,1500.619647704978,114.28545240611106,1.0753452861214459,3.0378330191428966,Low,6,4,2,2
1540,2025-01-02,P008,Coffee Maker,Appliances,S02,Bengaluru,34,978.2096253145631,2,33259.12726069515,0,1,Thursday,October,Q4,0,No_Holiday,0,Autumn,Sunny,0,924.1337329135965,96.60227824308143,In-Store,Retail,60.04421939185306,19.564192506291263,958.6454328082718,54.07589240096661,1.0585152240146856,0.061381750739310736,Low,8,2,10,3
1541,2025-01-02,P008,Coffee Maker,Appliances,S02,Bengaluru,1,4354.159768372378,0,4354.159768372378,0,0,Thursday,October,Q4,0,No_Holiday,1,Autumn,Clear,0,4254.916369967468,108.679957214445,In-Store,Wholesale,0.0,0.0,4354.159768372378,99.24339840490939,1.0233244063515325,0.0,High,8,2,10,3
1542,2025-01-02,P006,Running Shoes,Apparel,S01,Chennai,60,1250.33,5,71268.81,1,1,Thursday,January,Q1,0,No_Holiday,0,Winter,Sunny,0,1217.68,95.64,Online,Wholesale,9123.4,62.51649999999999,1187.8135,32.649999999999864,1.0268132842782995,7.29679364647733,Low,6,1,1,3
1543,2025-01-03,P008,Coffee Maker,Appliances,S02,Bengaluru,56,3683.484635462179,16,206275.139585882,1,1,Friday,December,Q4,0,No_Holiday,0,Winter,Clear,0,3453.825979296917,100.4541503741139,Wholesale,Wholesale,4159.88610182404,589.3575416739486,3094.1270937882305,229.65865616526207,1.0664939859569917,1.1293344518870474,High,8,2,12,4
1544,2025-01-03,P007,Yoga Mat,Sports,S04,Delhi,41,4839.89502079383,13,198435.695852547,1,1,Friday,October,Q4,0,No_Holiday,0,Autumn,Clear,0,4808.371144749169,96.09110451858125,Wholesale,Retail,5256.206757646359,629.1863527031978,4210.708668090632,31.523876044660938,1.0065560405167737,1.0860166873586954,High,7,4,10,4
1545,2025-01-03,P005,LED Desk Lamp,Home,S03,Mumbai,62,726.0279188534746,0,45013.73096891543,1,1,Friday,January,Q1,0,No_Holiday,0,Winter,Stormy,0,803.9294141912268,108.4715294544384,In-Store,Wholesale,8134.434080851961,0.0,726.0279188534746,-77.90149533775218,0.9030990856129788,11.204023798007189,Low,5,3,1,4
1546,2025-01-03,P007,Yoga Mat,Sports,S04,Delhi,37,4497.056554714592,10,166391.0925244399,1,1,Friday,February,Q1,0,No_Holiday,0,Winter,Stormy,0,4730.224777608693,107.8636971640006,In-Store,Wholesale,5225.904353218389,449.7056554714592,4047.3508992431325,-233.16822289410175,0.9507067351222204,1.162072188694112,High,7,4,2,4
1547,2025-01-03,P006,Running Shoes,Apparel,S04,Delhi,49,2454.44,5,114254.18,1,1,Friday,January,Q1,0,No_Holiday,0,Winter,Sunny,0,2259.67,109.53,Wholesale,Corporate,8431.29,122.72200000000001,2331.718,194.76999999999998,1.0861940017790208,3.4351175828294847,Medium,6,4,1,4
1548,2025-01-03,P003,Office Chair,Furniture,S01,Chennai,87,830.3266741563707,12,72238.42065160425,1,1,Friday,November,Q4,0,No_Holiday,0,Autumn,Rainy,0,828.4519991686068,104.2587720030968,Wholesale,Wholesale,4717.375106701475,99.63920089876449,730.6874732576063,1.8746749877639104,1.0022628649452778,5.681348381941874,Low,3,1,11,4
1549,2025-01-04,P005,LED Desk Lamp,Home,S04,Delhi,23,4437.233166257739,3,102056.362823928,0,1,Saturday,August,Q3,0,No_Holiday,0,Summer,Cloudy,1,4649.0717960196,107.3350610792818,Wholesale,Retail,114.5641033774008,133.11699498773217,4304.116171270007,-211.83862976186083,0.9544342098688966,0.025818815258252824,High,5,4,8,5
1550,2025-01-04,P005,LED Desk Lamp,Home,S02,Bengaluru,56,2007.97,5,106824.0,1,1,Saturday,January,Q1,0,No_Holiday,1,Winter,Clear,0,2014.66,100.64,Online,Wholesale,4355.5,100.3985,1907.5715,-6.690000000000055,0.9966793404346143,2.1691061121431097,Medium,5,2,1,5
1551,2025-01-04,P004,Notebook Pack,Stationery,S03,Mumbai,2,1635.322651996687,18,3270.645303993374,1,0,Saturday,October,Q4,0,No_Holiday,0,Autumn,Rainy,0,1640.021921629927,99.11777149872302,In-Store,Wholesale,5981.825942853364,294.35807735940364,1340.9645746372835,-4.699269633239965,0.9971346299880128,3.657887289428608,Low,4,3,10,5
1552,2025-01-04,P002,Bluetooth Speaker,Electronics,S01,Chennai,69,4126.46583011316,24,284726.142277808,1,1,Saturday,July,Q3,0,No_Holiday,1,Summer,Clear,0,4321.066390737979,109.7471952361362,Online,Wholesale,903.5217774748137,990.3517992271585,3136.1140308860017,-194.60056062481908,0.9549646908823394,0.21895777516956594,High,2,1,7,5
1553,2025-01-04,P002,Bluetooth Speaker,Electronics,S01,Chennai,98,2650.832600069096,16,259781.5948067714,1,1,Saturday,October,Q4,0,No_Holiday,0,Autumn,Clear,1,2714.07951290848,99.0149717210357,Online,Corporate,1227.422796644521,424.1332160110553,2226.699384058041,-63.246912839384095,0.9766967354719807,0.46303293411003293,Medium,2,1,10,5
1554,2025-01-04,P003,Office Chair,Furniture,S01,Chennai,42,3348.613984082332,8,140641.7873314579,1,1,Saturday,February,Q1,0,No_Holiday,0,Winter,Rainy,0,3494.975159654724,102.0012737760561,Online,Retail,5495.608600642357,267.88911872658656,3080.7248653557454,-146.36117557239186,0.9581223989051609,1.6411591860888666,Medium,3,1,2,5
1555,2025-01-05,P003,Office Chair,Furniture,S04,Delhi,1,4856.331958110588,0,4856.331958110588,1,0,Sunday,August,Q3,0,No_Holiday,1,Summer,Rainy,0,4738.610528259313,107.516653322114,In-Store,Corporate,1143.532683261181,0.0,4856.331958110588,117.72142985127539,1.0248430271171747,0.23547251158384275,High,3,4,8,6
1556,2025-01-05,P004,Notebook Pack,Stationery,S02,Bengaluru,38,3464.242702067141,8,131641.2226785514,1,1,Sunday,August,Q3,0,No_Holiday,0,Summer,Stormy,0,3427.914098395921,99.85470561798365,Wholesale,Retail,8682.322802732488,277.1394161653713,3187.10328590177,36.32860367122021,1.0105978745757427,2.5062686276431143,High,4,2,8,6
1557,2025-01-05,P006,Running Shoes,Apparel,S04,Delhi,50,4004.76,10,180214.2,1,1,Sunday,January,Q1,0,No_Holiday,1,Winter,Clear,0,3956.62,98.45,Wholesale,Wholesale,3167.69,400.47600000000006,3604.284,48.14000000000033,1.0121669505790296,0.7909812323335231,High,6,4,1,6
1558,2025-01-06,P003,Office Chair,Furniture,S01,Chennai,88,1616.153970977228,8,142221.5494459961,1,1,Monday,December,Q4,0,No_Holiday,1,Winter,Rainy,1,1465.591255237341,102.8808529224149,In-Store,Corporate,4846.609479991164,129.29231767817825,1486.8616532990497,150.56271573988693,1.1027317235974532,2.9988538016960105,Low,3,1,12,0
1559,2025-01-06,P008,Coffee Maker,Appliances,S03,Mumbai,40,4526.61961357803,14,181064.7845431212,1,1,Monday,March,Q1,0,No_Holiday,1,Spring,Cloudy,0,4769.331795594909,101.8400364403061,Wholesale,Corporate,6128.599737169237,633.7267459009242,3892.8928676771056,-242.71218201687861,0.9491098140328474,1.353902085959667,High,8,3,3,0
1560,2025-01-06,P003,Office Chair,Furniture,S02,Bengaluru,74,955.32,10,63624.31,1,1,Monday,January,Q1,0,No_Holiday,0,Winter,Rainy,0,1014.77,105.8,In-Store,Wholesale,5048.74,95.53200000000001,859.788,-59.44999999999993,0.9414152960769436,5.284867897667796,Low,3,2,1,0
1561,2025-01-06,P001,Wireless Mouse,Electronics,S02,Bengaluru,48,1596.043123081196,9,76610.06990789741,1,1,Monday,April,Q2,0,No_Holiday,0,Spring,Cloudy,0,1489.14555939262,99.90632660374617,Online,Wholesale,5109.992508600279,143.64388107730764,1452.3992420038883,106.89756368857593,1.0717844961591105,3.20166318484887,Low,1,2,4,0
1562,2025-01-07,P005,LED Desk Lamp,Home,S04,Delhi,58,2434.923053657555,10,141225.5371121382,1,1,Tuesday,July,Q3,0,No_Holiday,0,Summer,Cloudy,0,2362.893721683306,108.1602813564124,In-Store,Retail,8273.459244552138,243.49230536575553,2191.4307482918,72.02933197424909,1.030483525904388,3.3978319077165007,Medium,5,4,7,1
1563,2025-01-07,P001,Wireless Mouse,Electronics,S01,Chennai,71,608.3219124760069,0,43190.85578579649,1,1,Tuesday,October,Q4,0,No_Holiday,1,Autumn,Stormy,0,585.067444410335,95.80559165380618,Wholesale,Retail,9442.493296908397,0.0,608.3219124760069,23.25446806567186,1.0397466450882582,15.52219820337447,Low,1,1,10,1
1564,2025-01-07,P005,LED Desk Lamp,Home,S04,Delhi,77,3700.186396142439,23,284914.3525029678,1,1,Tuesday,September,Q3,0,No_Holiday,0,Autumn,Sunny,0,3393.340933038682,101.8841388183224,In-Store,Wholesale,5812.648094964871,851.0428711127611,2849.143525029678,306.8454631037571,1.090425768927669,1.5709068335110739,High,5,4,9,1
1565,2025-01-07,P005,LED Desk Lamp,Home,S01,Chennai,16,3609.263995816199,0,57748.22393305918,0,1,Tuesday,December,Q4,0,No_Holiday,0,Winter,Stormy,0,3292.659235647453,103.2970851040127,Online,Wholesale,791.749579111176,0.0,3609.263995816199,316.604760168746,1.0961547301163372,0.21936593721849093,High,5,1,12,1
1566,2025-01-07,P007,Yoga Mat,Sports,S04,Delhi,56,4396.429479730893,14,246200.05086493,1,1,Tuesday,June,Q2,0,No_Holiday,0,Summer,Rainy,1,4132.871633027536,100.0819859833801,Wholesale,Corporate,5239.798140562553,615.500127162325,3780.929352568568,263.5578467033574,1.0637711185116796,1.191830362506641,High,7,4,6,1
1567,2025-01-07,P004,Notebook Pack,Stationery,S02,Bengaluru,51,3306.84,5,160216.4,1,1,Tuesday,January,Q1,0,No_Holiday,0,Winter,Rainy,0,3060.74,103.89,Online,Wholesale,5370.11,165.342,3141.498,246.10000000000036,1.080405392160066,1.623940075721837,Medium,4,2,1,1
1568,2025-01-07,P002,Bluetooth Speaker,Electronics,S04,Delhi,7,2618.658301132118,18,18330.60810792483,1,0,Tuesday,June,Q2,0,No_Holiday,1,Summer,Cloudy,1,2721.859987224098,96.65271802940325,Online,Corporate,3715.983297568037,471.3584942037813,2147.2998069283367,-103.20168609197981,0.9620841312277674,1.4190409248742055,Medium,2,4,6,1
1569,2025-01-07,P007,Yoga Mat,Sports,S01,Chennai,33,763.539146641022,0,25196.79183915372,0,1,Tuesday,December,Q4,0,No_Holiday,0,Winter,Clear,0,793.5130001441846,99.88371862738497,In-Store,Wholesale,0.0,0.0,763.539146641022,-29.973853503162672,0.9622263863380734,0.0,Low,7,1,12,1
1570,2025-01-08,P003,Office Chair,Furniture,S01,Chennai,8,998.44,0,7987.52,1,0,Wednesday,January,Q1,0,No_Holiday,0,Winter,Clear,0,1074.02,105.92,In-Store,Retail,2557.64,0.0,998.44,-75.57999999999993,0.9296288709707455,2.5616361523977402,Low,3,1,1,2
1571,2025-01-08,P005,LED Desk Lamp,Home,S01,Chennai,15,4705.949121312812,2,70589.23681969219,0,1,Wednesday,January,Q1,0,No_Holiday,1,Winter,Sunny,1,4376.201092481863,99.04114503712513,Online,Wholesale,602.5481723612402,94.11898242625624,4611.830138886556,329.7480288309489,1.0753502916941917,0.12803966996420652,High,5,1,1,2
1572,2025-01-08,P002,Bluetooth Speaker,Electronics,S01,Chennai,50,1680.249720239531,3,84012.48601197655,1,1,Wednesday,March,Q1,0,No_Holiday,0,Spring,Clear,0,1769.729263908242,96.36625922993163,In-Store,Corporate,7232.213818677578,50.40749160718593,1629.842228632345,-89.47954366871113,0.9494388517534564,4.3042493812446985,Low,2,1,3,2
1573,2025-01-08,P005,LED Desk Lamp,Home,S02,Bengaluru,56,1038.247413852335,0,58141.85517573077,1,1,Wednesday,June,Q2,0,No_Holiday,0,Summer,Cloudy,0,1124.504183907473,104.6888595367108,In-Store,Corporate,1368.205209765006,0.0,1038.247413852335,-86.25677005513785,0.9232935090064234,1.3178026658293216,Low,5,2,6,2
1574,2025-01-08,P008,Coffee Maker,Appliances,S01,Chennai,1,2955.578471372825,3,2955.578471372825,0,0,Wednesday,August,Q3,0,No_Holiday,0,Summer,Sunny,0,2978.687738192973,110.2918042919127,Online,Wholesale,554.9403638962722,88.66735414118475,2866.91111723164,-23.10926682014815,0.9922417961024114,0.18776032146374044,Medium,8,1,8,2
1575,2025-01-08,P008,Coffee Maker,Appliances,S03,Mumbai,42,4356.998854327788,14,182993.9518817671,1,1,Wednesday,April,Q2,0,No_Holiday,1,Spring,Rainy,0,3975.429833388159,101.8907793279793,In-Store,Corporate,5744.645556714558,609.9798396058903,3747.0190147218973,381.5690209396289,1.0959818276089224,1.31848681828512,High,8,3,4,2
1576,2025-01-08,P007,Yoga Mat,Sports,S02,Bengaluru,25,3583.186204004487,0,89579.65510011217,1,1,Wednesday,February,Q1,0,No_Holiday,0,Winter,Cloudy,1,3574.163516917269,96.370422572512,In-Store,Corporate,8882.345557531222,0.0,3583.186204004487,9.022687087217946,1.002524419222711,2.478895890926493,High,7,2,2,2
1577,2025-01-09,P008,Coffee Maker,Appliances,S04,Delhi,102,1018.72,20,83127.55,1,1,Thursday,January,Q1,0,No_Holiday,0,Winter,Clear,0,1078.75,107.31,Online,Wholesale,6766.66,203.74400000000003,814.976,-60.02999999999997,0.9443522595596756,6.642315847337835,Low,8,4,1,3
1578,2025-01-09,P005,LED Desk Lamp,Home,S03,Mumbai,31,3777.713813621068,1,117109.1282222531,1,1,Thursday,September,Q3,0,No_Holiday,0,Autumn,Stormy,0,3857.442167536376,109.5559193712968,In-Store,Wholesale,6537.395884423922,37.77713813621068,3739.936675484857,-79.72835391530816,0.9793312898930049,1.7305164464424065,High,5,3,9,3
1579,2025-01-09,P003,Office Chair,Furniture,S02,Bengaluru,97,827.2621965103565,10,80244.43306150458,1,1,Thursday,March,Q1,0,No_Holiday,1,Spring,Clear,1,896.682024755513,107.312447076801,In-Store,Corporate,9218.028514954554,82.72621965103565,744.5359768593208,-69.41982824515651,0.9225814432222121,11.142813673632135,Low,3,2,3,3
1580,2025-01-09,P008,Coffee Maker,Appliances,S02,Bengaluru,3,876.4487970516079,0,2629.346391154824,0,0,Thursday,June,Q2,0,No_Holiday,0,Summer,Rainy,0,860.5227257425586,106.6262201268315,Wholesale,Corporate,553.8341911438413,0.0,876.4487970516079,15.926071309049348,1.0185074383657986,0.6319070697648865,Low,8,2,6,3
1581,2025-01-10,P005,LED Desk Lamp,Home,S02,Bengaluru,0,3676.1,0,0.0,1,0,Friday,January,Q1,0,No_Holiday,0,Winter,Clear,0,3477.45,100.78,Online,Retail,2422.31,0.0,3676.1,198.6500000000001,1.0571251923104574,0.6589347406218546,High,5,2,1,4
1582,2025-01-10,P007,Yoga Mat,Sports,S01,Chennai,70,1468.041437846743,2,102762.900649272,1,1,Friday,April,Q2,0,No_Holiday,0,Spring,Cloudy,1,1426.356006595084,105.0761456402076,In-Store,Retail,7298.476168921246,29.36082875693486,1438.6806090898083,41.68543125165911,1.0292251240636399,4.971573676848197,Low,7,1,4,4
1583,2025-01-10,P004,Notebook Pack,Stationery,S04,Delhi,75,2632.874592272179,6,197465.5944204134,1,1,Friday,November,Q4,0,No_Holiday,1,Autumn,Sunny,0,2400.652376476721,102.0672245762204,In-Store,Retail,5526.660823514631,157.97247553633076,2474.9021167358483,232.22221579545794,1.0967329622859745,2.0990976325785065,Medium,4,4,11,4
1584,2025-01-10,P005,LED Desk Lamp,Home,S01,Chennai,69,1548.625927006889,3,106855.1889634753,1,1,Friday,December,Q4,0,No_Holiday,1,Winter,Stormy,0,1541.270860768944,103.0530844237221,Online,Wholesale,3819.643830195143,46.45877781020667,1502.1671491966824,7.355066237945039,1.0047720789545556,2.4664728670645273,Low,5,1,12,4
1585,2025-01-10,P008,Coffee Maker,Appliances,S04,Delhi,32,1309.411404949729,0,41901.16495839133,0,1,Friday,September,Q3,0,No_Holiday,0,Autumn,Clear,0,1331.487928215849,99.42810032283413,Wholesale,Corporate,616.6580999373598,0.0,1309.411404949729,-22.07652326611992,0.9834196594664574,0.47094297300781074,Low,8,4,9,4
1586,2025-01-10,P002,Bluetooth Speaker,Electronics,S04,Delhi,45,2621.925459100358,14,117986.6456595161,1,1,Friday,April,Q2,0,No_Holiday,0,Spring,Clear,0,2597.670908768684,109.4993340038182,Online,Corporate,8392.908568357165,367.06956427405004,2254.8558948263076,24.254550331673727,1.0093370373628932,3.2010477411653655,Medium,2,4,4,4
1587,2025-01-11,P007,Yoga Mat,Sports,S02,Bengaluru,7,3106.45,0,21745.15,1,0,Saturday,January,Q1,0,No_Holiday,1,Winter,Clear,0,3341.14,102.97,Online,Retail,5081.29,0.0,3106.45,-234.69000000000005,0.9297575079164596,1.6357224484540231,Medium,7,2,1,5
1588,2025-01-11,P005,LED Desk Lamp,Home,S02,Bengaluru,50,2911.059810025874,8,145552.9905012937,1,1,Saturday,July,Q3,0,No_Holiday,0,Summer,Clear,0,2842.809540540209,106.3418807625067,Wholesale,Wholesale,890.471007675819,232.88478480206993,2678.175025223804,68.25026948566483,1.0240080344857347,0.30589237796110563,Medium,5,2,7,5
1589,2025-01-11,P004,Notebook Pack,Stationery,S01,Chennai,22,2207.448529250532,0,48563.8676435117,0,1,Saturday,July,Q3,0,No_Holiday,0,Summer,Sunny,0,2141.295430004651,104.976447069214,Online,Corporate,929.4845600842876,0.0,2207.448529250532,66.1530992458811,1.0308939618134512,0.42106737609862377,Medium,4,1,7,5
1590,2025-01-12,P007,Yoga Mat,Sports,S02,Bengaluru,30,2152.781443110992,0,64583.44329332976,0,1,Sunday,September,Q3,0,No_Holiday,0,Autumn,Cloudy,0,2213.088815000296,108.5765236931411,In-Store,Wholesale,111.6104368545218,0.0,2152.781443110992,-60.30737188930425,0.9727496829406297,0.051844759816042064,Medium,7,2,9,6
1591,2025-01-12,P006,Running Shoes,Apparel,S04,Delhi,62,831.8868972374535,2,51576.98762872211,1,1,Sunday,September,Q3,0,No_Holiday,0,Autumn,Cloudy,0,805.4941393061389,109.496851171473,In-Store,Corporate,7877.361558783907,16.63773794474907,815.2491592927043,26.392757931314577,1.0327659217409695,9.469269903088035,Low,6,4,9,6
1592,2025-01-12,P003,Office Chair,Furniture,S01,Chennai,61,4505.45,20,219865.96,1,1,Sunday,January,Q1,0,No_Holiday,1,Winter,Clear,0,4388.65,95.65,Wholesale,Corporate,2680.12,901.09,3604.3599999999997,116.80000000000018,1.0266141068437902,0.5948617785126902,High,3,1,1,6
1593,2025-01-12,P004,Notebook Pack,Stationery,S04,Delhi,61,3865.659369657661,17,235805.2215491173,1,1,Sunday,March,Q1,0,No_Holiday,1,Spring,Cloudy,0,3840.837404711625,101.1138705179036,Wholesale,Retail,10087.60198330198,657.1620928418024,3208.4972768158586,24.821964946036132,1.0064626440357998,2.609542388158046,High,4,4,3,6
1594,2025-01-13,P008,Coffee Maker,Appliances,S04,Delhi,18,1882.49,20,27107.86,1,0,Monday,January,Q1,0,No_Holiday,0,Winter,Sunny,0,1744.65,102.16,Online,Retail,3191.03,376.49800000000005,1505.992,137.83999999999992,1.0790072507379702,1.6951112622112203,Medium,8,4,1,0
1595,2025-01-13,P002,Bluetooth Speaker,Electronics,S03,Mumbai,81,1263.326479550131,11,102329.4448435606,1,1,Monday,February,Q1,0,No_Holiday,0,Winter,Cloudy,1,1224.974980123073,103.6577732710915,In-Store,Corporate,9571.968147676198,138.9659127505144,1124.3605667996164,38.35149942705789,1.0313079859175611,7.576796895039171,Low,2,3,2,0
1596,2025-01-14,P001,Wireless Mouse,Electronics,S01,Chennai,69,3585.963898669181,21,247431.5090081735,1,1,Tuesday,May,Q2,0,No_Holiday,0,Spring,Sunny,0,3832.964445214292,98.9014196222536,Wholesale,Wholesale,4712.754251784472,753.0524187205281,2832.9114799486533,-247.00054654511086,0.9355588735362502,1.3142224475638096,High,1,1,5,1
1597,2025-01-14,P007,Yoga Mat,Sports,S03,Mumbai,82,1107.3,15,77178.81,1,1,Tuesday,January,Q1,0,No_Holiday,0,Winter,Clear,1,1022.66,95.11,Wholesale,Retail,7033.78,166.095,941.2049999999999,84.63999999999999,1.0827645551796297,6.352190011740269,Low,7,3,1,1
1598,2025-01-14,P003,Office Chair,Furniture,S03,Mumbai,41,996.8392311818588,2,40870.40847845621,0,1,Tuesday,May,Q2,0,No_Holiday,0,Spring,Clear,0,1065.926106274059,98.43380095453857,Wholesale,Wholesale,0.0,19.936784623637177,976.9024465582216,-69.08687509220022,0.9351860558761497,0.0,Low,3,3,5,1
1599,2025-01-14,P002,Bluetooth Speaker,Electronics,S01,Chennai,100,2646.287619674385,17,264628.7619674385,1,1,Tuesday,October,Q4,0,No_Holiday,0,Autumn,Clear,1,2710.357712566945,99.72856574861564,Online,Corporate,728.3492773871967,449.8688953446454,2196.4187243297397,-64.07009289255984,0.976361019582216,0.27523435924807643,Medium,2,1,10,1
1600,2025-01-14,P008,Coffee Maker,Appliances,S04,Delhi,24,2953.675584777251,3,70888.21403465401,0,1,Tuesday,January,Q1,0,No_Holiday,0,Winter,Clear,0,2994.120398056259,102.3343210933155,In-Store,Retail,358.5343985932353,88.61026754331753,2865.0653172339335,-40.44481327900803,0.9864919215321921,0.12138584225060516,Medium,8,4,1,1
1601,2025-01-15,P006,Running Shoes,Apparel,S03,Mumbai,43,997.8508399474724,2,42907.58611774132,0,1,Wednesday,October,Q4,0,No_Holiday,0,Autumn,Sunny,0,944.4519477776272,105.6170903421294,In-Store,Corporate,816.7692153181878,19.95701679894945,977.893823148523,53.398892169845226,1.0565395542838332,0.8185283637794833,Low,6,3,10,2
1602,2025-01-15,P006,Running Shoes,Apparel,S04,Delhi,0,1938.89,0,0.0,1,0,Wednesday,January,Q1,0,No_Holiday,0,Winter,Cloudy,0,2076.54,101.35,In-Store,Wholesale,3117.83,0.0,1938.89,-137.64999999999986,0.9337118475926302,1.6080489352155098,Medium,6,4,1,2
1603,2025-01-15,P006,Running Shoes,Apparel,S01,Chennai,70,3436.638074675274,22,240564.6652272692,1,1,Wednesday,May,Q2,0,No_Holiday,1,Spring,Sunny,0,3150.498378683824,96.47984163583384,In-Store,Corporate,2842.674642317688,756.0603764285603,2680.5776982467137,286.13969599145,1.0908236290256368,0.8271673014582109,High,6,1,5,2
1604,2025-01-15,P005,LED Desk Lamp,Home,S02,Bengaluru,71,2427.127557027719,14,172326.056548968,1,1,Wednesday,September,Q3,0,No_Holiday,0,Autumn,Rainy,1,2545.597567842188,98.7845794289563,Online,Corporate,817.3127367104033,339.7978579838807,2087.3296990438384,-118.47001081446888,0.9534608249508615,0.3367407429180572,Medium,5,2,9,2
1605,2025-01-16,P007,Yoga Mat,Sports,S02,Bengaluru,0,2183.5,20,0.0,1,0,Thursday,January,Q1,0,No_Holiday,0,Winter,Stormy,0,2126.82,103.32,In-Store,Corporate,5987.69,436.7,1746.8,56.679999999999836,1.026650116135827,2.742244103503549,Medium,7,2,1,3
1606,2025-01-16,P007,Yoga Mat,Sports,S01,Chennai,84,607.3279753616034,3,51015.54993037469,1,1,Thursday,February,Q1,0,No_Holiday,1,Winter,Stormy,0,554.5916598567896,101.1819235832416,Online,Corporate,4102.571236146016,18.219839260848104,589.1081361007554,52.736315504813774,1.0950903508329564,6.755116514603733,Low,7,1,2,3
1607,2025-01-16,P003,Office Chair,Furniture,S02,Bengaluru,61,2678.076379315714,9,163362.6591382586,1,1,Thursday,August,Q3,0,No_Holiday,0,Summer,Cloudy,1,2642.686431379952,101.9981426036373,In-Store,Wholesale,2440.780921927251,241.02687413841423,2437.0495051772996,35.38994793576194,1.013391656125196,0.911393319764429,Medium,3,2,8,3
1608,2025-01-17,P007,Yoga Mat,Sports,S02,Bengaluru,27,4303.99,15,98776.57,1,1,Friday,January,Q1,0,No_Holiday,0,Winter,Rainy,0,4547.69,109.24,Online,Retail,5329.26,645.5985,3658.3914999999997,-243.69999999999982,0.9464123544041041,1.2382138434336512,High,7,2,1,4
1609,2025-01-17,P004,Notebook Pack,Stationery,S03,Mumbai,9,2523.643962522547,0,22712.79566270292,0,0,Friday,December,Q4,0,No_Holiday,0,Winter,Rainy,1,2556.678124001958,106.7694146187613,In-Store,Retail,0.0,0.0,2523.643962522547,-33.03416147941107,0.987079264624949,0.0,Medium,4,3,12,4
1610,2025-01-17,P008,Coffee Maker,Appliances,S04,Delhi,76,2760.796457502581,20,209820.5307701961,1,1,Friday,July,Q3,0,No_Holiday,1,Summer,Rainy,0,2671.599197161398,98.82510793172561,Wholesale,Retail,1010.20109639617,552.1592915005161,2208.6371660020645,89.19726034118275,1.0333872163294389,0.3659092989817869,Medium,8,4,7,4
1611,2025-01-18,P003,Office Chair,Furniture,S01,Chennai,71,1506.150214077571,0,106936.6651995075,1,1,Saturday,July,Q3,0,No_Holiday,0,Summer,Sunny,0,1450.875540242213,104.7186823585567,Online,Wholesale,2726.63556095407,0.0,1506.150214077571,55.274673835358044,1.0380974606726987,1.810334411182204,Low,3,1,7,5
1612,2025-01-18,P007,Yoga Mat,Sports,S03,Mumbai,58,4160.15612961532,16,241289.0555176886,1,1,Saturday,August,Q3,0,No_Holiday,0,Summer,Cloudy,1,3943.199111634914,98.47356581173116,Online,Retail,1084.152208100916,665.6249807384513,3494.5311488768693,216.95701798040636,1.0550205586474817,0.2606037308030468,High,7,3,8,5
1613,2025-01-18,P004,Notebook Pack,Stationery,S04,Delhi,80,1326.538612085994,21,106123.0889668796,1,1,Saturday,March,Q1,0,No_Holiday,0,Spring,Sunny,0,1385.662060408426,105.8098588243569,In-Store,Corporate,10213.84532665441,278.5731085380587,1047.9655035479352,-59.12344832243207,0.9573319859064299,7.699621581759347,Low,4,4,3,5
1614,2025-01-18,P006,Running Shoes,Apparel,S01,Chennai,84,971.54,15,69367.96,1,1,Saturday,January,Q1,0,No_Holiday,1,Winter,Sunny,0,966.03,104.0,Online,Retail,2999.37,145.731,825.809,5.509999999999991,1.0057037566121134,3.087232640961772,Low,6,1,1,5
1615,2025-01-18,P005,LED Desk Lamp,Home,S03,Mumbai,69,4281.73431286414,22,295439.6675876256,1,1,Saturday,February,Q1,0,No_Holiday,1,Winter,Cloudy,0,4067.32732037767,102.0990513503633,Wholesale,Wholesale,3981.695892311885,941.9815488301107,3339.752764034029,214.4069924864698,1.052714467166749,0.9299259602234514,High,5,3,2,5
1616,2025-01-18,P001,Wireless Mouse,Electronics,S01,Chennai,76,3511.066086342081,17,266841.0225619982,1,1,Saturday,August,Q3,0,No_Holiday,0,Summer,Cloudy,1,3424.24831412358,104.2332522158436,Wholesale,Corporate,9157.268680378374,596.8812346781538,2914.184851663927,86.81777221850098,1.0253538190733464,2.608116297212353,High,1,1,8,5
1617,2025-01-19,P006,Running Shoes,Apparel,S01,Chennai,72,3123.34,15,191148.41,1,1,Sunday,January,Q1,0,No_Holiday,1,Winter,Stormy,1,3220.9,99.3,Wholesale,Retail,9484.3,468.50100000000003,2654.839,-97.55999999999995,0.9697103294110342,3.036589036095974,Medium,6,1,1,6
1618,2025-01-19,P004,Notebook Pack,Stationery,S04,Delhi,3,4078.952407322599,0,12236.8572219678,0,1,Sunday,September,Q3,0,No_Holiday,0,Autumn,Sunny,0,3727.26958951285,108.5306815968595,In-Store,Wholesale,313.812824878817,0.0,4078.952407322599,351.68281780974894,1.0943540061602341,0.07693466202632208,High,4,4,9,6
1619,2025-01-19,P005,LED Desk Lamp,Home,S04,Delhi,30,1583.362198724652,2,47500.86596173958,0,1,Sunday,April,Q2,0,No_Holiday,0,Spring,Rainy,0,1624.096398447543,98.51430895366583,In-Store,Corporate,901.4777952608642,31.66724397449304,1551.694954750159,-40.734199722890935,0.97491885348565,0.5693440174250566,Low,5,4,4,6
1620,2025-01-19,P006,Running Shoes,Apparel,S03,Mumbai,49,4731.120451308762,15,231824.9021141294,1,1,Sunday,August,Q3,0,No_Holiday,0,Summer,Clear,1,4439.211460982604,97.01232963799279,In-Store,Retail,9397.200331593102,709.6680676963144,4021.452383612448,291.90899032615835,1.0657569464513739,1.9862526072430833,High,6,3,8,6
1621,2025-01-19,P001,Wireless Mouse,Electronics,S02,Bengaluru,50,4699.989013291009,15,234999.4506645504,1,1,Sunday,July,Q3,0,No_Holiday,1,Summer,Stormy,0,4882.374110757982,105.6642109055991,In-Store,Retail,6106.774304099916,704.9983519936513,3994.9906612973573,-182.3850974669731,0.962644178154005,1.2993167190031054,High,1,2,7,6
1622,2025-01-20,P003,Office Chair,Furniture,S04,Delhi,40,2307.07,0,92282.8,0,1,Monday,January,Q1,0,No_Holiday,0,Winter,Sunny,1,2311.94,105.48,Wholesale,Retail,337.01,0.0,2307.07,-4.869999999999891,0.9978935439501025,0.14607705878018437,Medium,3,4,1,0
1623,2025-01-20,P006,Running Shoes,Apparel,S02,Bengaluru,43,3790.895553555242,22,163008.5088028754,1,1,Monday,September,Q3,0,No_Holiday,0,Autumn,Sunny,0,3672.82368100201,101.2346674811413,Wholesale,Retail,3021.937511440349,833.9970217821532,2956.8985317730885,118.07187255323197,1.0321474382677198,0.7971566266462458,High,6,2,9,0
1624,2025-01-20,P008,Coffee Maker,Appliances,S04,Delhi,1,1958.561086247867,17,1958.561086247867,1,0,Monday,May,Q2,0,No_Holiday,1,Spring,Cloudy,0,2043.960114649984,96.48163430732603,Wholesale,Retail,5857.69288466968,332.95538466213736,1625.6057015857295,-85.39902840211698,0.958218838131907,2.9908144942732493,Medium,8,4,5,0
1625,2025-01-20,P005,LED Desk Lamp,Home,S02,Bengaluru,86,1583.321449172056,5,136165.6446287968,1,1,Monday,January,Q1,0,No_Holiday,1,Winter,Sunny,1,1715.704154378954,101.8727581135471,In-Store,Retail,9342.22832311541,79.1660724586028,1504.1553767134533,-132.38270520689798,0.9228405987891207,5.900399017521433,Low,5,2,1,0
1626,2025-01-20,P003,Office Chair,Furniture,S01,Chennai,1,1511.953918006206,3,1511.953918006206,0,0,Monday,October,Q4,0,No_Holiday,0,Autumn,Stormy,0,1610.353714201768,104.2261373275173,In-Store,Wholesale,0.0,45.35861754018619,1466.5953004660198,-98.39979619556198,0.9388955387081915,0.0,Low,3,1,10,0
1627,2025-01-20,P001,Wireless Mouse,Electronics,S02,Bengaluru,39,770.3873295300485,0,30045.10585167189,0,1,Monday,October,Q4,0,No_Holiday,0,Autumn,Cloudy,0,683.8387774425489,97.44858947396447,Wholesale,Corporate,0.0,0.0,770.3873295300485,86.54855208749962,1.126562802435945,0.0,Low,1,2,10,0
1628,2025-01-21,P005,LED Desk Lamp,Home,S03,Mumbai,2,854.0144702481527,13,1708.028940496305,1,0,Tuesday,June,Q2,0,No_Holiday,0,Summer,Rainy,0,781.3827632505987,108.133475557499,Online,Wholesale,3195.155915838009,111.02188113225986,742.9925891158929,72.63170699755403,1.0929527888424386,3.7413369763039097,Low,5,3,6,1
1629,2025-01-21,P006,Running Shoes,Apparel,S01,Chennai,23,2852.565398561701,3,65609.00416691913,0,1,Tuesday,November,Q4,0,No_Holiday,0,Autumn,Rainy,1,3090.504196317657,100.5320204718337,Online,Retail,586.3510292479555,85.57696195685102,2766.98843660485,-237.93879775595587,0.9230097153598884,0.205552177539418,Medium,6,1,11,1
1630,2025-01-21,P002,Bluetooth Speaker,Electronics,S04,Delhi,31,1722.847372811528,0,53408.26855715737,0,1,Tuesday,January,Q1,0,No_Holiday,0,Winter,Stormy,1,1579.332938054107,99.920515006524,In-Store,Retail,46.47885988179888,0.0,1722.847372811528,143.514434757421,1.0908702853587318,0.026977932355058052,Medium,2,4,1,1
1631,2025-01-21,P006,Running Shoes,Apparel,S02,Bengaluru,19,3344.09,0,63537.71,0,1,Tuesday,January,Q1,0,No_Holiday,0,Winter,Stormy,0,3457.56,101.08,Online,Wholesale,7.68,0.0,3344.09,-113.4699999999998,0.9671820590242831,0.00229658890759519,Medium,6,2,1,1
1632,2025-01-21,P008,Coffee Maker,Appliances,S01,Chennai,64,238.1246386081367,0,15239.97687092075,0,1,Tuesday,August,Q3,0,No_Holiday,1,Summer,Rainy,0,226.6677217399236,101.2149353861334,Wholesale,Retail,115.059780813582,0.0,238.1246386081367,11.456916868213114,1.0505449862038967,0.4831914139003775,Low,8,1,8,1
1633,2025-01-22,P002,Bluetooth Speaker,Electronics,S01,Chennai,15,2838.04,15,36185.01,1,0,Wednesday,January,Q1,0,No_Holiday,0,Winter,Clear,0,2751.47,107.23,Online,Wholesale,9649.04,425.70599999999996,2412.334,86.57000000000016,1.031463181499344,3.3998957026680388,Medium,2,1,1,2
1634,2025-01-23,P004,Notebook Pack,Stationery,S01,Chennai,1,440.4328861821721,10,440.4328861821721,1,0,Thursday,October,Q4,0,No_Holiday,1,Autumn,Stormy,0,395.0404939329778,94.96532677079044,Online,Corporate,8279.250625145149,44.04328861821721,396.3895975639549,45.3923922491943,1.114905669029706,18.797984630331804,Low,4,1,10,3
1635,2025-01-23,P008,Coffee Maker,Appliances,S02,Bengaluru,47,3697.453806037766,15,173780.328883775,1,1,Thursday,December,Q4,0,No_Holiday,0,Winter,Clear,0,3442.861391899865,100.7998617269127,Wholesale,Wholesale,4313.261132103038,554.6180709056648,3142.835735132101,254.59241413790096,1.073947912842756,1.1665490249153858,High,8,2,12,3
1636,2025-01-23,P008,Coffee Maker,Appliances,S04,Delhi,28,2959.55,0,82867.4,0,1,Thursday,January,Q1,0,No_Holiday,0,Winter,Clear,0,2994.25,102.55,In-Store,Retail,401.47,0.0,2959.55,-34.69999999999982,0.9884111213158554,0.13565237958473417,Medium,8,4,1,3
1637,2025-01-23,P007,Yoga Mat,Sports,S02,Bengaluru,25,4301.357123222571,14,107533.9280805643,1,1,Thursday,January,Q1,0,No_Holiday,0,Winter,Rainy,0,4554.099196088408,109.1993486714283,Online,Retail,5435.004080424147,602.18999725116,3699.167125971411,-252.74207286583623,0.9445022907970646,1.263555646444964,High,7,2,1,3
1638,2025-01-23,P005,LED Desk Lamp,Home,S03,Mumbai,79,489.7797315000075,9,38692.59878850059,1,1,Thursday,August,Q3,0,No_Holiday,0,Summer,Rainy,0,473.7945046578056,105.7892087286165,Online,Wholesale,3794.294469474099,44.080175835000674,445.6995556650068,15.985226842201882,1.0337387341665076,7.746940564187151,Low,5,3,8,3
1639,2025-01-24,P001,Wireless Mouse,Electronics,S03,Mumbai,1,4313.646656116224,0,4313.646656116224,0,0,Friday,April,Q2,0,No_Holiday,0,Spring,Cloudy,0,3976.827532541357,108.3992863742778,Online,Retail,0.0,0.0,4313.646656116224,336.81912357486726,1.0846954314258697,0.0,High,1,3,4,4
1640,2025-01-24,P005,LED Desk Lamp,Home,S03,Mumbai,0,3532.12,5,0.0,1,0,Friday,January,Q1,0,No_Holiday,0,Winter,Stormy,0,3714.01,109.42,In-Store,Wholesale,4876.84,176.606,3355.514,-181.89000000000033,0.9510259800054388,1.3807118670939833,High,5,3,1,4
1641,2025-01-24,P005,LED Desk Lamp,Home,S04,Delhi,72,3152.08975977391,22,226950.4627037215,1,1,Friday,December,Q4,0,No_Holiday,1,Winter,Stormy,0,2931.141889335193,104.5739907857323,In-Store,Corporate,4537.375029490194,693.4597471502602,2458.6300126236497,220.94787043871702,1.0753794523706357,1.4394815424975862,Medium,5,4,12,4
1642,2025-01-25,P008,Coffee Maker,Appliances,S01,Chennai,5,2311.57941893799,10,11557.89709468995,1,0,Saturday,September,Q3,0,No_Holiday,0,Autumn,Stormy,0,2325.414225300125,107.9330178160936,Online,Retail,4156.121249639173,231.157941893799,2080.421477044191,-13.834806362135168,0.9940506056032449,1.7979573687105337,Medium,8,1,9,5
1643,2025-01-25,P001,Wireless Mouse,Electronics,S04,Delhi,60,758.09,0,45485.4,1,1,Saturday,January,Q1,0,No_Holiday,1,Winter,Rainy,0,744.81,100.3,Wholesale,Retail,7157.78,0.0,758.09,13.280000000000086,1.017830050616936,9.441860465116278,Low,1,4,1,5
1644,2025-01-26,P007,Yoga Mat,Sports,S03,Mumbai,63,4311.193408216055,14,271605.1847176115,1,1,Sunday,October,Q4,1,Republic Day,1,Autumn,Sunny,1,4395.564746024281,106.6962516112797,Online,Corporate,1783.863368190489,603.5670771502478,3707.6263310658073,-84.37133780822569,0.9808053475074987,0.41377484127501496,High,7,3,10,6
1645,2025-01-26,P008,Coffee Maker,Appliances,S03,Mumbai,42,3899.48931576499,10,163778.5512621296,1,1,Sunday,May,Q2,1,Republic Day,0,Spring,Cloudy,0,4113.300325957736,99.53183235899299,Online,Corporate,4206.201759375737,389.94893157649904,3509.540384188491,-213.81101019274638,0.9480195966135873,1.0786545157004943,High,8,3,5,6
1646,2025-01-26,P005,LED Desk Lamp,Home,S02,Bengaluru,83,1578.99,5,124503.36,1,1,Sunday,January,Q1,1,Republic Day,1,Winter,Sunny,1,1715.22,102.15,In-Store,Retail,8996.0,78.9495,1500.0405,-136.23000000000002,0.9205757861965229,5.697312839220007,Low,5,2,1,6
1647,2025-01-26,P003,Office Chair,Furniture,S02,Bengaluru,75,1042.864768455232,7,78214.85763414243,1,1,Sunday,March,Q1,1,Republic Day,1,Spring,Clear,0,1046.998199051829,103.5090849796772,Online,Corporate,6094.776509123545,73.00053379186623,969.8642346633658,-4.133430596597009,0.9960521129832504,5.844263507100328,Low,3,2,3,6
1648,2025-01-26,P002,Bluetooth Speaker,Electronics,S04,Delhi,3,2617.68979600498,24,7853.069388014939,1,0,Sunday,June,Q2,1,Republic Day,1,Summer,Cloudy,1,2710.357314147245,97.13540040192953,Online,Corporate,4500.330563263502,628.2455510411952,1989.444244963785,-92.66751814226473,0.9658098518381438,1.719199337573053,Medium,2,4,6,6
1649,2025-01-27,P005,LED Desk Lamp,Home,S02,Bengaluru,29,4746.17,15,116993.09,1,1,Monday,January,Q1,0,No_Holiday,0,Winter,Stormy,0,4494.49,98.63,In-Store,Retail,2677.47,711.9255,4034.2445,251.6800000000003,1.055997454661152,0.5641327638917274,High,5,2,1,0
1650,2025-01-27,P004,Notebook Pack,Stationery,S02,Bengaluru,35,2254.01026408589,0,78890.35924300613,0,1,Monday,March,Q1,0,No_Holiday,0,Spring,Clear,0,2123.326669325118,97.11785213543469,Wholesale,Wholesale,392.3974902277634,0.0,2254.01026408589,130.68359476077194,1.0615466271152278,0.1740885995418923,Medium,4,2,3,0
1651,2025-01-27,P001,Wireless Mouse,Electronics,S02,Bengaluru,85,2009.210456663109,15,170782.8888163642,1,1,Monday,November,Q4,0,No_Holiday,1,Autumn,Cloudy,0,1931.885943393334,98.68961676985144,In-Store,Wholesale,2584.132111797923,301.3815684994663,1707.8288881636427,77.32451326977503,1.0400254029148095,1.2861430733790038,Medium,1,2,11,0
1652,2025-01-27,P005,LED Desk Lamp,Home,S02,Bengaluru,72,2424.696160604045,9,174578.1235634912,1,1,Monday,September,Q3,0,No_Holiday,0,Autumn,Rainy,1,2551.466491069982,99.01239064953384,Online,Corporate,453.7480547410051,218.22265445436406,2206.473506149681,-126.77033046593715,0.9503147186492052,0.18713604702865802,Medium,5,2,9,0
1653,2025-01-27,P007,Yoga Mat,Sports,S03,Mumbai,48,3223.998883958526,11,154751.9464300093,1,1,Monday,September,Q3,0,No_Holiday,1,Autumn,Stormy,0,2939.11598367867,102.6732022484512,Wholesale,Retail,3403.57145050676,354.6398772354379,2869.3590067230884,284.88290027985613,1.0969280905761636,1.0556987061756513,Medium,7,3,9,0
1654,2025-01-27,P007,Yoga Mat,Sports,S02,Bengaluru,28,4301.262933243578,11,120435.3621308202,1,1,Monday,January,Q1,0,No_Holiday,0,Winter,Rainy,0,4553.14679765882,109.4856945224526,Online,Retail,4970.702219149302,473.13892265679357,3828.1240105867846,-251.883864415242,0.9446791690211355,1.1556378431859549,High,7,2,1,0
1655,2025-01-28,P007,Yoga Mat,Sports,S03,Mumbai,65,1693.595218086067,14,110083.6891755943,1,1,Tuesday,November,Q4,0,No_Holiday,1,Autumn,Rainy,0,1638.423982552573,100.3531498415764,In-Store,Retail,4953.857925922616,237.10333053204937,1456.4918875540177,55.17123553349393,1.0336733569094492,2.9250542709496865,Medium,7,3,11,1
1656,2025-01-28,P003,Office Chair,Furniture,S03,Mumbai,4,2128.978237456914,8,8515.912949827658,1,0,Tuesday,October,Q4,0,No_Holiday,0,Autumn,Stormy,0,2095.196936913248,108.4007631649517,Wholesale,Retail,689.8662139488029,170.3182589965531,1958.659978460361,33.78130054366602,1.0161232101615394,0.3240362920632082,Medium,3,3,10,1
1657,2025-01-28,P005,LED Desk Lamp,Home,S03,Mumbai,1,850.5171505702556,11,850.5171505702556,1,0,Tuesday,June,Q2,0,No_Holiday,0,Summer,Rainy,0,774.3264555318547,108.5952699134444,Online,Wholesale,2567.81655540842,93.55688656272811,756.9602640075275,76.19069503840092,1.098396089264532,3.0191237809687292,Low,5,3,6,1
1658,2025-01-28,P004,Notebook Pack,Stationery,S03,Mumbai,67,948.78,0,63568.26,0,1,Tuesday,January,Q1,0,No_Holiday,0,Winter,Stormy,1,855.16,107.86,Online,Corporate,185.6,0.0,948.78,93.62,1.1094765891762945,0.19561963785071354,Low,4,3,1,1
1659,2025-01-28,P001,Wireless Mouse,Electronics,S02,Bengaluru,96,1133.541019665543,15,108819.9378878921,1,1,Tuesday,October,Q4,0,No_Holiday,1,Autumn,Sunny,0,1015.084934160784,95.52523893700697,In-Store,Wholesale,2630.427746965316,170.03115294983144,963.5098667157115,118.45608550475902,1.1166957379804794,2.320540413915887,Low,1,2,10,1
1660,2025-01-29,P007,Yoga Mat,Sports,S03,Mumbai,46,4843.540601120206,7,222802.8676515295,1,1,Wednesday,August,Q3,0,No_Holiday,0,Summer,Sunny,0,4607.321709997703,102.6816218998251,Wholesale,Wholesale,6047.339011890201,339.0478420784144,4504.492759041791,236.218891122503,1.0512703270991295,1.2485368679456474,High,7,3,8,2
1661,2025-01-29,P006,Running Shoes,Apparel,S04,Delhi,44,4510.98,10,178634.81,1,1,Wednesday,January,Q1,0,No_Holiday,0,Winter,Stormy,0,4948.0,108.74,In-Store,Corporate,2609.88,451.09799999999996,4059.8819999999996,-437.02000000000044,0.9116774454324978,0.5785616429245974,High,6,4,1,2
1662,2025-01-29,P007,Yoga Mat,Sports,S04,Delhi,29,1326.954916743187,0,38481.69258555242,0,1,Wednesday,July,Q3,0,No_Holiday,0,Summer,Clear,0,1264.187035601706,108.8517177963688,Wholesale,Corporate,138.5251116149273,0.0,1326.954916743187,62.767881141480984,1.0496507869277474,0.10439323135025307,Low,7,4,7,2
1663,2025-01-29,P006,Running Shoes,Apparel,S02,Bengaluru,53,4440.412408319597,11,235341.8576409386,1,1,Wednesday,December,Q4,0,No_Holiday,1,Winter,Cloudy,0,4255.144797417021,108.8920851576324,Wholesale,Wholesale,4597.631609709796,488.44536491515566,3951.967043404441,185.26761090257514,1.0435396724959953,1.0354064413241508,High,6,2,12,2
1664,2025-01-30,P003,Office Chair,Furniture,S01,Chennai,11,1005.65364986393,0,11062.19014850323,1,0,Thursday,January,Q1,0,No_Holiday,0,Winter,Clear,0,1072.679288519155,105.6871009187928,In-Store,Retail,2537.478393264211,0.0,1005.65364986393,-67.02563865522507,0.9375156774512216,2.5232130302590203,Low,3,1,1,3
1665,2025-01-30,P006,Running Shoes,Apparel,S04,Delhi,32,4462.737928774942,8,142807.6137207981,1,1,Thursday,April,Q2,0,No_Holiday,0,Spring,Sunny,1,4676.740809782615,100.3120510936943,In-Store,Corporate,6738.422922948414,357.01903430199536,4105.718894472946,-214.00288100767284,0.9542410217474463,1.5099302335232951,High,6,4,4,3
1666,2025-01-30,P006,Running Shoes,Apparel,S04,Delhi,43,4519.635509839153,10,194344.3269230836,1,1,Thursday,January,Q1,0,No_Holiday,0,Winter,Stormy,0,4939.70963242512,108.9197992599328,In-Store,Corporate,2548.304770398676,451.96355098391535,4067.671958855238,-420.0741225859665,0.9149597539441334,0.5638297081370984,High,6,4,1,3
1667,2025-01-30,P008,Coffee Maker,Appliances,S02,Bengaluru,1,4765.668510084059,16,4765.668510084059,1,0,Thursday,November,Q4,0,No_Holiday,0,Autumn,Sunny,0,5139.305721728379,104.9064768788499,In-Store,Corporate,3283.301442201001,762.5069616134493,4003.1615484706094,-373.6372116443199,0.9272981153729334,0.6889487666323415,High,8,2,11,3
1668,2025-01-30,P003,Office Chair,Furniture,S01,Chennai,42,2723.53,5,108668.85,1,1,Thursday,January,Q1,0,No_Holiday,0,Winter,Clear,0,2724.88,100.91,Wholesale,Retail,4843.36,136.1765,2587.3535,-1.349999999999909,0.9995045653386572,1.7783391407474856,Medium,3,1,1,3
1669,2025-01-31,P002,Bluetooth Speaker,Electronics,S04,Delhi,31,1715.13,0,53169.03,0,1,Friday,January,Q1,0,No_Holiday,0,Winter,Stormy,1,1578.18,100.42,In-Store,Retail,274.28,0.0,1715.13,136.95000000000005,1.0867771737064214,0.15991790709742115,Medium,2,4,1,4
1670,2025-01-31,P001,Wireless Mouse,Electronics,S02,Bengaluru,82,2210.449998338426,18,181256.8998637509,1,1,Friday,June,Q2,0,No_Holiday,1,Summer,Sunny,0,2338.465220619691,98.19431835259391,Wholesale,Corporate,9156.635245143249,397.88099970091673,1812.5689986375096,-128.01522228126487,0.945256734565699,4.14243038839431,Medium,1,2,6,4
1671,2025-02-01,P003,Office Chair,Furniture,S01,Chennai,56,4511.08776420671,17,252620.9147955758,1,1,Saturday,January,Q1,0,No_Holiday,1,Winter,Clear,0,4395.73382112156,96.05697177054192,Wholesale,Corporate,2480.261738818195,766.8849199151406,3744.2028442915694,115.3539430851497,1.0262422493670733,0.5498145610240323,High,3,1,1,5
1672,2025-02-01,P003,Office Chair,Furniture,S01,Chennai,44,384.914342848255,0,16936.23108532322,0,1,Saturday,March,Q1,0,No_Holiday,0,Spring,Cloudy,0,404.5838115739514,98.71915721945149,In-Store,Corporate,131.5674229811789,0.0,384.914342848255,-19.66946872569639,0.9513834509364665,0.34180961407573945,Low,3,1,3,5
1673,2025-02-01,P003,Office Chair,Furniture,S02,Bengaluru,81,1239.461009996621,2,100396.3418097263,1,1,Saturday,February,Q1,0,No_Holiday,0,Winter,Clear,1,1260.964863322004,109.5859383707274,Online,Corporate,2595.46176945715,24.78922019993242,1214.6717897966885,-21.503853325383034,0.9829465087007014,2.094024538508255,Low,3,2,2,5
1674,2025-02-01,P004,Notebook Pack,Stationery,S03,Mumbai,76,2462.46,10,168432.26,1,1,Saturday,February,Q1,0,No_Holiday,1,Winter,Cloudy,0,2461.85,98.16,Wholesale,Corporate,3968.24,246.24599999999998,2216.214,0.6100000000001273,1.0002477811401995,1.6114941968600505,Medium,4,3,2,5
1675,2025-02-02,P002,Bluetooth Speaker,Electronics,S03,Mumbai,4,372.1568485615622,21,1488.627394246249,1,0,Sunday,March,Q1,0,No_Holiday,0,Spring,Stormy,0,391.105342781904,108.8420986987548,In-Store,Corporate,8841.71735357955,78.15293819792807,294.00391036363413,-18.948494220341843,0.9515514309122893,23.758040159019007,Low,2,3,3,6
1676,2025-02-02,P008,Coffee Maker,Appliances,S03,Mumbai,91,1842.024146345482,15,167624.1973174388,1,1,Sunday,September,Q3,0,No_Holiday,0,Autumn,Rainy,0,1683.487941074793,109.4089709161871,In-Store,Wholesale,1339.649601489516,276.3036219518223,1565.7205243936596,158.53620527068892,1.0941712746510524,0.727270380329888,Medium,8,3,9,6
1677,2025-02-02,P007,Yoga Mat,Sports,S03,Mumbai,65,2363.5,10,138264.75,1,1,Sunday,February,Q1,0,No_Holiday,1,Winter,Clear,0,2512.02,105.81,Online,Wholesale,4606.08,236.35,2127.15,-148.51999999999998,0.940876266908703,1.9488385868415485,Medium,7,3,2,6
1678,2025-02-03,P007,Yoga Mat,Sports,S02,Bengaluru,88,900.05,15,67323.74,1,1,Monday,February,Q1,0,No_Holiday,0,Winter,Stormy,0,841.84,102.49,Wholesale,Wholesale,5572.83,135.0075,765.0425,58.20999999999992,1.0691461560391522,6.191689350591634,Low,7,2,2,0
1679,2025-02-03,P001,Wireless Mouse,Electronics,S01,Chennai,1,1107.572121759075,19,1107.572121759075,1,0,Monday,July,Q3,0,No_Holiday,1,Summer,Clear,0,1105.515863878311,107.6007911078256,In-Store,Corporate,9952.152260156692,210.43870313422423,897.1334186248507,2.056257880763951,1.0018599985291485,8.985556845138378,Low,1,1,7,0
1680,2025-02-04,P008,Coffee Maker,Appliances,S01,Chennai,46,3232.210781542615,10,148681.6959509603,1,1,Tuesday,May,Q2,0,No_Holiday,0,Spring,Rainy,0,3179.200543836486,104.5698233457518,Online,Wholesale,4074.47814081023,323.22107815426153,2908.9897033883535,53.010237706129374,1.0166740779561392,1.2605855299033535,Medium,8,1,5,1
1681,2025-02-04,P008,Coffee Maker,Appliances,S01,Chennai,45,1107.816583502431,3,49851.74625760937,0,1,Tuesday,September,Q3,0,No_Holiday,0,Autumn,Sunny,0,1063.152509820714,105.5203145811634,In-Store,Retail,589.1820705790417,33.23449750507293,1074.582085997358,44.66407368171713,1.0420109751603268,0.5318408113338635,Low,8,1,9,1
1682,2025-02-04,P006,Running Shoes,Apparel,S04,Delhi,0,1640.16,10,0.0,1,0,Tuesday,February,Q1,0,No_Holiday,0,Winter,Sunny,0,1508.61,97.45,Online,Corporate,5027.12,164.01600000000002,1476.144,131.55000000000018,1.087199475013423,3.0650180470198025,Low,6,4,2,1
1683,2025-02-04,P006,Running Shoes,Apparel,S04,Delhi,53,4050.140805744922,0,214657.4627044809,1,1,Tuesday,August,Q3,0,No_Holiday,1,Summer,Stormy,1,3755.919180505741,99.38115631477504,Wholesale,Retail,5357.229567904517,0.0,4050.140805744922,294.22162523918087,1.0783354516162842,1.3227267457727778,High,6,4,8,1
1684,2025-02-05,P002,Bluetooth Speaker,Electronics,S04,Delhi,19,3774.05,0,71706.95,0,1,Wednesday,February,Q1,0,No_Holiday,0,Winter,Clear,1,4100.01,98.87,Online,Corporate,60.62,0.0,3774.05,-325.96000000000004,0.9204977548835247,0.01606232031902068,High,2,4,2,2
1685,2025-02-05,P001,Wireless Mouse,Electronics,S01,Chennai,74,3516.096879059738,19,260191.1690504206,1,1,Wednesday,August,Q3,0,No_Holiday,0,Summer,Cloudy,1,3436.056412202016,104.4999521134966,Wholesale,Corporate,9297.805266350024,668.0584070213503,2848.0384720383877,80.0404668577221,1.0232942819487727,2.6443541193996936,High,1,1,8,2
1686,2025-02-06,P004,Notebook Pack,Stationery,S02,Bengaluru,1,4900.99,0,4900.99,0,1,Thursday,February,Q1,0,No_Holiday,0,Winter,Clear,0,5170.29,101.7,Online,Corporate,306.83,0.0,4900.99,-269.3000000000002,0.9479139467998894,0.06260571843647916,High,4,2,2,3
1687,2025-02-06,P005,LED Desk Lamp,Home,S02,Bengaluru,47,1741.107191041368,0,81832.03797894427,0,1,Thursday,December,Q4,0,No_Holiday,0,Winter,Clear,1,1566.178546510629,96.45837733315344,Wholesale,Wholesale,736.3226368343371,0.0,1741.107191041368,174.9286445307389,1.1116913808585054,0.42290482781472954,Medium,5,2,12,3
1688,2025-02-07,P007,Yoga Mat,Sports,S04,Delhi,64,2871.738564696924,14,183791.2681406031,1,1,Friday,September,Q3,0,No_Holiday,0,Autumn,Sunny,0,2633.099455189786,107.2476529131898,Online,Retail,1058.67763736977,402.0433990575694,2469.695165639355,238.63910950713807,1.0906304959490933,0.3686539054718932,Medium,7,4,9,4
1689,2025-02-07,P001,Wireless Mouse,Electronics,S02,Bengaluru,87,2016.187722777705,22,175408.3318816604,1,1,Friday,November,Q4,0,No_Holiday,1,Autumn,Cloudy,0,1931.555375423019,99.06779338734093,In-Store,Wholesale,1851.403676587414,443.5612990110951,1572.6264237666098,84.63234735468586,1.0438156464119757,0.9182694923053755,Medium,1,2,11,4
1690,2025-02-07,P008,Coffee Maker,Appliances,S02,Bengaluru,56,4367.64,15,207899.66,1,1,Friday,February,Q1,0,No_Holiday,0,Winter,Stormy,1,4430.22,107.73,Online,Retail,2039.0,655.1460000000001,3712.494,-62.57999999999993,0.9858742906672806,0.46684250533468874,High,8,2,2,4
1691,2025-02-08,P008,Coffee Maker,Appliances,S01,Chennai,2,2944.922851567942,0,5889.845703135884,0,0,Saturday,August,Q3,0,No_Holiday,0,Summer,Sunny,0,2969.971033888801,110.2795412919941,Online,Wholesale,0.0,0.0,2944.922851567942,-25.048182320858814,0.9915661863246992,0.0,Medium,8,1,8,5
1692,2025-02-08,P004,Notebook Pack,Stationery,S02,Bengaluru,34,1738.323754350314,1,59103.00764791067,1,1,Saturday,June,Q2,0,No_Holiday,1,Summer,Sunny,0,1695.900073594742,101.7794839400825,Wholesale,Wholesale,8640.553405009248,17.38323754350314,1720.9405168068108,42.42368075557192,1.0250154365909354,4.970623788224417,Medium,4,2,6,5
1693,2025-02-08,P004,Notebook Pack,Stationery,S02,Bengaluru,65,765.2668310055981,13,49742.34401536387,1,1,Saturday,June,Q2,0,No_Holiday,0,Summer,Clear,0,819.8679998322172,109.363591920064,Wholesale,Retail,4587.117829952046,99.48468803072775,665.7821429748703,-54.60116882661907,0.933402488159322,5.994141708617305,Low,4,2,6,5
1694,2025-02-08,P004,Notebook Pack,Stationery,S03,Mumbai,0,1721.02,0,0.0,0,0,Saturday,February,Q1,0,No_Holiday,1,Winter,Stormy,0,1854.47,106.71,In-Store,Wholesale,293.46,0.0,1721.02,-133.45000000000005,0.9280387388310406,0.1705151596146471,Medium,4,3,2,5
1695,2025-02-08,P005,LED Desk Lamp,Home,S03,Mumbai,3,3535.765256792199,6,10607.2957703766,1,0,Saturday,January,Q1,0,No_Holiday,0,Winter,Stormy,0,3717.344132073023,109.8721052824703,In-Store,Wholesale,5190.509449038348,212.14591540753193,3323.619341384667,-181.57887528082392,0.9511536008425553,1.4680017116711546,High,5,3,1,5
1696,2025-02-09,P008,Coffee Maker,Appliances,S04,Delhi,100,1003.13,20,80250.4,1,1,Sunday,February,Q1,0,No_Holiday,1,Winter,Rainy,0,1035.64,109.11,Wholesale,Wholesale,1260.62,200.62599999999998,802.504,-32.510000000000105,0.9686087829747788,1.2566865710326676,Low,8,4,2,6
1697,2025-02-10,P003,Office Chair,Furniture,S04,Delhi,0,694.44,0,0.0,1,0,Monday,February,Q1,0,No_Holiday,0,Winter,Sunny,0,732.07,102.86,Online,Retail,2993.3,0.0,694.44,-37.629999999999995,0.9485978116846749,4.310379586429353,Low,3,4,2,0
1698,2025-02-10,P003,Office Chair,Furniture,S02,Bengaluru,15,3613.743757290518,0,54206.15635935777,0,1,Monday,July,Q3,0,No_Holiday,0,Summer,Rainy,0,3418.867360729625,95.78973930605406,In-Store,Wholesale,0.0,0.0,3613.743757290518,194.87639656089277,1.0570002799170612,0.0,High,3,2,7,0
1699,2025-02-10,P004,Notebook Pack,Stationery,S02,Bengaluru,38,3477.160037675219,5,132132.0814316583,1,1,Monday,August,Q3,0,No_Holiday,0,Summer,Stormy,0,3434.503859888317,99.66809634592586,Wholesale,Retail,8044.011834963887,173.85800188376095,3303.302035791458,42.656177786901935,1.0124198951368448,2.3133855640254057,High,4,2,8,0
1700,2025-02-10,P008,Coffee Maker,Appliances,S02,Bengaluru,46,2760.648905206367,1,126989.8496394929,1,1,Monday,May,Q2,0,No_Holiday,0,Spring,Cloudy,1,3030.291255727881,102.2023295389124,In-Store,Corporate,5434.950758300874,27.606489052063672,2733.0424161543033,-269.6423505215139,0.9110176785773203,1.9687221899354836,Medium,8,2,5,0
1701,2025-02-10,P001,Wireless Mouse,Electronics,S03,Mumbai,52,334.673852976016,3,17403.04035475283,0,1,Monday,April,Q2,0,No_Holiday,0,Spring,Cloudy,0,321.9977152223432,97.3940103762157,Wholesale,Corporate,0.0,10.04021558928048,324.63363738673553,12.676137753672833,1.0393671667667574,0.0,Low,1,3,4,0
1702,2025-02-10,P004,Notebook Pack,Stationery,S02,Bengaluru,35,2992.760489786621,3,104746.6171425317,0,1,Monday,June,Q2,0,No_Holiday,0,Summer,Stormy,1,3237.627913314146,104.963906693812,In-Store,Corporate,0.0,89.78281469359862,2902.9776750930223,-244.86742352752526,0.9243682627887679,0.0,Medium,4,2,6,0
1703,2025-02-10,P007,Yoga Mat,Sports,S04,Delhi,94,336.4368143817031,7,31625.06055188009,1,1,Monday,August,Q3,0,No_Holiday,0,Summer,Stormy,1,343.3034543510687,95.35879965975882,Online,Retail,3511.499365527448,23.550577006719212,312.88623737498386,-6.866639969365622,0.979998337091174,10.43732200348173,Low,7,4,8,0
1704,2025-02-10,P006,Running Shoes,Apparel,S03,Mumbai,20,3570.142778506801,0,71402.85557013603,0,1,Monday,February,Q1,0,No_Holiday,0,Winter,Rainy,0,3730.179975380254,99.23030177701722,Wholesale,Wholesale,277.5412138631415,0.0,3570.142778506801,-160.037196873453,0.9570966554081244,0.0777395278233724,High,6,3,2,0
1705,2025-02-11,P003,Office Chair,Furniture,S01,Chennai,38,3343.2,5,120689.52,1,1,Tuesday,February,Q1,0,No_Holiday,0,Winter,Rainy,0,3502.06,101.65,Online,Retail,5504.05,167.16,3176.04,-158.86000000000013,0.9546381272736617,1.646341828188562,Medium,3,1,2,1
1706,2025-02-11,P003,Office Chair,Furniture,S01,Chennai,64,1956.796663668186,19,125234.9864747639,1,1,Tuesday,November,Q4,0,No_Holiday,0,Autumn,Stormy,0,2069.929964831786,104.6932401233899,Wholesale,Retail,6745.007581513438,371.7913660969553,1585.0052975712308,-113.13330116359998,0.9453443821357531,3.446963962453479,Medium,3,1,11,1
1707,2025-02-11,P005,LED Desk Lamp,Home,S01,Chennai,81,828.6229709718791,0,67118.4606487222,1,1,Tuesday,July,Q3,0,No_Holiday,0,Summer,Clear,1,842.5624399578429,96.3805286176042,Online,Corporate,5957.575997260494,0.0,828.6229709718791,-13.9394689859638,0.9834558623493099,7.189730680858322,Low,5,1,7,1
1708,2025-02-11,P001,Wireless Mouse,Electronics,S01,Chennai,77,601.8958804078603,0,46345.98279140524,1,1,Tuesday,October,Q4,0,No_Holiday,1,Autumn,Stormy,0,596.7795227752584,95.57451897973739,Wholesale,Retail,9570.578089904962,0.0,601.8958804078603,5.116357632601876,1.0085732794731441,15.90072037612168,Low,1,1,10,1
1709,2025-02-11,P002,Bluetooth Speaker,Electronics,S04,Delhi,34,1706.013764867267,0,58004.46800548709,0,1,Tuesday,January,Q1,0,No_Holiday,0,Winter,Stormy,1,1576.863773339498,100.3181062873674,In-Store,Retail,103.933107784894,0.0,1706.013764867267,129.14999152776886,1.08190307476863,0.0609216114929649,Medium,2,4,1,1
1710,2025-02-12,P003,Office Chair,Furniture,S03,Mumbai,1,1235.658723647432,10,1235.658723647432,1,0,Wednesday,October,Q4,0,No_Holiday,0,Autumn,Cloudy,1,1194.189842150486,104.20918776597,Online,Retail,9105.131470852864,123.56587236474319,1112.0928512826888,41.468881496946096,1.0347255352819527,7.368645805353301,Low,3,3,10,2
1711,2025-02-12,P003,Office Chair,Furniture,S01,Chennai,59,368.74,0,21755.66,0,1,Wednesday,February,Q1,0,No_Holiday,0,Winter,Stormy,1,400.81,103.23,Online,Wholesale,269.64,0.0,368.74,-32.06999999999999,0.9199870262717996,0.7312469490698053,Low,3,1,2,2
1712,2025-02-13,P003,Office Chair,Furniture,S01,Chennai,17,4761.052034590266,4,80937.88458803452,1,1,Thursday,October,Q4,0,No_Holiday,0,Autumn,Rainy,0,5052.162605197488,96.71905273056802,In-Store,Retail,10283.28422951742,190.44208138361063,4570.6099532066555,-291.11057060722214,0.9423790179857359,2.1598764631864382,High,3,1,10,3
1713,2025-02-13,P007,Yoga Mat,Sports,S03,Mumbai,38,4691.395279609161,18,178273.0206251481,1,1,Thursday,October,Q4,0,No_Holiday,0,Autumn,Rainy,0,4774.634250459766,106.8410744324034,Wholesale,Corporate,9526.025858095298,844.451150329649,3846.944129279512,-83.23897085060526,0.9825664194398577,2.030531492304547,High,7,3,10,3
1714,2025-02-13,P005,LED Desk Lamp,Home,S01,Chennai,45,4897.939918079182,14,220407.2963135632,1,1,Thursday,March,Q1,0,No_Holiday,0,Spring,Cloudy,0,4951.267763382038,105.1624498766452,Wholesale,Retail,9474.803999335923,685.7115885310855,4212.228329548096,-53.327845302856076,0.9892294564036203,1.9344467588021463,High,5,1,3,3
1715,2025-02-13,P008,Coffee Maker,Appliances,S04,Delhi,4,2712.61,15,9222.87,1,0,Thursday,February,Q1,0,No_Holiday,0,Winter,Cloudy,0,2702.66,98.41,Online,Corporate,3424.75,406.8915,2305.7185,9.950000000000273,1.0036815581686191,1.2625294458104923,Medium,8,4,2,3
1716,2025-02-13,P002,Bluetooth Speaker,Electronics,S04,Delhi,39,4719.173611614906,19,184047.7708529813,1,1,Thursday,August,Q3,0,No_Holiday,0,Summer,Rainy,0,4794.580264821447,102.2518694305351,Online,Wholesale,6514.170104382683,896.6429862068321,3822.530625408074,-75.4066532065408,0.9842725225063369,1.380362461840756,High,2,4,8,3
1717,2025-02-14,P007,Yoga Mat,Sports,S02,Bengaluru,25,4304.445489467196,16,107611.1372366799,1,1,Friday,January,Q1,0,No_Holiday,0,Winter,Rainy,0,4547.044251597389,109.6420767467753,Online,Retail,5346.359869566892,688.7112783147514,3615.734211152445,-242.59876213019288,0.9466469317854193,1.2420554244789992,High,7,2,1,4
1718,2025-02-14,P008,Coffee Maker,Appliances,S04,Delhi,4,1956.650739547248,20,7826.602958188992,1,0,Friday,May,Q2,0,No_Holiday,1,Spring,Cloudy,0,2052.711267618503,96.30526355846354,Wholesale,Retail,5410.758785725915,391.3301479094496,1565.3205916377983,-96.06052807125502,0.9532030979774853,2.765316607795788,Medium,8,4,5,4
1719,2025-02-14,P007,Yoga Mat,Sports,S04,Delhi,94,334.656041904525,12,31457.66793902535,1,1,Friday,August,Q3,0,No_Holiday,0,Summer,Stormy,1,326.5194452704732,95.22526591074103,Online,Retail,2886.403517907735,40.158725028543,294.497316875982,8.136596634051784,1.0249191793992907,8.6249855268748,Low,7,4,8,4
1720,2025-02-14,P007,Yoga Mat,Sports,S03,Mumbai,6,947.44,0,5684.64,0,0,Friday,February,Q1,0,No_Holiday,0,Winter,Rainy,0,907.03,103.03,Wholesale,Corporate,473.48,0.0,947.44,40.41000000000008,1.0445519993826005,0.4997466858059613,Low,7,3,2,4
1721,2025-02-15,P008,Coffee Maker,Appliances,S03,Mumbai,71,243.84,5,16447.01,1,1,Saturday,February,Q1,0,No_Holiday,1,Winter,Clear,0,258.31,103.22,Online,Corporate,8880.54,12.192,231.648,-14.469999999999999,0.9439820370872208,36.41953740157481,Low,8,3,2,5
1722,2025-02-16,P006,Running Shoes,Apparel,S02,Bengaluru,67,662.4200341937624,12,44382.14229098208,1,1,Sunday,June,Q2,0,No_Holiday,0,Summer,Rainy,0,721.8073913367355,96.56562815029243,Wholesale,Corporate,1389.192257776516,79.49040410325148,582.929630090511,-59.38735714297309,0.9177240939123774,2.0971471061670335,Low,6,2,6,6
1723,2025-02-16,P007,Yoga Mat,Sports,S04,Delhi,71,1399.5,15,84459.82,1,1,Sunday,February,Q1,0,No_Holiday,1,Winter,Stormy,0,1333.16,101.33,Online,Wholesale,7763.11,209.925,1189.575,66.33999999999992,1.0497614689909687,5.547059664165773,Low,7,4,2,6
1724,2025-02-16,P008,Coffee Maker,Appliances,S04,Delhi,1,2487.450540244382,11,2487.450540244382,1,0,Sunday,September,Q3,0,No_Holiday,0,Autumn,Stormy,0,2620.484411464904,107.5910533734241,Wholesale,Retail,5023.538129995376,273.619559426882,2213.8309808175,-133.0338712205221,0.9492330995603391,2.0195529714941927,Medium,8,4,9,6
1725,2025-02-17,P005,LED Desk Lamp,Home,S04,Delhi,64,675.8647242939741,0,43255.34235481434,1,1,Monday,October,Q4,0,No_Holiday,0,Autumn,Cloudy,0,739.7592280175821,108.375141413075,Online,Retail,3101.617667426701,0.0,675.8647242939741,-63.89450372360807,0.9136279733950281,4.5891101516900905,Low,5,4,10,0
1726,2025-02-17,P005,LED Desk Lamp,Home,S03,Mumbai,57,3312.59,10,169935.87,1,1,Monday,February,Q1,0,No_Holiday,0,Winter,Stormy,0,3546.78,97.74,In-Store,Retail,6550.48,331.259,2981.331,-234.19000000000005,0.9339710949086213,1.9774496692920038,Medium,5,3,2,0
1727,2025-02-17,P004,Notebook Pack,Stationery,S01,Chennai,1,826.2358832694056,0,826.2358832694056,0,0,Monday,March,Q1,0,No_Holiday,1,Spring,Clear,1,787.2651100865661,98.72803225325289,Wholesale,Retail,0.0,0.0,826.2358832694056,38.97077318283948,1.049501461049829,0.0,Low,4,1,3,0
1728,2025-02-18,P002,Bluetooth Speaker,Electronics,S04,Delhi,28,1719.519762371705,2,48146.55334640773,0,1,Tuesday,January,Q1,0,No_Holiday,0,Winter,Stormy,1,1571.72433759595,100.0394198732932,In-Store,Retail,703.1081986267823,34.3903952474341,1685.1293671242709,147.795424775755,1.0940339353666924,0.40889800397350295,Medium,2,4,1,1
1729,2025-02-18,P008,Coffee Maker,Appliances,S03,Mumbai,40,3562.27,5,135366.26,1,1,Tuesday,February,Q1,0,No_Holiday,0,Winter,Cloudy,0,3314.44,109.55,Online,Retail,9737.16,178.1135,3384.1565,247.82999999999993,1.074772812300117,2.7334143678047984,High,8,3,2,1
1730,2025-02-19,P002,Bluetooth Speaker,Electronics,S01,Chennai,36,4499.32722316898,8,161975.7800340833,1,1,Wednesday,December,Q4,0,No_Holiday,1,Winter,Stormy,0,4277.007153028479,98.15692242980201,Online,Corporate,2981.201213829407,359.9461778535184,4139.381045315461,222.32007014050123,1.051980289530982,0.6625882195182236,High,2,1,12,2
1731,2025-02-19,P005,LED Desk Lamp,Home,S03,Mumbai,59,800.19,5,44850.65,1,1,Wednesday,February,Q1,0,No_Holiday,0,Winter,Rainy,0,744.29,102.4,In-Store,Corporate,3459.98,40.0095,760.1805,55.90000000000009,1.0751051337516293,4.323948062335195,Low,5,3,2,2
1732,2025-02-19,P003,Office Chair,Furniture,S02,Bengaluru,5,702.5795804527685,15,3512.897902263842,1,0,Wednesday,December,Q4,0,No_Holiday,0,Winter,Clear,0,690.7906434197912,100.3097501788122,Wholesale,Wholesale,7871.771774609791,105.38693706791528,597.1926433848532,11.788937032977287,1.0170658609019596,11.204099853765928,Low,3,2,12,2
1733,2025-02-20,P005,LED Desk Lamp,Home,S01,Chennai,8,2652.201523668449,0,21217.61218934759,0,0,Thursday,September,Q3,0,No_Holiday,1,Autumn,Cloudy,0,2708.674748941119,105.9723137196908,Wholesale,Wholesale,643.5609016981691,0.0,2652.201523668449,-56.47322527266988,0.9791509758435388,0.24265158433662842,Medium,5,1,9,3
1734,2025-02-20,P008,Coffee Maker,Appliances,S03,Mumbai,83,2425.69,20,161065.82,1,1,Thursday,February,Q1,0,No_Holiday,0,Winter,Cloudy,0,2592.36,109.27,Online,Corporate,7868.7,485.13800000000003,1940.5520000000001,-166.67000000000007,0.9357072320202441,3.2439017351763826,Medium,8,3,2,3
1735,2025-02-21,P003,Office Chair,Furniture,S04,Delhi,2,697.804186133959,0,1395.608372267918,1,0,Friday,February,Q1,0,No_Holiday,0,Winter,Sunny,0,735.1218736011554,103.1550854212131,Online,Retail,3066.864064433174,0.0,697.804186133959,-37.31768746719638,0.949236053493569,4.395021017894011,Low,3,4,2,4
1736,2025-02-21,P002,Bluetooth Speaker,Electronics,S04,Delhi,85,1071.7,20,72875.6,1,1,Friday,February,Q1,0,No_Holiday,0,Winter,Stormy,0,990.67,106.52,Online,Corporate,7826.64,214.34,857.36,81.03000000000009,1.0817931299019856,7.303013903144537,Low,2,4,2,4
1737,2025-02-21,P002,Bluetooth Speaker,Electronics,S04,Delhi,49,4473.958280252155,5,219223.9557323556,1,1,Friday,November,Q4,0,No_Holiday,0,Autumn,Stormy,1,4287.484935427604,96.11174994808107,Online,Retail,9438.344219052384,223.69791401260775,4250.260366239548,186.47334482455153,1.0434924781388075,2.109618290522019,High,2,4,11,4
1738,2025-02-21,P002,Bluetooth Speaker,Electronics,S01,Chennai,46,1689.070270557588,6,77697.23244564903,1,1,Friday,March,Q1,0,No_Holiday,0,Spring,Clear,0,1770.770764427448,96.79824426128243,In-Store,Corporate,7310.069072070151,101.34421623345528,1587.7260543241327,-81.70049386986011,0.9538616203118325,4.327865571665639,Medium,2,1,3,4
1739,2025-02-21,P004,Notebook Pack,Stationery,S01,Chennai,5,2525.158255880384,0,12625.79127940192,0,0,Friday,March,Q1,0,No_Holiday,0,Spring,Stormy,0,2540.932482182889,106.0024271590332,In-Store,Retail,116.1956918534806,0.0,2525.158255880384,-15.774226302505213,0.9937919537755865,0.04601521175272619,Medium,4,1,3,4
1740,2025-02-21,P008,Coffee Maker,Appliances,S03,Mumbai,38,4525.197581503613,8,171957.5080971373,1,1,Friday,March,Q1,0,No_Holiday,1,Spring,Cloudy,0,4771.587133905659,101.0427877973996,Wholesale,Corporate,5822.937202974671,362.01580652028906,4163.181774983324,-246.38955240204632,0.9483631870303141,1.286780764396999,High,8,3,3,4
1741,2025-02-21,P001,Wireless Mouse,Electronics,S02,Bengaluru,79,2014.482785492213,16,159144.1400538848,1,1,Friday,November,Q4,0,No_Holiday,1,Autumn,Cloudy,0,1942.764840777879,98.5647719951491,In-Store,Wholesale,2123.220882998343,322.3172456787541,1692.165539813459,71.71794471433395,1.0369154018072606,1.0539781716127006,Medium,1,2,11,4
1742,2025-02-21,P007,Yoga Mat,Sports,S01,Chennai,58,1281.382235529393,19,74320.16966070482,1,1,Friday,March,Q1,0,No_Holiday,0,Spring,Stormy,0,1322.794313014221,97.58857326595792,Wholesale,Corporate,5334.2010274112,243.4626247505847,1037.9196107788084,-41.41207748482793,0.9686934869031428,4.162849210413329,Low,7,1,3,4
1743,2025-02-21,P003,Office Chair,Furniture,S03,Mumbai,36,4981.584690754037,16,179337.0488671453,1,1,Friday,May,Q2,0,No_Holiday,1,Spring,Rainy,0,4559.769940056705,95.1592472612819,Wholesale,Corporate,6483.707041408368,797.0535505206459,4184.531140233391,421.8147506973319,1.092507901986846,1.3015350423415089,High,3,3,5,4
1744,2025-02-21,P006,Running Shoes,Apparel,S03,Mumbai,88,868.1125570150365,20,76393.90501732321,1,1,Friday,September,Q3,0,No_Holiday,1,Autumn,Rainy,0,859.0789363215735,94.85099405754731,Wholesale,Retail,5029.334885079255,173.6225114030073,694.4900456120292,9.033620693463035,1.0105154722244074,5.793413359175892,Low,6,3,9,4
1745,2025-02-22,P008,Coffee Maker,Appliances,S02,Bengaluru,44,3740.57,0,164585.08,0,1,Saturday,February,Q1,0,No_Holiday,1,Winter,Sunny,1,3864.76,98.13,In-Store,Wholesale,480.61,0.0,3740.57,-124.19000000000005,0.9678660511907595,0.12848576553840724,High,8,2,2,5
1746,2025-02-23,P006,Running Shoes,Apparel,S02,Bengaluru,28,3219.99,0,90159.72,0,1,Sunday,February,Q1,0,No_Holiday,1,Winter,Stormy,0,3025.97,108.31,Wholesale,Retail,486.64,0.0,3219.99,194.01999999999998,1.064118282732479,0.15113090413324265,Medium,6,2,2,6
1747,2025-02-24,P004,Notebook Pack,Stationery,S04,Delhi,16,1757.66,0,28122.56,0,0,Monday,February,Q1,0,No_Holiday,0,Winter,Sunny,0,1859.3,95.13,Online,Wholesale,391.74,0.0,1757.66,-101.63999999999987,0.9453342655838219,0.22287586905317297,Medium,4,4,2,0
1748,2025-02-24,P005,LED Desk Lamp,Home,S02,Bengaluru,78,1569.628428000549,3,122431.0173840428,1,1,Monday,January,Q1,0,No_Holiday,1,Winter,Sunny,1,1716.933128556938,102.4167819965817,In-Store,Retail,9186.019525843203,47.08885284001647,1522.5395751605326,-147.30470055638898,0.9142047537517103,5.852352927593632,Low,5,2,1,0
1749,2025-02-25,P008,Coffee Maker,Appliances,S02,Bengaluru,44,1982.71,0,87239.24,0,1,Tuesday,February,Q1,0,No_Holiday,0,Winter,Stormy,0,2056.44,100.08,Wholesale,Retail,29.89,0.0,1982.71,-73.73000000000002,0.9641467779269028,0.015075326194955389,Medium,8,2,2,1
1750,2025-02-26,P003,Office Chair,Furniture,S01,Chennai,0,803.97,0,0.0,0,0,Wednesday,February,Q1,0,No_Holiday,0,Winter,Cloudy,0,841.47,95.32,In-Store,Corporate,362.2,0.0,803.97,-37.5,0.9554351313772327,0.4505143226737316,Low,3,1,2,2
1751,2025-02-27,P005,LED Desk Lamp,Home,S01,Chennai,8,2529.45,5,19223.82,1,0,Thursday,February,Q1,0,No_Holiday,0,Winter,Cloudy,1,2629.13,97.85,Online,Wholesale,3802.81,126.4725,2402.9775,-99.68000000000029,0.9620863175270906,1.5034137856055665,Medium,5,1,2,3
1752,2025-02-28,P008,Coffee Maker,Appliances,S03,Mumbai,5,4364.78,10,19641.51,1,0,Friday,February,Q1,0,No_Holiday,0,Winter,Rainy,0,4391.96,101.74,In-Store,Wholesale,3987.57,436.47799999999995,3928.3019999999997,-27.18000000000029,0.9938114190475322,0.9135786912513346,High,8,3,2,4
1753,2025-02-28,P004,Notebook Pack,Stationery,S02,Bengaluru,36,4583.424555367373,0,165003.2839932254,1,1,Friday,June,Q2,0,No_Holiday,1,Summer,Sunny,0,4801.760839387541,102.6082559935068,In-Store,Wholesale,4154.513575324229,0.0,4583.424555367373,-218.33628402016802,0.9545299544639511,0.906421285032199,High,4,2,6,4
1754,2025-03-01,P001,Wireless Mouse,Electronics,S04,Delhi,11,3721.56,0,40937.16,0,0,Saturday,March,Q1,0,No_Holiday,1,Spring,Rainy,0,3886.06,104.87,Wholesale,Corporate,94.93,0.0,3721.56,-164.5,0.9576692073719911,0.02550812025064758,High,1,4,3,5
1755,2025-03-01,P001,Wireless Mouse,Electronics,S03,Mumbai,1,2226.454105322171,0,2226.454105322171,0,0,Saturday,November,Q4,0,No_Holiday,0,Autumn,Clear,0,2178.214355775755,108.230336920093,Wholesale,Wholesale,260.0710985736347,0.0,2226.454105322171,48.23974954641608,1.0221464657133048,0.11680954839893366,Medium,1,3,11,5
1756,2025-03-01,P002,Bluetooth Speaker,Electronics,S02,Bengaluru,61,3890.16807277669,18,237300.2524393781,1,1,Saturday,September,Q3,0,No_Holiday,1,Autumn,Cloudy,0,3725.971295612922,109.585725352884,Online,Corporate,4434.459372156477,700.2302530998043,3189.9378196768857,164.19677716376827,1.0440681809216026,1.139914597312318,High,2,2,9,5
1757,2025-03-01,P005,LED Desk Lamp,Home,S03,Mumbai,31,3784.089054533694,1,117306.7606905445,1,1,Saturday,September,Q3,0,No_Holiday,0,Autumn,Stormy,0,3859.835487964958,109.9390141857059,In-Store,Wholesale,7112.367836445233,37.84089054533694,3746.2481639883567,-75.746433431264,0.9803757352696915,1.879545574627518,High,5,3,9,5
1758,2025-03-01,P006,Running Shoes,Apparel,S01,Chennai,79,584.7100626776447,19,46192.09495153393,1,1,Saturday,May,Q2,0,No_Holiday,0,Spring,Cloudy,0,587.0450037927641,101.2896540236515,Wholesale,Corporate,3608.730483489842,111.0949119087525,473.61515076889225,-2.3349411151193635,0.9960225517634358,6.171828935120215,Low,6,1,5,5
1759,2025-03-02,P008,Coffee Maker,Appliances,S02,Bengaluru,36,3142.59,0,113133.24,1,1,Sunday,March,Q1,0,No_Holiday,1,Spring,Sunny,0,3157.17,96.0,Online,Retail,8798.18,0.0,3142.59,-14.579999999999927,0.9953819401552657,2.799658880095717,Medium,8,2,3,6
1760,2025-03-03,P004,Notebook Pack,Stationery,S01,Chennai,5,2529.78,0,12648.9,0,0,Monday,March,Q1,0,No_Holiday,0,Spring,Stormy,0,2542.84,105.52,In-Store,Retail,183.18,0.0,2529.78,-13.059999999999945,0.9948640103191707,0.07240945852999074,Medium,4,1,3,0
1761,2025-03-03,P008,Coffee Maker,Appliances,S02,Bengaluru,1,4766.656688170314,22,4766.656688170314,1,0,Monday,November,Q4,0,No_Holiday,0,Autumn,Sunny,0,5142.128112199444,104.5680811479552,In-Store,Corporate,2766.829423185219,1048.664471397469,3717.9922167728446,-375.4714240291305,0.9269813167162555,0.5804549402628092,High,8,2,11,0
1762,2025-03-03,P005,LED Desk Lamp,Home,S02,Bengaluru,54,2008.15357286112,5,108440.2929345005,1,1,Monday,January,Q1,0,No_Holiday,1,Winter,Clear,0,2010.616944250704,100.4763499970693,Online,Wholesale,4668.624179795263,100.407678643056,1907.745894218064,-2.4633713895839264,0.998774818148913,2.3248342372260073,Medium,5,2,1,0
1763,2025-03-03,P004,Notebook Pack,Stationery,S03,Mumbai,64,952.8775637265279,4,60984.16407849779,0,1,Monday,January,Q1,0,No_Holiday,0,Winter,Stormy,1,861.4471571567506,107.383093939082,Online,Corporate,244.9230363075636,38.11510254906111,914.7624611774668,91.43040656977735,1.1061358271487574,0.2570351592178484,Low,4,3,1,0
1764,2025-03-04,P006,Running Shoes,Apparel,S04,Delhi,89,267.8090181507363,2,23835.00261541553,1,1,Tuesday,July,Q3,0,No_Holiday,0,Summer,Sunny,1,289.1015234075933,109.4122595564953,Wholesale,Wholesale,2578.285909723314,5.356180363014726,262.45283778772153,-21.292505256856998,0.9263493840991024,9.627330429448518,Low,6,4,7,1
1765,2025-03-04,P002,Bluetooth Speaker,Electronics,S04,Delhi,52,1851.25108120465,0,96265.05622264181,1,1,Tuesday,August,Q3,0,No_Holiday,1,Summer,Sunny,0,1754.71249575938,105.1748564221618,Wholesale,Retail,9579.602098447218,0.0,1851.25108120465,96.53858544526997,1.0550167538434787,5.174663877691598,Medium,2,4,8,1
1766,2025-03-04,P007,Yoga Mat,Sports,S01,Chennai,84,1188.252665953969,19,99813.22394013338,1,1,Tuesday,December,Q4,0,No_Holiday,0,Winter,Sunny,0,1066.526601293148,105.2789681985775,Online,Retail,1436.725855613767,225.76800653125412,962.4846594227149,121.72606466082107,1.1141331725933792,1.2091080430779555,Low,7,1,12,1
1767,2025-03-04,P002,Bluetooth Speaker,Electronics,S01,Chennai,27,4665.01,0,125955.27,1,1,Tuesday,March,Q1,0,No_Holiday,0,Spring,Stormy,0,4535.25,106.15,In-Store,Corporate,8045.37,0.0,4665.01,129.76000000000022,1.028611432666336,1.7246200972773904,High,2,1,3,1
1768,2025-03-04,P006,Running Shoes,Apparel,S04,Delhi,1,1929.985201917135,3,1929.985201917135,1,0,Tuesday,January,Q1,0,No_Holiday,0,Winter,Cloudy,0,2083.941494169959,100.8644514169542,In-Store,Wholesale,2956.185382289711,57.899556057514054,1872.085645859621,-153.9562922528237,0.9261225458183292,1.5317140148811548,Medium,6,4,1,1
1769,2025-03-05,P007,Yoga Mat,Sports,S01,Chennai,41,872.9897587779409,0,35792.58010989558,0,1,Wednesday,April,Q2,0,No_Holiday,0,Spring,Sunny,0,822.4703457964561,102.7616989716886,In-Store,Corporate,0.0,0.0,872.9897587779409,50.519412981484834,1.0614239932657552,0.0,Low,7,1,4,2
1770,2025-03-05,P008,Coffee Maker,Appliances,S04,Delhi,1,1968.21379953853,20,1968.21379953853,1,0,Wednesday,May,Q2,0,No_Holiday,1,Spring,Cloudy,0,2043.23309365655,96.2736869749179,Wholesale,Retail,5957.696417026335,393.6427599077061,1574.571039630824,-75.01929411801984,0.9632840255226259,3.026955922381595,Medium,8,4,5,2
1771,2025-03-05,P001,Wireless Mouse,Electronics,S03,Mumbai,46,2739.3,15,107106.63,1,1,Wednesday,March,Q1,0,No_Holiday,0,Spring,Cloudy,0,2982.88,109.41,Online,Retail,7389.13,410.895,2328.405,-243.57999999999993,0.9183406640562142,2.6974519037710363,Medium,1,3,3,2
1772,2025-03-05,P008,Coffee Maker,Appliances,S03,Mumbai,30,2377.851294698386,3,71335.53884095159,0,1,Wednesday,June,Q2,0,No_Holiday,1,Summer,Stormy,0,2179.700671968928,108.4572969235899,In-Store,Retail,313.8811730766436,71.33553884095157,2306.5157558574347,198.15062272945806,1.0909072632209027,0.13200201954448007,Medium,8,3,6,2
1773,2025-03-05,P001,Wireless Mouse,Electronics,S04,Delhi,69,1332.981181563508,10,91975.70152788206,1,1,Wednesday,April,Q2,0,No_Holiday,0,Spring,Stormy,0,1335.23215930552,103.5820108715422,Online,Retail,9238.840198010257,133.2981181563508,1199.6830634071573,-2.2509777420120827,0.9983141675203637,6.930960711068437,Low,1,4,4,2
1774,2025-03-06,P007,Yoga Mat,Sports,S02,Bengaluru,67,1126.97,15,64180.94,1,1,Thursday,March,Q1,0,No_Holiday,0,Spring,Clear,0,1140.14,103.37,Wholesale,Retail,7779.69,169.0455,957.9245000000001,-13.170000000000073,0.9884487869910712,6.90319174423454,Low,7,2,3,3
1775,2025-03-06,P003,Office Chair,Furniture,S02,Bengaluru,1,4629.969418209768,1,4629.969418209768,0,1,Thursday,June,Q2,0,No_Holiday,0,Summer,Sunny,0,5015.288816841602,104.5593362653195,Online,Wholesale,179.3319644892417,46.29969418209768,4583.669724027671,-385.3193986318338,0.9231710450377432,0.038732861557125034,High,3,2,6,3
1776,2025-03-07,P003,Office Chair,Furniture,S01,Chennai,85,1623.675804112199,18,138012.4433495369,1,1,Friday,September,Q3,0,No_Holiday,0,Autumn,Cloudy,1,1520.282852917878,104.8729903419078,In-Store,Wholesale,2290.988003637441,292.26164474019583,1331.4141593720033,103.39295119432109,1.068009022791962,1.4109885716318338,Low,3,1,9,4
1777,2025-03-07,P008,Coffee Maker,Appliances,S01,Chennai,42,3035.902216976636,1,127507.8931130187,1,1,Friday,May,Q2,0,No_Holiday,0,Spring,Clear,0,3237.424831743384,97.83303964354384,In-Store,Retail,6441.335674644352,30.35902216976636,3005.5431948068695,-201.52261476674812,0.937752187235116,2.1217204027931724,Medium,8,1,5,4
1778,2025-03-07,P003,Office Chair,Furniture,S01,Chennai,22,1093.570095611271,0,24058.54210344797,0,1,Friday,December,Q4,0,No_Holiday,0,Winter,Sunny,0,1055.382037384756,99.1711090994192,Online,Wholesale,841.9158577629304,0.0,1093.570095611271,38.18805822651507,1.036184108572802,0.7698782740509433,Low,3,1,12,4
1779,2025-03-07,P006,Running Shoes,Apparel,S04,Delhi,20,3572.24,5,67872.56,1,1,Friday,March,Q1,0,No_Holiday,0,Spring,Rainy,0,3607.94,102.57,Wholesale,Retail,5572.05,178.61199999999997,3393.6279999999997,-35.70000000000027,0.9901051569593728,1.5598196089848388,High,6,4,3,4
1780,2025-03-07,P001,Wireless Mouse,Electronics,S03,Mumbai,52,1289.484099634352,0,67053.17318098631,1,1,Friday,March,Q1,0,No_Holiday,0,Spring,Sunny,0,1282.851584233353,105.530899119285,Wholesale,Wholesale,3033.156202993267,0.0,1289.484099634352,6.632515400999182,1.005170134630159,2.3522245864476754,Low,1,3,3,4
1781,2025-03-08,P008,Coffee Maker,Appliances,S01,Chennai,57,1941.729551978934,11,110678.5844627992,1,1,Saturday,May,Q2,0,No_Holiday,0,Spring,Stormy,1,1798.584101970433,108.0734738854481,Online,Corporate,4566.657305590708,213.59025071768275,1728.1393012612514,143.14545000850103,1.0795878546083435,2.3518503392692107,Medium,8,1,5,5
1782,2025-03-08,P008,Coffee Maker,Appliances,S03,Mumbai,43,4531.93,10,175385.69,1,1,Saturday,March,Q1,0,No_Holiday,1,Spring,Cloudy,0,4771.38,101.46,Wholesale,Corporate,6279.93,453.19300000000004,4078.737,-239.44999999999982,0.9498153574018419,1.3857076344956785,High,8,3,3,5
1783,2025-03-09,P008,Coffee Maker,Appliances,S03,Mumbai,29,3925.959624179633,2,113852.8291012094,0,1,Sunday,March,Q1,0,No_Holiday,0,Spring,Rainy,1,3732.94196338188,106.2146410737261,Wholesale,Wholesale,444.7471780306793,78.51919248359266,3847.4404316960404,193.0176607977528,1.0517065796069562,0.11328368618248678,High,8,3,3,6
1784,2025-03-09,P004,Notebook Pack,Stationery,S04,Delhi,64,3875.4,15,210821.76,1,1,Sunday,March,Q1,0,No_Holiday,1,Spring,Cloudy,0,3834.71,100.96,Wholesale,Retail,9838.09,581.31,3294.09,40.690000000000055,1.0106109718857488,2.538599886463333,High,4,4,3,6
1785,2025-03-09,P001,Wireless Mouse,Electronics,S02,Bengaluru,18,3007.609153162346,0,54136.96475692223,0,1,Sunday,July,Q3,0,No_Holiday,0,Summer,Sunny,0,3031.220559929259,101.8736618553029,Wholesale,Retail,623.3254347273212,0.0,3007.609153162346,-23.61140676691275,0.9922105942803899,0.207249480562302,Medium,1,2,7,6
1786,2025-03-10,P004,Notebook Pack,Stationery,S02,Bengaluru,59,646.0558707890589,2,38117.29637655447,1,1,Monday,December,Q4,0,No_Holiday,0,Winter,Sunny,0,678.9331126974384,105.2971837172654,Online,Retail,9254.142039170192,12.921117415781177,633.1347533732777,-32.877241908379574,0.951575138561505,14.324058425268493,Low,4,2,12,0
1787,2025-03-10,P001,Wireless Mouse,Electronics,S02,Bengaluru,12,4968.38,0,59620.56,0,1,Monday,March,Q1,0,No_Holiday,0,Spring,Rainy,0,5321.85,95.33,Wholesale,Corporate,459.56,0.0,4968.38,-353.47000000000025,0.9335813673816435,0.09249695071633007,High,1,2,3,0
1788,2025-03-11,P003,Office Chair,Furniture,S01,Chennai,47,381.13,0,17913.11,0,1,Tuesday,March,Q1,0,No_Holiday,0,Spring,Cloudy,0,410.83,98.75,In-Store,Corporate,45.95,0.0,381.13,-29.69999999999999,0.9277073241973566,0.12056253771678956,Low,3,1,3,1
1789,2025-03-12,P005,LED Desk Lamp,Home,S04,Delhi,76,3138.924303407272,21,238558.2470589527,1,1,Wednesday,December,Q4,0,No_Holiday,1,Winter,Stormy,0,2946.648562276806,103.970949731826,In-Store,Corporate,3836.498776649913,659.1741037155272,2479.750199691745,192.27574113046603,1.0652523492594241,1.2222336080183362,Medium,5,4,12,2
1790,2025-03-12,P007,Yoga Mat,Sports,S02,Bengaluru,63,3724.48,15,199445.9,1,1,Wednesday,March,Q1,0,No_Holiday,0,Spring,Stormy,0,3715.75,108.49,Wholesale,Wholesale,8285.4,558.672,3165.808,8.730000000000018,1.0023494583865975,2.2245790016324425,High,7,2,3,2
1791,2025-03-12,P005,LED Desk Lamp,Home,S02,Bengaluru,76,2431.613691308296,12,184802.6405394305,1,1,Wednesday,September,Q3,0,No_Holiday,0,Autumn,Rainy,1,2543.955328448451,99.09083491171619,Online,Corporate,808.8962770758327,291.79364295699554,2139.8200483513006,-112.34163714015494,0.955839776003979,0.3326582178605095,Medium,5,2,9,2
1792,2025-03-12,P001,Wireless Mouse,Electronics,S01,Chennai,30,3786.256571796737,3,113587.6971539021,1,1,Wednesday,April,Q2,0,No_Holiday,0,Spring,Stormy,0,3515.356857205491,99.47878271553513,In-Store,Wholesale,6153.220959082981,113.5876971539021,3672.668874642835,270.8997145912458,1.0770617964534603,1.6251463265636592,High,1,1,4,2
1793,2025-03-12,P007,Yoga Mat,Sports,S03,Mumbai,18,2389.010900933705,4,43002.19621680668,0,1,Wednesday,March,Q1,0,No_Holiday,0,Spring,Stormy,0,2262.975537363059,103.6857042942213,Wholesale,Corporate,132.3092424568456,95.56043603734821,2293.450464896357,126.03536357064604,1.0556945320396653,0.055382435636913474,Medium,7,3,3,2
1794,2025-03-13,P002,Bluetooth Speaker,Electronics,S03,Mumbai,0,379.38,20,0.0,1,0,Thursday,March,Q1,0,No_Holiday,0,Spring,Stormy,0,400.63,108.83,In-Store,Corporate,8858.03,75.876,303.504,-21.25,0.946958540299029,23.348700511360644,Low,2,3,3,3
1795,2025-03-13,P001,Wireless Mouse,Electronics,S02,Bengaluru,38,4554.056198749304,0,173054.1355524735,1,1,Thursday,September,Q3,0,No_Holiday,0,Autumn,Cloudy,0,4148.570963975366,104.6546117844077,Wholesale,Corporate,1760.707869193275,0.0,4554.056198749304,405.4852347739379,1.0977409421931117,0.38662409780468326,High,1,2,9,3
1796,2025-03-13,P004,Notebook Pack,Stationery,S01,Chennai,86,1137.667268471868,18,97839.38508858062,1,1,Thursday,November,Q4,0,No_Holiday,0,Autumn,Sunny,0,1149.033560965648,102.4663398769386,Wholesale,Retail,6444.666080382524,204.78010832493626,932.8871601469318,-11.366292493779838,0.9901079543018503,5.66480750478046,Low,4,1,11,3
1797,2025-03-14,P002,Bluetooth Speaker,Electronics,S03,Mumbai,2,743.2760705791627,0,1486.552141158325,0,0,Friday,August,Q3,1,Holi,1,Summer,Cloudy,0,738.4899876103732,107.461362951001,Wholesale,Wholesale,440.099166015585,0.0,743.2760705791627,4.786082968789515,1.006480904344115,0.5921072713570055,Low,2,3,8,4
1798,2025-03-14,P006,Running Shoes,Apparel,S04,Delhi,53,4010.033386828825,7,212531.7695019277,1,1,Friday,January,Q1,1,Holi,1,Winter,Clear,0,3957.044318924878,98.36921148176953,Wholesale,Wholesale,2843.952893686036,280.70233707801776,3729.3310497508073,52.98906790394676,1.0133910726373527,0.7092092806576513,High,6,4,1,4
1799,2025-03-14,P007,Yoga Mat,Sports,S04,Delhi,0,4665.18,0,0.0,0,0,Friday,March,Q1,1,Holi,0,Spring,Sunny,0,4249.17,102.87,In-Store,Wholesale,282.46,0.0,4665.18,416.0100000000002,1.097903825923651,0.06054643122023158,High,7,4,3,4
1800,2025-03-15,P003,Office Chair,Furniture,S03,Mumbai,38,483.3829874839678,2,18368.55352439078,0,1,Saturday,October,Q4,0,No_Holiday,0,Autumn,Clear,0,532.2389018869367,101.0988306250747,Wholesale,Corporate,368.855377182548,9.667659749679355,473.71532773428845,-48.85591440296889,0.9082067954263379,0.7630706639107395,Low,3,3,10,5
1801,2025-03-15,P002,Bluetooth Speaker,Electronics,S04,Delhi,42,3185.009405846663,19,133770.3950455598,1,1,Saturday,September,Q3,0,No_Holiday,0,Autumn,Stormy,0,2874.997764453276,99.79405340382259,Online,Corporate,3586.755768504705,605.1517871108659,2579.857618735797,310.011641393387,1.1078302199836112,1.1261366330411973,Medium,2,4,9,5
1802,2025-03-15,P007,Yoga Mat,Sports,S01,Chennai,46,2552.848932141777,0,117431.0508785217,1,1,Saturday,April,Q2,0,No_Holiday,0,Spring,Sunny,0,2600.355385759729,96.31135970919676,In-Store,Wholesale,6990.877531659171,0.0,2552.848932141777,-47.50645361795205,0.9817307842312206,2.738461114420115,Medium,7,1,4,5
1803,2025-03-15,P006,Running Shoes,Apparel,S02,Bengaluru,100,935.35,15,79504.75,1,1,Saturday,March,Q1,0,No_Holiday,1,Spring,Stormy,1,949.43,96.35,In-Store,Corporate,7970.5,140.3025,795.0475,-14.079999999999927,0.98517004939806,8.521409098198536,Low,6,2,3,5
1804,2025-03-15,P002,Bluetooth Speaker,Electronics,S04,Delhi,24,2577.105923276955,0,61850.54215864693,0,1,Saturday,June,Q2,0,No_Holiday,0,Summer,Rainy,0,2508.159082864393,98.60521800484477,Online,Retail,0.0,0.0,2577.105923276955,68.94684041256187,1.0274890220814155,0.0,Medium,2,4,6,5
1805,2025-03-15,P007,Yoga Mat,Sports,S01,Chennai,74,1654.95756004005,16,122466.8594429637,1,1,Saturday,December,Q4,0,No_Holiday,0,Winter,Rainy,0,1795.679670159567,107.6499604002626,Online,Retail,2353.273636592771,264.793209606408,1390.164350433642,-140.72211011951686,0.9216329546644519,1.4219540690432093,Low,7,1,12,5
1806,2025-03-16,P003,Office Chair,Furniture,S02,Bengaluru,3,1813.61,5,5168.79,1,0,Sunday,March,Q1,0,No_Holiday,1,Spring,Sunny,1,1777.04,96.28,Wholesale,Corporate,7851.34,90.6805,1722.9295,36.569999999999936,1.0205791653536218,4.329122578724203,Medium,3,2,3,6
1807,2025-03-16,P008,Coffee Maker,Appliances,S03,Mumbai,16,4499.886695916988,4,71998.18713467181,0,1,Sunday,October,Q4,0,No_Holiday,0,Autumn,Cloudy,0,4810.299848125295,107.8430149041999,Wholesale,Retail,946.8893116042814,179.99546783667952,4319.891228080309,-310.4131522083071,0.9354690638818943,0.21042514525164593,High,8,3,10,6
1808,2025-03-17,P003,Office Chair,Furniture,S02,Bengaluru,40,2508.43,0,100337.2,1,1,Monday,March,Q1,0,No_Holiday,0,Spring,Clear,0,2539.12,109.96,Wholesale,Retail,2801.99,0.0,2508.43,-30.690000000000055,0.9879131352594599,1.1170293769409552,Medium,3,2,3,0
1809,2025-03-17,P003,Office Chair,Furniture,S04,Delhi,79,1284.916748850061,17,101508.4231591548,1,1,Monday,December,Q4,0,No_Holiday,0,Winter,Stormy,0,1295.099892736758,107.1796236063849,In-Store,Wholesale,8733.127267634864,218.43584730451036,1066.4809015455505,-10.183143886697053,0.9921371749439509,6.796648324065038,Low,3,4,12,0
1810,2025-03-18,P001,Wireless Mouse,Electronics,S02,Bengaluru,1,3093.719135118562,22,3093.719135118562,1,0,Tuesday,October,Q4,0,No_Holiday,0,Autumn,Rainy,1,2841.902340559376,102.2645179340903,In-Store,Wholesale,1259.556366516854,680.6182097260836,2413.1009253924785,251.81679455918584,1.08860853202634,0.4071333923687237,Medium,1,2,10,1
1811,2025-03-18,P005,LED Desk Lamp,Home,S04,Delhi,46,1752.38,10,72548.53,1,1,Tuesday,March,Q1,0,No_Holiday,0,Spring,Sunny,0,1725.58,100.22,In-Store,Corporate,6141.83,175.23800000000003,1577.142,26.800000000000182,1.0155310098633503,3.504850546114427,Medium,5,4,3,1
1812,2025-03-19,P007,Yoga Mat,Sports,S01,Chennai,1,1345.293568522676,0,1345.293568522676,0,0,Wednesday,July,Q3,0,No_Holiday,1,Summer,Sunny,0,1388.838151470814,105.1240246025401,Online,Retail,350.1467199541307,0.0,1345.293568522676,-43.544582948137986,0.9686467549137938,0.26027532439528545,Low,7,1,7,2
1813,2025-03-19,P001,Wireless Mouse,Electronics,S03,Mumbai,0,1012.43,0,0.0,1,0,Wednesday,March,Q1,0,No_Holiday,0,Spring,Rainy,0,920.27,107.27,Online,Wholesale,4051.3,0.0,1012.43,92.15999999999997,1.1001445228030904,4.001560601720613,Low,1,3,3,2
1814,2025-03-19,P007,Yoga Mat,Sports,S02,Bengaluru,63,3732.435144740086,19,235143.4141186254,1,1,Wednesday,March,Q1,0,No_Holiday,0,Spring,Stormy,0,3706.247625046458,108.1562237210477,Wholesale,Wholesale,8639.220659128347,709.1626775006163,3023.2724672394697,26.18751969362802,1.0070657771263463,2.3146338312945964,High,7,2,3,2
1815,2025-03-19,P007,Yoga Mat,Sports,S03,Mumbai,67,2361.876392385199,11,158245.7182898083,1,1,Wednesday,February,Q1,0,No_Holiday,1,Winter,Clear,0,2507.265765211022,105.8053787714868,Online,Wholesale,4879.806287989655,259.80640316237185,2102.069989222827,-145.3893728258231,0.9420127794814817,2.0660718332772965,Medium,7,3,2,2
1816,2025-03-19,P005,LED Desk Lamp,Home,S04,Delhi,44,2526.647811223365,0,111172.5036938281,1,1,Wednesday,August,Q3,0,No_Holiday,0,Summer,Sunny,0,2359.328957280736,97.043221045149,In-Store,Corporate,6322.842642275451,0.0,2526.647811223365,167.31885394262872,1.0709179842964642,2.502462992344796,Medium,5,4,8,2
1817,2025-03-19,P005,LED Desk Lamp,Home,S01,Chennai,34,3890.714753776954,0,132284.3016284164,0,1,Wednesday,December,Q4,0,No_Holiday,0,Winter,Stormy,1,4099.523410235717,94.7425312071175,Wholesale,Wholesale,601.6531477468611,0.0,3890.714753776954,-208.80865645876338,0.949065138660409,0.15463820552838003,High,5,1,12,2
1818,2025-03-20,P008,Coffee Maker,Appliances,S01,Chennai,48,640.9754812050445,0,30766.82309784213,0,1,Thursday,October,Q4,0,No_Holiday,0,Autumn,Clear,0,566.10894257973,109.1912455365082,Online,Retail,0.0,0.0,640.9754812050445,74.86653862531455,1.1322475816830442,0.0,Low,8,1,10,3
1819,2025-03-20,P003,Office Chair,Furniture,S02,Bengaluru,1,2290.583786339304,12,2290.583786339304,1,0,Thursday,September,Q3,0,No_Holiday,0,Autumn,Rainy,0,2193.237064362971,102.261123803016,In-Store,Corporate,886.0024876099914,274.87005436071644,2015.7137319785875,97.3467219763329,1.0443849520683746,0.3868020427342481,Medium,3,2,9,3
1820,2025-03-20,P002,Bluetooth Speaker,Electronics,S01,Chennai,2,3749.99,0,7499.98,0,1,Thursday,March,Q1,0,No_Holiday,0,Spring,Sunny,0,3895.34,96.67,In-Store,Corporate,11.37,0.0,3749.99,-145.35000000000036,0.962686184004477,0.0030320080853548943,High,2,1,3,3
1821,2025-03-20,P004,Notebook Pack,Stationery,S03,Mumbai,78,920.9835453744084,17,71836.71653920386,1,1,Thursday,September,Q3,0,No_Holiday,1,Autumn,Cloudy,0,906.0865850057186,105.5129194404991,In-Store,Retail,1226.07718487367,156.56720271364944,764.416342660759,14.89696036868986,1.0164409898736066,1.331269370697857,Low,4,3,9,3
1822,2025-03-20,P008,Coffee Maker,Appliances,S02,Bengaluru,78,646.4322020079479,18,50421.71175661994,1,1,Thursday,April,Q2,0,No_Holiday,0,Spring,Sunny,0,621.958832414916,104.9575568460035,In-Store,Corporate,2467.839633341908,116.35779636143063,530.0744056465173,24.473369593031975,1.0393488577017354,3.8176310302554604,Low,8,2,4,3
1823,2025-03-20,P003,Office Chair,Furniture,S04,Delhi,49,4137.009207900202,17,202713.4511871099,1,1,Thursday,December,Q4,0,No_Holiday,0,Winter,Rainy,0,4231.96063610378,98.11482386280011,Online,Wholesale,7601.474750775165,703.2915653430343,3433.717642557167,-94.95142820357887,0.9775632534495885,1.8374323983275356,High,3,4,12,3
1824,2025-03-21,P004,Notebook Pack,Stationery,S04,Delhi,4,2169.20241435742,24,8676.80965742968,1,0,Friday,December,Q4,0,No_Holiday,0,Winter,Sunny,0,1980.148988126077,96.28609966973553,In-Store,Corporate,4731.668679703533,520.6085794457808,1648.593834911639,189.05342623134288,1.0954743442867168,2.181294215968863,Medium,4,4,12,4
1825,2025-03-21,P002,Bluetooth Speaker,Electronics,S01,Chennai,1,1599.943827470688,4,1599.943827470688,1,0,Friday,June,Q2,0,No_Holiday,0,Summer,Stormy,0,1748.805238679406,108.2807980107797,In-Store,Wholesale,7778.648916286985,63.997753098827516,1535.9460743718603,-148.8614112087182,0.9148782220476824,4.861826260853208,Low,2,1,6,4
1826,2025-03-21,P004,Notebook Pack,Stationery,S02,Bengaluru,29,4332.439682749135,7,125640.7507997249,1,1,Friday,May,Q2,0,No_Holiday,0,Spring,Cloudy,0,4055.71839714217,108.6483246644964,In-Store,Corporate,5118.779159160682,303.2707777924394,4029.1689049566953,276.72128560696456,1.0682299061497844,1.181500386385663,High,4,2,5,4
1827,2025-03-21,P004,Notebook Pack,Stationery,S02,Bengaluru,74,1178.25,10,78471.45,1,1,Friday,March,Q1,0,No_Holiday,0,Spring,Clear,0,1207.24,109.88,Wholesale,Wholesale,6848.48,117.825,1060.425,-28.99000000000001,0.9759865478281038,5.812416719711436,Low,4,2,3,4
1828,2025-03-21,P001,Wireless Mouse,Electronics,S01,Chennai,70,602.1660716981164,0,42151.62501886815,1,1,Friday,October,Q4,0,No_Holiday,1,Autumn,Stormy,0,596.303109410118,95.15994992401176,Wholesale,Retail,9130.705512535598,0.0,602.1660716981164,5.862962287998357,1.0098321846649403,15.163101911050694,Low,1,1,10,4
1829,2025-03-21,P007,Yoga Mat,Sports,S02,Bengaluru,59,3725.855606542018,10,219825.4807859791,1,1,Friday,March,Q1,0,No_Holiday,0,Spring,Stormy,0,3721.722892539762,108.5916924192111,Wholesale,Wholesale,8524.090341381228,372.58556065420186,3353.270045887816,4.132714002255852,1.001110430336052,2.287820903852061,High,7,2,3,4
1830,2025-03-22,P002,Bluetooth Speaker,Electronics,S03,Mumbai,18,4235.835828543291,13,76245.04491377925,1,0,Saturday,December,Q4,0,No_Holiday,0,Winter,Sunny,0,4600.712017405817,96.85289913073207,Online,Corporate,723.6990195567162,550.6586577106278,3685.1771708326637,-364.87618886252585,0.9206913652751804,0.1708515270304036,High,2,3,12,5
1831,2025-03-22,P002,Bluetooth Speaker,Electronics,S04,Delhi,15,2578.760399215716,0,38681.40598823573,0,1,Saturday,June,Q2,0,No_Holiday,0,Summer,Rainy,0,2508.679221482306,98.29911012387724,Online,Retail,0.0,0.0,2578.760399215716,70.08117773341019,1.0279354877791036,0.0,Medium,2,4,6,5
1832,2025-03-22,P003,Office Chair,Furniture,S03,Mumbai,1,2134.821983971755,8,2134.821983971755,1,0,Saturday,October,Q4,0,No_Holiday,0,Autumn,Stormy,0,2085.800730482273,107.7222770499264,Wholesale,Retail,1159.784628457626,170.78575871774038,1964.0362252540144,49.02125348948175,1.023502366632189,0.5432699481105637,Medium,3,3,10,5
1833,2025-03-22,P007,Yoga Mat,Sports,S01,Chennai,49,1426.19,0,69883.31,0,1,Saturday,March,Q1,0,No_Holiday,1,Spring,Clear,0,1298.71,104.82,Online,Retail,194.32,0.0,1426.19,127.48000000000002,1.0981589423350864,0.13625113063476815,Low,7,1,3,5
1834,2025-03-22,P003,Office Chair,Furniture,S03,Mumbai,1,1220.09264393413,5,1220.09264393413,1,0,Saturday,October,Q4,0,No_Holiday,0,Autumn,Cloudy,1,1181.256608964586,104.580853237386,Online,Retail,9210.64777975099,61.004632196706496,1159.0880117374234,38.836034969544016,1.0328768826983201,7.549138031069265,Low,3,3,10,5
1835,2025-03-23,P008,Coffee Maker,Appliances,S03,Mumbai,53,4973.663290465247,23,263604.1543946581,1,1,Sunday,October,Q4,0,No_Holiday,1,Autumn,Sunny,1,4730.316620521711,97.45288453438278,Wholesale,Wholesale,6408.267621183618,1143.9425568070067,3829.7207336582405,243.34666994353574,1.0514440553276743,1.288440179187155,High,8,3,10,6
1836,2025-03-23,P001,Wireless Mouse,Electronics,S01,Chennai,22,3488.370237382021,3,76744.14522240446,0,1,Sunday,July,Q3,0,No_Holiday,0,Summer,Cloudy,0,3802.244675349989,103.6336837505436,Wholesale,Corporate,906.8910281957119,104.65110712146063,3383.7191302605606,-313.8744379679679,0.9174502261774944,0.25997556637689995,High,1,1,7,6
1837,2025-03-23,P005,LED Desk Lamp,Home,S03,Mumbai,9,4348.55,0,39136.95,0,1,Sunday,March,Q1,0,No_Holiday,1,Spring,Rainy,0,4355.98,105.65,In-Store,Corporate,433.39,0.0,4348.55,-7.4299999999993815,0.9982942988718958,0.09966310609283553,High,5,3,3,6
1838,2025-03-23,P001,Wireless Mouse,Electronics,S04,Delhi,70,4661.009568097345,17,326270.6697668141,1,1,Sunday,July,Q3,0,No_Holiday,1,Summer,Stormy,0,4347.284813132567,109.0980646265323,Wholesale,Wholesale,4032.732342325646,792.3716265765487,3868.6379415207966,313.7247549647782,1.072165677762142,0.8652057635598963,High,1,4,7,6
1839,2025-03-23,P006,Running Shoes,Apparel,S03,Mumbai,33,982.9142398915626,0,32436.16991642156,0,1,Sunday,October,Q4,0,No_Holiday,0,Autumn,Sunny,0,899.5128939417033,107.3850477285692,Online,Retail,604.4304833460519,0.0,982.9142398915626,83.40134594985932,1.092718344018829,0.6149371520070094,Low,6,3,10,6
1840,2025-03-24,P002,Bluetooth Speaker,Electronics,S02,Bengaluru,0,1154.6,5,0.0,1,0,Monday,March,Q1,0,No_Holiday,0,Spring,Sunny,0,1096.27,102.94,In-Store,Corporate,4237.3,57.73,1096.87,58.32999999999993,1.0532076951845804,3.6699289797332413,Low,2,2,3,0
1841,2025-03-24,P002,Bluetooth Speaker,Electronics,S01,Chennai,46,1687.071999730304,2,77605.31198759396,1,1,Monday,March,Q1,0,No_Holiday,0,Spring,Clear,0,1765.431942472316,95.90270990750481,In-Store,Corporate,8003.01527397349,33.74143999460608,1653.330559735698,-78.35994274201198,0.9556142942376603,4.743730721186088,Low,2,1,3,0
1842,2025-03-25,P001,Wireless Mouse,Electronics,S02,Bengaluru,15,2996.3548921735,0,44945.3233826025,0,1,Tuesday,July,Q3,0,No_Holiday,0,Summer,Sunny,0,3028.734428975833,101.3605408848862,Wholesale,Retail,70.3646879537564,0.0,2996.3548921735,-32.37953680233295,0.9893092188959988,0.023483429195102844,Medium,1,2,7,1
1843,2025-03-25,P002,Bluetooth Speaker,Electronics,S01,Chennai,1,4806.712445652919,7,4806.712445652919,1,0,Tuesday,April,Q2,0,No_Holiday,1,Spring,Sunny,0,4840.398844830525,103.2612439749371,In-Store,Retail,8961.665157444753,336.46987119570434,4470.242574457215,-33.68639917760629,0.9930405736681012,1.864406339836176,High,2,1,4,1
1844,2025-03-25,P003,Office Chair,Furniture,S01,Chennai,35,1864.54,0,65258.9,0,1,Tuesday,March,Q1,0,No_Holiday,0,Spring,Rainy,1,1780.96,95.93,In-Store,Corporate,445.2,0.0,1864.54,83.57999999999993,1.0469297457550983,0.23877202956225127,Medium,3,1,3,1
1845,2025-03-26,P001,Wireless Mouse,Electronics,S03,Mumbai,52,1282.8,0,66705.6,1,1,Wednesday,March,Q1,0,No_Holiday,0,Spring,Sunny,0,1288.12,105.17,Wholesale,Wholesale,2660.57,0.0,1282.8,-5.319999999999936,0.995869950004658,2.0740333645151234,Low,1,3,3,2
1846,2025-03-26,P003,Office Chair,Furniture,S04,Delhi,47,730.3240385157318,3,34325.22981023939,0,1,Wednesday,May,Q2,0,No_Holiday,1,Spring,Sunny,0,692.0268886242029,105.0405021257307,Wholesale,Corporate,0.0,21.909721155471953,708.4143173602598,38.297149891528875,1.0553405518211385,0.0,Low,3,4,5,2
1847,2025-03-26,P006,Running Shoes,Apparel,S04,Delhi,64,4412.09994528017,24,282374.3964979309,1,1,Wednesday,August,Q3,0,No_Holiday,0,Summer,Rainy,0,4413.114473276428,100.2913907029623,Wholesale,Wholesale,8021.705475010776,1058.9039868672407,3353.195958412929,-1.014527996258039,0.9997701106548671,1.8181150868062204,High,6,4,8,2
1848,2025-03-27,P008,Coffee Maker,Appliances,S04,Delhi,103,1012.106917915007,19,104247.0125452457,1,1,Thursday,January,Q1,0,No_Holiday,0,Winter,Clear,0,1074.396133312448,107.3993311463531,Online,Wholesale,6937.706951168459,192.30031440385133,819.8066035111557,-62.28921539744101,0.9420239765705425,6.854717449674682,Low,8,4,1,3
1849,2025-03-27,P004,Notebook Pack,Stationery,S02,Bengaluru,35,2247.03,0,78646.05,0,1,Thursday,March,Q1,0,No_Holiday,0,Spring,Clear,0,2115.24,97.08,Wholesale,Wholesale,400.05,0.0,2247.03,131.79000000000042,1.0623049866681797,0.17803500620819482,Medium,4,2,3,3
1850,2025-03-28,P001,Wireless Mouse,Electronics,S04,Delhi,64,1340.140934310326,9,85769.01979586088,1,1,Friday,April,Q2,0,No_Holiday,0,Spring,Stormy,0,1329.45911958273,103.5223952657316,Online,Retail,8387.943305131263,120.61268408792934,1219.5282502223965,10.68181472759602,1.008034707175463,6.259000893400763,Low,1,4,4,4
1851,2025-03-28,P003,Office Chair,Furniture,S03,Mumbai,37,3504.95,10,116714.83,1,1,Friday,March,Q1,0,No_Holiday,0,Spring,Stormy,0,3614.47,103.47,Online,Corporate,1144.23,350.495,3154.455,-109.51999999999998,0.9696995686781188,0.3264611478052469,High,3,3,3,4
1852,2025-03-28,P002,Bluetooth Speaker,Electronics,S01,Chennai,20,4656.245830756673,2,93124.91661513346,1,1,Friday,October,Q4,0,No_Holiday,0,Autumn,Sunny,0,4906.055644632122,103.9781164447976,Online,Wholesale,400.5672790753154,93.12491661513346,4563.120914141539,-249.80981387544853,0.9490813329545551,0.08602794904628572,High,2,1,10,4
1853,2025-03-28,P005,LED Desk Lamp,Home,S01,Chennai,4,1582.722380176209,1,6330.889520704836,0,0,Friday,May,Q2,0,No_Holiday,1,Spring,Sunny,0,1494.01498982544,103.9902748907594,In-Store,Corporate,0.0,15.827223801762091,1566.895156374447,88.70739035076917,1.0593751675551353,0.0,Low,5,1,5,4
1854,2025-03-28,P004,Notebook Pack,Stationery,S03,Mumbai,73,2472.385381441526,7,180484.1328452314,1,1,Friday,February,Q1,0,No_Holiday,1,Winter,Cloudy,0,2457.552534294977,98.15567867793514,Wholesale,Corporate,3555.592294259723,173.06697670090682,2299.3184047406194,14.832847146549284,1.0060356175257936,1.4381221960577328,Medium,4,3,2,4
1855,2025-03-28,P004,Notebook Pack,Stationery,S01,Chennai,1,1865.300096923146,4,1865.300096923146,0,0,Friday,April,Q2,0,No_Holiday,1,Spring,Stormy,1,1912.831090639209,95.96505804583646,In-Store,Wholesale,271.3426425204005,74.61200387692584,1790.68809304622,-47.530993716062994,0.9751514945837797,0.14546862618405812,Medium,4,1,4,4
1856,2025-03-28,P002,Bluetooth Speaker,Electronics,S02,Bengaluru,65,3883.530334496578,11,252429.4717422776,1,1,Friday,September,Q3,0,No_Holiday,1,Autumn,Cloudy,0,3726.004183826017,109.3430114738866,Online,Corporate,4542.966790477753,427.1883367946235,3456.3419977019544,157.52615067056058,1.0422775023587887,1.1698033488044477,High,2,2,9,4
1857,2025-03-28,P005,LED Desk Lamp,Home,S02,Bengaluru,89,1633.124458887929,17,145348.0768410257,1,1,Friday,December,Q4,0,No_Holiday,0,Winter,Sunny,1,1750.889952085145,97.24090366998904,Online,Retail,5492.318160637989,277.6311580109479,1355.493300876981,-117.76549319721607,0.932739637315887,3.363073849483564,Low,5,2,12,4
1858,2025-03-28,P002,Bluetooth Speaker,Electronics,S02,Bengaluru,1,3679.398172891455,2,3679.398172891455,1,0,Friday,December,Q4,0,No_Holiday,0,Winter,Sunny,0,3538.546621246887,104.8582803601718,Wholesale,Retail,9847.547705866404,73.5879634578291,3605.810209433626,140.8515516445682,1.0398049161762735,2.6764017491827228,High,2,2,12,4
1859,2025-03-28,P002,Bluetooth Speaker,Electronics,S02,Bengaluru,49,1730.620863801535,0,84800.4223262752,0,1,Friday,March,Q1,0,No_Holiday,1,Spring,Stormy,0,1661.186420664338,106.42428714807,Wholesale,Wholesale,340.8924774018008,0.0,1730.620863801535,69.43444313719715,1.0417981042184472,0.1969769835392981,Medium,2,2,3,4
1860,2025-03-29,P008,Coffee Maker,Appliances,S01,Chennai,49,3232.079363536075,10,158371.8888132677,1,1,Saturday,May,Q2,0,No_Holiday,0,Spring,Rainy,0,3188.355901727051,104.5045824764449,Online,Wholesale,4704.885706899287,323.2079363536075,2908.8714271824674,43.72346180902423,1.0137134821697102,1.4556838424140301,Medium,8,1,5,5
1861,2025-03-29,P002,Bluetooth Speaker,Electronics,S02,Bengaluru,47,1724.47,0,81050.09,0,1,Saturday,March,Q1,0,No_Holiday,1,Spring,Stormy,0,1656.65,106.18,Wholesale,Wholesale,136.9,0.0,1724.47,67.81999999999994,1.040938037606012,0.07938671011963096,Medium,2,2,3,5
1862,2025-03-30,P007,Yoga Mat,Sports,S01,Chennai,86,580.6155461104496,20,49932.93696549867,1,1,Sunday,July,Q3,0,No_Holiday,0,Summer,Stormy,0,528.7884459249885,95.43156984450827,Wholesale,Wholesale,5697.903848621023,116.12310922208991,464.4924368883597,51.82710018546106,1.0980110299021417,9.813557158073614,Low,7,1,7,6
1863,2025-03-30,P006,Running Shoes,Apparel,S04,Delhi,7,3564.852115756965,7,24953.96481029876,1,0,Sunday,June,Q2,0,No_Holiday,1,Summer,Rainy,0,3697.949046901648,103.8698460861879,Online,Wholesale,5168.720677142449,249.53964810298757,3315.3124676539774,-133.09693114468337,0.9640079056102194,1.4499116679472457,High,6,4,6,6
1864,2025-03-30,P004,Notebook Pack,Stationery,S01,Chennai,0,831.42,0,0.0,0,0,Sunday,March,Q1,0,No_Holiday,1,Spring,Clear,1,786.67,98.48,Wholesale,Retail,179.63,0.0,831.42,44.75,1.0568853521807111,0.2160520555194727,Low,4,1,3,6
1865,2025-03-31,P008,Coffee Maker,Appliances,S02,Bengaluru,48,2611.16,10,112802.11,1,1,Monday,March,Q1,0,No_Holiday,0,Spring,Cloudy,0,2795.05,102.37,Online,Retail,2335.97,261.116,2350.044,-183.89000000000033,0.9342086903633208,0.8946100583648646,Medium,8,2,3,0
1866,2025-04-01,P001,Wireless Mouse,Electronics,S04,Delhi,10,3869.79,0,38697.9,0,1,Tuesday,April,Q2,0,No_Holiday,0,Spring,Rainy,0,4069.3,95.99,In-Store,Wholesale,244.97,0.0,3869.79,-199.51000000000022,0.950971911630993,0.06330317665816491,High,1,4,4,1
1867,2025-04-01,P005,LED Desk Lamp,Home,S03,Mumbai,3,1009.689846707265,12,3029.069540121795,1,0,Tuesday,May,Q2,0,No_Holiday,1,Spring,Cloudy,1,946.753829575826,104.3308586299164,Wholesale,Retail,5675.389462929133,121.1627816048718,888.5270651023932,62.93601713143903,1.066475587597714,5.620923575132843,Low,5,3,5,1
1868,2025-04-01,P005,LED Desk Lamp,Home,S02,Bengaluru,96,317.1352111857578,9,30444.98027383275,1,1,Tuesday,September,Q3,0,No_Holiday,1,Autumn,Sunny,0,298.451225647495,110.2215452007482,Wholesale,Corporate,7587.1939146602,28.5421690067182,288.59304217903957,18.68398553826279,1.0626031456152594,23.924161200176858,Low,5,2,9,1
1869,2025-04-01,P003,Office Chair,Furniture,S01,Chennai,24,2087.812766614074,0,50107.50639873778,0,1,Tuesday,December,Q4,0,No_Holiday,0,Winter,Cloudy,1,1992.288021906312,108.7978936876585,Wholesale,Wholesale,16.4881994054187,0.0,2087.812766614074,95.52474470776201,1.0479472564495769,0.007897355389850673,Medium,3,1,12,1
1870,2025-04-01,P003,Office Chair,Furniture,S03,Mumbai,73,398.5963602433193,19,29097.53429776231,1,1,Tuesday,June,Q2,0,No_Holiday,0,Summer,Cloudy,0,423.3688689727185,106.4345814898657,Online,Retail,8804.830564478116,75.73330844623067,322.8630517970886,-24.772508729399192,0.9414871745541699,22.08959098147131,Low,3,3,6,1
1871,2025-04-01,P003,Office Chair,Furniture,S04,Delhi,106,1228.383362244564,19,130208.6363979238,1,1,Tuesday,August,Q3,0,No_Holiday,1,Summer,Cloudy,1,1302.601818155861,107.7861979189825,In-Store,Wholesale,7568.54443844812,233.39283882646717,994.9905234180969,-74.21845591129704,0.9430229139274727,6.161386315603049,Low,3,4,8,1
1872,2025-04-02,P008,Coffee Maker,Appliances,S02,Bengaluru,1,3756.950839752412,13,3756.950839752412,1,0,Wednesday,November,Q4,0,No_Holiday,0,Autumn,Rainy,0,3876.056971322629,98.41747708715775,Online,Wholesale,9103.159067273116,488.40360916781356,3268.5472305845983,-119.10613157021726,0.9692713155530388,2.4230178822017874,High,8,2,11,2
1873,2025-04-02,P001,Wireless Mouse,Electronics,S04,Delhi,62,1338.842314453064,12,83008.22349608995,1,1,Wednesday,April,Q2,0,No_Holiday,0,Spring,Stormy,0,1326.144577779815,104.2606538515208,Online,Retail,9277.71162020353,160.6610777343677,1178.1812367186965,12.697736673248983,1.0095749263587135,6.929652222706754,Low,1,4,4,2
1874,2025-04-02,P008,Coffee Maker,Appliances,S03,Mumbai,2,4845.228638344026,17,9690.457276688052,1,0,Wednesday,June,Q2,0,No_Holiday,0,Summer,Clear,0,5062.942427024381,104.0980933746057,Online,Wholesale,6728.253989416174,823.6888685184844,4021.5397698255415,-217.7137886803548,0.9569985651983187,1.3886349833257234,High,8,3,6,2
1875,2025-04-02,P006,Running Shoes,Apparel,S04,Delhi,32,4460.42,5,135596.77,1,1,Wednesday,April,Q2,0,No_Holiday,0,Spring,Sunny,1,4670.36,100.71,In-Store,Corporate,6309.3,223.021,4237.399,-209.9399999999996,0.9550484330972345,1.4145080508113586,High,6,4,4,2
1876,2025-04-03,P007,Yoga Mat,Sports,S03,Mumbai,63,1692.664215433907,11,106637.8455723361,1,1,Thursday,November,Q4,0,No_Holiday,1,Autumn,Rainy,0,1621.757807231048,100.2446156401798,In-Store,Retail,5332.734365433997,186.19306369772977,1506.4711517361773,70.90640820285898,1.043721946573467,3.150497491947612,Medium,7,3,11,3
1877,2025-04-03,P001,Wireless Mouse,Electronics,S01,Chennai,79,2367.73,20,149640.54,1,1,Thursday,April,Q2,0,No_Holiday,0,Spring,Rainy,1,2385.66,109.76,Online,Wholesale,4180.28,473.546,1894.184,-17.929999999999836,0.9924842601208891,1.7655222512702038,Medium,1,1,4,3
1878,2025-04-04,P001,Wireless Mouse,Electronics,S02,Bengaluru,47,1597.66,5,71335.52,1,1,Friday,April,Q2,0,No_Holiday,0,Spring,Cloudy,0,1491.09,99.42,Online,Wholesale,5411.21,79.883,1517.777,106.57000000000016,1.0714712056280977,3.3869596785298497,Low,1,2,4,4
1879,2025-04-04,P003,Office Chair,Furniture,S01,Chennai,37,2095.202123852697,0,77522.47858254978,0,1,Friday,August,Q3,0,No_Holiday,0,Summer,Sunny,0,1894.840514844206,101.8649587784927,Online,Wholesale,86.60968457943542,0.0,2095.202123852697,200.36160900849086,1.1057406190330297,0.041337150050313964,Medium,3,1,8,4
1880,2025-04-05,P003,Office Chair,Furniture,S04,Delhi,52,4185.484471037362,6,217645.1924939428,1,1,Saturday,April,Q2,0,No_Holiday,1,Spring,Clear,0,3918.871935761829,103.8636970981531,Wholesale,Wholesale,1983.618682212215,251.1290682622417,3934.35540277512,266.612535275533,1.0680329798079262,0.47392809504811756,High,3,4,4,5
1881,2025-04-05,P008,Coffee Maker,Appliances,S03,Mumbai,49,2493.613945138271,14,122187.0833117753,1,1,Saturday,June,Q2,0,No_Holiday,0,Summer,Cloudy,0,2535.34035879431,103.4204328772679,In-Store,Corporate,10033.35276793675,349.105952319358,2144.507992818913,-41.72641365603886,0.9835420859722827,4.023619128172785,Medium,8,3,6,5
1882,2025-04-05,P001,Wireless Mouse,Electronics,S04,Delhi,60,759.1628141539472,0,45549.76884923683,1,1,Saturday,January,Q1,0,No_Holiday,1,Winter,Rainy,0,742.7838500094525,99.87417426777178,Wholesale,Retail,6925.30968103792,0.0,759.1628141539472,16.378964144494716,1.0220507811852484,9.122298342228294,Low,1,4,1,5
1883,2025-04-05,P003,Office Chair,Furniture,S04,Delhi,56,4183.49,5,222561.67,1,1,Saturday,April,Q2,0,No_Holiday,1,Spring,Clear,0,3915.56,103.78,Wholesale,Wholesale,1785.41,209.17449999999997,3974.3154999999997,267.92999999999984,1.0684269938399615,0.42677525224154955,High,3,4,4,5
1884,2025-04-05,P006,Running Shoes,Apparel,S02,Bengaluru,26,3223.713304458849,3,83816.54591593007,0,1,Saturday,February,Q1,0,No_Holiday,1,Winter,Stormy,0,3033.510380614091,108.7932287307465,Wholesale,Retail,369.638744039705,96.71139913376548,3127.0019053250835,190.20292384475806,1.0627006009474258,0.11466241229592054,Medium,6,2,2,5
1885,2025-04-05,P002,Bluetooth Speaker,Electronics,S04,Delhi,42,3182.552212698939,13,133667.1929333554,1,1,Saturday,September,Q3,0,No_Holiday,0,Autumn,Stormy,0,2881.118720174009,99.45012845875175,Online,Corporate,3647.095951123931,413.7317876508621,2768.8204250480767,301.43349252493,1.104623766599498,1.1459657870093636,Medium,2,4,9,5
1886,2025-04-06,P003,Office Chair,Furniture,S04,Delhi,2,4843.481054689997,2,9686.962109379994,1,0,Sunday,August,Q3,0,No_Holiday,1,Summer,Rainy,0,4728.710401537436,107.2410797626214,In-Store,Corporate,2001.853732322556,96.86962109379994,4746.6114335961975,114.77065315256095,1.0242710260106531,0.4133088804763959,High,3,4,8,6
1887,2025-04-06,P006,Running Shoes,Apparel,S04,Delhi,29,1998.284493932603,0,57950.25032404548,0,1,Sunday,July,Q3,0,No_Holiday,0,Summer,Cloudy,0,2133.917490404025,96.62384446336678,Wholesale,Corporate,373.5736713640384,0.0,1998.284493932603,-135.63299647142208,0.9364394372878297,0.18694719020155598,Medium,6,4,7,6
1888,2025-04-06,P007,Yoga Mat,Sports,S03,Mumbai,0,2364.25,0,0.0,1,0,Sunday,April,Q2,0,No_Holiday,1,Spring,Rainy,0,2170.47,99.86,Wholesale,Wholesale,8066.62,0.0,2364.25,193.7800000000002,1.0892802019839023,3.4119149836100244,Medium,7,3,4,6
1889,2025-04-06,P002,Bluetooth Speaker,Electronics,S04,Delhi,86,1069.132831003849,17,91945.42346633102,1,1,Sunday,February,Q1,0,No_Holiday,0,Winter,Stormy,0,986.9261596038415,106.2568743006657,Online,Corporate,8134.369078725516,181.75258127065433,887.3802497331948,82.20667140000762,1.083295665638254,7.608380215101851,Low,2,4,2,6
1890,2025-04-06,P004,Notebook Pack,Stationery,S04,Delhi,66,3872.567781753319,14,255589.4735957191,1,1,Sunday,March,Q1,0,No_Holiday,1,Spring,Cloudy,0,3836.991576841052,100.5555878980057,Wholesale,Retail,9544.952234066985,542.1594894454647,3330.4082923078545,35.57620491226726,1.0092719007065314,2.4647605340933434,High,4,4,3,6
1891,2025-04-07,P001,Wireless Mouse,Electronics,S01,Chennai,24,2104.648382610911,0,50511.56118266187,0,1,Monday,September,Q3,0,No_Holiday,0,Autumn,Stormy,0,2258.311005418219,109.0739012294275,Wholesale,Wholesale,712.9550492039134,0.0,2104.648382610911,-153.6626228073078,0.931956837460104,0.3387525703079488,Medium,1,1,9,0
1892,2025-04-07,P004,Notebook Pack,Stationery,S03,Mumbai,69,2602.736831503205,5,179588.8413737212,1,1,Monday,September,Q3,0,No_Holiday,0,Autumn,Sunny,0,2478.237885665354,97.25115342332504,Online,Wholesale,8632.07208731771,130.13684157516025,2472.5999899280446,124.4989458378509,1.0502368826487476,3.3165366482066787,Medium,4,3,9,0
1893,2025-04-07,P002,Bluetooth Speaker,Electronics,S01,Chennai,71,747.99,5,50451.93,1,1,Monday,April,Q2,0,No_Holiday,0,Spring,Sunny,1,779.0,105.9,Wholesale,Wholesale,9522.66,37.399499999999996,710.5905,-31.00999999999999,0.9601925545571245,12.730999077527773,Low,2,1,4,0
1894,2025-04-08,P008,Coffee Maker,Appliances,S02,Bengaluru,81,649.1760915328089,20,52583.26341415752,1,1,Tuesday,April,Q2,0,No_Holiday,0,Spring,Sunny,0,630.6850472048732,105.0342350284435,In-Store,Corporate,2702.431167670919,129.83521830656176,519.3408732262471,18.491044327935697,1.0293189832387593,4.16286305506114,Low,8,2,4,1
1895,2025-04-08,P007,Yoga Mat,Sports,S03,Mumbai,70,4307.11410664418,8,301497.9874650926,1,1,Tuesday,October,Q4,0,No_Holiday,1,Autumn,Sunny,1,4385.257975841575,106.3503255206504,Online,Corporate,2225.581882572395,344.5691285315344,3962.5449781126454,-78.14386919739536,0.9821803256210032,0.5167222942014003,High,7,3,10,1
1896,2025-04-08,P007,Yoga Mat,Sports,S04,Delhi,2,410.75,0,821.5,0,0,Tuesday,April,Q2,0,No_Holiday,0,Spring,Rainy,0,441.05,97.68,Wholesale,Retail,209.79,0.0,410.75,-30.30000000000001,0.9313003060877452,0.5107486305538649,Low,7,4,4,1
1897,2025-04-08,P004,Notebook Pack,Stationery,S02,Bengaluru,76,1187.095309381674,14,90219.24351300723,1,1,Tuesday,March,Q1,0,No_Holiday,0,Spring,Clear,0,1208.321120691327,109.4932801595211,Wholesale,Wholesale,6787.328633108651,166.19334331343438,1020.9019660682396,-21.225811309652954,0.9824336337864318,5.717593675476645,Low,4,2,3,1
1898,2025-04-09,P005,LED Desk Lamp,Home,S04,Delhi,33,1586.15,0,52342.95,0,1,Wednesday,April,Q2,0,No_Holiday,0,Spring,Rainy,0,1625.03,98.8,In-Store,Corporate,427.71,0.0,1586.15,-38.87999999999988,0.9760742878593012,0.2696529332030388,Low,5,4,4,2
1899,2025-04-09,P006,Running Shoes,Apparel,S04,Delhi,75,2948.424104247999,11,221131.8078185999,1,1,Wednesday,April,Q2,0,No_Holiday,0,Spring,Cloudy,0,2890.475221010943,109.8178298055667,Online,Wholesale,4513.299446637101,324.3266514672799,2624.097452780719,57.948883237055725,1.0200482200351775,1.5307497453078334,Medium,6,4,4,2
1900,2025-04-09,P007,Yoga Mat,Sports,S02,Bengaluru,58,3725.502911733928,16,216079.1688805678,1,1,Wednesday,March,Q1,0,No_Holiday,0,Spring,Stormy,0,3706.35323311444,108.6791590034056,Wholesale,Wholesale,8600.835548679512,596.0804658774285,3129.4224458564995,19.149678619487986,1.0051667170976568,2.3086374517625865,High,7,2,3,2
1901,2025-04-10,P002,Bluetooth Speaker,Electronics,S02,Bengaluru,64,4620.578693787706,16,295717.0364024132,1,1,Thursday,July,Q3,0,No_Holiday,1,Summer,Cloudy,1,4324.311518399892,105.363541955751,Online,Retail,8847.87580771512,739.2925910060329,3881.2861027816725,296.26717538781395,1.0685119871977773,1.9148847783094676,High,2,2,7,3
1902,2025-04-10,P001,Wireless Mouse,Electronics,S04,Delhi,65,1341.82,10,78496.47,1,1,Thursday,April,Q2,0,No_Holiday,0,Spring,Stormy,0,1326.22,104.02,Online,Retail,8880.59,134.182,1207.638,15.599999999999909,1.0117627542941592,6.618316912849712,Low,1,4,4,3
1903,2025-04-11,P005,LED Desk Lamp,Home,S02,Bengaluru,51,434.81,0,22175.31,0,1,Friday,April,Q2,0,No_Holiday,0,Spring,Sunny,0,465.58,105.0,Wholesale,Corporate,165.56,0.0,434.81,-30.769999999999982,0.9339103913398342,0.38076401186725234,Low,5,2,4,4
1904,2025-04-11,P003,Office Chair,Furniture,S03,Mumbai,25,3490.09537019414,0,87252.3842548535,0,1,Friday,December,Q4,0,No_Holiday,0,Winter,Rainy,1,3146.771225022866,107.5394021921229,Online,Wholesale,307.6527995732278,0.0,3490.09537019414,343.3241451712738,1.1091036241977772,0.08815025577828675,High,3,3,12,4
1905,2025-04-11,P002,Bluetooth Speaker,Electronics,S04,Delhi,95,1626.777922608169,14,154543.902647776,1,1,Friday,October,Q4,0,No_Holiday,0,Autumn,Stormy,0,1792.982060373105,107.0692212763194,Wholesale,Wholesale,6886.66140881697,227.74890916514366,1399.0290134430254,-166.20413776493592,0.90730295554081,4.233313787401154,Low,2,4,10,4
1906,2025-04-12,P002,Bluetooth Speaker,Electronics,S01,Chennai,71,722.66,0,51308.86,0,1,Saturday,April,Q2,0,No_Holiday,1,Spring,Clear,1,733.11,103.43,In-Store,Wholesale,289.48,0.0,722.66,-10.450000000000045,0.9857456589052119,0.4005756510668918,Low,2,1,4,5
1907,2025-04-13,P007,Yoga Mat,Sports,S03,Mumbai,76,3138.828671550484,16,238550.9790378368,1,1,Sunday,November,Q4,0,No_Holiday,1,Autumn,Stormy,0,2882.137281961203,100.9000320512496,Online,Retail,2769.592304329816,502.21258744807744,2636.6160841024066,256.69138958928124,1.0890628601197687,0.882364918299833,Medium,7,3,11,6
1908,2025-04-13,P001,Wireless Mouse,Electronics,S01,Chennai,17,3888.86,0,66110.62,0,1,Sunday,April,Q2,0,No_Holiday,1,Spring,Sunny,0,4155.88,95.97,In-Store,Retail,61.01,0.0,3888.86,-267.02,0.935748866666025,0.015688402256702476,High,1,1,4,6
1909,2025-04-14,P005,LED Desk Lamp,Home,S03,Mumbai,80,504.0446848245793,10,40323.57478596635,1,1,Monday,August,Q3,0,No_Holiday,0,Summer,Rainy,0,477.7132328503058,106.4178187608091,Online,Wholesale,4206.514891052933,50.40446848245793,453.64021634212133,26.331451974273477,1.0551197876959892,8.345519787629366,Low,5,3,8,0
1910,2025-04-14,P001,Wireless Mouse,Electronics,S02,Bengaluru,17,3002.930486979002,4,51049.81827864303,0,1,Monday,July,Q3,0,No_Holiday,0,Summer,Sunny,0,3032.268065862525,101.8804786399452,Wholesale,Retail,680.5706156192643,120.11721947916008,2882.813267499842,-29.337578883522838,0.9903248729181278,0.22663548775780343,Medium,1,2,7,0
1911,2025-04-14,P005,LED Desk Lamp,Home,S03,Mumbai,5,4348.276426659098,0,21741.38213329549,0,1,Monday,March,Q1,0,No_Holiday,1,Spring,Rainy,0,4348.862927614879,105.9685304447073,In-Store,Corporate,648.0929307521947,0.0,4348.276426659098,-0.5865009557801386,0.9998651369414161,0.14904593617341447,High,5,3,3,0
1912,2025-04-14,P005,LED Desk Lamp,Home,S03,Mumbai,60,2729.85,10,147411.9,1,1,Monday,April,Q2,0,No_Holiday,0,Spring,Rainy,1,2488.63,103.57,Wholesale,Wholesale,9878.3,272.985,2456.865,241.2199999999998,1.0969288323294342,3.6186237339047933,Medium,5,3,4,0
1913,2025-04-14,P007,Yoga Mat,Sports,S02,Bengaluru,40,4986.916553100174,12,199476.662124007,1,1,Monday,October,Q4,0,No_Holiday,1,Autumn,Clear,0,4812.015769036161,105.5128260127757,Online,Retail,4311.739995350016,598.4299863720208,4388.486566728153,174.90078406401244,1.0363466772468712,0.8646104159632617,High,7,2,10,0
1914,2025-04-14,P004,Notebook Pack,Stationery,S01,Chennai,17,2195.592075477842,2,37325.06528312331,0,1,Monday,July,Q3,0,No_Holiday,0,Summer,Sunny,0,2142.975892764621,104.8930340170473,Online,Corporate,835.8368024887167,43.911841509556844,2151.6802339682854,52.61618271322095,1.0245528579630179,0.3806885677098318,Medium,4,1,7,0
1915,2025-04-14,P005,LED Desk Lamp,Home,S02,Bengaluru,7,3576.589051245184,16,25036.12335871629,1,0,Monday,June,Q2,0,No_Holiday,0,Summer,Clear,0,3908.221834657014,102.4105820446608,Online,Wholesale,4513.59637784837,572.2542481992294,3004.3348030459542,-331.63278341183013,0.9151448414542379,1.2619835024873682,High,5,2,6,0
1916,2025-04-14,P007,Yoga Mat,Sports,S02,Bengaluru,1,2551.511165561695,11,2551.511165561695,1,0,Monday,July,Q3,0,No_Holiday,0,Summer,Clear,0,2764.196407444916,100.1804831031478,Online,Wholesale,9093.038942736048,280.66622821178646,2270.844937349909,-212.6852418832209,0.9230571165962058,3.5637856755113537,Medium,7,2,7,0
1917,2025-04-15,P002,Bluetooth Speaker,Electronics,S01,Chennai,24,4653.015926058913,4,111672.3822254139,1,1,Tuesday,October,Q4,0,No_Holiday,0,Autumn,Sunny,0,4906.83617644107,104.331128311403,Online,Wholesale,619.5992923404606,186.1206370423565,4466.8952890165565,-253.8202503821576,0.9482721164401593,0.13316079338358486,High,2,1,10,1
1918,2025-04-15,P005,LED Desk Lamp,Home,S02,Bengaluru,27,4748.534129426711,10,128210.4214945212,1,1,Tuesday,January,Q1,0,No_Holiday,0,Winter,Stormy,0,4488.437942286443,98.67709020387319,In-Store,Retail,2823.786150498097,474.8534129426711,4273.68071648404,260.09618714026783,1.057948041275084,0.5946648109779958,High,5,2,1,1
1919,2025-04-15,P008,Coffee Maker,Appliances,S03,Mumbai,82,2249.86,20,147590.82,1,1,Tuesday,April,Q2,0,No_Holiday,0,Spring,Cloudy,1,2283.67,104.35,Online,Wholesale,5845.03,449.97200000000004,1799.8880000000001,-33.809999999999945,0.985194883674086,2.59795276150516,Medium,8,3,4,1
1920,2025-04-16,P005,LED Desk Lamp,Home,S01,Chennai,9,1577.315411914695,0,14195.83870723225,0,0,Wednesday,May,Q2,0,No_Holiday,1,Spring,Sunny,0,1493.00551829341,104.6756725689151,In-Store,Corporate,462.4092087720426,0.0,1577.315411914695,84.30989362128503,1.0564699142690752,0.2931621698989972,Low,5,1,5,2
1921,2025-04-16,P004,Notebook Pack,Stationery,S03,Mumbai,78,903.353663340854,12,70461.58574058661,1,1,Wednesday,September,Q3,0,No_Holiday,1,Autumn,Cloudy,0,921.4415537838984,104.9792157635017,In-Store,Retail,1183.259794196522,108.40243960090248,794.9512237399515,-18.08789044304433,0.9803700078764991,1.309852212056679,Low,4,3,9,2
1922,2025-04-16,P006,Running Shoes,Apparel,S01,Chennai,1,4606.461183086571,0,4606.461183086571,0,0,Wednesday,June,Q2,0,No_Holiday,1,Summer,Clear,0,4670.294504133854,97.2445496748222,In-Store,Wholesale,205.9634964203298,0.0,4606.461183086571,-63.83332104728379,0.9863320565778491,0.04471187061698487,High,6,1,6,2
1923,2025-04-16,P008,Coffee Maker,Appliances,S04,Delhi,21,4078.31,10,77080.06,1,1,Wednesday,April,Q2,0,No_Holiday,0,Spring,Cloudy,0,3671.77,95.36,Wholesale,Retail,7505.95,407.83099999999996,3670.479,406.53999999999996,1.1107204427292559,1.8404559731849712,High,8,4,4,2
1924,2025-04-17,P004,Notebook Pack,Stationery,S01,Chennai,6,3186.221802937191,0,19117.33081762314,0,0,Thursday,June,Q2,0,No_Holiday,0,Summer,Cloudy,0,2933.221344508518,100.3366876493621,Wholesale,Retail,416.2810444324145,0.0,3186.221802937191,253.00045842867303,1.086253449267418,0.13065036591258944,Medium,4,1,6,3
1925,2025-04-17,P005,LED Desk Lamp,Home,S02,Bengaluru,57,1057.723438480432,0,60290.23599338463,1,1,Thursday,June,Q2,0,No_Holiday,0,Summer,Cloudy,0,1122.05501981638,104.0191667871767,In-Store,Corporate,921.8328699665011,0.0,1057.723438480432,-64.33158133594816,0.9426662862339177,0.8715254256735043,Low,5,2,6,3
1926,2025-04-17,P001,Wireless Mouse,Electronics,S01,Chennai,3,2252.844150053319,2,6758.532450159955,1,0,Thursday,April,Q2,0,No_Holiday,0,Spring,Cloudy,0,2178.205963357553,97.60071012902951,Wholesale,Wholesale,1203.619842759939,45.05688300106638,2207.7872670522524,74.63818669576585,1.0342658995298664,0.5342668034677199,Medium,1,1,4,3
1927,2025-04-17,P004,Notebook Pack,Stationery,S04,Delhi,0,2187.4,0,0.0,0,0,Thursday,April,Q2,0,No_Holiday,0,Spring,Rainy,0,2248.92,105.35,In-Store,Retail,153.89,0.0,2187.4,-61.51999999999998,0.9726446472084378,0.07035293041967632,Medium,4,4,4,3
1928,2025-04-18,P005,LED Desk Lamp,Home,S01,Chennai,66,1555.913670669457,9,102690.3022641841,1,1,Friday,December,Q4,0,No_Holiday,1,Winter,Stormy,0,1545.471411177891,103.4222302888719,Online,Wholesale,4616.542317688142,140.03223036025113,1415.8814403092058,10.442259491565892,1.0067566824051486,2.967094129137512,Low,5,1,12,4
1929,2025-04-18,P006,Running Shoes,Apparel,S01,Chennai,1,4595.534291205474,0,4595.534291205474,0,0,Friday,November,Q4,0,No_Holiday,0,Autumn,Stormy,0,4956.436452608296,104.7318410317677,In-Store,Wholesale,0.0,0.0,4595.534291205474,-360.90216140282246,0.9271851531127975,0.0,High,6,1,11,4
1930,2025-04-18,P007,Yoga Mat,Sports,S03,Mumbai,91,2049.597549133956,17,186513.37697119,1,1,Friday,November,Q4,0,No_Holiday,1,Autumn,Sunny,0,1995.929556105019,98.38992202912351,Online,Retail,7498.749417219169,348.4315833527725,1701.1659657811833,53.66799302893696,1.026888721029648,3.6586448009696912,Medium,7,3,11,4
1931,2025-04-18,P006,Running Shoes,Apparel,S01,Chennai,65,746.42,0,48517.3,0,1,Friday,April,Q2,0,No_Holiday,0,Spring,Clear,1,815.11,107.48,Online,Corporate,416.91,0.0,746.42,-68.69000000000005,0.9157291653887205,0.5585461268454758,Low,6,1,4,4
1932,2025-04-18,P002,Bluetooth Speaker,Electronics,S02,Bengaluru,46,1720.347886459529,0,79136.00277713832,0,1,Friday,March,Q1,0,No_Holiday,1,Spring,Stormy,0,1659.007293689788,106.3752907986708,Wholesale,Wholesale,436.1070705282212,0.0,1720.347886459529,61.34059276974108,1.036974275521908,0.25349934973078514,Medium,2,2,3,4
1933,2025-04-18,P004,Notebook Pack,Stationery,S02,Bengaluru,47,3472.90868567152,6,163226.7082265614,1,1,Friday,August,Q3,0,No_Holiday,0,Summer,Stormy,0,3422.978006128842,99.1141853877258,Wholesale,Retail,8129.380241548437,208.3745211402912,3264.5341645312287,49.93067954267781,1.014586912172172,2.34079873020806,High,4,2,8,4
1934,2025-04-19,P002,Bluetooth Speaker,Electronics,S03,Mumbai,3,524.1783437224981,8,1572.535031167494,1,0,Saturday,May,Q2,0,No_Holiday,0,Spring,Clear,1,525.4040410121139,101.3559493710968,In-Store,Retail,6694.981749183577,41.934267497799844,482.24407622469823,-1.2256972896158231,0.9976671338742377,12.772335655148556,Low,2,3,5,5
1935,2025-04-19,P006,Running Shoes,Apparel,S04,Delhi,30,4455.173807242434,8,133655.214217273,1,1,Saturday,April,Q2,0,No_Holiday,0,Spring,Sunny,1,4673.550612829342,100.4862586728424,In-Store,Corporate,6022.300443011221,356.41390457939474,4098.75990266304,-218.37680558690772,0.9532738973688565,1.351754320610619,High,6,4,4,5
1936,2025-04-19,P008,Coffee Maker,Appliances,S04,Delhi,70,4026.82,15,239595.79,1,1,Saturday,April,Q2,0,No_Holiday,1,Spring,Stormy,0,4129.26,108.38,Wholesale,Corporate,4893.47,604.023,3422.797,-102.44000000000005,0.975191680833854,1.2152194535638543,High,8,4,4,5
1937,2025-04-19,P003,Office Chair,Furniture,S01,Chennai,8,1002.464291977868,0,8019.714335822943,1,0,Saturday,January,Q1,0,No_Holiday,0,Winter,Clear,0,1068.457971345261,105.7242361387283,In-Store,Retail,2765.194157240027,0.0,1002.464291977868,-65.99367936739304,0.938234651116597,2.758396662472917,Low,3,1,1,5
1938,2025-04-20,P007,Yoga Mat,Sports,S03,Mumbai,39,937.2477351523172,0,36552.66167094037,0,1,Sunday,July,Q3,0,No_Holiday,0,Summer,Clear,0,933.4772228968145,104.7251452503362,Wholesale,Corporate,47.17358811641779,0.0,937.2477351523172,3.7705122555026946,1.0040392118447217,0.05033203746152703,Low,7,3,7,6
1939,2025-04-20,P001,Wireless Mouse,Electronics,S02,Bengaluru,49,4705.970026437041,12,230592.531295415,1,1,Sunday,July,Q3,0,No_Holiday,1,Summer,Stormy,0,4873.075968759122,105.5664112178786,In-Store,Retail,5965.050571886196,564.716403172445,4141.253623264596,-167.1059423220804,0.9657083239839923,1.2675496312930032,High,1,2,7,6
1940,2025-04-20,P003,Office Chair,Furniture,S04,Delhi,80,1302.071517927522,15,104165.7214342018,1,1,Sunday,December,Q4,0,No_Holiday,0,Winter,Stormy,0,1293.645115240425,106.9211170278922,In-Store,Wholesale,8451.67843807729,195.31072768912833,1106.7607902383938,8.426402687097152,1.006513689564337,6.490947940808686,Low,3,4,12,6
1941,2025-04-20,P003,Office Chair,Furniture,S03,Mumbai,46,985.5926226608084,0,45337.26064239719,0,1,Sunday,May,Q2,0,No_Holiday,0,Spring,Clear,0,1049.103195189614,98.75337159098103,Wholesale,Wholesale,130.5398607204569,0.0,985.5926226608084,-63.51057252880571,0.9394620349837683,0.1324480903357798,Low,3,3,5,6
1942,2025-04-20,P007,Yoga Mat,Sports,S01,Chennai,0,4208.51,0,0.0,0,0,Sunday,April,Q2,0,No_Holiday,1,Spring,Clear,0,3962.95,105.28,In-Store,Retail,484.81,0.0,4208.51,245.5600000000004,1.0619639410035455,0.11519754022207385,High,7,1,4,6
1943,2025-04-21,P005,LED Desk Lamp,Home,S01,Chennai,5,1827.93,5,8682.67,1,0,Monday,April,Q2,0,No_Holiday,0,Spring,Rainy,1,1866.57,97.81,Online,Corporate,7200.03,91.3965,1736.5335,-38.63999999999987,0.979298927980199,3.9388980978483854,Medium,5,1,4,0
1944,2025-04-21,P003,Office Chair,Furniture,S02,Bengaluru,1,4639.438564653526,1,4639.438564653526,0,1,Monday,June,Q2,0,No_Holiday,0,Summer,Sunny,0,5008.798860136226,103.9386296555041,Online,Wholesale,416.3937455893453,46.394385646535255,4593.044179006991,-369.36029548270017,0.9262577105217089,0.08975089114483009,High,3,2,6,0
1945,2025-04-21,P005,LED Desk Lamp,Home,S02,Bengaluru,1,3672.009320330081,0,3672.009320330081,1,0,Monday,January,Q1,0,No_Holiday,0,Winter,Clear,0,3481.414577085723,100.5018401707448,Online,Retail,2642.054502116087,0.0,3672.009320330081,190.59474324435814,1.0547463506641326,0.7195119270227205,High,5,2,1,0
1946,2025-04-21,P002,Bluetooth Speaker,Electronics,S01,Chennai,30,4673.31225480342,0,140199.3676441026,1,1,Monday,March,Q1,0,No_Holiday,0,Spring,Stormy,0,4525.388658851355,105.6892755882094,In-Store,Corporate,8418.335243309497,0.0,4673.31225480342,147.92359595206472,1.0326874898717784,1.8013637403870864,High,2,1,3,0
1947,2025-04-22,P006,Running Shoes,Apparel,S04,Delhi,50,4067.392097854637,0,203369.6048927318,1,1,Tuesday,August,Q3,0,No_Holiday,1,Summer,Stormy,1,3764.087558825463,99.51874545107681,Wholesale,Retail,4598.246531902595,0.0,4067.392097854637,303.30453902917407,1.0805785025691104,1.1305146937586763,High,6,4,8,1
1948,2025-04-22,P006,Running Shoes,Apparel,S01,Chennai,62,742.2564163380955,0,46019.89781296192,0,1,Tuesday,April,Q2,0,No_Holiday,0,Spring,Clear,1,822.2047701701067,107.3810742511967,Online,Corporate,20.12166857269364,0.0,742.2564163380955,-79.94835383201121,0.9027634517183953,0.027108783608720308,Low,6,1,4,1
1949,2025-04-22,P006,Running Shoes,Apparel,S02,Bengaluru,74,673.0034500012076,13,49802.25530008937,1,1,Tuesday,June,Q2,0,No_Holiday,0,Summer,Rainy,0,729.455193728068,95.79986755544255,Wholesale,Corporate,971.5093888037377,87.490448500157,585.5130015010507,-56.4517437268604,0.9226110880939112,1.443542954797623,Low,6,2,6,1
1950,2025-04-22,P006,Running Shoes,Apparel,S01,Chennai,52,1503.19,0,78165.88,1,1,Tuesday,April,Q2,0,No_Holiday,0,Spring,Cloudy,0,1602.24,99.54,Wholesale,Corporate,2162.62,0.0,1503.19,-99.04999999999995,0.9381802975833833,1.4386870588548353,Low,6,1,4,1
1951,2025-04-22,P008,Coffee Maker,Appliances,S02,Bengaluru,57,4365.486976699517,16,248832.7576718725,1,1,Tuesday,February,Q1,0,No_Holiday,0,Winter,Stormy,1,4420.364353986155,107.29957341331,Online,Retail,1657.016461676702,698.4779162719227,3667.0090604275942,-54.877377286637966,0.9875853271603842,0.37957196310993757,High,8,2,2,1
1952,2025-04-22,P002,Bluetooth Speaker,Electronics,S04,Delhi,99,1429.367280828249,17,141507.3608019967,1,1,Tuesday,December,Q4,0,No_Holiday,0,Winter,Sunny,1,1532.513525465864,100.4465727258513,Wholesale,Corporate,5457.132802859177,242.99243774080233,1186.3748430874466,-103.14624463761493,0.9326947247618843,3.8178660418874517,Low,2,4,12,1
1953,2025-04-23,P006,Running Shoes,Apparel,S01,Chennai,25,3933.39,0,98334.75,1,0,Wednesday,April,Q2,0,No_Holiday,0,Spring,Sunny,0,4251.96,97.31,In-Store,Corporate,7458.19,0.0,3933.39,-318.57000000000016,0.925076905709367,1.896122682978296,High,6,1,4,2
1954,2025-04-23,P008,Coffee Maker,Appliances,S04,Delhi,98,1027.848899711358,23,100729.1921717131,1,1,Wednesday,January,Q1,0,No_Holiday,0,Winter,Clear,0,1082.34285126824,107.6369547925993,Online,Wholesale,6689.879431490625,236.40524693361232,791.4436527777457,-54.493951556882166,0.9496518580105845,6.5086214845093355,Low,8,4,1,2
1955,2025-04-23,P003,Office Chair,Furniture,S03,Mumbai,30,1018.135552847571,0,30544.06658542712,0,1,Wednesday,July,Q3,0,No_Holiday,0,Summer,Cloudy,0,1084.855127884652,96.05664675938591,In-Store,Corporate,667.6099204934774,0.0,1018.135552847571,-66.71957503708086,0.9384990923468494,0.6557181100554572,Low,3,3,7,2
1956,2025-04-23,P006,Running Shoes,Apparel,S04,Delhi,22,1980.694835386374,0,43575.28637850023,0,1,Wednesday,July,Q3,0,No_Holiday,0,Summer,Cloudy,0,2135.447221739449,95.90258824512978,Wholesale,Corporate,491.7244896207753,0.0,1980.694835386374,-154.75238635307505,0.9275316267348345,0.2482585811987815,Medium,6,4,7,2
1957,2025-04-23,P008,Coffee Maker,Appliances,S01,Chennai,53,3230.973002876419,12,171241.5691524502,1,1,Wednesday,May,Q2,0,No_Holiday,0,Spring,Rainy,0,3192.318297643191,104.7051896896774,Online,Wholesale,4252.619977371635,387.71676034517026,2843.2562425312485,38.654705233228015,1.0121086626173104,1.3162041198071543,Medium,8,1,5,2
1958,2025-04-23,P005,LED Desk Lamp,Home,S03,Mumbai,91,886.9566607042022,22,80713.0561240824,1,1,Wednesday,April,Q2,0,No_Holiday,0,Spring,Clear,0,842.2561510780534,95.52695100630834,In-Store,Wholesale,8413.50711338207,195.1304653549245,691.8261953492778,44.7005096261488,1.0530723457097155,9.485815357316486,Low,5,3,4,2
1959,2025-04-23,P006,Running Shoes,Apparel,S02,Bengaluru,66,857.649530139732,0,56604.86898922231,1,1,Wednesday,May,Q2,0,No_Holiday,1,Spring,Stormy,0,887.0100329548785,108.794056853209,Online,Corporate,2856.776268708887,0.0,857.649530139732,-29.36050281514656,0.9668994693133983,3.33093666855207,Low,6,2,5,2
1960,2025-04-24,P002,Bluetooth Speaker,Electronics,S04,Delhi,37,3672.335136887963,9,135876.4000648546,1,1,Thursday,August,Q3,0,No_Holiday,1,Summer,Sunny,0,3341.476184458043,105.7422086036706,Online,Corporate,6841.990676260035,330.51016231991673,3341.8249745680464,330.85895242992,1.099015804442605,1.8631171778232976,High,2,4,8,3
1961,2025-04-24,P006,Running Shoes,Apparel,S01,Chennai,47,1495.764236125213,4,70300.91909788502,1,1,Thursday,April,Q2,0,No_Holiday,0,Spring,Cloudy,0,1610.923865038624,99.14092287420112,Wholesale,Corporate,1922.12348991962,59.83056944500852,1435.9336666802046,-115.15962891341087,0.9285133013342938,1.285044423109683,Low,6,1,4,3
1962,2025-04-24,P007,Yoga Mat,Sports,S04,Delhi,61,2872.338751455193,10,175212.6638387668,1,1,Thursday,September,Q3,0,No_Holiday,0,Autumn,Sunny,0,2633.798253732048,106.6868427018567,Online,Retail,1287.074957039659,287.2338751455193,2585.1048763096733,238.54049772314465,1.0905690089911544,0.44809302398179784,Medium,7,4,9,3
1963,2025-04-24,P005,LED Desk Lamp,Home,S03,Mumbai,95,887.82,20,67474.32,1,1,Thursday,April,Q2,0,No_Holiday,0,Spring,Clear,0,835.47,95.55,In-Store,Wholesale,8715.7,177.56400000000002,710.2560000000001,52.35000000000002,1.062659341448526,9.816967403302472,Low,5,3,4,3
1964,2025-04-24,P002,Bluetooth Speaker,Electronics,S02,Bengaluru,18,3761.101760464375,0,67699.83168835875,0,1,Thursday,September,Q3,0,No_Holiday,0,Autumn,Rainy,0,3737.978546812937,100.4393787175765,Online,Retail,646.407194741822,0.0,3761.101760464375,23.12321365143771,1.0061860209634303,0.17186644656538394,High,2,2,9,3
1965,2025-04-25,P007,Yoga Mat,Sports,S01,Chennai,17,4600.123784676303,0,78202.10433949716,0,1,Friday,November,Q4,0,No_Holiday,1,Autumn,Cloudy,0,4716.751766906234,96.59496664070494,In-Store,Corporate,560.9646854550446,0.0,4600.123784676303,-116.62798222993024,0.9752736654389537,0.12194556314412698,High,7,1,11,4
1966,2025-04-25,P002,Bluetooth Speaker,Electronics,S01,Chennai,32,1692.71,0,54166.72,0,1,Friday,April,Q2,0,No_Holiday,0,Spring,Stormy,0,1558.34,106.49,Wholesale,Corporate,11.24,0.0,1692.71,134.37000000000012,1.0862263690850522,0.006640239615764071,Medium,2,1,4,4
1967,2025-04-26,P002,Bluetooth Speaker,Electronics,S02,Bengaluru,45,1723.981042958514,0,77579.14693313312,0,1,Saturday,March,Q1,0,No_Holiday,1,Spring,Stormy,0,1653.358596634057,106.5765887492687,Wholesale,Wholesale,602.2183209654183,0.0,1723.981042958514,70.62244632445709,1.0427145366215362,0.34931841241824496,Medium,2,2,3,5
1968,2025-04-26,P008,Coffee Maker,Appliances,S01,Chennai,62,228.8676942098697,3,14189.79704101192,0,1,Saturday,August,Q3,0,No_Holiday,1,Summer,Rainy,0,223.0644346725448,100.8644357128661,Wholesale,Retail,0.0,6.866030826296091,222.00166338357363,5.803259537324919,1.0260160681636408,0.0,Low,8,1,8,5
1969,2025-04-26,P002,Bluetooth Speaker,Electronics,S02,Bengaluru,65,3216.270673880165,19,209057.5938022107,1,1,Saturday,October,Q4,0,No_Holiday,0,Autumn,Cloudy,0,3363.90959481684,105.5989645499669,Wholesale,Corporate,7308.411734550233,611.0914280372313,2605.1792458429336,-147.63892093667528,0.9561109129793026,2.2723248369308537,Medium,2,2,10,5
1970,2025-04-26,P004,Notebook Pack,Stationery,S03,Mumbai,1,1627.190669971442,13,1627.190669971442,1,0,Saturday,October,Q4,0,No_Holiday,0,Autumn,Rainy,0,1642.358031561362,98.88037147752866,In-Store,Wholesale,6356.223716346991,211.53478709628746,1415.6558828751545,-15.167361589919892,0.9907648872545163,3.9062562449786817,Low,4,3,10,5
1971,2025-04-26,P004,Notebook Pack,Stationery,S01,Chennai,6,2521.117961506786,0,15126.70776904071,0,0,Saturday,March,Q1,0,No_Holiday,0,Spring,Stormy,0,2540.76908694106,105.5432984736787,In-Store,Retail,648.1362212798938,0.0,2521.117961506786,-19.651125434274036,0.9922656783194994,0.2570828621174572,Medium,4,1,3,5
1972,2025-04-26,P007,Yoga Mat,Sports,S03,Mumbai,36,932.7020358334698,0,33577.27329000492,0,1,Saturday,July,Q3,0,No_Holiday,0,Summer,Clear,0,939.4430003804781,104.6515876043559,Wholesale,Corporate,389.5732275885341,0.0,932.7020358334698,-6.740964547008275,0.9928245092631718,0.41768240297707554,Low,7,3,7,5
1973,2025-04-26,P005,LED Desk Lamp,Home,S02,Bengaluru,35,1740.23,0,60908.05,0,1,Saturday,April,Q2,0,No_Holiday,1,Spring,Clear,0,1835.17,105.07,In-Store,Retail,78.75,0.0,1740.23,-94.94000000000005,0.9482663731425426,0.04525263901898025,Medium,5,2,4,5
1974,2025-04-27,P005,LED Desk Lamp,Home,S03,Mumbai,82,1090.65227785441,12,89433.48678406162,1,1,Sunday,July,Q3,0,No_Holiday,1,Summer,Cloudy,0,1002.151634423707,102.1860806831302,Online,Wholesale,3026.232976582519,130.87827334252918,959.7740045118808,88.5006434307029,1.088310631236555,2.7747000928067447,Low,5,3,7,6
1975,2025-04-27,P002,Bluetooth Speaker,Electronics,S01,Chennai,0,4799.83,10,0.0,1,0,Sunday,April,Q2,0,No_Holiday,1,Spring,Sunny,0,4840.66,103.24,In-Store,Retail,9461.14,479.983,4319.847,-40.82999999999993,0.9915651997868059,1.971140644564495,High,2,1,4,6
1976,2025-04-27,P001,Wireless Mouse,Electronics,S04,Delhi,52,1281.353595174803,2,66630.38694908978,1,1,Sunday,September,Q3,0,No_Holiday,1,Autumn,Cloudy,0,1302.629254271997,97.21725132318869,Wholesale,Retail,2017.304987523466,25.627071903496063,1255.726523271307,-21.275659097193966,0.9836671416464662,1.5743546473979058,Low,1,4,9,6
1977,2025-04-27,P002,Bluetooth Speaker,Electronics,S03,Mumbai,37,603.8866632689782,0,22343.80654095219,0,1,Sunday,May,Q2,0,No_Holiday,0,Spring,Clear,0,651.159223606285,96.85270999538454,Online,Corporate,892.9680330185481,0.0,603.8866632689782,-47.2725603373068,0.9274024560759512,1.4787013645651745,Low,2,3,5,6
1978,2025-04-28,P002,Bluetooth Speaker,Electronics,S04,Delhi,9,2621.548361978912,15,23593.93525781021,1,0,Monday,June,Q2,0,No_Holiday,1,Summer,Cloudy,1,2722.94203412945,96.9043883370877,Online,Corporate,3546.958447981176,393.23225429683674,2228.316107682075,-101.3936721505379,0.9627631911073882,1.3530013405145445,Medium,2,4,6,0
1979,2025-04-28,P005,LED Desk Lamp,Home,S02,Bengaluru,2,1022.12,0,2044.24,0,0,Monday,April,Q2,0,No_Holiday,0,Spring,Stormy,0,946.5,102.06,Wholesale,Retail,52.96,0.0,1022.12,75.62,1.0798943475964078,0.0518138770398779,Low,5,2,4,0
1980,2025-04-28,P002,Bluetooth Speaker,Electronics,S02,Bengaluru,65,4615.851724513591,20,300030.3620933834,1,1,Monday,July,Q3,0,No_Holiday,1,Summer,Cloudy,1,4336.308464308968,104.8310839248953,Online,Retail,8318.273316709505,923.1703449027182,3692.6813796108727,279.54326020462304,1.064465722977383,1.802110165829919,High,2,2,7,0
1981,2025-04-29,P005,LED Desk Lamp,Home,S01,Chennai,24,3271.998328535273,0,78527.95988484655,0,0,Tuesday,June,Q2,0,No_Holiday,0,Summer,Rainy,0,3560.924878991607,101.7869156217233,In-Store,Wholesale,350.5487563899509,0.0,3271.998328535273,-288.9265504563341,0.9188619360770809,0.10713598272126132,Medium,5,1,6,1
1982,2025-04-29,P001,Wireless Mouse,Electronics,S02,Bengaluru,1,3100.541611531548,17,3100.541611531548,1,0,Tuesday,October,Q4,0,No_Holiday,0,Autumn,Rainy,1,2841.038342235202,102.4488085870156,In-Store,Wholesale,756.7482309314458,527.0920739603631,2573.449537571185,259.50326929634593,1.0913409950997635,0.24406969031376471,Medium,1,2,10,1
1983,2025-04-29,P003,Office Chair,Furniture,S04,Delhi,1,692.9477969816664,0,692.9477969816664,1,0,Tuesday,February,Q1,0,No_Holiday,0,Winter,Sunny,0,735.6415090057118,102.9163109199825,Online,Retail,2502.336609100807,0.0,692.9477969816664,-42.69371202404534,0.9419639708996983,3.6111473620386043,Low,3,4,2,1
1984,2025-04-29,P002,Bluetooth Speaker,Electronics,S04,Delhi,4,2621.701585606604,18,10486.80634242641,1,0,Tuesday,June,Q2,0,No_Holiday,1,Summer,Cloudy,1,2709.030719789318,97.2778114806057,Online,Corporate,3724.330913721214,471.90628540918874,2149.7953001974156,-87.32913418271391,0.9677636973457778,1.420577740109001,Medium,2,4,6,1
1985,2025-04-29,P001,Wireless Mouse,Electronics,S01,Chennai,0,2247.04,0,0.0,1,0,Tuesday,April,Q2,0,No_Holiday,0,Spring,Cloudy,0,2171.69,97.97,Wholesale,Wholesale,1246.18,0.0,2247.04,75.34999999999991,1.034696480621083,0.5545873682711479,Medium,1,1,4,1
1986,2025-04-30,P008,Coffee Maker,Appliances,S02,Bengaluru,77,646.0,20,39793.6,1,1,Wednesday,April,Q2,0,No_Holiday,0,Spring,Sunny,0,621.5,104.67,In-Store,Corporate,2701.1,129.2,516.8,24.5,1.0394207562349156,4.181269349845201,Low,8,2,4,2
1987,2025-04-30,P003,Office Chair,Furniture,S04,Delhi,84,223.0536186924866,18,18736.50397016887,1,1,Wednesday,December,Q4,0,No_Holiday,0,Winter,Clear,0,238.3103112599009,102.6895089165845,Wholesale,Retail,7276.861635515017,40.14965136464759,182.903967327839,-15.25669256741432,0.9359797212015077,32.623822371370174,Low,3,4,12,2
1988,2025-05-01,P005,LED Desk Lamp,Home,S04,Delhi,19,2748.568627678515,0,52222.80392589179,0,1,Thursday,November,Q4,0,No_Holiday,1,Autumn,Rainy,0,2521.896558531328,103.7128664015461,Online,Wholesale,248.7891389355497,0.0,2748.568627678515,226.6720691471869,1.0898815886719768,0.09051589122796652,Medium,5,4,11,3
1989,2025-05-01,P004,Notebook Pack,Stationery,S02,Bengaluru,31,4333.26,10,120897.95,1,1,Thursday,May,Q2,0,No_Holiday,0,Spring,Cloudy,0,4058.84,108.76,In-Store,Corporate,4806.19,433.3260000000001,3899.934,274.4200000000001,1.0676104502764336,1.109139539284511,High,4,2,5,3
1990,2025-05-02,P001,Wireless Mouse,Electronics,S01,Chennai,32,2481.6,0,79411.2,1,1,Friday,May,Q2,0,No_Holiday,0,Spring,Rainy,0,2614.58,104.07,Online,Wholesale,1477.86,0.0,2481.6,-132.98000000000002,0.9491390586633417,0.595527079303675,Medium,1,1,5,4
1991,2025-05-02,P002,Bluetooth Speaker,Electronics,S02,Bengaluru,35,4578.274632032617,19,160239.6121211416,1,1,Friday,May,Q2,0,No_Holiday,0,Spring,Stormy,0,4844.039507526804,98.53365856458058,Wholesale,Retail,5316.999191829621,869.8721800861972,3708.4024519464197,-265.76487549418744,0.9451356920022567,1.1613543570821203,High,2,2,5,4
1992,2025-05-02,P006,Running Shoes,Apparel,S01,Chennai,43,2919.856187932745,0,125553.816081108,0,1,Friday,December,Q4,0,No_Holiday,1,Winter,Cloudy,1,2990.910774095198,103.5841851345293,Wholesale,Wholesale,755.4760686652207,0.0,2919.856187932745,-71.05458616245323,0.9762431608532527,0.25873742405104444,Medium,6,1,12,4
1993,2025-05-02,P004,Notebook Pack,Stationery,S04,Delhi,1,2177.709893310719,4,2177.709893310719,0,0,Friday,April,Q2,0,No_Holiday,0,Spring,Rainy,0,2249.860333184327,105.1568913084341,In-Store,Retail,373.9537654617166,87.10839573242876,2090.6014975782905,-72.15043987360787,0.9679311471874833,0.17171881645502554,Medium,4,4,4,4
1994,2025-05-03,P002,Bluetooth Speaker,Electronics,S03,Mumbai,13,2869.52,0,37303.76,0,0,Saturday,May,Q2,0,No_Holiday,1,Spring,Stormy,0,2921.48,98.58,Online,Wholesale,79.51,0.0,2869.52,-51.960000000000036,0.9822144940235771,0.027708466921296943,Medium,2,3,5,5
1995,2025-05-03,P006,Running Shoes,Apparel,S03,Mumbai,53,1159.646649649417,9,61461.2724314191,1,1,Saturday,August,Q3,0,No_Holiday,1,Summer,Rainy,0,1244.066245104859,109.1267733852982,Wholesale,Retail,304.5635490381376,104.36819846844753,1055.2784511809696,-84.41959545544205,0.9321422024047228,0.2626347854583229,Low,6,3,8,5
1996,2025-05-04,P005,LED Desk Lamp,Home,S02,Bengaluru,1,3677.835369609934,0,3677.835369609934,1,0,Sunday,January,Q1,0,No_Holiday,0,Winter,Clear,0,3471.616085927744,100.6711812579466,Online,Retail,2428.008106569716,0.0,3677.835369609934,206.21928368219005,1.059401523261199,0.6601731351632597,High,5,2,1,6
1997,2025-05-04,P008,Coffee Maker,Appliances,S04,Delhi,77,517.09,0,39815.93,1,1,Sunday,May,Q2,0,No_Holiday,1,Spring,Clear,0,521.69,98.54,Wholesale,Wholesale,1240.0,0.0,517.09,-4.600000000000023,0.9911825030190342,2.3980351582896593,Low,8,4,5,6
1998,2025-05-05,P008,Coffee Maker,Appliances,S01,Chennai,42,3042.38,5,121390.96,1,1,Monday,May,Q2,0,No_Holiday,0,Spring,Clear,0,3238.32,97.64,In-Store,Retail,6183.46,152.11900000000003,2890.261,-195.94000000000005,0.9394933175226661,2.032441706821633,Medium,8,1,5,0
1999,2025-05-05,P001,Wireless Mouse,Electronics,S01,Chennai,29,2088.827759568675,4,60576.00502749158,0,1,Monday,September,Q3,0,No_Holiday,0,Autumn,Stormy,0,2258.428392857818,109.6760779559891,Wholesale,Wholesale,505.0796443321964,83.553110382747,2005.274649185928,-169.60063328914293,0.9249032496113238,0.24180052281404524,Medium,1,1,9,0
2000,2025-05-06,P007,Yoga Mat,Sports,S02,Bengaluru,65,1121.094353438485,13,72871.13297350152,1,1,Tuesday,March,Q1,0,No_Holiday,0,Spring,Clear,0,1147.293703941582,102.8861771331827,Wholesale,Retail,7555.637102837793,145.74226594700306,975.352087491482,-26.199350503096866,0.9771642166142046,6.739519363079526,Low,7,2,3,1
2001,2025-05-06,P007,Yoga Mat,Sports,S03,Mumbai,74,2572.62,15,161817.8,1,1,Tuesday,May,Q2,0,No_Holiday,0,Spring,Sunny,0,2735.74,108.31,Wholesale,Retail,7692.24,385.893,2186.727,-163.1199999999999,0.9403744507884522,2.9900412808731955,Medium,7,3,5,1
2002,2025-05-06,P006,Running Shoes,Apparel,S03,Mumbai,1,3823.876641738019,1,3823.876641738019,1,0,Tuesday,June,Q2,0,No_Holiday,1,Summer,Sunny,0,3463.301221667765,105.8636187486867,In-Store,Wholesale,4422.281540448842,38.23876641738019,3785.6378753206386,360.57542007025404,1.104113213662835,1.1564916849511226,High,6,3,6,1
2003,2025-05-06,P003,Office Chair,Furniture,S01,Chennai,45,3017.216144099553,10,135774.7264844799,1,1,Tuesday,November,Q4,0,No_Holiday,0,Autumn,Rainy,0,3277.433391220819,108.2209366990192,Wholesale,Wholesale,8045.703760962664,301.7216144099553,2715.4945296895976,-260.21724712126615,0.9206033453438585,2.6665984061820653,Medium,3,1,11,1
2004,2025-05-07,P005,LED Desk Lamp,Home,S02,Bengaluru,34,1735.97064918701,0,59023.00207235834,0,1,Wednesday,April,Q2,0,No_Holiday,1,Spring,Clear,0,1827.446797666637,105.3359114153856,In-Store,Retail,475.8924280306865,0.0,1735.97064918701,-91.476148479627,0.9499431947368165,0.27413621782923375,Medium,5,2,4,2
2005,2025-05-07,P003,Office Chair,Furniture,S04,Delhi,1,2750.03,5,2612.53,1,0,Wednesday,May,Q2,0,No_Holiday,0,Spring,Clear,0,2582.64,105.22,In-Store,Corporate,5917.63,137.50150000000002,2612.5285000000003,167.39000000000033,1.0648135241458354,2.1518419799056736,Medium,3,4,5,2
2006,2025-05-08,P001,Wireless Mouse,Electronics,S01,Chennai,75,3509.557289808003,20,263216.7967356002,1,1,Thursday,August,Q3,0,No_Holiday,0,Summer,Cloudy,1,3431.004106213645,104.4647772410733,Wholesale,Corporate,9240.124556502155,701.9114579616007,2807.6458318464024,78.55318359435796,1.0228951004319977,2.6328461949705493,High,1,1,8,3
2007,2025-05-08,P005,LED Desk Lamp,Home,S04,Delhi,3,4503.123870676178,20,13509.37161202853,1,0,Thursday,July,Q3,0,No_Holiday,0,Summer,Rainy,1,4715.000263135642,108.7077731805728,In-Store,Wholesale,1665.185308648276,900.6247741352356,3602.4990965409424,-211.8763924594641,0.9550633339056149,0.3697844777248457,High,5,4,7,3
2008,2025-05-08,P003,Office Chair,Furniture,S04,Delhi,1,2742.235649874294,5,2742.235649874294,1,0,Thursday,May,Q2,0,No_Holiday,0,Spring,Clear,0,2583.207736066903,105.5021244009242,In-Store,Corporate,5986.431183228146,137.11178249371468,2605.123867380579,159.02791380739063,1.0615621854901691,2.1830476835579646,Medium,3,4,5,3
2009,2025-05-08,P005,LED Desk Lamp,Home,S04,Delhi,0,3645.4,0,0.0,0,0,Thursday,May,Q2,0,No_Holiday,0,Spring,Sunny,1,4000.04,101.06,Online,Corporate,31.21,0.0,3645.4,-354.6399999999999,0.9113408865911341,0.008561474735282822,High,5,4,5,3
2010,2025-05-08,P001,Wireless Mouse,Electronics,S02,Bengaluru,31,4274.808349258848,18,132519.0588270243,1,1,Thursday,May,Q2,0,No_Holiday,0,Spring,Sunny,0,3903.267833497284,106.9598711631396,In-Store,Corporate,3772.140616967539,769.4655028665926,3505.342846392255,371.5405157615637,1.095187041117972,0.8824116331721725,High,1,2,5,3
2011,2025-05-09,P001,Wireless Mouse,Electronics,S04,Delhi,81,522.0589742693148,5,42286.7769158145,1,1,Friday,September,Q3,0,No_Holiday,1,Autumn,Cloudy,0,486.5319608845039,101.7834398758827,In-Store,Retail,3143.771959499731,26.10294871346574,495.95602555584907,35.527013384810914,1.0730209240935038,6.021871310420098,Low,1,4,9,4
2012,2025-05-09,P008,Coffee Maker,Appliances,S02,Bengaluru,68,3033.121582190973,20,206252.2675889862,1,1,Friday,June,Q2,0,No_Holiday,1,Summer,Cloudy,0,3174.091838024638,105.8523339349272,Online,Retail,3692.151311106584,606.6243164381947,2426.4972657527787,-140.97025583366485,0.955587215799844,1.21727771573191,Medium,8,2,6,4
2013,2025-05-09,P004,Notebook Pack,Stationery,S01,Chennai,93,1144.103618244592,18,106401.636496747,1,1,Friday,November,Q4,0,No_Holiday,0,Autumn,Sunny,0,1165.214090418799,102.1036077872395,Wholesale,Retail,6742.073020891549,205.93865128402658,938.1649669605655,-21.11047217420696,0.9818827524076545,5.8928867223022765,Low,4,1,11,4
2014,2025-05-09,P001,Wireless Mouse,Electronics,S01,Chennai,71,3576.1,20,203122.48,1,1,Friday,May,Q2,0,No_Holiday,0,Spring,Sunny,0,3837.64,98.53,Wholesale,Wholesale,4245.55,715.22,2860.88,-261.53999999999996,0.9318487403716867,1.1872011409076928,High,1,1,5,4
2015,2025-05-09,P004,Notebook Pack,Stationery,S01,Chennai,3,835.459024599294,0,2506.377073797882,0,0,Friday,March,Q1,0,No_Holiday,1,Spring,Clear,1,795.7518876974907,98.91374420283019,Wholesale,Retail,479.7974760740871,0.0,835.459024599294,39.707136901803324,1.0498988912444758,0.5742920501747041,Low,4,1,3,4
2016,2025-05-10,P005,LED Desk Lamp,Home,S03,Mumbai,1,1002.464888112382,18,1002.464888112382,1,0,Saturday,May,Q2,0,No_Holiday,1,Spring,Cloudy,1,962.0245111821375,104.917529710989,Wholesale,Retail,6362.457655042524,180.44367986022877,822.0212082521532,40.4403769302445,1.042036742785848,6.346813469968891,Low,5,3,5,5
2017,2025-05-10,P006,Running Shoes,Apparel,S04,Delhi,4,2148.96,5,8166.05,1,0,Saturday,May,Q2,0,No_Holiday,1,Spring,Rainy,0,2138.16,97.82,In-Store,Corporate,8479.65,107.448,2041.512,10.800000000000182,1.0050510719497139,3.945931985704713,Medium,6,4,5,5
2018,2025-05-11,P003,Office Chair,Furniture,S03,Mumbai,39,4987.79,15,165345.24,1,1,Sunday,May,Q2,0,No_Holiday,1,Spring,Rainy,0,4560.58,95.24,Wholesale,Corporate,6750.3,748.1685000000001,4239.6215,427.21000000000004,1.0936744887711651,1.3533649171276256,High,3,3,5,6
2019,2025-05-11,P001,Wireless Mouse,Electronics,S04,Delhi,5,3861.216759904134,0,19306.08379952067,0,1,Sunday,April,Q2,0,No_Holiday,0,Spring,Rainy,0,4072.469320982752,95.79409811503945,In-Store,Wholesale,66.6523613423395,0.0,3861.216759904134,-211.25256107861787,0.9481266660524187,0.01726200974637703,High,1,4,4,6
2020,2025-05-12,P003,Office Chair,Furniture,S01,Chennai,97,858.66,20,66632.02,1,1,Monday,May,Q2,0,No_Holiday,0,Spring,Stormy,1,932.56,104.35,In-Store,Wholesale,4529.18,171.732,686.928,-73.89999999999998,0.9207557690657974,5.274707101763213,Low,3,1,5,0
2021,2025-05-12,P007,Yoga Mat,Sports,S03,Mumbai,32,4962.125137960512,6,158788.0044147364,1,1,Monday,July,Q3,0,No_Holiday,0,Summer,Stormy,0,4558.668703820504,109.273823327257,Wholesale,Retail,6301.597155316053,297.7275082776307,4664.397629682881,403.45643414000824,1.0885031267575733,1.2699391853519597,High,7,3,7,0
2022,2025-05-12,P007,Yoga Mat,Sports,S03,Mumbai,29,4961.261076374225,4,143876.5712148525,1,1,Monday,July,Q3,0,No_Holiday,0,Summer,Stormy,0,4552.332762467845,109.3064657360393,Wholesale,Retail,6239.364594270263,198.450443054969,4762.810633319256,408.92831390638,1.0898283001800373,1.2576166620181373,High,7,3,7,0
2023,2025-05-12,P002,Bluetooth Speaker,Electronics,S01,Chennai,105,2665.006424251523,19,279825.6745464099,1,1,Monday,October,Q4,0,No_Holiday,0,Autumn,Clear,1,2709.907455331179,99.55791729605272,Online,Corporate,1453.999519038892,506.35122060778946,2158.655203643734,-44.901031079655695,0.9834307880177523,0.5455894986997089,Medium,2,1,10,0
2024,2025-05-13,P003,Office Chair,Furniture,S04,Delhi,70,3238.666695118442,15,226706.668658291,1,1,Tuesday,August,Q3,0,No_Holiday,0,Summer,Sunny,0,3463.391093082933,107.7221363123189,In-Store,Corporate,7312.02281125588,485.80000426776627,2752.8666908506757,-224.7243979644909,0.93511434547103,2.2577262495943473,Medium,3,4,8,1
2025,2025-05-13,P008,Coffee Maker,Appliances,S04,Delhi,0,1905.47,0,0.0,1,0,Tuesday,May,Q2,0,No_Holiday,0,Spring,Sunny,1,1904.77,105.96,Wholesale,Wholesale,3057.88,0.0,1905.47,0.7000000000000455,1.0003674984381317,1.6047904191616766,Medium,8,4,5,1
2026,2025-05-13,P005,LED Desk Lamp,Home,S02,Bengaluru,2,3671.411956926308,4,7342.823913852616,1,0,Tuesday,January,Q1,0,No_Holiday,0,Winter,Clear,0,3479.727389995212,101.2472022517767,Online,Retail,2068.783875327468,146.85647827705233,3524.5554786492557,191.68456693109601,1.0550860873418477,0.5634845393540218,High,5,2,1,1
2027,2025-05-14,P006,Running Shoes,Apparel,S01,Chennai,20,4895.52,10,88119.36,1,1,Wednesday,May,Q2,0,No_Holiday,0,Spring,Cloudy,0,4974.11,109.43,Online,Retail,7436.76,489.552,4405.968000000001,-78.58999999999924,0.984200188576449,1.5190950093146387,High,6,1,5,2
2028,2025-05-14,P008,Coffee Maker,Appliances,S04,Delhi,14,1881.884786960996,15,26346.38701745395,1,0,Wednesday,January,Q1,0,No_Holiday,0,Winter,Sunny,0,1736.293027422549,102.152028859617,Online,Retail,3040.634834105146,282.2827180441494,1599.6020689168467,145.59175953844715,1.0838520671562977,1.6157391011249864,Medium,8,4,1,2
2029,2025-05-14,P001,Wireless Mouse,Electronics,S01,Chennai,68,3578.093238318129,18,243310.3402056328,1,1,Wednesday,May,Q2,0,No_Holiday,0,Spring,Sunny,0,3840.085667817288,98.60399577456579,Wholesale,Wholesale,4652.368954933391,644.0567828972631,2934.036455420866,-261.99242949915924,0.9317743268868072,1.3002369265034084,High,1,1,5,2
2030,2025-05-14,P006,Running Shoes,Apparel,S01,Chennai,71,3119.675589596437,13,221496.9668613471,1,1,Wednesday,January,Q1,0,No_Holiday,1,Winter,Stormy,1,3217.373736633012,99.44346522591744,Wholesale,Retail,8985.751110000472,405.5578266475368,2714.1177629489002,-97.69814703657494,0.9696341939003903,2.880347924625994,Medium,6,1,1,2
2031,2025-05-15,P003,Office Chair,Furniture,S01,Chennai,15,2817.274576163008,3,42259.11864244512,0,0,Thursday,October,Q4,0,No_Holiday,0,Autumn,Clear,0,2946.26273429939,101.395446976884,Wholesale,Retail,803.2592262765288,84.51823728489023,2732.7563388781177,-128.98815813638203,0.9562197367414842,0.28511925428671886,Medium,3,1,10,3
2032,2025-05-15,P005,LED Desk Lamp,Home,S04,Delhi,7,2681.36,10,16892.57,1,0,Thursday,May,Q2,0,No_Holiday,0,Spring,Sunny,0,2666.59,106.13,Wholesale,Retail,6998.7,268.136,2413.224,14.769999999999982,1.0055389092436406,2.610130679953456,Medium,5,4,5,3
2033,2025-05-15,P008,Coffee Maker,Appliances,S02,Bengaluru,45,1986.234718306913,4,89380.56232381107,0,1,Thursday,February,Q1,0,No_Holiday,0,Winter,Stormy,0,2052.608582448055,100.0948553356277,Wholesale,Retail,394.1595035562824,79.44938873227652,1906.7853295746365,-66.37386414114212,0.9676636526278278,0.19844558144279545,Medium,8,2,2,3
2034,2025-05-16,P008,Coffee Maker,Appliances,S04,Delhi,89,2780.57730069807,24,247471.3797621282,1,1,Friday,November,Q4,0,No_Holiday,1,Autumn,Clear,0,2997.2937827742,107.4634843328592,In-Store,Wholesale,1261.068984511031,667.3385521675367,2113.238748530533,-216.71648207612998,0.92769594915199,0.45352775633838227,Medium,8,4,11,4
2035,2025-05-16,P001,Wireless Mouse,Electronics,S01,Chennai,53,3418.862746989828,6,181199.7255904609,1,1,Friday,December,Q4,0,No_Holiday,0,Winter,Clear,1,3246.102583494175,96.0194939063785,In-Store,Corporate,9418.160936607319,205.13176481938967,3213.7309821704384,172.7601634956527,1.053220796032173,2.754764269170979,High,1,1,12,4
2036,2025-05-16,P001,Wireless Mouse,Electronics,S02,Bengaluru,26,3468.14991214529,0,90171.89771577754,0,1,Friday,May,Q2,0,No_Holiday,0,Spring,Sunny,1,3200.033247065352,100.6822459588919,In-Store,Wholesale,625.3126845537197,0.0,3468.14991214529,268.1166650799378,1.0837855873297,0.18030151533066824,High,1,2,5,4
2037,2025-05-16,P005,LED Desk Lamp,Home,S01,Chennai,50,4537.21,10,204174.45,1,1,Friday,May,Q2,0,No_Holiday,0,Spring,Stormy,0,4548.7,102.04,Wholesale,Corporate,4499.65,453.721,4083.489,-11.489999999999782,0.9974740035614572,0.991721784973585,High,5,1,5,4
2038,2025-05-17,P005,LED Desk Lamp,Home,S03,Mumbai,0,1004.04,15,0.0,1,0,Saturday,May,Q2,0,No_Holiday,1,Spring,Cloudy,1,955.94,104.44,Wholesale,Retail,5942.17,150.606,853.434,48.09999999999991,1.0503169654999267,5.918260228676148,Low,5,3,5,5
2039,2025-05-17,P007,Yoga Mat,Sports,S04,Delhi,59,1227.523374700586,0,72423.87910733456,1,1,Saturday,July,Q3,0,No_Holiday,0,Summer,Cloudy,0,1214.8484961704,102.590417627911,In-Store,Corporate,6752.677393213082,0.0,1227.523374700586,12.674878530185879,1.010433299765478,5.501058091753386,Low,7,4,7,5
2040,2025-05-17,P001,Wireless Mouse,Electronics,S01,Chennai,41,3501.042166934866,6,143542.7288443295,1,1,Saturday,November,Q4,0,No_Holiday,0,Autumn,Stormy,0,3535.058881771345,102.5571011310778,Online,Retail,7020.084577925667,210.06253001609198,3290.9796369187743,-34.01671483647897,0.9903773272315527,2.0051413959608757,High,1,1,11,5
2041,2025-05-18,P005,LED Desk Lamp,Home,S01,Chennai,5,1576.72,0,7883.6,0,0,Sunday,May,Q2,0,No_Holiday,1,Spring,Sunny,0,1498.53,104.24,In-Store,Corporate,7.1,0.0,1576.72,78.19000000000005,1.05217780091156,0.004503018925364047,Low,5,1,5,6
2042,2025-05-18,P004,Notebook Pack,Stationery,S01,Chennai,1,838.6312700647652,23,838.6312700647652,1,0,Sunday,June,Q2,0,No_Holiday,0,Summer,Stormy,0,751.0855965756326,102.4289531171243,Online,Retail,2595.279427284311,192.88519211489597,645.7460779498692,87.54567348913258,1.1165588501340897,3.094660931357693,Low,4,1,6,6
2043,2025-05-19,P002,Bluetooth Speaker,Electronics,S02,Bengaluru,37,4568.63,15,143683.41,1,1,Monday,May,Q2,0,No_Holiday,0,Spring,Stormy,0,4849.91,98.92,Wholesale,Retail,5106.73,685.2945,3883.3355,-281.27999999999975,0.9420030474792316,1.117781479349389,High,2,2,5,0
2044,2025-05-19,P002,Bluetooth Speaker,Electronics,S01,Chennai,58,4193.305758477305,18,243211.7339916837,1,1,Monday,August,Q3,0,No_Holiday,1,Summer,Cloudy,0,4061.245876020822,107.1031408431251,Wholesale,Corporate,3630.434428518121,754.795036525915,3438.51072195139,132.05988245648314,1.032517086255776,0.865769070423432,High,2,1,8,0
2045,2025-05-20,P008,Coffee Maker,Appliances,S03,Mumbai,79,2433.250052270486,17,192226.7541293684,1,1,Tuesday,February,Q1,0,No_Holiday,0,Winter,Cloudy,0,2595.073050715304,109.5279090153845,Online,Corporate,7730.028458318683,413.6525088859826,2019.5975433845033,-161.82299844481804,0.9376422184338074,3.1768327513671393,Medium,8,3,2,1
2046,2025-05-20,P002,Bluetooth Speaker,Electronics,S03,Mumbai,13,2864.71301858505,2,37241.26924160565,0,0,Tuesday,May,Q2,0,No_Holiday,1,Spring,Stormy,0,2915.967350210169,98.8287517105304,Online,Wholesale,307.1096103388152,57.294260371701,2807.418758213349,-51.25433162511899,0.9824228719085538,0.10720431971594276,Medium,2,3,5,1
2047,2025-05-20,P001,Wireless Mouse,Electronics,S03,Mumbai,0,4923.54,0,0.0,0,1,Tuesday,May,Q2,0,No_Holiday,0,Spring,Stormy,0,4665.49,101.6,Wholesale,Retail,105.43,0.0,4923.54,258.0500000000002,1.055310374687332,0.021413454546931682,High,1,3,5,1
2048,2025-05-21,P006,Running Shoes,Apparel,S01,Chennai,57,3282.85,20,149697.96,1,1,Wednesday,May,Q2,0,No_Holiday,0,Spring,Sunny,0,3259.22,102.14,In-Store,Wholesale,9508.39,656.57,2626.2799999999997,23.63000000000011,1.00725020096833,2.8963827162374156,Medium,6,1,5,2
2049,2025-05-21,P005,LED Desk Lamp,Home,S03,Mumbai,22,4328.119870347622,0,95218.63714764768,0,1,Wednesday,November,Q4,0,No_Holiday,0,Autumn,Rainy,1,4560.076189257783,108.0460853551095,Wholesale,Corporate,733.3813252801543,0.0,4328.119870347622,-231.95631891016092,0.9491332360944795,0.16944570558330013,High,5,3,11,2
2050,2025-05-22,P004,Notebook Pack,Stationery,S04,Delhi,31,3480.85,5,102511.03,1,1,Thursday,May,Q2,0,No_Holiday,0,Spring,Cloudy,0,3502.04,101.52,In-Store,Corporate,4129.04,174.0425,3306.8075,-21.190000000000055,0.9939492410138091,1.186216010457216,High,4,4,5,3
2051,2025-05-22,P004,Notebook Pack,Stationery,S02,Bengaluru,69,3136.541273119604,15,216421.3478452527,1,1,Thursday,June,Q2,0,No_Holiday,0,Summer,Stormy,1,3033.718524718303,101.0628814467904,Online,Retail,9929.899831116923,470.48119096794056,2666.060082151663,102.82274840130094,1.0338933053819976,3.1658757103618935,Medium,4,2,6,3
2052,2025-05-23,P006,Running Shoes,Apparel,S01,Chennai,86,667.35,10,51652.89,1,1,Friday,May,Q2,0,No_Holiday,0,Spring,Stormy,1,723.15,107.88,In-Store,Corporate,3037.33,66.735,600.615,-55.799999999999955,0.9228375855631612,4.551329886865962,Low,6,1,5,4
2053,2025-05-23,P002,Bluetooth Speaker,Electronics,S02,Bengaluru,1,3670.091827851075,3,3670.091827851075,1,0,Friday,December,Q4,0,No_Holiday,0,Winter,Sunny,0,3547.305701091746,104.3384609424646,Wholesale,Retail,9173.560674697575,110.10275483553225,3559.9890730155425,122.78612675932891,1.0346139118265278,2.4995452716148825,High,2,2,12,4
2054,2025-05-24,P002,Bluetooth Speaker,Electronics,S03,Mumbai,54,3340.85,5,171385.6,1,1,Saturday,May,Q2,0,No_Holiday,1,Spring,Rainy,1,3521.59,102.8,Wholesale,Wholesale,9935.54,167.0425,3173.8075,-180.74000000000024,0.9486765921075423,2.9739557298292354,Medium,2,3,5,5
2055,2025-05-24,P006,Running Shoes,Apparel,S03,Mumbai,57,1377.865723301846,5,78538.34622820524,1,1,Saturday,November,Q4,0,No_Holiday,0,Autumn,Cloudy,0,1478.791388858494,102.5459238538695,Online,Retail,7381.90897234025,68.89328616509229,1308.9724371367536,-100.92566555664803,0.9317512488123464,5.357495180771771,Low,6,3,11,5
2056,2025-05-25,P003,Office Chair,Furniture,S03,Mumbai,20,3480.060709036757,0,69601.21418073513,0,1,Sunday,December,Q4,0,No_Holiday,0,Winter,Rainy,1,3145.957035984711,107.0538138447356,Online,Wholesale,479.3467612806479,0.0,3480.060709036757,334.1036730520459,1.1062009649942561,0.1377409192994584,High,3,3,12,6
2057,2025-05-25,P006,Running Shoes,Apparel,S01,Chennai,73,3429.45,20,200279.88,1,1,Sunday,May,Q2,0,No_Holiday,1,Spring,Sunny,0,3153.52,96.56,In-Store,Corporate,2584.46,685.89,2743.56,275.92999999999984,1.0874990486821077,0.7536077213547362,High,6,1,5,6
2058,2025-05-26,P005,LED Desk Lamp,Home,S03,Mumbai,38,1126.78,0,42817.64,0,1,Monday,May,Q2,0,No_Holiday,0,Spring,Clear,0,1228.3,104.57,Wholesale,Retail,43.19,0.0,1126.78,-101.51999999999998,0.9173491817959782,0.038330463799499455,Low,5,3,5,0
2059,2025-05-26,P001,Wireless Mouse,Electronics,S03,Mumbai,33,4766.258786733702,9,157286.5399622121,1,1,Monday,August,Q3,0,No_Holiday,1,Summer,Rainy,0,5207.201465278695,102.4894176519514,In-Store,Corporate,7114.774998998548,428.96329080603317,4337.295495927669,-440.9426785449923,0.9153206033057927,1.4927378720605042,High,1,3,8,0
2060,2025-05-26,P003,Office Chair,Furniture,S04,Delhi,65,3232.517192145567,19,210113.6174894618,1,1,Monday,August,Q3,0,No_Holiday,0,Summer,Sunny,0,3461.887192277657,107.6479431892533,In-Store,Corporate,7564.076593892047,614.1782665076578,2618.3389256379096,-229.3700001320899,0.9337442304175192,2.3399957816995953,Medium,3,4,8,0
2061,2025-05-27,P005,LED Desk Lamp,Home,S04,Delhi,60,1100.01612565593,2,66000.96753935578,1,1,Tuesday,July,Q3,0,No_Holiday,0,Summer,Rainy,0,1213.539403346562,102.4879430441042,Online,Corporate,4689.961783250498,22.0003225131186,1078.0158031428114,-113.52327769063209,0.9064527469173473,4.2635391189869285,Low,5,4,7,1
2062,2025-05-27,P005,LED Desk Lamp,Home,S03,Mumbai,1,3538.431481319878,7,3538.431481319878,1,0,Tuesday,January,Q1,0,No_Holiday,0,Winter,Stormy,0,3717.813897559083,109.8493173117432,In-Store,Wholesale,5060.389141861714,247.69020369239144,3290.7412776274864,-179.3824162392052,0.9517505660095095,1.4301221229170522,High,5,3,1,1
2063,2025-05-27,P008,Coffee Maker,Appliances,S01,Chennai,44,639.3207610111293,0,28130.11348448969,0,1,Tuesday,October,Q4,0,No_Holiday,0,Autumn,Clear,0,563.7228789119964,108.3784694479866,Online,Retail,454.5796088118315,0.0,639.3207610111293,75.5978820991329,1.1341046903135088,0.7110352682632782,Low,8,1,10,1
2064,2025-05-27,P004,Notebook Pack,Stationery,S04,Delhi,4,1987.645055347416,6,7950.580221389665,1,0,Tuesday,August,Q3,0,No_Holiday,0,Summer,Clear,0,1929.892453260759,95.02982859788851,Online,Corporate,3954.815368885543,119.25870332084496,1868.386352026571,57.75260208665691,1.0299252955723401,1.9896989949215504,Medium,4,4,8,1
2065,2025-05-27,P005,LED Desk Lamp,Home,S01,Chennai,23,3264.370216653804,2,75080.5149830375,0,0,Tuesday,June,Q2,0,No_Holiday,0,Summer,Rainy,0,3573.436684924319,102.2184879011135,In-Store,Wholesale,452.9448432890281,65.28740433307608,3199.082812320728,-309.06646827051463,0.913510019759295,0.1387541281250037,Medium,5,1,6,1
2066,2025-05-27,P003,Office Chair,Furniture,S04,Delhi,0,3350.69,15,0.0,1,0,Tuesday,May,Q2,0,No_Holiday,0,Spring,Rainy,0,3481.8,98.8,In-Store,Wholesale,9393.73,502.6035,2848.0865,-131.11000000000013,0.9623441897868918,2.8035210658103256,Medium,3,4,5,1
2067,2025-05-27,P006,Running Shoes,Apparel,S04,Delhi,28,1993.563340621614,0,55819.77353740519,0,1,Tuesday,July,Q3,0,No_Holiday,0,Summer,Cloudy,0,2128.898104470929,95.86739845113085,Wholesale,Corporate,75.12194967334852,0.0,1993.563340621614,-135.33476384931487,0.9364296658608994,0.037682248736538616,Medium,6,4,7,1
2068,2025-05-28,P007,Yoga Mat,Sports,S03,Mumbai,45,940.4077377799473,3,42318.34820009763,0,1,Wednesday,July,Q3,0,No_Holiday,0,Summer,Clear,0,937.2502423433587,104.9663899595494,Wholesale,Corporate,622.0770920663684,28.21223213339842,912.1955056465489,3.157495436588647,1.0033688926328725,0.6614972070890517,Low,7,3,7,2
2069,2025-05-28,P008,Coffee Maker,Appliances,S03,Mumbai,41,3892.92,15,135668.26,1,1,Wednesday,May,Q2,0,No_Holiday,0,Spring,Cloudy,0,4111.49,99.16,Online,Corporate,4191.61,583.938,3308.982,-218.5699999999997,0.946839223736407,1.076726467535937,High,8,3,5,2
2070,2025-05-29,P005,LED Desk Lamp,Home,S03,Mumbai,3,2951.321300754623,22,8853.96390226387,1,0,Thursday,August,Q3,0,No_Holiday,0,Summer,Sunny,0,3214.117519805269,106.9451414680888,Online,Corporate,9191.721284772815,649.290686166017,2302.0306145886057,-262.79621905064596,0.9182368978634708,3.1144427692174976,Medium,5,3,8,3
2071,2025-05-29,P008,Coffee Maker,Appliances,S02,Bengaluru,1,4751.331205807008,24,4751.331205807008,1,0,Thursday,November,Q4,0,No_Holiday,0,Autumn,Sunny,0,5135.996414748609,104.6493567174893,In-Store,Corporate,3425.164466468379,1140.3194893936818,3611.011716413326,-384.6652089416011,0.9251040737028183,0.7208852252358651,High,8,2,11,3
2072,2025-05-29,P001,Wireless Mouse,Electronics,S03,Mumbai,0,4786.91,0,0.0,0,1,Thursday,May,Q2,0,No_Holiday,0,Spring,Sunny,0,5245.9,98.01,In-Store,Retail,322.74,0.0,4786.91,-458.9899999999998,0.9125050039078137,0.06742136367719469,High,1,3,5,3
2073,2025-05-30,P002,Bluetooth Speaker,Electronics,S02,Bengaluru,51,2795.03,5,135419.2,1,1,Friday,May,Q2,0,No_Holiday,0,Spring,Clear,0,3025.68,105.73,Online,Retail,1192.74,139.75150000000002,2655.2785000000003,-230.64999999999964,0.9237692022950214,0.4267360278780549,Medium,2,2,5,4
2074,2025-05-30,P005,LED Desk Lamp,Home,S03,Mumbai,37,3776.032861586985,0,139713.2158787184,1,1,Friday,September,Q3,0,No_Holiday,0,Autumn,Stormy,0,3864.90845195878,110.329435789415,In-Store,Wholesale,6838.265037884378,0.0,3776.032861586985,-88.87559037179517,0.9770044772142658,1.8109654466858647,High,5,3,9,4
2075,2025-05-30,P005,LED Desk Lamp,Home,S02,Bengaluru,85,1580.581708705072,4,134349.4452399311,1,1,Friday,January,Q1,0,No_Holiday,1,Winter,Sunny,1,1709.597042686167,102.5909655164766,In-Store,Retail,9282.438712271738,63.22326834820288,1517.358440356869,-129.01533398109495,0.9245346530440983,5.872799021492277,Low,5,2,1,4
2076,2025-05-30,P002,Bluetooth Speaker,Electronics,S04,Delhi,47,4467.816922491254,14,209987.395357089,1,1,Friday,November,Q4,0,No_Holiday,0,Autumn,Stormy,1,4295.510604666092,95.3420040871729,Online,Retail,10378.05783962515,625.4943691487756,3842.322553342479,172.3063178251623,1.040113116619475,2.3228476053665927,High,2,4,11,4
2077,2025-05-30,P006,Running Shoes,Apparel,S01,Chennai,18,3957.011395345081,4,71226.20511621147,0,1,Friday,December,Q4,0,No_Holiday,1,Winter,Clear,0,4193.412056751751,97.37589634322389,Wholesale,Wholesale,94.30284804348648,158.28045581380323,3798.7309395312777,-236.40066140667022,0.9436257018849257,0.023831836358728143,High,6,1,12,4
2078,2025-05-31,P001,Wireless Mouse,Electronics,S01,Chennai,19,3476.756216558887,3,66058.36811461886,0,1,Saturday,July,Q3,0,No_Holiday,0,Summer,Cloudy,0,3810.821134619882,103.6663177860826,Wholesale,Corporate,488.8814770705924,104.30268649676663,3372.4535300621205,-334.06491806099484,0.9123378121775015,0.14061425265946945,High,1,1,7,5
2079,2025-05-31,P003,Office Chair,Furniture,S02,Bengaluru,69,945.6450593746536,12,65249.50909685109,1,1,Saturday,January,Q1,0,No_Holiday,0,Winter,Rainy,0,1017.462262724791,105.6628673380306,In-Store,Wholesale,4788.134810647151,113.47740712495843,832.1676522496952,-71.81720335013745,0.9294153641061742,5.063353065909847,Low,3,2,1,5
2080,2025-05-31,P005,LED Desk Lamp,Home,S04,Delhi,84,290.07,5,23147.59,1,1,Saturday,May,Q2,0,No_Holiday,1,Spring,Sunny,0,299.62,99.0,Wholesale,Corporate,9093.87,14.503499999999999,275.5665,-9.550000000000011,0.9681262933048528,31.350605026372946,Low,5,4,5,5
2081,2025-06-01,P001,Wireless Mouse,Electronics,S04,Delhi,50,2495.07,5,118515.83,1,1,Sunday,June,Q2,0,No_Holiday,1,Summer,Clear,0,2247.21,109.31,In-Store,Retail,5888.82,124.7535,2370.3165000000004,247.86000000000013,1.1102967679923106,2.3601822794550853,Medium,1,4,6,6
2082,2025-06-01,P003,Office Chair,Furniture,S04,Delhi,53,4139.585358752096,17,219398.0240138611,1,1,Sunday,December,Q4,0,No_Holiday,0,Winter,Rainy,0,4229.872933547551,97.65300674611728,Online,Wholesale,7212.977055817601,703.7295109878563,3435.8558477642396,-90.28757479545493,0.9786547784735151,1.7424395031660846,High,3,4,12,6
2083,2025-06-02,P004,Notebook Pack,Stationery,S03,Mumbai,79,917.0289681246334,15,72445.28848184603,1,1,Monday,September,Q3,0,No_Holiday,1,Autumn,Cloudy,0,922.8582040875315,105.17652995892,In-Store,Retail,802.3156956042528,137.554345218695,779.4746229059383,-5.82923596289811,0.9936834977062791,0.8749076893885103,Low,4,3,9,0
2084,2025-06-02,P006,Running Shoes,Apparel,S03,Mumbai,39,3472.81,5,128667.61,1,1,Monday,June,Q2,0,No_Holiday,0,Summer,Sunny,0,3496.86,109.41,Online,Corporate,7724.3,173.6405,3299.1695,-24.050000000000182,0.9931224012399695,2.2242218837195242,High,6,3,6,0
2085,2025-06-02,P001,Wireless Mouse,Electronics,S02,Bengaluru,42,4558.320797633544,2,191449.4735006089,1,1,Monday,September,Q3,0,No_Holiday,0,Autumn,Cloudy,0,4151.310814116024,104.6464825561387,Wholesale,Corporate,1824.498506341084,91.16641595267089,4467.1543816808735,407.0099835175206,1.0980437268473209,0.40025671455336664,High,1,2,9,0
2086,2025-06-02,P003,Office Chair,Furniture,S03,Mumbai,6,1910.659795005185,9,11463.95877003111,1,0,Monday,November,Q4,0,No_Holiday,1,Autumn,Stormy,0,1815.584531247703,106.5923242003984,Online,Retail,3302.947236953986,171.95938155046665,1738.7004134547185,95.07526375748216,1.0523662005933399,1.7286945826716484,Medium,3,3,11,0
2087,2025-06-03,P008,Coffee Maker,Appliances,S01,Chennai,42,1103.214052834663,0,46334.99021905584,0,1,Tuesday,September,Q3,0,No_Holiday,0,Autumn,Sunny,0,1059.597143151984,105.0911699304919,In-Store,Retail,559.3306950263997,0.0,1103.214052834663,43.61690968267908,1.0411636724056577,0.5070010607544587,Low,8,1,9,1
2088,2025-06-03,P007,Yoga Mat,Sports,S02,Bengaluru,48,864.6178300128591,3,41501.65584061724,0,1,Tuesday,August,Q3,0,No_Holiday,0,Summer,Rainy,0,816.8776500495668,99.31846263584826,In-Store,Corporate,292.5274731282902,25.938534900385775,838.6792951124734,47.74017996329235,1.0584422648365952,0.33833152980888626,Low,7,2,8,1
2089,2025-06-03,P005,LED Desk Lamp,Home,S02,Bengaluru,61,1047.77,0,63913.97,1,1,Tuesday,June,Q2,0,No_Holiday,0,Summer,Cloudy,0,1130.85,104.46,In-Store,Corporate,1306.19,0.0,1047.77,-83.07999999999993,0.9265331387894062,1.2466380980558711,Low,5,2,6,1
2090,2025-06-03,P005,LED Desk Lamp,Home,S02,Bengaluru,49,1728.676712410469,2,84705.15890811296,0,1,Tuesday,December,Q4,0,No_Holiday,0,Winter,Clear,1,1562.751517818268,95.79778291600745,Wholesale,Wholesale,367.6535857216247,34.57353424820938,1694.1031781622596,165.92519459220102,1.1061750333948461,0.21267920316284478,Medium,5,2,12,1
2091,2025-06-03,P001,Wireless Mouse,Electronics,S01,Chennai,83,680.6592670426438,16,56494.71916453943,1,1,Tuesday,August,Q3,0,No_Holiday,0,Summer,Sunny,0,745.8124444174179,96.98980068103272,In-Store,Retail,10049.96358571125,108.90548272682301,571.7537843158208,-65.15317737477403,0.91264133782902,14.765043351832617,Low,1,1,8,1
2092,2025-06-04,P003,Office Chair,Furniture,S01,Chennai,59,3069.411591959753,14,181095.2839256254,1,1,Wednesday,June,Q2,0,No_Holiday,0,Summer,Clear,0,3143.008753891632,106.3339074513192,In-Store,Corporate,401.0757138528285,429.7176228743654,2639.6939690853874,-73.59716193187887,0.9765838507955945,0.13066859944864884,Medium,3,1,6,2
2093,2025-06-04,P007,Yoga Mat,Sports,S03,Mumbai,94,2048.39636755142,15,192549.2585498334,1,1,Wednesday,November,Q4,0,No_Holiday,1,Autumn,Sunny,0,2009.535834320135,97.46664023358225,Online,Retail,7754.965123201826,307.259455132713,1741.1369124187072,38.86053323128499,1.0193380643268959,3.785871350900624,Medium,7,3,11,2
2094,2025-06-04,P008,Coffee Maker,Appliances,S02,Bengaluru,0,871.73,0,0.0,0,0,Wednesday,June,Q2,0,No_Holiday,0,Summer,Rainy,0,852.34,106.89,Wholesale,Corporate,249.84,0.0,871.73,19.389999999999986,1.0227491376680666,0.2866025030686107,Low,8,2,6,2
2095,2025-06-04,P008,Coffee Maker,Appliances,S03,Mumbai,7,4751.257701551436,19,33258.80391086005,1,0,Wednesday,September,Q3,0,No_Holiday,0,Autumn,Rainy,0,5090.63217048589,106.7499669660298,In-Store,Corporate,8144.578779034247,902.7389632947728,3848.5187382566633,-339.37446893445394,0.9333335315597824,1.7141942808900439,High,8,3,9,2
2096,2025-06-05,P001,Wireless Mouse,Electronics,S03,Mumbai,14,2219.233864066842,13,31069.27409693579,1,0,Thursday,October,Q4,0,No_Holiday,1,Autumn,Cloudy,0,2385.041225514642,94.86658470484788,In-Store,Wholesale,6086.599571188383,288.50040232868946,1930.7334617381528,-165.80736144779985,0.9304802954036897,2.7426580270519243,Medium,1,3,10,3
2097,2025-06-05,P003,Office Chair,Furniture,S04,Delhi,82,1676.260878039124,14,137453.3919992082,1,1,Thursday,October,Q4,0,No_Holiday,1,Autumn,Rainy,0,1742.756585866695,109.1267095352776,Wholesale,Corporate,8283.85394888668,234.67652292547737,1441.5843551136466,-66.4957078275711,0.9618445235744142,4.941864394387743,Low,3,4,10,3
2098,2025-06-05,P006,Running Shoes,Apparel,S03,Mumbai,37,982.1853387947931,0,36340.85753540735,0,1,Thursday,October,Q4,0,No_Holiday,0,Autumn,Sunny,0,904.1236230458667,107.6923770728794,Online,Retail,641.5435462538289,0.0,982.1853387947931,78.06171574892642,1.0863396484276646,0.6531797217020625,Low,6,3,10,3
2099,2025-06-05,P008,Coffee Maker,Appliances,S01,Chennai,51,377.8,0,19267.8,0,1,Thursday,June,Q2,0,No_Holiday,0,Summer,Stormy,0,356.01,104.81,Wholesale,Corporate,470.04,0.0,377.8,21.79000000000002,1.0612061458947784,1.244150344097406,Low,8,1,6,3
2100,2025-06-06,P003,Office Chair,Furniture,S02,Bengaluru,0,4639.12,0,0.0,0,1,Friday,June,Q2,0,No_Holiday,0,Summer,Sunny,0,5016.91,104.28,Online,Wholesale,324.39,0.0,4639.12,-377.78999999999996,0.9246966758423013,0.06992489954991464,High,3,2,6,4
2101,2025-06-06,P007,Yoga Mat,Sports,S03,Mumbai,45,3208.069388265865,10,144363.1224719639,1,1,Friday,September,Q3,0,No_Holiday,1,Autumn,Stormy,0,2943.36892411077,102.6721466599161,Wholesale,Retail,3127.560628190307,320.80693882658653,2887.2624494392785,264.70046415509523,1.0899311200803905,0.9749042959076775,Medium,7,3,9,4
2102,2025-06-06,P002,Bluetooth Speaker,Electronics,S01,Chennai,37,4044.104289515775,6,149631.8587120837,1,1,Friday,August,Q3,0,No_Holiday,0,Summer,Cloudy,0,3793.235542006556,97.04580812881896,Wholesale,Corporate,5807.063970869771,242.64625737094647,3801.4580321448284,250.8687475092188,1.066135821182492,1.4359332883487745,High,2,1,8,4
2103,2025-06-07,P001,Wireless Mouse,Electronics,S04,Delhi,4,3381.806437565511,0,13527.22575026205,0,1,Saturday,September,Q3,0,No_Holiday,0,Autumn,Cloudy,0,3670.755161796541,101.3474255550387,Wholesale,Corporate,190.8735124231972,0.0,3381.806437565511,-288.94872423103016,0.9212835747700446,0.05644128839041507,High,1,4,9,5
2104,2025-06-07,P001,Wireless Mouse,Electronics,S02,Bengaluru,32,3236.77,0,103576.64,0,1,Saturday,June,Q2,0,No_Holiday,1,Summer,Clear,0,3453.86,95.96,Online,Retail,248.57,0.0,3236.77,-217.09000000000015,0.9371456862756452,0.07679569447319395,Medium,1,2,6,5
2105,2025-06-07,P002,Bluetooth Speaker,Electronics,S02,Bengaluru,1,1158.544685190821,8,1158.544685190821,1,0,Saturday,March,Q1,0,No_Holiday,0,Spring,Sunny,0,1101.391606176005,102.7364142700975,In-Store,Corporate,4645.819885609243,92.68357481526567,1065.8611103755552,57.15307901481583,1.0518916965540073,4.010048075827168,Low,2,2,3,5
2106,2025-06-08,P001,Wireless Mouse,Electronics,S01,Chennai,41,4289.855964154603,12,175884.0945303387,1,1,Sunday,November,Q4,0,No_Holiday,0,Autumn,Cloudy,0,4619.168705257111,108.8437349402723,In-Store,Wholesale,1206.774794471003,514.7827156985524,3775.0732484560504,-329.31274110250797,0.9287073579434943,0.2813089307787099,High,1,1,11,6
2107,2025-06-08,P004,Notebook Pack,Stationery,S01,Chennai,36,4061.38,5,138899.2,1,1,Sunday,June,Q2,0,No_Holiday,1,Summer,Stormy,0,3753.37,105.26,Wholesale,Retail,3555.1,203.06900000000002,3858.311,308.0100000000002,1.0820622533882884,0.8753428637556692,High,4,1,6,6
2108,2025-06-08,P001,Wireless Mouse,Electronics,S01,Chennai,45,2143.109999518793,4,96439.9499783457,0,1,Sunday,November,Q4,0,No_Holiday,0,Autumn,Clear,1,2201.743584794151,108.6339304925308,Wholesale,Retail,566.034770853242,85.72439998075171,2057.3855995380413,-58.6335852753582,0.973369476046031,0.2641183938203534,Medium,1,1,11,6
2109,2025-06-08,P006,Running Shoes,Apparel,S04,Delhi,15,3573.512296876731,2,53602.68445315097,1,1,Sunday,March,Q1,0,No_Holiday,0,Spring,Rainy,0,3604.547345795904,102.1398355045194,Wholesale,Retail,5865.404818356767,71.47024593753461,3502.0420509391965,-31.035048919173278,0.9913900287770195,1.6413557114335837,High,6,4,3,6
2110,2025-06-08,P008,Coffee Maker,Appliances,S01,Chennai,45,1103.520425514418,0,49658.41914814879,0,1,Sunday,September,Q3,0,No_Holiday,0,Autumn,Sunny,0,1054.73639849195,105.8653307747466,In-Store,Retail,926.3318251725151,0.0,1103.520425514418,48.78402702246808,1.0462523404826258,0.8394333296918318,Low,8,1,9,6
2111,2025-06-08,P008,Coffee Maker,Appliances,S02,Bengaluru,63,333.6373090962145,1,21019.15047306151,0,1,Sunday,July,Q3,0,No_Holiday,0,Summer,Cloudy,0,307.1883522943118,105.3845751496163,In-Store,Corporate,0.0,3.336373090962145,330.30093600525237,26.448956801902682,1.0861001291369354,0.0,Low,8,2,7,6
2112,2025-06-09,P004,Notebook Pack,Stationery,S01,Chennai,5,3046.81,0,15234.05,0,1,Monday,June,Q2,0,No_Holiday,0,Summer,Cloudy,0,3203.75,97.52,In-Store,Wholesale,82.5,0.0,3046.81,-156.94000000000005,0.9510136558720249,0.02707750073027199,Medium,4,1,6,0
2113,2025-06-09,P004,Notebook Pack,Stationery,S03,Mumbai,25,2906.006372859821,2,72650.15932149552,0,1,Monday,October,Q4,0,No_Holiday,0,Autumn,Cloudy,1,2865.996382677979,106.3759614387496,Online,Wholesale,0.0,58.120127457196425,2847.886245402625,40.00999018184211,1.0139602375019248,0.0,Medium,4,3,10,0
2114,2025-06-10,P002,Bluetooth Speaker,Electronics,S02,Bengaluru,65,3887.047536343058,14,252658.0898622987,1,1,Tuesday,September,Q3,0,No_Holiday,1,Autumn,Cloudy,0,3710.869196805725,109.7827678138868,Online,Corporate,4443.794833000818,544.186655088028,3342.8608812550297,176.1783395373327,1.0474763000778862,1.1432314093028944,High,2,2,9,1
2115,2025-06-10,P003,Office Chair,Furniture,S04,Delhi,2,704.1909264148768,0,1408.381852829754,1,0,Tuesday,February,Q1,0,No_Holiday,0,Winter,Sunny,0,739.2499636674037,103.1865518987977,Online,Retail,2795.140392877703,0.0,704.1909264148768,-35.05903725252688,0.9525748542771653,3.969293394773075,Low,3,4,2,1
2116,2025-06-10,P006,Running Shoes,Apparel,S04,Delhi,21,3579.687306425726,1,75173.43343494025,0,1,Tuesday,June,Q2,0,No_Holiday,0,Summer,Cloudy,1,3241.976763149098,101.8078128086843,In-Store,Wholesale,874.823395333792,35.79687306425726,3543.8904333614687,337.71054327662796,1.1041680949460577,0.24438542264946947,High,6,4,6,1
2117,2025-06-10,P004,Notebook Pack,Stationery,S01,Chennai,0,840.18,20,0.0,1,0,Tuesday,June,Q2,0,No_Holiday,0,Summer,Stormy,0,758.79,102.3,Online,Retail,2204.42,168.03599999999997,672.144,81.38999999999999,1.1072628790574468,2.6237472922469,Low,4,1,6,1
2118,2025-06-10,P007,Yoga Mat,Sports,S04,Delhi,61,2654.460226117988,3,161922.0737931973,1,1,Tuesday,August,Q3,0,No_Holiday,1,Summer,Sunny,0,2643.833279195867,98.29990174441897,Online,Retail,1611.221582450776,79.63380678353964,2574.8264193344485,10.626946922121078,1.004019522337412,0.6069865227580015,Medium,7,4,8,1
2119,2025-06-10,P003,Office Chair,Furniture,S02,Bengaluru,57,2682.804819719333,10,152919.874724002,1,1,Tuesday,August,Q3,0,No_Holiday,0,Summer,Cloudy,1,2646.794930244113,101.5178766524332,In-Store,Wholesale,2746.079539402112,268.2804819719333,2414.5243377474,36.00988947522001,1.0136050923567013,1.023585286271179,Medium,3,2,8,1
2120,2025-06-11,P002,Bluetooth Speaker,Electronics,S03,Mumbai,73,2197.87,20,128355.61,1,1,Wednesday,June,Q2,0,No_Holiday,0,Summer,Rainy,0,2040.98,99.06,In-Store,Corporate,2772.91,439.57399999999996,1758.2959999999998,156.88999999999987,1.0768699350312105,1.2616351285562841,Medium,2,3,6,2
2121,2025-06-11,P005,LED Desk Lamp,Home,S04,Delhi,43,1747.734771104222,13,75152.59515748156,1,1,Wednesday,March,Q1,0,No_Holiday,0,Spring,Sunny,0,1716.2285018827,99.95498213283362,In-Store,Corporate,5924.172299284039,227.2055202435489,1520.529250860673,31.50626922152219,1.0183578522247823,3.3896289055009965,Medium,5,4,3,2
2122,2025-06-11,P008,Coffee Maker,Appliances,S04,Delhi,68,4024.516201030256,16,273667.1016700574,1,1,Wednesday,April,Q2,0,No_Holiday,1,Spring,Stormy,0,4127.381714821462,108.5149264842833,Wholesale,Corporate,5205.197005068969,643.9225921648409,3380.5936088654153,-102.86551379120601,0.9750772957534276,1.2933721086118288,High,8,4,4,2
2123,2025-06-11,P003,Office Chair,Furniture,S01,Chennai,18,2824.689294150292,2,50844.40729470526,0,0,Wednesday,October,Q4,0,No_Holiday,0,Autumn,Clear,0,2943.068591723714,101.7580159079079,Wholesale,Retail,0.0,56.49378588300584,2768.195508267286,-118.37929757342181,0.9597769151876652,0.0,Medium,3,1,10,2
2124,2025-06-12,P006,Running Shoes,Apparel,S01,Chennai,10,4771.271770160601,0,47712.71770160601,1,1,Thursday,September,Q3,0,No_Holiday,0,Autumn,Sunny,0,4795.358589301869,99.05859869648052,In-Store,Retail,10117.39048903187,0.0,4771.271770160601,-24.08681914126828,0.9949770556898488,2.1204808647257836,High,6,1,9,3
2125,2025-06-12,P004,Notebook Pack,Stationery,S04,Delhi,1,1996.616797018202,0,1996.616797018202,1,0,Thursday,August,Q3,0,No_Holiday,0,Summer,Clear,0,1939.820849431761,94.89333945746787,Online,Corporate,4826.435209467423,0.0,1996.616797018202,56.795947586441116,1.0292789654276984,2.4173067243926543,Medium,4,4,8,3
2126,2025-06-12,P003,Office Chair,Furniture,S01,Chennai,59,3062.11,15,153564.82,1,1,Thursday,June,Q2,0,No_Holiday,0,Summer,Clear,0,3140.0,106.74,In-Store,Corporate,543.42,459.3165,2602.7935,-77.88999999999987,0.9751942675159236,0.17746586504077252,Medium,3,1,6,3
2127,2025-06-13,P006,Running Shoes,Apparel,S04,Delhi,92,249.3182109888068,1,22937.27541097022,1,1,Friday,July,Q3,0,No_Holiday,0,Summer,Sunny,1,274.960865747459,109.5817181146569,Wholesale,Wholesale,2218.563389249211,2.493182109888068,246.82502887891874,-25.642654758652213,0.9067407113046989,8.898521212912176,Low,6,4,7,4
2128,2025-06-13,P004,Notebook Pack,Stationery,S02,Bengaluru,65,764.04,10,44696.34,1,1,Friday,June,Q2,0,No_Holiday,0,Summer,Clear,0,819.47,109.8,Wholesale,Retail,4910.05,76.404,687.636,-55.430000000000064,0.9323587196602682,6.4264305533741695,Low,4,2,6,4
2129,2025-06-13,P002,Bluetooth Speaker,Electronics,S02,Bengaluru,52,2792.222322894671,7,145195.5607905229,1,1,Friday,May,Q2,0,No_Holiday,0,Spring,Clear,0,3020.687867075028,105.7726298146371,Online,Retail,1494.830693164704,195.45556260262697,2596.7667602920437,-228.46554418035703,0.9243663846666874,0.5353551831843486,Medium,2,2,5,4
2130,2025-06-13,P002,Bluetooth Speaker,Electronics,S01,Chennai,1,2909.396469692451,1,2909.396469692451,0,0,Friday,October,Q4,0,No_Holiday,0,Autumn,Cloudy,0,2768.745230434743,105.2317057044952,Wholesale,Wholesale,0.0,29.09396469692451,2880.3025049955263,140.65123925770786,1.0507996321624806,0.0,Medium,2,1,10,4
2131,2025-06-14,P002,Bluetooth Speaker,Electronics,S02,Bengaluru,3,3677.397649456656,3,11032.19294836997,1,0,Saturday,December,Q4,0,No_Holiday,0,Winter,Sunny,0,3535.666506778989,104.252477780994,Wholesale,Retail,9244.967796583302,110.32192948369968,3567.0757199729564,141.73114267766687,1.0400861173999085,2.513997309469447,High,2,2,12,5
2132,2025-06-14,P003,Office Chair,Furniture,S01,Chennai,28,2092.791143112061,1,58598.15200713771,0,1,Saturday,December,Q4,0,No_Holiday,0,Winter,Cloudy,1,2008.57038441337,108.6009209767691,Wholesale,Wholesale,182.7623370829672,20.92791143112061,2071.8632316809403,84.22075869869104,1.0419306982479923,0.08732946796171574,Medium,3,1,12,5
2133,2025-06-14,P004,Notebook Pack,Stationery,S03,Mumbai,61,454.73,0,27738.53,0,1,Saturday,June,Q2,0,No_Holiday,1,Summer,Stormy,0,423.79,108.84,Online,Wholesale,182.1,0.0,454.73,30.939999999999998,1.073007857665353,0.4004574142897983,Low,4,3,6,5
2134,2025-06-15,P004,Notebook Pack,Stationery,S04,Delhi,63,1406.63,10,79755.92,1,1,Sunday,June,Q2,0,No_Holiday,1,Summer,Sunny,0,1474.27,108.87,Online,Retail,7962.17,140.663,1265.967,-67.63999999999987,0.954119666004192,5.660457974023019,Low,4,4,6,6
2135,2025-06-15,P001,Wireless Mouse,Electronics,S03,Mumbai,1,4783.620778845199,0,4783.620778845199,0,1,Sunday,May,Q2,0,No_Holiday,0,Spring,Sunny,0,5239.700778782661,97.58158800167166,In-Store,Retail,613.1532898452643,0.0,4783.620778845199,-456.07999993746125,0.9129568616238002,0.1281776541645686,High,1,3,5,6
2136,2025-06-16,P008,Coffee Maker,Appliances,S01,Chennai,0,540.13,0,0.0,1,0,Monday,June,Q2,0,No_Holiday,0,Summer,Clear,0,531.39,106.21,In-Store,Retail,7900.27,0.0,540.13,8.740000000000009,1.016447430324244,14.626608409086701,Low,8,1,6,0
2137,2025-06-16,P001,Wireless Mouse,Electronics,S01,Chennai,23,2089.73905985213,3,48063.99837659898,0,1,Monday,September,Q3,0,No_Holiday,0,Autumn,Stormy,0,2257.35573675862,109.844231187682,Wholesale,Wholesale,0.0,62.6921717955639,2027.0468880565663,-167.61667690648983,0.9257464500711909,0.0,Medium,1,1,9,0
2138,2025-06-17,P005,LED Desk Lamp,Home,S01,Chennai,52,3544.176915149556,9,184297.1995877769,1,1,Tuesday,August,Q3,0,No_Holiday,0,Summer,Cloudy,0,3582.944219913835,99.89862713257466,Online,Corporate,1308.304920855109,318.97592236346003,3225.200992786096,-38.76730476427883,0.9891800423381386,0.36914210328010716,High,5,1,8,1
2139,2025-06-17,P006,Running Shoes,Apparel,S02,Bengaluru,71,670.71,15,40477.35,1,1,Tuesday,June,Q2,0,No_Holiday,0,Summer,Rainy,0,723.21,96.1,Wholesale,Corporate,1016.22,100.60650000000001,570.1035,-52.5,0.9274069772265318,1.515140671825379,Low,6,2,6,1
2140,2025-06-17,P005,LED Desk Lamp,Home,S02,Bengaluru,71,2428.026003581409,8,172389.8462542801,1,1,Tuesday,September,Q3,0,No_Holiday,0,Autumn,Rainy,1,2548.207611698739,98.80494393553586,Online,Corporate,679.2635706106714,194.24208028651273,2233.7839232948963,-120.18160811733014,0.9528368067163836,0.2797595946702127,Medium,5,2,9,1
2141,2025-06-17,P008,Coffee Maker,Appliances,S03,Mumbai,13,4587.815313200644,0,59641.59907160837,0,1,Tuesday,July,Q3,0,No_Holiday,0,Summer,Sunny,1,4926.988959419241,105.8214432797526,Online,Corporate,0.0,0.0,4587.815313200644,-339.17364621859724,0.9311600555608761,0.0,High,8,3,7,1
2142,2025-06-18,P007,Yoga Mat,Sports,S01,Chennai,39,771.4704163967015,0,30087.34623947136,0,1,Wednesday,December,Q4,0,No_Holiday,0,Winter,Clear,0,807.8295594093662,99.61585860109092,In-Store,Wholesale,529.0827561115991,0.0,771.4704163967015,-36.35914301266473,0.9549915664892874,0.6858108164183148,Low,7,1,12,2
2143,2025-06-18,P004,Notebook Pack,Stationery,S04,Delhi,27,3471.454659949841,2,93729.2758186457,1,1,Wednesday,May,Q2,0,No_Holiday,0,Spring,Cloudy,0,3496.813787343257,101.4780938334855,In-Store,Corporate,4424.079311971756,69.42909319899681,3402.025566750844,-25.359127393416202,0.9927479331369592,1.2744165617406278,High,4,4,5,2
2144,2025-06-18,P007,Yoga Mat,Sports,S02,Bengaluru,9,3112.20948044338,0,28009.88532399042,1,0,Wednesday,January,Q1,0,No_Holiday,1,Winter,Clear,0,3334.312574248046,102.6936789897446,Online,Retail,4775.535334978074,0.0,3112.20948044338,-222.10309380466606,0.9333886404292031,1.5344517664979702,Medium,7,2,1,2
2145,2025-06-18,P008,Coffee Maker,Appliances,S01,Chennai,41,253.3180949903835,0,10386.04189460572,0,1,Wednesday,September,Q3,0,No_Holiday,0,Autumn,Rainy,0,259.4567912051277,105.7538049191223,In-Store,Retail,0.0,0.0,253.3180949903835,-6.138696214744158,0.9763401983573794,0.0,Low,8,1,9,2
2146,2025-06-18,P002,Bluetooth Speaker,Electronics,S03,Mumbai,74,2192.053597008809,21,162211.9661786518,1,1,Wednesday,June,Q2,0,No_Holiday,0,Summer,Rainy,0,2050.117989577751,98.59693557767318,In-Store,Corporate,2339.947707031537,460.3312553718499,1731.722341636959,141.9356074310581,1.069232896912578,1.0674682910237863,Medium,2,3,6,2
2147,2025-06-18,P007,Yoga Mat,Sports,S02,Bengaluru,62,1237.59,10,69057.52,1,1,Wednesday,June,Q2,0,No_Holiday,0,Summer,Rainy,0,1206.28,101.87,Online,Wholesale,3906.61,123.759,1113.831,31.309999999999945,1.0259558311503134,3.1566269927843633,Low,7,2,6,2
2148,2025-06-19,P004,Notebook Pack,Stationery,S04,Delhi,63,1414.015549684915,9,89082.97963014962,1,1,Thursday,June,Q2,0,No_Holiday,1,Summer,Sunny,0,1476.88086407486,108.7689314098721,Online,Retail,7520.114539262793,127.26139947164235,1286.7541502132726,-62.86531438994507,0.9574337267689328,5.318268629322004,Low,4,4,6,3
2149,2025-06-19,P001,Wireless Mouse,Electronics,S02,Bengaluru,13,2997.46849727736,0,38967.09046460568,0,1,Thursday,July,Q3,0,No_Holiday,0,Summer,Sunny,0,3026.091219149287,101.3264121248528,Wholesale,Retail,715.2764539046736,0.0,2997.46849727736,-28.622721871927297,0.9905413552338406,0.23862684613845606,Medium,1,2,7,3
2150,2025-06-19,P005,LED Desk Lamp,Home,S02,Bengaluru,32,1812.28,0,57992.96,0,1,Thursday,June,Q2,0,No_Holiday,0,Summer,Rainy,0,1939.74,101.88,Online,Corporate,109.93,0.0,1812.28,-127.46000000000004,0.9342901625991112,0.06065839715717219,Medium,5,2,6,3
2151,2025-06-19,P006,Running Shoes,Apparel,S03,Mumbai,53,4739.989160797439,19,251219.4255222642,1,1,Thursday,August,Q3,0,No_Holiday,0,Summer,Clear,1,4448.413370441609,97.03533159809167,In-Store,Retail,9800.44774470957,900.5979405515133,3839.3912202459255,291.57579035582967,1.0655460196872135,2.0676097375422646,High,6,3,8,3
2152,2025-06-20,P006,Running Shoes,Apparel,S01,Chennai,44,2925.805308650693,4,128735.4335806305,0,1,Friday,December,Q4,0,No_Holiday,1,Winter,Cloudy,1,2994.536977277593,104.0443834121068,Wholesale,Wholesale,31.01016310477269,117.03221234602772,2808.773096304665,-68.73166862690005,0.9770476473830737,0.010598847097954644,Medium,6,1,12,4
2153,2025-06-20,P005,LED Desk Lamp,Home,S01,Chennai,58,3537.231326898037,2,205159.4169600861,1,1,Friday,June,Q2,0,No_Holiday,0,Summer,Rainy,1,3875.441483788337,95.57991702677927,In-Store,Wholesale,5511.851837015789,70.74462653796074,3466.486700360076,-338.2101568902999,0.9127299023078808,1.5582390088830829,High,5,1,6,4
2154,2025-06-20,P002,Bluetooth Speaker,Electronics,S04,Delhi,52,4782.762643413701,23,248703.6574575125,1,1,Friday,December,Q4,0,No_Holiday,0,Winter,Rainy,0,4604.72998463483,106.7820284246006,Wholesale,Corporate,1538.34211578651,1100.0354079851513,3682.7272354285496,178.03265877887134,1.0386629963913052,0.3216429980912699,High,2,4,12,4
2155,2025-06-20,P005,LED Desk Lamp,Home,S02,Bengaluru,0,3989.83,15,0.0,1,0,Friday,June,Q2,0,No_Holiday,0,Summer,Rainy,1,4364.98,107.83,Online,Corporate,8641.25,598.4744999999999,3391.3555,-375.14999999999964,0.9140545890244629,2.1658190950491627,High,5,2,6,4
2156,2025-06-20,P002,Bluetooth Speaker,Electronics,S03,Mumbai,2,370.8979558640328,16,741.7959117280657,1,0,Friday,March,Q1,0,No_Holiday,0,Spring,Stormy,0,402.1486056748224,108.6906928053601,In-Store,Corporate,8858.592729754917,59.34367293824525,311.55428292578756,-31.25064981078964,0.9222907915884733,23.884177816828903,Low,2,3,3,4
2157,2025-06-21,P008,Coffee Maker,Appliances,S02,Bengaluru,72,3039.59,20,175080.38,1,1,Saturday,June,Q2,0,No_Holiday,1,Summer,Cloudy,0,3179.42,106.04,Online,Retail,3609.31,607.918,2431.672,-139.82999999999993,0.9560202804285058,1.187433173553012,Medium,8,2,6,5
2158,2025-06-21,P003,Office Chair,Furniture,S01,Chennai,52,3028.651453674709,13,157489.8755910849,1,1,Saturday,November,Q4,0,No_Holiday,0,Autumn,Rainy,0,3275.395087434941,107.4933905752461,Wholesale,Wholesale,8308.725339529205,393.7246889777122,2634.926764696997,-246.74363376023211,0.9246675203529525,2.743374556833901,Medium,3,1,11,5
2159,2025-06-22,P008,Coffee Maker,Appliances,S03,Mumbai,86,2415.937638939797,22,207770.6369488225,1,1,Sunday,February,Q1,0,No_Holiday,0,Winter,Cloudy,0,2596.910318870984,109.1961322157612,Online,Corporate,8001.58688934536,531.5062805667553,1884.4313583730418,-180.97267993118703,0.9303123105114136,3.312000591561938,Medium,8,3,2,6
2160,2025-06-22,P004,Notebook Pack,Stationery,S02,Bengaluru,37,4586.02,0,169682.74,1,1,Sunday,June,Q2,0,No_Holiday,1,Summer,Sunny,0,4800.17,102.56,In-Store,Wholesale,4246.04,0.0,4586.02,-214.14999999999964,0.9553869967105333,0.9258660014566006,High,4,2,6,6
2161,2025-06-22,P001,Wireless Mouse,Electronics,S01,Chennai,40,4294.745398823084,15,171789.8159529234,1,1,Sunday,November,Q4,0,No_Holiday,0,Autumn,Cloudy,0,4627.225111203472,109.5249886569975,In-Store,Wholesale,1384.808491702657,644.2118098234625,3650.5335889996213,-332.47971238038826,0.928147063436489,0.3224425112795149,High,1,1,11,6
2162,2025-06-22,P008,Coffee Maker,Appliances,S03,Mumbai,12,4757.249700697635,14,57086.99640837162,1,0,Sunday,September,Q3,0,No_Holiday,0,Autumn,Rainy,0,5091.145658666717,106.8468515365272,In-Store,Corporate,7955.735592509276,666.0149580976689,4091.2347425999656,-333.8959579690827,0.9344163415555224,1.6723392911964647,High,8,3,9,6
2163,2025-06-23,P004,Notebook Pack,Stationery,S01,Chennai,71,1789.044792232776,11,127022.1802485271,1,1,Monday,June,Q2,0,No_Holiday,0,Summer,Cloudy,0,1615.251574558201,100.1477010368024,In-Store,Wholesale,7133.637395801823,196.79492714560536,1592.2498650871707,173.7932176745751,1.1075951389938192,3.9874001069022156,Medium,4,1,6,0
2164,2025-06-23,P002,Bluetooth Speaker,Electronics,S01,Chennai,68,4141.337525677027,19,281610.9517460378,1,1,Monday,July,Q3,0,No_Holiday,1,Summer,Clear,0,4312.261534120842,109.5124065516858,Online,Wholesale,237.730623104059,786.8541298786351,3354.483395798392,-170.92400844381518,0.9603632555466833,0.05740430999166018,High,2,1,7,0
2165,2025-06-23,P002,Bluetooth Speaker,Electronics,S04,Delhi,20,2577.37,0,51547.4,0,1,Monday,June,Q2,0,No_Holiday,0,Summer,Rainy,0,2504.38,98.59,Online,Retail,239.89,0.0,2577.37,72.98999999999978,1.0291449380685038,0.09307549944323089,Medium,2,4,6,0
2166,2025-06-23,P008,Coffee Maker,Appliances,S02,Bengaluru,60,4368.960735511404,18,262137.6441306842,1,1,Monday,February,Q1,0,No_Holiday,0,Winter,Stormy,1,4428.888204263618,107.5398606715406,Online,Retail,2109.655681187478,786.4129323920528,3582.547803119351,-59.92746875221383,0.9864689588022288,0.48287357312231244,High,8,2,2,0
2167,2025-06-24,P006,Running Shoes,Apparel,S03,Mumbai,55,1148.388831995088,2,63161.38575972986,1,1,Tuesday,August,Q3,0,No_Holiday,1,Summer,Rainy,0,1250.118949443488,108.9314408249472,Wholesale,Retail,429.6717547914982,22.967776639901757,1125.4210553551861,-101.73011744840005,0.9186236497785375,0.3741518053994242,Low,6,3,8,1
2168,2025-06-24,P001,Wireless Mouse,Electronics,S01,Chennai,1,2239.706762099903,0,2239.706762099903,1,0,Tuesday,April,Q2,0,No_Holiday,0,Spring,Cloudy,0,2163.95279630493,97.91114201727976,Wholesale,Wholesale,971.7133858216331,0.0,2239.706762099903,75.75396579497283,1.0350072173128393,0.4338574148477253,Medium,1,1,4,1
2169,2025-06-24,P005,LED Desk Lamp,Home,S02,Bengaluru,7,3575.86,20,20024.82,1,0,Tuesday,June,Q2,0,No_Holiday,0,Summer,Clear,0,3916.58,101.96,Online,Wholesale,4350.92,715.172,2860.688,-340.7199999999998,0.9130057345949784,1.2167478592562349,High,5,2,6,1
2170,2025-06-25,P008,Coffee Maker,Appliances,S04,Delhi,74,4018.568396163563,12,297374.0613161037,1,1,Wednesday,April,Q2,0,No_Holiday,1,Spring,Stormy,0,4137.756391567858,108.8028252977678,Wholesale,Corporate,4754.485486833331,482.22820753962765,3536.3401886239353,-119.18799540429518,0.9711950187190375,1.1831291689280021,High,8,4,4,2
2171,2025-06-25,P006,Running Shoes,Apparel,S04,Delhi,17,3578.73,0,60838.41,0,1,Wednesday,June,Q2,0,No_Holiday,0,Summer,Cloudy,1,3244.27,101.39,In-Store,Wholesale,473.05,0.0,3578.73,334.46000000000004,1.1030925292901022,0.13218376351387223,High,6,4,6,2
2172,2025-06-25,P007,Yoga Mat,Sports,S03,Mumbai,7,4537.98587082364,0,31765.90109576548,0,0,Wednesday,September,Q3,0,No_Holiday,0,Autumn,Cloudy,0,4890.562309440304,99.70175171274266,In-Store,Retail,89.07369726009995,0.0,4537.98587082364,-352.57643861666384,0.9279067689340995,0.019628465093465167,High,7,3,9,2
2173,2025-06-25,P001,Wireless Mouse,Electronics,S01,Chennai,38,1766.839148748459,1,67139.88765244145,1,1,Wednesday,July,Q3,0,No_Holiday,0,Summer,Stormy,1,1858.902654537996,105.4599905012472,In-Store,Retail,6213.484789780176,17.668391487484588,1749.1707572609744,-92.0635057895372,0.9504742727841129,3.5167235196149575,Medium,1,1,7,2
2174,2025-06-25,P007,Yoga Mat,Sports,S01,Chennai,41,776.9331747301435,0,31854.26016393588,0,1,Wednesday,December,Q4,0,No_Holiday,0,Winter,Clear,0,793.2036623984519,100.1798930361843,In-Store,Wholesale,0.0,0.0,776.9331747301435,-16.27048766830842,0.9794876291681376,0.0,Low,7,1,12,2
2175,2025-06-26,P008,Coffee Maker,Appliances,S03,Mumbai,70,252.6454035278371,0,17685.1782469486,1,1,Thursday,February,Q1,0,No_Holiday,1,Winter,Clear,0,252.651256232119,103.4026153880466,Online,Corporate,9349.15964417403,0.0,252.6454035278371,-0.005852704281920751,0.999976834849867,37.005065255991944,Low,8,3,2,3
2176,2025-06-26,P003,Office Chair,Furniture,S04,Delhi,50,1858.587501492703,0,92929.37507463513,1,1,Thursday,July,Q3,0,No_Holiday,0,Summer,Cloudy,0,1706.243951244471,108.2330855497538,Online,Wholesale,6821.54956428902,0.0,1858.587501492703,152.34355024823208,1.0892859137388404,3.6702870103292806,Medium,3,4,7,3
2177,2025-06-26,P004,Notebook Pack,Stationery,S01,Chennai,4,3178.19,0,12712.76,0,0,Thursday,June,Q2,0,No_Holiday,0,Summer,Cloudy,0,2930.91,100.48,Wholesale,Retail,182.79,0.0,3178.19,247.2800000000002,1.0843697008778843,0.057513867956289585,Medium,4,1,6,3
2178,2025-06-26,P003,Office Chair,Furniture,S03,Mumbai,27,4736.453588806563,1,127884.2468977772,1,1,Thursday,December,Q4,0,No_Holiday,1,Winter,Cloudy,0,4653.497158499041,105.4021228626678,In-Store,Wholesale,5968.275156530029,47.36453588806563,4689.089052918497,82.95643030752217,1.0178266854973819,1.2600725510399957,High,3,3,12,3
2179,2025-06-27,P003,Office Chair,Furniture,S01,Chennai,78,2891.64,20,180438.34,1,1,Friday,June,Q2,0,No_Holiday,0,Summer,Rainy,0,2740.48,96.7,In-Store,Wholesale,9421.91,578.328,2313.312,151.15999999999985,1.05515822045773,3.2583274543165817,Medium,3,1,6,4
2180,2025-06-28,P005,LED Desk Lamp,Home,S04,Delhi,86,289.6016695371957,7,24905.74358019883,1,1,Saturday,May,Q2,0,No_Holiday,1,Spring,Sunny,0,309.1838154039571,99.10273382314952,Wholesale,Corporate,9374.129921759632,20.272116867603696,269.329552669592,-19.582145866761437,0.9366650358422648,32.36904654845453,Low,5,4,5,5
2181,2025-06-28,P004,Notebook Pack,Stationery,S02,Bengaluru,38,1738.23,0,66052.74,1,1,Saturday,June,Q2,0,No_Holiday,1,Summer,Sunny,0,1694.01,101.79,Wholesale,Wholesale,8380.82,0.0,1738.23,44.22000000000003,1.0261037420086068,4.821467814961196,Medium,4,2,6,5
2182,2025-06-28,P002,Bluetooth Speaker,Electronics,S04,Delhi,52,1860.993944178571,0,96771.68509728569,1,1,Saturday,August,Q3,0,No_Holiday,1,Summer,Sunny,0,1770.261148013633,104.9391298396935,Wholesale,Retail,8823.156962550844,0.0,1860.993944178571,90.73279616493801,1.0512539046946532,4.741099233638463,Medium,2,4,8,5
2183,2025-06-29,P002,Bluetooth Speaker,Electronics,S01,Chennai,37,4029.760478020159,10,149101.1376867459,1,1,Sunday,August,Q3,0,No_Holiday,0,Summer,Cloudy,0,3785.04650160277,97.13883347703408,Wholesale,Corporate,5950.907541604874,402.9760478020159,3626.7844302181434,244.71397641738895,1.0646528322211537,1.476739765071244,High,2,1,8,6
2184,2025-06-29,P001,Wireless Mouse,Electronics,S01,Chennai,83,2358.437967946519,20,195750.3513395611,1,1,Sunday,April,Q2,0,No_Holiday,0,Spring,Rainy,1,2395.216059342492,109.7451762501581,Online,Wholesale,4358.014166999682,471.68759358930384,1886.7503743572154,-36.77809139597275,0.9846451883734996,1.8478392165617077,Medium,1,1,4,6
2185,2025-06-29,P008,Coffee Maker,Appliances,S03,Mumbai,30,2369.5,0,71085.0,0,1,Sunday,June,Q2,0,No_Holiday,1,Summer,Stormy,0,2170.54,108.47,In-Store,Retail,54.68,0.0,2369.5,198.96000000000004,1.0916638255917883,0.023076598438489134,Medium,8,3,6,6
2186,2025-06-29,P004,Notebook Pack,Stationery,S02,Bengaluru,37,4585.366721265992,2,169658.5686868417,1,1,Sunday,June,Q2,0,No_Holiday,1,Summer,Sunny,0,4794.362545103125,102.1984498771931,In-Store,Wholesale,4723.091775148015,91.70733442531984,4493.659386840673,-208.99582383713278,0.9564080058879575,1.030035777344325,High,4,2,6,6
2187,2025-06-30,P002,Bluetooth Speaker,Electronics,S01,Chennai,106,2646.302391301538,19,280508.053477963,1,1,Monday,October,Q4,0,No_Holiday,0,Autumn,Clear,1,2718.22787120066,99.23354054563995,Online,Corporate,1297.422633814305,502.7974543472922,2143.5049369542457,-71.92547989912191,0.9735395694153662,0.49027754276267355,Medium,2,1,10,0
2188,2025-06-30,P007,Yoga Mat,Sports,S04,Delhi,21,2555.067631615879,0,53656.42026393345,0,1,Monday,August,Q3,0,No_Holiday,0,Summer,Cloudy,0,2426.351305991973,102.825930301654,Online,Corporate,105.4907583305222,0.0,2555.067631615879,128.71632562390596,1.0530493359745705,0.04128687515946794,Medium,7,4,8,0
2189,2025-06-30,P005,LED Desk Lamp,Home,S04,Delhi,33,1585.230798769557,4,52312.6163593954,0,1,Monday,April,Q2,0,No_Holiday,0,Spring,Rainy,0,1633.408102614823,98.74816956936796,In-Store,Corporate,318.9902220187996,63.40923195078228,1521.8215668187747,-48.177303845266124,0.9705050417172891,0.20122635913104717,Low,5,4,4,0
2190,2025-06-30,P005,LED Desk Lamp,Home,S01,Chennai,54,3545.99,5,181909.29,1,1,Monday,June,Q2,0,No_Holiday,0,Summer,Rainy,1,3866.62,95.34,In-Store,Wholesale,5643.63,177.29949999999997,3368.6904999999997,-320.6300000000001,0.9170774474864352,1.5915527116545733,High,5,1,6,0
2191,2025-06-30,P001,Wireless Mouse,Electronics,S01,Chennai,41,3764.228993248443,0,154333.3887231862,1,1,Monday,December,Q4,0,No_Holiday,0,Winter,Cloudy,1,3804.049607487164,103.846453079614,Wholesale,Retail,2919.948889841243,0.0,3764.228993248443,-39.82061423872074,0.9895320465431509,0.7757096858555871,High,1,1,12,0
2192,2025-07-01,P003,Office Chair,Furniture,S04,Delhi,52,1864.16,5,92089.5,1,1,Tuesday,July,Q3,0,No_Holiday,0,Summer,Cloudy,0,1701.21,108.08,Online,Wholesale,6624.38,93.20800000000001,1770.952,162.95000000000005,1.0957847649614099,3.5535469058449918,Medium,3,4,7,1
2193,2025-07-01,P005,LED Desk Lamp,Home,S02,Bengaluru,59,2913.745713854225,12,171910.9971173993,1,1,Tuesday,July,Q3,0,No_Holiday,0,Summer,Clear,0,2830.990961139687,106.5891704934946,Wholesale,Wholesale,1548.599023027495,349.649485662507,2564.096228191718,82.75475271453797,1.029231726222546,0.5314804979941264,Medium,5,2,7,1
2194,2025-07-02,P006,Running Shoes,Apparel,S02,Bengaluru,54,747.4291840139775,6,40361.17593675479,1,1,Wednesday,November,Q4,0,No_Holiday,0,Autumn,Cloudy,0,777.3076522489589,101.78273105598,In-Store,Wholesale,9182.24192281447,44.84575104083865,702.5834329731389,-29.87846823498137,0.9615615925707988,12.285099537460333,Low,6,2,11,2
2195,2025-07-02,P007,Yoga Mat,Sports,S03,Mumbai,76,3347.65,20,203537.12,1,1,Wednesday,July,Q3,0,No_Holiday,0,Summer,Stormy,1,3458.7,102.95,Wholesale,Corporate,4851.07,669.53,2678.12,-111.04999999999973,0.9678925607887358,1.4490971278359446,Medium,7,3,7,2
2196,2025-07-02,P007,Yoga Mat,Sports,S02,Bengaluru,61,1233.154848513309,13,75222.44575931184,1,1,Wednesday,June,Q2,0,No_Holiday,0,Summer,Rainy,0,1199.920540665119,101.9789311912002,Online,Wholesale,4395.786759541586,160.31013030673017,1072.8447182065788,33.23430784818993,1.0276970905338183,3.5646672961154438,Low,7,2,6,2
2197,2025-07-03,P003,Office Chair,Furniture,S03,Mumbai,35,1024.34,0,35851.9,0,1,Thursday,July,Q3,0,No_Holiday,0,Summer,Cloudy,0,1079.6,95.71,In-Store,Corporate,227.96,0.0,1024.34,-55.25999999999999,0.9488143756947017,0.22254329617119317,Low,3,3,7,3
2198,2025-07-03,P007,Yoga Mat,Sports,S04,Delhi,4,416.9721165723837,0,1667.888466289535,0,0,Thursday,April,Q2,0,No_Holiday,0,Spring,Rainy,0,445.0524401304141,98.05185926637323,Wholesale,Retail,294.9200534357101,0.0,416.9721165723837,-28.080323558030386,0.9369055845423474,0.7072896285248701,Low,7,4,4,3
2199,2025-07-03,P007,Yoga Mat,Sports,S03,Mumbai,81,1105.171366973901,14,89518.88072488595,1,1,Thursday,January,Q1,0,No_Holiday,0,Winter,Clear,1,1022.768134122425,94.70401110198718,Wholesale,Retail,7184.634515512849,154.72399137634613,950.4473755975549,82.4032328514761,1.080568830903381,6.500923504003987,Low,7,3,1,3
2200,2025-07-04,P003,Office Chair,Furniture,S02,Bengaluru,15,3616.7,0,54250.5,0,1,Friday,July,Q3,0,No_Holiday,0,Summer,Rainy,0,3427.12,95.62,In-Store,Wholesale,63.24,0.0,3616.7,189.57999999999993,1.0553175844440814,0.017485553128542594,High,3,2,7,4
2201,2025-07-04,P007,Yoga Mat,Sports,S03,Mumbai,55,4156.836253079974,18,228625.9939193986,1,1,Friday,August,Q3,0,No_Holiday,0,Summer,Cloudy,1,3941.927357593609,98.29440622302553,Online,Retail,580.0728461299335,748.2305255543953,3408.605727525579,214.90889548636505,1.0545187356312822,0.1395467155339913,High,7,3,8,4
2202,2025-07-05,P005,LED Desk Lamp,Home,S03,Mumbai,78,1085.58,10,76207.72,1,1,Saturday,July,Q3,0,No_Holiday,1,Summer,Cloudy,0,1009.14,101.73,Online,Wholesale,3364.82,108.55799999999999,977.0219999999999,76.43999999999994,1.075747666329746,3.0995596823817686,Low,5,3,7,5
2203,2025-07-05,P003,Office Chair,Furniture,S02,Bengaluru,72,4447.746243093829,19,320237.7295027557,1,1,Saturday,November,Q4,0,No_Holiday,1,Autumn,Cloudy,1,4226.932107970404,97.76166620413316,Online,Corporate,9392.99702105103,845.0717861878276,3602.674456906002,220.81413512342533,1.0522398111640008,2.111855422425653,High,3,2,11,5
2204,2025-07-05,P007,Yoga Mat,Sports,S03,Mumbai,36,4685.93233399531,21,168693.5640238312,1,1,Saturday,October,Q4,0,No_Holiday,0,Autumn,Rainy,0,4781.681915986295,107.4083932802061,Wholesale,Corporate,9290.659707464376,984.045790139015,3701.886543856295,-95.74958199098546,0.9799757525336699,1.9826704794823602,High,7,3,10,5
2205,2025-07-06,P001,Wireless Mouse,Electronics,S04,Delhi,68,4669.13,20,254000.67,1,1,Sunday,July,Q3,0,No_Holiday,1,Summer,Stormy,0,4347.94,109.55,Wholesale,Wholesale,3647.17,933.826,3735.304,321.1900000000005,1.0738717645597686,0.7811241066322848,High,1,4,7,6
2206,2025-07-06,P003,Office Chair,Furniture,S03,Mumbai,38,490.7820613948048,0,18649.71833300258,0,1,Sunday,October,Q4,0,No_Holiday,0,Autumn,Clear,0,537.9945061812855,100.5645510377786,Wholesale,Corporate,764.7936573765135,0.0,490.7820613948048,-47.21244478648066,0.9122436302898385,1.5583162416388374,Low,3,3,10,6
2207,2025-07-06,P004,Notebook Pack,Stationery,S02,Bengaluru,63,630.6970206065142,1,39733.91229821039,1,1,Sunday,December,Q4,0,No_Holiday,0,Winter,Sunny,0,672.2925518447136,105.1551568535096,Online,Retail,9170.801733212349,6.3069702060651425,624.3900504004491,-41.59553123819933,0.9381288233462282,14.540740535595337,Low,4,2,12,6
2208,2025-07-06,P006,Running Shoes,Apparel,S02,Bengaluru,56,3396.275963750341,19,190191.4539700191,1,1,Sunday,November,Q4,0,No_Holiday,0,Autumn,Clear,0,3646.622078105257,103.327787990864,In-Store,Wholesale,3497.087376279473,645.2924331125647,2750.9835306377763,-250.34611435491615,0.93134848937102,1.0296829273018824,High,6,2,11,6
2209,2025-07-06,P003,Office Chair,Furniture,S03,Mumbai,40,3498.253515984567,11,139930.1406393826,1,1,Sunday,March,Q1,0,No_Holiday,0,Spring,Stormy,0,3615.500334015776,103.5798101772619,Online,Corporate,932.0733027076737,384.80788675830235,3113.445629226265,-117.24681803120893,0.9675710670171668,0.2664396100650659,High,3,3,3,6
2210,2025-07-06,P005,LED Desk Lamp,Home,S04,Delhi,40,2531.67161812685,3,101266.864725074,1,1,Sunday,August,Q3,0,No_Holiday,0,Summer,Sunny,0,2357.762176169575,96.84284335375493,In-Store,Corporate,6992.687307874205,75.9501485438055,2455.7214695830444,173.9094419572748,1.073760383347827,2.7620830670954084,Medium,5,4,8,6
2211,2025-07-07,P003,Office Chair,Furniture,S02,Bengaluru,41,2517.120714637791,1,103201.9493001494,1,1,Monday,March,Q1,0,No_Holiday,0,Spring,Clear,0,2534.563748154182,109.8032447724352,Wholesale,Retail,2902.36689593848,25.17120714637791,2491.949507491413,-17.443033516391097,0.9931179345837744,1.153050340041449,Medium,3,2,3,0
2212,2025-07-07,P001,Wireless Mouse,Electronics,S02,Bengaluru,13,2998.147713166239,3,38975.9202711611,0,1,Monday,July,Q3,0,No_Holiday,0,Summer,Sunny,0,3017.946419839243,101.3321623084101,Wholesale,Retail,0.0,89.94443139498716,2908.203281771252,-19.798706673003835,0.9934396758859428,0.0,Medium,1,2,7,0
2213,2025-07-07,P005,LED Desk Lamp,Home,S04,Delhi,2,4500.69,20,7201.1,1,0,Monday,July,Q3,0,No_Holiday,0,Summer,Rainy,1,4706.41,108.83,In-Store,Wholesale,1567.0,900.1379999999999,3600.5519999999997,-205.72000000000025,0.9562894010509071,0.3481688363339844,High,5,4,7,0
2214,2025-07-07,P008,Coffee Maker,Appliances,S01,Chennai,70,873.9171815243899,6,61174.20270670729,1,1,Monday,July,Q3,0,No_Holiday,0,Summer,Cloudy,0,857.0755636048125,107.730330468141,In-Store,Corporate,1177.028979021964,52.43503089146339,821.4821506329265,16.841617919577402,1.0196500969514781,1.3468427030680992,Low,8,1,7,0
2215,2025-07-08,P005,LED Desk Lamp,Home,S02,Bengaluru,4,743.106033803667,17,2972.424135214668,1,0,Tuesday,December,Q4,0,No_Holiday,0,Winter,Sunny,1,735.1075248426248,103.1474254718861,In-Store,Wholesale,1631.288412158551,126.32802574662338,616.7780080570435,7.998508961042148,1.0108807333495253,2.1952296683807404,Low,5,2,12,1
2216,2025-07-08,P008,Coffee Maker,Appliances,S01,Chennai,74,869.23,10,57890.72,1,1,Tuesday,July,Q3,0,No_Holiday,0,Summer,Cloudy,0,852.13,107.61,In-Store,Corporate,1378.57,86.92299999999999,782.307,17.100000000000023,1.020067360613991,1.5859668902361859,Low,8,1,7,1
2217,2025-07-08,P001,Wireless Mouse,Electronics,S04,Delhi,45,2679.006191531173,7,120555.2786189028,1,1,Tuesday,November,Q4,0,No_Holiday,0,Autumn,Sunny,0,2425.148343444621,105.9935377909469,Wholesale,Retail,9180.379494306466,187.5304334071821,2491.475758123991,253.85784808655217,1.104677245320993,3.426785471167375,Medium,1,4,11,1
2218,2025-07-09,P001,Wireless Mouse,Electronics,S02,Bengaluru,17,3000.47,0,51007.99,0,1,Wednesday,July,Q3,0,No_Holiday,0,Summer,Sunny,0,3023.52,101.68,Wholesale,Retail,487.92,0.0,3000.47,-23.050000000000182,0.9923764354130284,0.1626145237246165,Medium,1,2,7,2
2219,2025-07-09,P008,Coffee Maker,Appliances,S04,Delhi,38,1303.488915873303,4,49532.57880318553,0,1,Wednesday,September,Q3,0,No_Holiday,0,Autumn,Clear,0,1322.945070868443,99.51729342931988,Wholesale,Corporate,481.8761060143682,52.13955663493212,1251.3493592383709,-19.45615499513997,0.9852933009664807,0.3696817825961519,Low,8,4,9,2
2220,2025-07-10,P004,Notebook Pack,Stationery,S02,Bengaluru,68,763.8737833008914,11,51943.41726446062,1,1,Thursday,June,Q2,0,No_Holiday,0,Summer,Clear,0,811.0424764884909,110.2939489635322,Wholesale,Retail,5070.479880137302,84.02611616309805,679.8476671377933,-47.1686931875995,0.9418418953939105,6.637850376572001,Low,4,2,6,3
2221,2025-07-10,P007,Yoga Mat,Sports,S02,Bengaluru,0,2554.23,10,0.0,1,0,Thursday,July,Q3,0,No_Holiday,0,Summer,Clear,0,2762.88,100.42,Online,Wholesale,8611.14,255.423,2298.807,-208.6500000000001,0.9244809763724808,3.371325213469421,Medium,7,2,7,3
2222,2025-07-10,P004,Notebook Pack,Stationery,S01,Chennai,76,3454.403627937724,15,262534.675723267,1,1,Thursday,November,Q4,0,No_Holiday,1,Autumn,Rainy,0,3321.579481456677,96.4008768614366,Wholesale,Wholesale,3702.266383688192,518.1605441906586,2936.2430837470656,132.82414648104714,1.039988248730028,1.0717526908974564,High,4,1,11,3
2223,2025-07-11,P006,Running Shoes,Apparel,S04,Delhi,17,3571.543888055036,0,60716.24609693561,0,1,Friday,June,Q2,0,No_Holiday,0,Summer,Cloudy,1,3236.180290965821,101.6342666028073,In-Store,Wholesale,545.1232739058239,0.0,3571.543888055036,335.3635970892151,1.1036294541516807,0.15262958848944258,High,6,4,6,4
2224,2025-07-11,P006,Running Shoes,Apparel,S04,Delhi,27,1989.59,0,53718.93,0,1,Friday,July,Q3,0,No_Holiday,0,Summer,Cloudy,0,2138.53,96.31,Wholesale,Corporate,370.76,0.0,1989.59,-148.94000000000028,0.9303540282343478,0.1863499514975447,Medium,6,4,7,4
2225,2025-07-11,P001,Wireless Mouse,Electronics,S01,Chennai,15,3494.964206584287,2,52424.46309876431,0,1,Friday,July,Q3,0,No_Holiday,0,Summer,Cloudy,0,3813.154962688824,103.7455899207506,Wholesale,Corporate,8.773730990385957,69.89928413168573,3425.064922452601,-318.1907561045373,0.9165544649462222,0.0025103922305861714,High,1,1,7,4
2226,2025-07-12,P007,Yoga Mat,Sports,S03,Mumbai,76,2572.696154664096,16,195524.9077544713,1,1,Saturday,May,Q2,0,No_Holiday,0,Spring,Sunny,0,2736.607350330974,108.4530404780921,Wholesale,Retail,7398.936203224155,411.6313847462554,2161.0647699178407,-163.91119566687803,0.9401042332042797,2.8759463840339112,Medium,7,3,5,5
2227,2025-07-12,P002,Bluetooth Speaker,Electronics,S03,Mumbai,10,4246.002941777682,14,42460.02941777682,1,0,Saturday,December,Q4,0,No_Holiday,0,Winter,Sunny,0,4611.97135832726,96.20763968309295,Online,Corporate,690.1065367882538,594.4404118488756,3651.5625299288067,-365.96841654957734,0.9206481592976952,0.1625308663821428,High,2,3,12,5
2228,2025-07-12,P005,LED Desk Lamp,Home,S01,Chennai,8,1570.492644928481,0,12563.94115942785,0,0,Saturday,May,Q2,0,No_Holiday,1,Spring,Sunny,0,1499.101684028749,104.5506038482602,In-Store,Corporate,242.6207057935812,0.0,1570.492644928481,71.39096089973191,1.047622493964434,0.15448700544829994,Low,5,1,5,5
2229,2025-07-12,P007,Yoga Mat,Sports,S01,Chennai,58,1314.223010665149,1,76224.93461857864,1,1,Saturday,August,Q3,0,No_Holiday,0,Summer,Cloudy,1,1351.730242996606,106.7736727887469,Wholesale,Corporate,4095.733809728869,13.14223010665149,1301.0807805584975,-37.50723233145686,0.9722524279339135,3.1164678874827745,Low,7,1,8,5
2230,2025-07-12,P007,Yoga Mat,Sports,S04,Delhi,92,1585.44,20,116688.38,1,1,Saturday,July,Q3,0,No_Holiday,1,Summer,Stormy,0,1691.83,103.97,Online,Retail,3380.7,317.088,1268.352,-106.38999999999987,0.9371154312194488,2.1323418104753253,Low,7,4,7,5
2231,2025-07-12,P002,Bluetooth Speaker,Electronics,S01,Chennai,1,3756.134046868556,0,3756.134046868556,0,1,Saturday,March,Q1,0,No_Holiday,0,Spring,Sunny,0,3889.203747858149,96.55096279832789,In-Store,Corporate,153.8603413710059,0.0,3756.134046868556,-133.069700989593,0.9657848470749631,0.040962420257412646,High,2,1,3,5
2232,2025-07-12,P008,Coffee Maker,Appliances,S04,Delhi,87,1168.163213504837,10,101630.1995749208,1,1,Saturday,August,Q3,0,No_Holiday,0,Summer,Stormy,1,1111.552714800774,99.70714497338248,Wholesale,Wholesale,483.7734516367892,116.81632135048369,1051.346892154353,56.61049870406282,1.0509292073603629,0.414131729234415,Low,8,4,8,5
2233,2025-07-13,P006,Running Shoes,Apparel,S01,Chennai,40,4679.13,10,168448.68,1,1,Sunday,July,Q3,0,No_Holiday,1,Summer,Sunny,0,4594.4,108.72,In-Store,Retail,5780.23,467.913,4211.217000000001,84.73000000000047,1.0184420163677521,1.2353215234455976,High,6,1,7,6
2234,2025-07-13,P006,Running Shoes,Apparel,S04,Delhi,1,1631.220749548352,10,1631.220749548352,1,0,Sunday,February,Q1,0,No_Holiday,0,Winter,Sunny,0,1509.480758676811,97.30453340257323,Online,Corporate,5448.620614707983,163.1220749548352,1468.0986745935168,121.73999087154084,1.0806502435832679,3.3402104627571605,Low,6,4,2,6
2235,2025-07-14,P003,Office Chair,Furniture,S02,Bengaluru,64,1092.83,5,66444.06,1,1,Monday,July,Q3,0,No_Holiday,0,Summer,Clear,0,992.78,107.39,Wholesale,Corporate,5193.95,54.64149999999999,1038.1885,100.04999999999995,1.1007776143757932,4.752752029135364,Low,3,2,7,0
2236,2025-07-15,P008,Coffee Maker,Appliances,S02,Bengaluru,63,328.83,0,20716.29,0,1,Tuesday,July,Q3,0,No_Holiday,0,Summer,Cloudy,0,304.11,104.99,In-Store,Corporate,89.69,0.0,328.83,24.71999999999997,1.0812863766400316,0.2727549189550832,Low,8,2,7,1
2237,2025-07-15,P007,Yoga Mat,Sports,S02,Bengaluru,43,4990.194449453604,14,214578.361326505,1,1,Tuesday,October,Q4,0,No_Holiday,1,Autumn,Clear,0,4802.866703631622,105.9286223266829,Online,Retail,4162.004171306168,698.6272229235046,4291.567226530099,187.3277458219818,1.039003319763244,0.8340364716172298,High,7,2,10,1
2238,2025-07-15,P008,Coffee Maker,Appliances,S02,Bengaluru,43,3748.745287144425,2,161196.0473472103,0,1,Tuesday,February,Q1,0,No_Holiday,1,Winter,Sunny,1,3856.437715855097,97.96681002077855,In-Store,Wholesale,334.7932442485456,74.97490574288851,3673.7703814015367,-107.69242871067172,0.9720746355456715,0.08930808006525605,High,8,2,2,1
2239,2025-07-15,P004,Notebook Pack,Stationery,S02,Bengaluru,4,4910.931384520272,0,19643.72553808109,0,1,Tuesday,February,Q1,0,No_Holiday,0,Winter,Clear,0,5178.23842182625,102.0970348064435,Online,Corporate,783.279790585136,0.0,4910.931384520272,-267.30703730597725,0.9483787698574714,0.15949719701930862,High,4,2,2,1
2240,2025-07-16,P006,Running Shoes,Apparel,S02,Bengaluru,24,3227.501692060099,0,77460.04060944237,0,1,Wednesday,February,Q1,0,No_Holiday,1,Winter,Stormy,0,3031.811054196707,108.3511668331947,Wholesale,Retail,827.7071078765019,0.0,3227.501692060099,195.69063786339166,1.0645457894193346,0.2564544303455285,Medium,6,2,2,2
2241,2025-07-16,P008,Coffee Maker,Appliances,S03,Mumbai,7,4371.816859893945,6,30602.71801925761,1,0,Wednesday,February,Q1,0,No_Holiday,0,Winter,Rainy,0,4392.286329031721,101.9932938171441,In-Store,Wholesale,3539.743938374436,262.3090115936367,4109.507848300308,-20.469469137776287,0.9953396778797231,0.8096734268187772,High,8,3,2,2
2242,2025-07-16,P004,Notebook Pack,Stationery,S01,Chennai,64,772.9,0,49465.6,1,1,Wednesday,July,Q3,0,No_Holiday,0,Summer,Clear,0,785.43,103.48,In-Store,Wholesale,7016.17,0.0,772.9,-12.529999999999973,0.9840469551710528,9.077720274291629,Low,4,1,7,2
2243,2025-07-17,P007,Yoga Mat,Sports,S03,Mumbai,80,3134.496390643113,16,250759.711251449,1,1,Thursday,November,Q4,0,No_Holiday,1,Autumn,Stormy,0,2890.733464174082,101.5610613713049,Online,Retail,2581.632434440447,501.51942250289807,2632.976968140215,243.76292646903084,1.084325632055004,0.8236195269348409,Medium,7,3,11,3
2244,2025-07-17,P002,Bluetooth Speaker,Electronics,S03,Mumbai,51,2660.12,10,122099.51,1,1,Thursday,July,Q3,0,No_Holiday,0,Summer,Cloudy,0,2703.56,97.19,In-Store,Wholesale,1787.23,266.01199999999994,2394.108,-43.440000000000055,0.9839322966754945,0.6718606679397923,Medium,2,3,7,3
2245,2025-07-17,P005,LED Desk Lamp,Home,S01,Chennai,2,1572.799139439631,0,3145.598278879261,0,0,Thursday,May,Q2,0,No_Holiday,1,Spring,Sunny,0,1503.92840368035,104.6217811836567,In-Store,Corporate,290.9215962564647,0.0,1572.799139439631,68.87073575928116,1.0457938925754335,0.18497059730088386,Low,5,1,5,3
2246,2025-07-18,P003,Office Chair,Furniture,S01,Chennai,67,1508.82,5,96036.39,1,1,Friday,July,Q3,0,No_Holiday,0,Summer,Sunny,0,1445.95,104.58,Online,Wholesale,2341.24,75.44099999999999,1433.379,62.86999999999989,1.0434800650091633,1.5517026550549435,Low,3,1,7,4
2247,2025-07-18,P001,Wireless Mouse,Electronics,S01,Chennai,66,4099.51994190306,17,270568.316165602,1,1,Friday,November,Q4,0,No_Holiday,0,Autumn,Cloudy,0,4355.673034696382,99.39856166244522,Wholesale,Retail,1005.00629364779,696.9183901235201,3402.6015517795395,-256.1530927933227,0.9411909271534248,0.24515219047361209,High,1,1,11,4
2248,2025-07-18,P001,Wireless Mouse,Electronics,S01,Chennai,87,1803.067220332475,0,156866.8481689253,1,1,Friday,September,Q3,0,No_Holiday,1,Autumn,Clear,1,1865.556932000179,107.088020361601,Online,Corporate,4824.142997202218,0.0,1803.067220332475,-62.48971166770389,0.9665034550295365,2.6755203260323674,Medium,1,1,9,4
2249,2025-07-19,P004,Notebook Pack,Stationery,S04,Delhi,28,3475.167438901584,5,97304.68828924437,1,1,Saturday,May,Q2,0,No_Holiday,0,Spring,Cloudy,0,3502.820865540853,101.6127266081569,In-Store,Corporate,4469.189620880888,173.7583719450792,3301.409066956505,-27.653426639269128,0.9921053837176457,1.286035766464677,High,4,4,5,5
2250,2025-07-19,P008,Coffee Maker,Appliances,S02,Bengaluru,33,3148.415230548501,0,103897.7026081005,1,1,Saturday,March,Q1,0,No_Holiday,1,Spring,Sunny,0,3165.78193291746,96.46594272330177,Online,Retail,8555.31561183284,0.0,3148.415230548501,-17.366702368959068,0.9945142455365034,2.717340307854621,Medium,8,2,3,5
2251,2025-07-19,P008,Coffee Maker,Appliances,S01,Chennai,72,867.30221559685,6,62445.7595229732,1,1,Saturday,July,Q3,0,No_Holiday,0,Summer,Cloudy,0,847.847713618947,108.0007539502631,In-Store,Corporate,917.9052371946841,52.038132935811,815.2640826610391,19.454501977903078,1.02294575035753,1.05834531572482,Low,8,1,7,5
2252,2025-07-19,P003,Office Chair,Furniture,S01,Chennai,26,3074.06,0,79925.56,0,1,Saturday,July,Q3,0,No_Holiday,1,Summer,Cloudy,0,3188.07,105.33,Online,Wholesale,290.02,0.0,3074.06,-114.01000000000022,0.9642385518511198,0.09434428735938791,Medium,3,1,7,5
2253,2025-07-20,P003,Office Chair,Furniture,S01,Chennai,35,857.36,0,30007.6,0,1,Sunday,July,Q3,0,No_Holiday,1,Summer,Stormy,0,929.53,97.45,Online,Retail,251.69,0.0,857.36,-72.16999999999996,0.9223586113412154,0.2935639637958384,Low,3,1,7,6
2254,2025-07-21,P004,Notebook Pack,Stationery,S01,Chennai,20,2203.26,0,44065.2,0,1,Monday,July,Q3,0,No_Holiday,0,Summer,Sunny,0,2136.37,105.37,Online,Corporate,444.86,0.0,2203.26,66.89000000000033,1.0313101195017718,0.20190989715240143,Medium,4,1,7,0
2255,2025-07-21,P003,Office Chair,Furniture,S01,Chennai,78,2896.905536552775,18,225958.6318511165,1,1,Monday,June,Q2,0,No_Holiday,0,Summer,Rainy,0,2750.437039958274,97.03744794501367,In-Store,Wholesale,9817.823345411356,521.4429965794995,2375.462539973276,146.46849659450118,1.0532528083597663,3.389072657541416,Medium,3,1,6,0
2256,2025-07-21,P007,Yoga Mat,Sports,S04,Delhi,67,2876.971308674893,6,192757.0776812179,1,1,Monday,September,Q3,0,No_Holiday,0,Autumn,Sunny,0,2646.562631229202,106.9107785936006,Online,Retail,830.8596335853541,172.6182785204936,2704.353030154399,230.40867744569096,1.087059597504661,0.2887966352254102,Medium,7,4,9,0
2257,2025-07-21,P001,Wireless Mouse,Electronics,S01,Chennai,72,4105.917555788608,23,295626.0640167798,1,1,Monday,November,Q4,0,No_Holiday,0,Autumn,Cloudy,0,4349.367416594716,99.82592833403174,Wholesale,Retail,1656.807382472592,944.3610378313799,3161.5565179572286,-243.4498608061076,0.9440263749902478,0.40351696300788853,High,1,1,11,0
2258,2025-07-22,P005,LED Desk Lamp,Home,S01,Chennai,50,4527.951468572073,14,226397.5734286037,1,1,Tuesday,May,Q2,0,No_Holiday,0,Spring,Stormy,0,4556.938197116316,102.3643939373647,Wholesale,Corporate,4906.730671512721,633.9132056000904,3894.038262971983,-28.986728544242396,0.9936389901968419,1.0836535474308204,High,5,1,5,1
2259,2025-07-22,P006,Running Shoes,Apparel,S02,Bengaluru,0,3607.5,0,0.0,0,1,Tuesday,July,Q3,0,No_Holiday,0,Summer,Rainy,0,3743.18,99.61,Online,Retail,490.55,0.0,3607.5,-135.67999999999984,0.9637527449922259,0.13598059598059598,High,6,2,7,1
2260,2025-07-23,P005,LED Desk Lamp,Home,S02,Bengaluru,64,1049.617142216935,0,67175.49710188384,1,1,Wednesday,June,Q2,0,No_Holiday,0,Summer,Cloudy,0,1132.463587395092,104.2620077406757,In-Store,Corporate,1548.176792143802,0.0,1049.617142216935,-82.84644517815696,0.9268440538836913,1.4749919088343402,Low,5,2,6,2
2261,2025-07-23,P007,Yoga Mat,Sports,S01,Chennai,86,573.13,20,39431.34,1,1,Wednesday,July,Q3,0,No_Holiday,0,Summer,Stormy,0,538.32,95.49,Wholesale,Wholesale,6135.17,114.626,458.504,34.809999999999945,1.0646641402883041,10.704674332175946,Low,7,1,7,2
2262,2025-07-23,P007,Yoga Mat,Sports,S03,Mumbai,87,2057.197610589203,23,178976.1921212607,1,1,Wednesday,November,Q4,0,No_Holiday,1,Autumn,Sunny,0,2009.349056082098,97.59998693289832,Online,Retail,7920.859130578654,473.1554504355167,1584.0421601536864,47.848554507105064,1.023812962890779,3.850315151936248,Medium,7,3,11,2
2263,2025-07-23,P008,Coffee Maker,Appliances,S03,Mumbai,43,3557.277690401689,7,152962.9406872726,1,1,Wednesday,February,Q1,0,No_Holiday,0,Winter,Cloudy,0,3323.164275929104,109.2916170177113,Online,Retail,10095.70241532092,249.00943832811822,3308.2682520735707,234.1134144725852,1.070448944148911,2.8380416976052576,High,8,3,2,2
2264,2025-07-23,P007,Yoga Mat,Sports,S03,Mumbai,82,1111.904039035705,15,91176.13120092782,1,1,Wednesday,January,Q1,0,No_Holiday,0,Winter,Clear,1,1030.301564805343,95.59302949841073,Wholesale,Retail,7203.770855351339,166.78560585535575,945.1184331803493,81.60247423036185,1.0792025141161259,6.478770291723003,Low,7,3,1,2
2265,2025-07-23,P005,LED Desk Lamp,Home,S04,Delhi,40,2539.568803061778,5,101582.7521224711,1,1,Wednesday,August,Q3,0,No_Holiday,0,Summer,Sunny,0,2359.995320889893,97.25343874606051,In-Store,Corporate,6989.864546725567,126.97844015308891,2412.5903629086893,179.5734821718852,1.0760906094102647,2.7523824274019995,Medium,5,4,8,2
2266,2025-07-23,P002,Bluetooth Speaker,Electronics,S04,Delhi,48,1856.347864022816,0,89104.69747309518,1,1,Wednesday,August,Q3,0,No_Holiday,1,Summer,Sunny,0,1767.622134340296,105.0667500793508,Wholesale,Retail,9247.224118948683,0.0,1856.347864022816,88.72572968252007,1.0501949641605013,4.9814069324859185,Medium,2,4,8,2
2267,2025-07-24,P005,LED Desk Lamp,Home,S02,Bengaluru,86,1637.377517791515,23,140814.4665300703,1,1,Thursday,December,Q4,0,No_Holiday,0,Winter,Sunny,1,1745.280274630426,97.576916310981,Online,Retail,5536.570143852507,376.59682909204844,1260.7806886994665,-107.90275683891105,0.9381745394092876,3.3813644585276825,Low,5,2,12,3
2268,2025-07-24,P008,Coffee Maker,Appliances,S01,Chennai,5,4560.94,0,22804.7,0,1,Thursday,July,Q3,0,No_Holiday,0,Summer,Sunny,0,4818.52,108.8,Online,Wholesale,450.59,0.0,4560.94,-257.58000000000084,0.9465437520234428,0.09879323121988011,High,8,1,7,3
2269,2025-07-24,P008,Coffee Maker,Appliances,S03,Mumbai,38,3901.17411557452,19,148244.6163918318,1,1,Thursday,May,Q2,0,No_Holiday,0,Spring,Cloudy,0,4115.003346650931,98.67001529585463,Online,Corporate,4296.144771215933,741.2230819591588,3159.951033615361,-213.82923107641136,0.9480366811243446,1.1012440470330678,High,8,3,5,3
2270,2025-07-24,P005,LED Desk Lamp,Home,S01,Chennai,68,1546.340619037599,5,105151.1620945568,1,1,Thursday,December,Q4,0,No_Holiday,1,Winter,Stormy,0,1544.250916044269,103.3908806719315,Online,Wholesale,4241.082325563774,77.31703095187996,1469.023588085719,2.089702993330093,1.0013532146697268,2.7426572602117316,Low,5,1,12,3
2271,2025-07-25,P003,Office Chair,Furniture,S03,Mumbai,13,340.44,0,4425.72,0,0,Friday,July,Q3,0,No_Holiday,0,Summer,Cloudy,0,317.33,102.51,Wholesale,Wholesale,120.91,0.0,340.44,23.110000000000014,1.0728263952352441,0.3551580307836917,Low,3,3,7,4
2272,2025-07-25,P005,LED Desk Lamp,Home,S03,Mumbai,29,3780.081185290174,2,109622.354373415,1,1,Friday,September,Q3,0,No_Holiday,0,Autumn,Stormy,0,3855.258360605804,109.9139432353025,In-Store,Wholesale,7006.563035250569,75.60162370580348,3704.4795615843705,-75.17717531562994,0.9805000940834957,1.8535482948133342,High,5,3,9,4
2273,2025-07-26,P004,Notebook Pack,Stationery,S03,Mumbai,70,958.1948442333918,3,67073.63909633743,0,1,Saturday,January,Q1,0,No_Holiday,0,Winter,Stormy,1,850.5504521348603,108.3381676157194,Online,Corporate,0.0,28.745845327001753,929.44899890639,107.64439209853151,1.126558503176792,0.0,Low,4,3,1,5
2274,2025-07-26,P003,Office Chair,Furniture,S04,Delhi,62,4784.510671129698,18,296639.6616100413,1,1,Saturday,September,Q3,0,No_Holiday,0,Autumn,Sunny,1,4362.183686169157,99.15086834765022,Online,Retail,9226.932357520544,861.2119208033456,3923.298750326352,422.32698496054036,1.0968154977745619,1.9285007374310905,High,3,4,9,5
2275,2025-07-26,P007,Yoga Mat,Sports,S02,Bengaluru,89,906.5209909172128,16,80680.36819163193,1,1,Saturday,February,Q1,0,No_Holiday,0,Winter,Stormy,0,843.6022136709878,102.7296063205297,Wholesale,Wholesale,5613.92312885652,145.04335854675404,761.4776323704588,62.91877724622498,1.074583466267152,6.192821992104545,Low,7,2,2,5
2276,2025-07-26,P005,LED Desk Lamp,Home,S01,Chennai,2,1581.884194766177,3,3163.768389532355,0,0,Saturday,May,Q2,0,No_Holiday,1,Spring,Sunny,0,1492.776766418145,103.9544212671087,In-Store,Corporate,252.6723449498233,47.456525842985315,1534.4276689231917,89.10742834803204,1.0596924003324633,0.15972872463472054,Low,5,1,5,5
2277,2025-07-26,P002,Bluetooth Speaker,Electronics,S01,Chennai,66,4134.02,20,218276.26,1,1,Saturday,July,Q3,0,No_Holiday,1,Summer,Clear,0,4312.45,109.46,Online,Wholesale,541.12,826.8040000000001,3307.2160000000003,-178.42999999999938,0.958624447819685,0.1308943836749701,High,2,1,7,5
2278,2025-07-27,P008,Coffee Maker,Appliances,S03,Mumbai,78,2422.576967375963,17,188961.0034553251,1,1,Sunday,February,Q1,0,No_Holiday,0,Winter,Cloudy,0,2601.864375344138,109.7372461279107,Online,Corporate,7751.221443374647,411.83808445391367,2010.738882922049,-179.2874079681751,0.9310927157975091,3.199576957825392,Medium,8,3,2,6
2279,2025-07-27,P006,Running Shoes,Apparel,S03,Mumbai,3,529.5314440061445,23,1588.594332018434,1,0,Sunday,August,Q3,0,No_Holiday,0,Summer,Stormy,0,482.6504758898858,106.7853067455922,Wholesale,Corporate,4814.120528621739,121.79223212141324,407.7392118847313,46.880968116258714,1.0971323358374858,9.091283592529923,Low,6,3,8,6
2280,2025-07-27,P008,Coffee Maker,Appliances,S01,Chennai,1,213.670173297917,2,213.670173297917,1,0,Sunday,November,Q4,0,No_Holiday,0,Autumn,Cloudy,0,183.5759509488875,109.449698250211,In-Store,Corporate,6317.0584192694,4.2734034659583395,209.39676983195864,30.09422234902948,1.1639333594268484,29.564530798885176,Low,8,1,11,6
2281,2025-07-27,P004,Notebook Pack,Stationery,S03,Mumbai,4,1066.143851034506,0,4264.575404138024,0,0,Sunday,September,Q3,0,No_Holiday,0,Autumn,Clear,0,1075.703725642805,109.3244608323769,Wholesale,Wholesale,285.7121876997916,0.0,1066.143851034506,-9.55987460829897,0.9911129111293295,0.26798652679238166,Low,4,3,9,6
2282,2025-07-27,P002,Bluetooth Speaker,Electronics,S02,Bengaluru,69,4618.29,20,254929.61,1,1,Sunday,July,Q3,0,No_Holiday,1,Summer,Cloudy,1,4327.45,105.1,Online,Retail,8430.05,923.658,3694.632,290.84000000000015,1.0672081710938313,1.825361768100314,High,2,2,7,6
2283,2025-07-28,P003,Office Chair,Furniture,S04,Delhi,55,4183.944387658163,9,230116.9413211989,1,1,Monday,April,Q2,0,No_Holiday,1,Spring,Clear,0,3913.12645453771,103.7682734367443,Wholesale,Wholesale,1506.905946994079,376.55499488923465,3807.389392768928,270.81793312045284,1.0692075598033406,0.3601639523314803,High,3,4,4,0
2284,2025-07-28,P007,Yoga Mat,Sports,S03,Mumbai,73,3353.064572306132,20,244773.7137783476,1,1,Monday,July,Q3,0,No_Holiday,0,Summer,Stormy,1,3449.249703896587,102.7236955159664,Wholesale,Corporate,4620.415879061104,670.6129144612264,2682.4516578449056,-96.18513159045506,0.9721141871863335,1.3779680585999952,Medium,7,3,7,0
2285,2025-07-28,P007,Yoga Mat,Sports,S04,Delhi,59,1228.52,0,72482.68,1,1,Monday,July,Q3,0,No_Holiday,0,Summer,Cloudy,0,1220.14,102.8,In-Store,Corporate,7194.94,0.0,1228.52,8.379999999999882,1.0068680643204877,5.856591671279262,Low,7,4,7,0
2286,2025-07-29,P001,Wireless Mouse,Electronics,S01,Chennai,42,1774.95,0,74547.9,1,1,Tuesday,July,Q3,0,No_Holiday,0,Summer,Stormy,1,1858.79,105.31,In-Store,Retail,5762.2,0.0,1774.95,-83.83999999999992,0.9548953889358132,3.2464013070790725,Medium,1,1,7,1
2287,2025-07-29,P004,Notebook Pack,Stationery,S04,Delhi,1,2193.799117048438,0,2193.799117048438,0,0,Tuesday,April,Q2,0,No_Holiday,0,Spring,Rainy,0,2246.72002687804,105.7155691336706,In-Store,Retail,296.7699073812875,0.0,2193.799117048438,-52.9209098296019,0.9764452583337058,0.13527670107761056,Medium,4,4,4,1
2288,2025-07-29,P006,Running Shoes,Apparel,S02,Bengaluru,53,3407.461741318662,17,180595.4722898891,1,1,Tuesday,November,Q4,0,No_Holiday,0,Autumn,Clear,0,3652.632139024719,103.5160734688275,In-Store,Wholesale,3374.304158048796,579.2684960241726,2828.1932452944893,-245.17039770605697,0.93287843166941,0.9902691252941158,High,6,2,11,1
2289,2025-07-30,P005,LED Desk Lamp,Home,S04,Delhi,56,1106.17,0,61945.52,1,1,Wednesday,July,Q3,0,No_Holiday,0,Summer,Rainy,0,1216.5,102.37,Online,Corporate,4661.55,0.0,1106.17,-110.32999999999993,0.9093053842992191,4.214135259498992,Low,5,4,7,2
2290,2025-07-30,P003,Office Chair,Furniture,S01,Chennai,91,831.260038241222,14,75644.6634799512,1,1,Wednesday,November,Q4,0,No_Holiday,0,Autumn,Rainy,0,815.6303386009465,103.4539444255068,Wholesale,Wholesale,4562.802322000123,116.37640535377108,714.8836328874509,15.629699640275476,1.0191627247057597,5.4890192143172065,Low,3,1,11,2
2291,2025-07-30,P004,Notebook Pack,Stationery,S02,Bengaluru,38,3473.060304560859,7,131976.2915733126,1,1,Wednesday,August,Q3,0,No_Holiday,0,Summer,Stormy,0,3437.638887567456,99.38660941864768,Wholesale,Retail,8662.104948008076,243.11422131926014,3229.946083241599,35.421416993403,1.0103039958971571,2.494084233617513,High,4,2,8,2
2292,2025-07-30,P002,Bluetooth Speaker,Electronics,S04,Delhi,31,1718.120040550703,3,53261.72125707178,0,1,Wednesday,January,Q1,0,No_Holiday,0,Winter,Stormy,1,1583.261410250001,100.7884273718861,In-Store,Retail,392.0396585058818,51.54360121652109,1666.576439334182,134.85863030070186,1.0851777409767143,0.22817943406342125,Medium,2,4,1,2
2293,2025-07-30,P003,Office Chair,Furniture,S03,Mumbai,23,3470.78741997595,2,79828.11065944686,0,1,Wednesday,December,Q4,0,No_Holiday,0,Winter,Rainy,1,3159.377598155341,107.4184442224616,Online,Wholesale,275.734004988871,69.415748399519,3401.371671576431,311.40982182060907,1.0985668259477535,0.07944422162011341,High,3,3,12,2
2294,2025-07-31,P005,LED Desk Lamp,Home,S04,Delhi,75,3143.46442288454,17,235759.8317163405,1,1,Thursday,December,Q4,0,No_Holiday,1,Winter,Stormy,0,2948.16870081198,103.8286431874372,In-Store,Corporate,4290.574698567472,534.3889518903718,2609.0754709941684,195.29572207255978,1.0662430620129615,1.3649191215055358,Medium,5,4,12,3
2295,2025-07-31,P002,Bluetooth Speaker,Electronics,S02,Bengaluru,47,2795.839674040279,2,131404.4646798931,1,1,Thursday,May,Q2,0,No_Holiday,0,Spring,Clear,0,3030.442708988501,105.7324547452574,Online,Retail,1611.162310393891,55.91679348080558,2739.9228805594735,-234.6030349482221,0.9225845668514461,0.5762713525220113,Medium,2,2,5,3
2296,2025-07-31,P003,Office Chair,Furniture,S02,Bengaluru,2,4637.020777702298,0,9274.041555404596,0,1,Thursday,June,Q2,0,No_Holiday,0,Summer,Sunny,0,5013.170201113914,103.7820648276107,Online,Wholesale,79.43304953957966,0.0,4637.020777702298,-376.1494234116162,0.92496775327356,0.01713019055716626,High,3,2,6,3
2297,2025-07-31,P004,Notebook Pack,Stationery,S04,Delhi,2,4094.431997680303,4,8188.863995360606,0,1,Thursday,September,Q3,0,No_Holiday,0,Autumn,Sunny,0,3710.887339500777,108.4463507165628,In-Store,Wholesale,409.0856613888835,163.77727990721212,3930.654717773091,383.54465817952587,1.1033565891631525,0.09991267692824075,High,4,4,9,3
2298,2025-07-31,P002,Bluetooth Speaker,Electronics,S01,Chennai,6,888.16,5,5062.51,1,0,Thursday,July,Q3,0,No_Holiday,0,Summer,Sunny,0,810.84,109.63,In-Store,Retail,6152.13,44.408,843.752,77.31999999999994,1.0953579004489171,6.926826247522969,Low,2,1,7,3
2299,2025-08-01,P007,Yoga Mat,Sports,S01,Chennai,59,1317.77,5,73861.01,1,1,Friday,August,Q3,0,No_Holiday,0,Summer,Cloudy,1,1342.45,106.34,Wholesale,Corporate,3882.92,65.88850000000001,1251.8815,-24.680000000000064,0.9816157026332452,2.94658400176055,Low,7,1,8,4
2300,2025-08-02,P001,Wireless Mouse,Electronics,S02,Bengaluru,97,1134.573716230916,24,110053.6504743989,1,1,Saturday,October,Q4,0,No_Holiday,1,Autumn,Sunny,0,1028.957671707584,95.5219913948183,In-Store,Wholesale,2871.010352641254,272.29769189541986,862.2760243354962,105.616044523332,1.102643721337982,2.5304749365945356,Low,1,2,10,5
2301,2025-08-02,P006,Running Shoes,Apparel,S04,Delhi,53,842.6897183373349,0,44662.55507187875,1,1,Saturday,September,Q3,0,No_Holiday,0,Autumn,Cloudy,0,810.8392869083057,109.9619382585366,In-Store,Corporate,7213.548439823088,0.0,842.6897183373349,31.850431429029186,1.0392808191996634,8.560147682892996,Low,6,4,9,5
2302,2025-08-02,P002,Bluetooth Speaker,Electronics,S02,Bengaluru,40,4577.148255210799,18,183085.930208432,1,1,Saturday,May,Q2,0,No_Holiday,0,Spring,Stormy,0,4859.154428562127,99.24728285242196,Wholesale,Retail,5278.241649545058,823.8866859379439,3753.261569272855,-282.00617335132756,0.9419639409495417,1.1531725334734586,High,2,2,5,5
2303,2025-08-02,P004,Notebook Pack,Stationery,S04,Delhi,74,2651.278707753018,12,196194.6243737233,1,1,Saturday,November,Q4,0,No_Holiday,1,Autumn,Sunny,0,2408.50611757841,101.9272309760873,In-Store,Retail,5132.11982757451,318.1534449303622,2333.1252628226557,242.772590174608,1.100797996070153,1.9357149486271954,Medium,4,4,11,5
2304,2025-08-02,P003,Office Chair,Furniture,S01,Chennai,56,3070.850903534024,14,171967.6505979054,1,1,Saturday,June,Q2,0,No_Holiday,0,Summer,Clear,0,3143.100289905703,106.4912555895359,In-Store,Corporate,1036.200349830244,429.9191264947633,2640.931777039261,-72.24938637167907,0.9770133372442129,0.3374310190826115,Medium,3,1,6,5
2305,2025-08-02,P007,Yoga Mat,Sports,S04,Delhi,58,2654.79,0,153977.82,1,1,Saturday,August,Q3,0,No_Holiday,1,Summer,Sunny,0,2649.13,98.46,Online,Retail,1446.23,0.0,2654.79,5.6599999999998545,1.002136550490161,0.5447624859216736,Medium,7,4,8,5
2306,2025-08-03,P006,Running Shoes,Apparel,S03,Mumbai,45,1011.527050714237,0,45518.71728214068,0,1,Sunday,October,Q4,0,No_Holiday,0,Autumn,Sunny,0,939.8919272817811,105.3182547559798,In-Store,Corporate,688.4597885758363,0.0,1011.527050714237,71.63512343245588,1.0762163407867844,0.6806143128744965,Low,6,3,10,6
2307,2025-08-03,P001,Wireless Mouse,Electronics,S01,Chennai,74,2377.27019675119,15,175917.9945595881,1,1,Sunday,April,Q2,0,No_Holiday,0,Spring,Rainy,1,2394.13041733868,109.8381375357125,Online,Wholesale,4026.489043088924,356.5905295126785,2020.6796672385112,-16.860220587490403,0.9929576849843326,1.6937448038475305,Medium,1,1,4,6
2308,2025-08-03,P001,Wireless Mouse,Electronics,S01,Chennai,37,2591.05,0,95868.85,0,1,Sunday,August,Q3,0,No_Holiday,1,Summer,Clear,0,2411.09,104.33,Online,Retail,330.54,0.0,2591.05,179.96000000000004,1.0746384415347416,0.12756990409293528,Medium,1,1,8,6
2309,2025-08-04,P008,Coffee Maker,Appliances,S04,Delhi,84,1169.27,15,83485.88,1,1,Monday,August,Q3,0,No_Holiday,0,Summer,Stormy,1,1113.53,100.15,Wholesale,Wholesale,667.87,175.3905,993.8795,55.74000000000001,1.0500570258547144,0.5711854404885099,Low,8,4,8,0
2310,2025-08-04,P006,Running Shoes,Apparel,S04,Delhi,53,3541.0955306478,23,187678.0631243334,1,1,Monday,August,Q3,0,No_Holiday,0,Summer,Rainy,0,3750.06840785554,97.30155032907781,In-Store,Retail,6455.022759395252,814.4519720489939,2726.643558598806,-208.9728772077401,0.9442749159535359,1.8228886240226299,High,6,4,8,0
2311,2025-08-05,P002,Bluetooth Speaker,Electronics,S02,Bengaluru,39,4563.138276634529,18,177962.3927887466,1,1,Tuesday,May,Q2,0,No_Holiday,0,Spring,Stormy,0,4841.470657992413,98.42755915292138,Wholesale,Retail,5186.987142220314,821.3648897942152,3741.7733868403134,-278.3323813578845,0.9425107780218792,1.1367148720388758,High,2,2,5,1
2312,2025-08-05,P001,Wireless Mouse,Electronics,S04,Delhi,26,4424.6,0,115039.6,1,1,Tuesday,August,Q3,0,No_Holiday,0,Summer,Cloudy,0,4373.77,95.54,Online,Wholesale,6764.4,0.0,4424.6,50.82999999999993,1.0116215530309092,1.5288161641730325,High,1,4,8,1
2313,2025-08-06,P005,LED Desk Lamp,Home,S02,Bengaluru,43,2559.1,0,110041.3,0,1,Wednesday,August,Q3,0,No_Holiday,0,Summer,Stormy,0,2594.34,102.36,Wholesale,Wholesale,269.7,0.0,2559.1,-35.24000000000024,0.9864165837939514,0.10538861318432262,Medium,5,2,8,2
2314,2025-08-06,P005,LED Desk Lamp,Home,S04,Delhi,70,3704.172945114127,20,259292.1061579889,1,1,Wednesday,September,Q3,0,No_Holiday,0,Autumn,Sunny,0,3396.679705257153,101.1947153914559,In-Store,Wholesale,6047.095587048284,740.8345890228254,2963.3383560913016,307.493239856974,1.090527593573529,1.6325089774829535,High,5,4,9,2
2315,2025-08-07,P003,Office Chair,Furniture,S03,Mumbai,26,4734.659097333834,0,123101.1365306797,1,1,Thursday,December,Q4,0,No_Holiday,1,Winter,Cloudy,0,4653.614779192213,104.7932300826665,In-Store,Wholesale,6048.483149429724,0.0,4734.659097333834,81.04431814162126,1.0174153474206753,1.2774907390556853,High,3,3,12,3
2316,2025-08-07,P001,Wireless Mouse,Electronics,S04,Delhi,28,4418.682544255072,0,123723.111239142,1,1,Thursday,August,Q3,0,No_Holiday,0,Summer,Cloudy,0,4368.09015596944,95.77421341282631,Online,Wholesale,6684.917214152252,0.0,4418.682544255072,50.59238828563139,1.011582267416457,1.5128756472545453,High,1,4,8,3
2317,2025-08-07,P008,Coffee Maker,Appliances,S04,Delhi,22,2898.83,0,63774.26,0,1,Thursday,August,Q3,0,No_Holiday,0,Summer,Cloudy,0,2951.61,100.67,Wholesale,Corporate,383.24,0.0,2898.83,-52.7800000000002,0.9821182337774976,0.13220506204227223,Medium,8,4,8,3
2318,2025-08-08,P007,Yoga Mat,Sports,S03,Mumbai,94,2055.988613773509,20,193262.9296947098,1,1,Friday,November,Q4,0,No_Holiday,1,Autumn,Sunny,0,2003.484328785924,98.18800752268685,Online,Retail,7144.115521175822,411.1977227547018,1644.790891018807,52.504284987584924,1.0262064864861715,3.474783602066597,Medium,7,3,11,4
2319,2025-08-08,P005,LED Desk Lamp,Home,S03,Mumbai,77,494.84,10,34292.41,1,1,Friday,August,Q3,0,No_Holiday,0,Summer,Rainy,0,479.88,106.13,Online,Wholesale,3741.94,49.483999999999995,445.356,14.95999999999998,1.031174460281737,7.5619190041225455,Low,5,3,8,4
2320,2025-08-08,P001,Wireless Mouse,Electronics,S01,Chennai,82,687.408169531212,20,56367.46990155939,1,1,Friday,August,Q3,0,No_Holiday,0,Summer,Sunny,0,746.0911821431554,97.01795719323376,In-Store,Retail,10108.54757413613,137.4816339062424,549.9265356249696,-58.683012611943354,0.9213460579397604,14.705306137152546,Low,1,1,8,4
2321,2025-08-08,P005,LED Desk Lamp,Home,S02,Bengaluru,98,328.7328430778171,7,32215.81862162607,1,1,Friday,September,Q3,0,No_Holiday,1,Autumn,Sunny,0,301.6820301386487,110.015136370063,Wholesale,Corporate,7843.386675098634,23.011299015447197,305.7215440623699,27.050812939168395,1.0896666365137369,23.859455604324758,Low,5,2,9,4
2322,2025-08-09,P006,Running Shoes,Apparel,S03,Mumbai,39,3465.018183122588,0,135135.7091417809,1,1,Saturday,June,Q2,0,No_Holiday,0,Summer,Sunny,0,3497.766525950952,109.8316044486207,Online,Corporate,7697.470424408837,0.0,3465.018183122588,-32.748342828364,0.9906373559854854,2.221480528414448,High,6,3,6,5
2323,2025-08-09,P002,Bluetooth Speaker,Electronics,S04,Delhi,53,1856.69,0,98404.57,1,1,Saturday,August,Q3,0,No_Holiday,1,Summer,Sunny,0,1762.97,104.72,Wholesale,Retail,9148.7,0.0,1856.69,93.72000000000003,1.0531602920072378,4.9274246104627055,Medium,2,4,8,5
2324,2025-08-10,P002,Bluetooth Speaker,Electronics,S03,Mumbai,0,749.46,0,0.0,0,0,Sunday,August,Q3,0,No_Holiday,1,Summer,Cloudy,0,743.6,107.95,Wholesale,Wholesale,450.7,0.0,749.46,5.860000000000014,1.007880580957504,0.601366317081632,Low,2,3,8,6
2325,2025-08-10,P005,LED Desk Lamp,Home,S04,Delhi,3,3649.033512967182,3,10947.10053890154,0,0,Sunday,May,Q2,0,No_Holiday,0,Spring,Sunny,1,4006.629813460098,101.2555044360155,Online,Corporate,106.2715588163682,109.47100538901546,3539.562507578167,-357.5963004929158,0.9107488544882318,0.029123207128332,High,5,4,5,6
2326,2025-08-11,P005,LED Desk Lamp,Home,S01,Chennai,51,3540.6,10,162513.54,1,1,Monday,August,Q3,0,No_Holiday,0,Summer,Cloudy,0,3590.42,99.84,Online,Corporate,1450.54,354.06,3186.54,-49.820000000000164,0.9861241860283755,0.40968762356662713,High,5,1,8,0
2327,2025-08-11,P005,LED Desk Lamp,Home,S04,Delhi,20,2747.203605599859,3,54944.07211199717,0,1,Monday,November,Q4,0,No_Holiday,1,Autumn,Rainy,0,2530.874254596695,103.6628886183839,Online,Wholesale,440.5051478239652,82.41610816799577,2664.7874974318634,216.329351003164,1.0854761356121334,0.1603467420201568,Medium,5,4,11,0
2328,2025-08-11,P003,Office Chair,Furniture,S02,Bengaluru,3,4646.643434721736,1,13939.93030416521,0,1,Monday,June,Q2,0,No_Holiday,0,Summer,Sunny,0,5018.041390214112,103.8525699602091,Online,Wholesale,0.0,46.466434347217366,4600.177000374519,-371.39795549237533,0.9259874667003238,0.0,High,3,2,6,0
2329,2025-08-12,P002,Bluetooth Speaker,Electronics,S03,Mumbai,83,931.7440420903537,0,77334.75549349935,1,1,Tuesday,September,Q3,0,No_Holiday,1,Autumn,Stormy,0,956.6048334078486,95.29589807096481,Online,Wholesale,6808.818792539373,0.0,931.7440420903537,-24.860791317494886,0.9740114303740973,7.307606472335354,Low,2,3,9,1
2330,2025-08-12,P004,Notebook Pack,Stationery,S03,Mumbai,74,2584.31,20,152991.15,1,1,Tuesday,August,Q3,0,No_Holiday,0,Summer,Rainy,1,2480.69,109.54,Online,Corporate,6536.72,516.862,2067.448,103.61999999999989,1.041770636395519,2.5293869543514518,Medium,4,3,8,1
2331,2025-08-12,P001,Wireless Mouse,Electronics,S01,Chennai,1,2238.696210638395,2,2238.696210638395,1,0,Tuesday,April,Q2,0,No_Holiday,0,Spring,Cloudy,0,2173.414568566247,98.30570023234783,Wholesale,Wholesale,797.6480900160581,44.773924212767895,2193.922286425627,65.28164207214786,1.0300364426632203,0.35630028148776727,Medium,1,1,4,1
2332,2025-08-12,P002,Bluetooth Speaker,Electronics,S01,Chennai,44,4041.430100399437,7,177822.9244175752,1,1,Tuesday,August,Q3,0,No_Holiday,0,Summer,Cloudy,0,3799.546164302746,96.53750895484072,Wholesale,Corporate,5426.461293513393,282.9001070279606,3758.5299933714764,241.88393609669083,1.0636612704878343,1.342708189602751,High,2,1,8,1
2333,2025-08-13,P002,Bluetooth Speaker,Electronics,S02,Bengaluru,1,1579.31,0,1579.31,0,0,Wednesday,August,Q3,0,No_Holiday,0,Summer,Stormy,0,1618.66,109.37,Wholesale,Wholesale,47.37,0.0,1579.31,-39.350000000000136,0.9756897680797696,0.029994111352426057,Low,2,2,8,2
2334,2025-08-13,P006,Running Shoes,Apparel,S04,Delhi,53,4004.436616111296,5,212235.1406538987,1,1,Wednesday,January,Q1,0,No_Holiday,1,Winter,Clear,0,3960.029406275808,98.94311622142814,Wholesale,Wholesale,2943.727389419838,200.22183080556482,3804.2147853057313,44.407209835488175,1.011213858605472,0.7351164899392235,High,6,4,1,2
2335,2025-08-13,P008,Coffee Maker,Appliances,S02,Bengaluru,45,665.5350703032436,0,29949.07816364597,0,1,Wednesday,October,Q4,0,No_Holiday,0,Autumn,Sunny,0,712.063755370707,99.27285319612916,In-Store,Corporate,402.2655927287174,0.0,665.5350703032436,-46.52868506746336,0.934656574335482,0.6044243356633777,Low,8,2,10,2
2336,2025-08-14,P001,Wireless Mouse,Electronics,S03,Mumbai,44,2739.226197393302,10,120525.9526853053,1,1,Thursday,March,Q1,0,No_Holiday,0,Spring,Cloudy,0,2988.934401970655,108.970074636831,Online,Retail,7123.677995808197,273.9226197393302,2465.303577653972,-249.70820457735317,0.9164557762081642,2.6006169196933135,Medium,1,3,3,3
2337,2025-08-14,P008,Coffee Maker,Appliances,S02,Bengaluru,55,4365.370540162663,13,240095.3797089465,1,1,Thursday,February,Q1,0,No_Holiday,0,Winter,Stormy,1,4420.394200356406,108.2286473011577,Online,Retail,2037.340009722873,567.4981702211462,3797.872369941517,-55.023660193743126,0.9875523182549405,0.46670494313799016,High,8,2,2,3
2338,2025-08-14,P006,Running Shoes,Apparel,S03,Mumbai,0,522.89,20,0.0,1,0,Thursday,August,Q3,0,No_Holiday,0,Summer,Stormy,0,492.54,106.93,Wholesale,Corporate,5294.08,104.57799999999999,418.312,30.349999999999966,1.0616193608640923,10.124653368777372,Low,6,3,8,3
2339,2025-08-14,P008,Coffee Maker,Appliances,S02,Bengaluru,1,867.0913762934916,0,867.0913762934916,0,0,Thursday,June,Q2,0,No_Holiday,0,Summer,Rainy,0,849.0679049951253,107.3810335251883,Wholesale,Corporate,29.91302288386393,0.0,867.0913762934916,18.023471298366303,1.021227361430497,0.03449812061530528,Low,8,2,6,3
2340,2025-08-15,P005,LED Desk Lamp,Home,S04,Delhi,20,3384.59,0,67691.8,0,1,Friday,August,Q3,1,Independence Day,0,Summer,Stormy,0,3469.18,101.8,Wholesale,Retail,440.45,0.0,3384.59,-84.58999999999969,0.9756167163421905,0.13013393054993366,High,5,4,8,4
2341,2025-08-15,P004,Notebook Pack,Stationery,S04,Delhi,94,1487.747986789251,17,139848.3107581896,1,1,Friday,August,Q3,1,Independence Day,0,Summer,Cloudy,1,1514.370127915346,103.4001134637333,In-Store,Corporate,9109.032427304179,252.91715775417265,1234.8308290350783,-26.62214112609513,0.9824203207423652,6.122698540471648,Low,4,4,8,4
2342,2025-08-15,P002,Bluetooth Speaker,Electronics,S04,Delhi,56,644.6775570244599,3,36101.94319336976,0,1,Friday,September,Q3,1,Independence Day,0,Autumn,Stormy,0,576.4701948929608,98.1291601376551,In-Store,Corporate,532.4691427054365,19.340326710733798,625.3372303137261,68.20736213149917,1.1183189742258295,0.8259464547875272,Low,2,4,9,4
2343,2025-08-16,P003,Office Chair,Furniture,S04,Delhi,107,1222.17,20,104617.75,1,1,Saturday,August,Q3,0,No_Holiday,1,Summer,Cloudy,1,1297.68,107.79,In-Store,Wholesale,7402.84,244.43400000000003,977.7360000000001,-75.50999999999999,0.9418115405955243,6.057127895464624,Low,3,4,8,5
2344,2025-08-17,P001,Wireless Mouse,Electronics,S02,Bengaluru,49,1948.52,0,95477.48,0,1,Sunday,August,Q3,0,No_Holiday,1,Summer,Cloudy,0,1913.55,107.9,Online,Wholesale,101.78,0.0,1948.52,34.97000000000003,1.0182749340231507,0.05223451645351344,Medium,1,2,8,6
2345,2025-08-17,P008,Coffee Maker,Appliances,S04,Delhi,1,1900.844524378011,1,1900.844524378011,1,0,Sunday,May,Q2,0,No_Holiday,0,Spring,Sunny,1,1900.971126625401,106.1085077464567,Wholesale,Wholesale,2935.488257090353,19.008445243780113,1881.8360791342309,-0.1266022473898829,0.9999334012781064,1.5443073957092281,Medium,8,4,5,6
2346,2025-08-18,P007,Yoga Mat,Sports,S03,Mumbai,54,4153.81,15,190659.88,1,1,Monday,August,Q3,0,No_Holiday,0,Summer,Cloudy,1,3934.6,98.58,Online,Retail,763.19,623.0715000000001,3530.7385000000004,219.2100000000005,1.0557134143242008,0.18373252507938495,High,7,3,8,0
2347,2025-08-18,P001,Wireless Mouse,Electronics,S01,Chennai,39,2144.029999523785,1,83617.1699814276,0,1,Monday,November,Q4,0,No_Holiday,0,Autumn,Clear,1,2202.915808897897,108.2197891373282,Wholesale,Retail,280.0861841742027,21.44029999523785,2122.5896995285475,-58.885809374111886,0.9732691512148292,0.1306353848763372,Medium,1,1,11,0
2348,2025-08-18,P002,Bluetooth Speaker,Electronics,S04,Delhi,101,1421.908324206187,12,143612.7407448249,1,1,Monday,December,Q4,0,No_Holiday,0,Winter,Sunny,1,1521.390617070371,101.0765461620844,Wholesale,Corporate,5360.308580778887,170.62899890474245,1251.2793253014445,-99.48229286418405,0.934610946230397,3.76979900147318,Low,2,4,12,0
2349,2025-08-19,P005,LED Desk Lamp,Home,S04,Delhi,45,2529.84,5,108150.66,1,1,Tuesday,August,Q3,0,No_Holiday,0,Summer,Sunny,0,2357.49,97.05,In-Store,Corporate,6757.37,126.492,2403.348,172.35000000000036,1.073107415089778,2.6710661543813043,Medium,5,4,8,1
2350,2025-08-19,P002,Bluetooth Speaker,Electronics,S04,Delhi,100,1431.575785027486,12,143157.5785027486,1,1,Tuesday,December,Q4,0,No_Holiday,0,Winter,Sunny,1,1532.911278401779,100.3993145653192,Wholesale,Corporate,5062.619809617748,171.78909420329833,1259.7866908241876,-101.33549337429304,0.9338934387122875,3.536396649458936,Low,2,4,12,1
2351,2025-08-19,P006,Running Shoes,Apparel,S04,Delhi,44,2456.338395004284,7,108078.8893801885,1,1,Tuesday,January,Q1,0,No_Holiday,0,Winter,Sunny,0,2250.931966308034,109.0861382668469,Wholesale,Corporate,8375.456229421101,171.94368765029986,2284.394707353984,205.4064286962498,1.0912539480405337,3.4097322447327105,Medium,6,4,1,1
2352,2025-08-19,P007,Yoga Mat,Sports,S04,Delhi,49,1965.777204887932,3,96323.08303950868,1,1,Tuesday,December,Q4,0,No_Holiday,1,Winter,Cloudy,0,1782.619506507167,101.6073734852139,In-Store,Wholesale,1124.991297984482,58.973316146637956,1906.803888741294,183.15769838076494,1.102746378412318,0.5722883016382404,Medium,7,4,12,1
2353,2025-08-19,P001,Wireless Mouse,Electronics,S02,Bengaluru,44,1591.153069830212,8,70010.73507252932,1,1,Tuesday,April,Q2,0,No_Holiday,0,Spring,Cloudy,0,1500.255139056952,99.26311339814377,Online,Wholesale,5273.599202485259,127.29224558641695,1463.860824243795,90.89793077325999,1.0605883148851585,3.314325505495202,Low,1,2,4,1
2354,2025-08-19,P001,Wireless Mouse,Electronics,S03,Mumbai,1,2217.482266813722,0,2217.482266813722,0,0,Tuesday,November,Q4,0,No_Holiday,0,Autumn,Clear,0,2181.486363023908,108.1254041738059,Wholesale,Wholesale,182.1731210884896,0.0,2217.482266813722,35.99590378981429,1.0165006320460872,0.08215313547929848,Medium,1,3,11,1
2355,2025-08-19,P008,Coffee Maker,Appliances,S02,Bengaluru,58,323.7781399298654,0,18779.13211593219,0,1,Tuesday,July,Q3,0,No_Holiday,0,Summer,Cloudy,0,309.5521704655344,105.4869396508459,In-Store,Corporate,0.0,0.0,323.7781399298654,14.225969464331001,1.0459566135263616,0.0,Low,8,2,7,1
2356,2025-08-20,P003,Office Chair,Furniture,S01,Chennai,16,4826.18,5,73357.94,1,1,Wednesday,August,Q3,0,No_Holiday,0,Summer,Sunny,0,4646.55,99.47,Online,Corporate,9019.35,241.30900000000003,4584.871,179.6300000000001,1.0386587898548385,1.8688382944689175,High,3,1,8,2
2357,2025-08-20,P001,Wireless Mouse,Electronics,S04,Delhi,49,2489.574964998548,7,121989.1732849288,1,1,Wednesday,June,Q2,0,No_Holiday,1,Summer,Clear,0,2243.218137910437,108.8416605726103,In-Store,Retail,5424.547542982145,174.27024754989833,2315.3047174486496,246.356827088111,1.109822947186756,2.1789050818902775,Medium,1,4,6,2
2358,2025-08-20,P007,Yoga Mat,Sports,S02,Bengaluru,69,1119.338106060292,15,77234.32931816013,1,1,Wednesday,March,Q1,0,No_Holiday,0,Spring,Clear,0,1134.259323007217,103.1692428669835,Wholesale,Retail,7961.504900924765,167.90071590904378,951.4373901512481,-14.921216946925142,0.9868449686555231,7.112689952946109,Low,7,2,3,2
2359,2025-08-21,P002,Bluetooth Speaker,Electronics,S04,Delhi,37,4727.18,15,148669.81,1,1,Thursday,August,Q3,0,No_Holiday,0,Summer,Rainy,0,4794.28,102.5,Online,Wholesale,6810.06,709.0770000000001,4018.103,-67.09999999999945,0.9860041549513171,1.440617873658291,High,2,4,8,3
2360,2025-08-21,P008,Coffee Maker,Appliances,S04,Delhi,1,1912.151051701812,0,1912.151051701812,1,0,Thursday,May,Q2,0,No_Holiday,0,Spring,Sunny,1,1913.600166565455,105.6606544891704,Wholesale,Wholesale,3248.925897526408,0.0,1912.151051701812,-1.4491148636429898,0.9992427285025566,1.6990947941245895,Medium,8,4,5,3
2361,2025-08-22,P005,LED Desk Lamp,Home,S04,Delhi,21,4445.91,0,93364.11,0,1,Friday,August,Q3,0,No_Holiday,0,Summer,Cloudy,1,4656.86,107.09,Wholesale,Retail,467.75,0.0,4445.91,-210.94999999999982,0.9547012364554658,0.10520905731335092,High,5,4,8,4
2362,2025-08-23,P002,Bluetooth Speaker,Electronics,S02,Bengaluru,4,3306.419087389896,3,13225.67634955958,0,1,Saturday,October,Q4,0,No_Holiday,0,Autumn,Rainy,0,3610.603811075575,106.6825851208838,Online,Retail,815.8220216088444,99.1925726216969,3207.226514768199,-304.1847236856788,0.9157523950003631,0.24673884345763875,Medium,2,2,10,5
2363,2025-08-23,P004,Notebook Pack,Stationery,S02,Bengaluru,59,712.71,0,42049.89,0,1,Saturday,August,Q3,0,No_Holiday,1,Summer,Stormy,0,764.44,95.84,Wholesale,Corporate,349.81,0.0,712.71,-51.73000000000002,0.9323295484276071,0.49081674173226136,Low,4,2,8,5
2364,2025-08-24,P002,Bluetooth Speaker,Electronics,S03,Mumbai,47,2819.58,5,125894.25,1,1,Sunday,August,Q3,0,No_Holiday,1,Summer,Cloudy,0,2742.32,105.74,In-Store,Retail,6631.28,140.97899999999998,2678.601,77.25999999999976,1.0281732255900113,2.3518680087105173,Medium,2,3,8,6
2365,2025-08-24,P007,Yoga Mat,Sports,S04,Delhi,65,2873.08174455523,11,186750.31339609,1,1,Sunday,September,Q3,0,No_Holiday,0,Autumn,Sunny,0,2637.241418622922,106.5100367348121,Online,Retail,1162.718806712798,316.0389919010753,2557.042752654155,235.84032593230813,1.0894269004979664,0.40469395237927475,Medium,7,4,9,6
2366,2025-08-25,P001,Wireless Mouse,Electronics,S01,Chennai,79,3515.28,20,222165.7,1,1,Monday,August,Q3,0,No_Holiday,0,Summer,Cloudy,1,3434.21,104.58,Wholesale,Corporate,9079.99,703.056,2812.224,81.07000000000016,1.023606593656183,2.5830061901185677,High,1,1,8,0
2367,2025-08-25,P006,Running Shoes,Apparel,S02,Bengaluru,88,695.52192755471,16,61205.92962481448,1,1,Monday,November,Q4,0,No_Holiday,0,Autumn,Stormy,0,753.981222952826,104.1363860853841,Wholesale,Retail,4830.458352975084,111.2835084087536,584.2384191459564,-58.459295398115955,0.9224658471345333,6.945084204545253,Low,6,2,11,0
2368,2025-08-26,P006,Running Shoes,Apparel,S01,Chennai,73,3120.049522218968,16,227763.6151219847,1,1,Tuesday,January,Q1,0,No_Holiday,1,Winter,Stormy,1,3223.085501126403,99.21277238034182,Wholesale,Retail,9240.137150483666,499.2079235550349,2620.841598663933,-103.03597890743504,0.9680318816018296,2.961535413037968,Medium,6,1,1,1
2369,2025-08-26,P002,Bluetooth Speaker,Electronics,S02,Bengaluru,40,4316.71,5,164034.98,1,1,Tuesday,August,Q3,0,No_Holiday,0,Summer,Stormy,0,4144.81,109.04,Online,Corporate,2498.67,215.8355,4100.8745,171.89999999999964,1.0414735536731479,0.578836660326962,High,2,2,8,1
2370,2025-08-27,P003,Office Chair,Furniture,S04,Delhi,66,3230.49,20,170569.87,1,1,Wednesday,August,Q3,0,No_Holiday,0,Summer,Sunny,0,3467.25,107.35,In-Store,Corporate,7500.95,646.098,2584.392,-236.76000000000022,0.9317153363616698,2.321923299561367,Medium,3,4,8,2
2371,2025-08-27,P001,Wireless Mouse,Electronics,S01,Chennai,67,3576.391781687425,23,239618.2493730575,1,1,Wednesday,May,Q2,0,No_Holiday,0,Spring,Sunny,0,3842.739955337796,98.35383611536409,Wholesale,Wholesale,4401.638632734142,822.5701097881079,2753.821671899317,-266.3481736503709,0.9306879526728324,1.230748447435853,High,1,1,5,2
2372,2025-08-27,P001,Wireless Mouse,Electronics,S03,Mumbai,69,4756.318985262497,6,328186.0099831123,1,1,Wednesday,October,Q4,0,No_Holiday,0,Autumn,Clear,0,5059.363339792375,107.170348721878,In-Store,Wholesale,3214.122112699625,285.37913911574987,4470.939846146747,-303.04435452987764,0.9401022748956563,0.6757583170217589,High,1,3,10,2
2373,2025-08-27,P004,Notebook Pack,Stationery,S02,Bengaluru,68,2508.73285806611,17,170593.8343484955,1,1,Wednesday,November,Q4,0,No_Holiday,0,Autumn,Stormy,0,2465.790629363424,107.7757234402788,Online,Corporate,286.0939802289875,426.4845858712387,2082.2482721948713,42.94222870268595,1.0174151966478078,0.11403923670435234,Medium,4,2,11,2
2374,2025-08-28,P006,Running Shoes,Apparel,S04,Delhi,66,4408.45,20,232766.16,1,1,Thursday,August,Q3,0,No_Holiday,0,Summer,Rainy,0,4414.04,100.28,Wholesale,Wholesale,8227.57,881.69,3526.7599999999998,-5.5900000000001455,0.9987335864650071,1.8663180936610373,High,6,4,8,3
2375,2025-08-28,P005,LED Desk Lamp,Home,S04,Delhi,72,3136.480017785385,15,225826.5612805478,1,1,Thursday,December,Q4,0,No_Holiday,1,Winter,Stormy,0,2943.876503432467,104.0794090283472,In-Store,Corporate,3878.180871347771,470.47200266780777,2666.008015117577,192.60351435291795,1.0654251338764884,1.236475555194542,Medium,5,4,12,3
2376,2025-08-29,P006,Running Shoes,Apparel,S04,Delhi,53,3537.01,20,149969.22,1,1,Friday,August,Q3,0,No_Holiday,0,Summer,Rainy,0,3742.88,97.04,In-Store,Retail,6468.81,707.4020000000002,2829.608,-205.8699999999999,0.9449969007822854,1.8288921999089627,High,6,4,8,4
2377,2025-08-29,P003,Office Chair,Furniture,S01,Chennai,61,368.9954735927208,4,22508.72388915597,0,1,Friday,February,Q1,0,No_Holiday,0,Winter,Stormy,1,400.0683859126011,102.9998496621437,Online,Wholesale,61.05290228898184,14.759818943708833,354.235654649012,-31.072912319880288,0.922330997864279,0.16545704936307443,Low,3,1,2,4
2378,2025-08-30,P006,Running Shoes,Apparel,S01,Chennai,0,731.98,0,0.0,0,0,Saturday,August,Q3,0,No_Holiday,1,Summer,Stormy,0,724.88,108.1,Online,Corporate,86.74,0.0,731.98,7.100000000000023,1.009794724644079,0.11850050547829175,Low,6,1,8,5
2379,2025-08-30,P008,Coffee Maker,Appliances,S04,Delhi,97,993.600283684353,23,96379.22751738224,1,1,Saturday,February,Q1,0,No_Holiday,1,Winter,Rainy,0,1041.791330945706,109.1396634497923,Wholesale,Wholesale,1010.5052833687,228.5280652474012,765.0722184369519,-48.19104726135299,0.9537421306648745,1.017013883713541,Low,8,4,2,5
2380,2025-08-30,P007,Yoga Mat,Sports,S02,Bengaluru,3,4355.863569148436,21,13067.59070744531,1,0,Saturday,November,Q4,0,No_Holiday,0,Autumn,Sunny,0,4248.139322273001,107.1580988464097,Wholesale,Wholesale,1271.131648842136,914.7313495211715,3441.1322196272645,107.7242468754348,1.0253579835083648,0.29182081317818687,High,7,2,11,5
2381,2025-08-31,P006,Running Shoes,Apparel,S03,Mumbai,57,1153.59,5,62466.9,1,1,Sunday,August,Q3,0,No_Holiday,1,Summer,Rainy,0,1240.43,109.17,Wholesale,Retail,696.98,57.6795,1095.9105,-86.84000000000015,0.9299920188966728,0.6041834620619111,Low,6,3,8,6
2382,2025-08-31,P007,Yoga Mat,Sports,S01,Chennai,2,4208.964528478289,3,8417.929056956578,0,0,Sunday,April,Q2,0,No_Holiday,1,Spring,Clear,0,3957.83486836074,105.4233329605603,In-Store,Retail,605.4898031114128,126.26893585434867,4082.6955926239407,251.12966011754907,1.06345127284746,0.14385718839268097,High,7,1,4,6
2383,2025-09-01,P001,Wireless Mouse,Electronics,S02,Bengaluru,39,4552.85,5,168683.09,1,1,Monday,September,Q3,0,No_Holiday,0,Autumn,Cloudy,0,4142.9,104.27,Wholesale,Corporate,1917.89,227.6425,4325.2075,409.9500000000007,1.0989524246300901,0.42125042555761777,High,1,2,9,0
2384,2025-09-02,P006,Running Shoes,Apparel,S02,Bengaluru,5,4746.77,0,23733.85,0,0,Tuesday,September,Q3,0,No_Holiday,0,Autumn,Stormy,0,5057.45,102.41,Online,Wholesale,101.57,0.0,4746.77,-310.6799999999994,0.93856983262316,0.021397708336405596,High,6,2,9,1
2385,2025-09-02,P008,Coffee Maker,Appliances,S01,Chennai,43,3210.158585301173,11,138036.8191679505,1,1,Tuesday,November,Q4,0,No_Holiday,0,Autumn,Sunny,0,3465.207041522243,100.8786998069596,Wholesale,Retail,7855.751601312651,353.11744438312905,2857.0411409180438,-255.04845622106996,0.926397339851581,2.4471537441430278,Medium,8,1,11,1
2386,2025-09-03,P004,Notebook Pack,Stationery,S04,Delhi,73,2634.256344827545,14,192300.7131724108,1,1,Wednesday,November,Q4,0,No_Holiday,1,Autumn,Sunny,0,2416.262151455961,101.4702348242139,In-Store,Retail,4872.536346791557,368.79588827585627,2265.460456551689,217.99419337158406,1.090219595270417,1.8496819249800625,Medium,4,4,11,2
2387,2025-09-03,P005,LED Desk Lamp,Home,S03,Mumbai,34,3782.93,5,122188.64,1,1,Wednesday,September,Q3,0,No_Holiday,0,Autumn,Stormy,0,3858.65,109.93,In-Store,Wholesale,6933.29,189.14649999999997,3593.7835,-75.72000000000025,0.9803765565677114,1.832783054404919,High,5,3,9,2
2388,2025-09-03,P006,Running Shoes,Apparel,S03,Mumbai,1,528.8002832665902,23,528.8002832665902,1,0,Wednesday,August,Q3,0,No_Holiday,0,Summer,Stormy,0,489.671717839397,106.8526629962042,Wholesale,Corporate,5286.077641116994,121.62406515131575,407.1762181152745,39.12856542719322,1.0799077504411367,9.996359322016593,Low,6,3,8,2
2389,2025-09-04,P007,Yoga Mat,Sports,S02,Bengaluru,31,2160.92,0,66988.52,0,1,Thursday,September,Q3,0,No_Holiday,0,Autumn,Cloudy,0,2211.78,108.61,In-Store,Wholesale,342.13,0.0,2160.92,-50.86000000000013,0.977004946242393,0.15832608333487588,Medium,7,2,9,3
2390,2025-09-04,P008,Coffee Maker,Appliances,S03,Mumbai,31,3801.318028602217,4,117840.8588866687,1,1,Thursday,November,Q4,0,No_Holiday,0,Autumn,Rainy,0,3975.979890399118,97.01551463793952,Wholesale,Retail,6227.371353610241,152.05272114408868,3649.2653074581285,-174.66186179690112,0.9560707381295713,1.6382137213339418,High,8,3,11,3
2391,2025-09-04,P001,Wireless Mouse,Electronics,S01,Chennai,48,4096.137614646289,6,196614.6055030219,1,1,Thursday,December,Q4,0,No_Holiday,0,Winter,Clear,0,4429.238519319944,103.3522867565748,Wholesale,Wholesale,4881.094098291832,245.76825687877732,3850.3693577675117,-333.10090467365535,0.9247949950717942,1.191633328147674,High,1,1,12,3
2392,2025-09-05,P008,Coffee Maker,Appliances,S01,Chennai,39,249.54,0,9732.06,0,1,Friday,September,Q3,0,No_Holiday,0,Autumn,Rainy,0,259.94,106.04,In-Store,Retail,47.64,0.0,249.54,-10.400000000000006,0.9599907671001,0.19091127674921857,Low,8,1,9,4
2393,2025-09-05,P005,LED Desk Lamp,Home,S04,Delhi,2,4502.711065473391,24,9005.422130946781,1,0,Friday,July,Q3,0,No_Holiday,0,Summer,Rainy,1,4699.77520433568,108.7880339693129,In-Store,Wholesale,1070.051291348896,1080.6506557136136,3422.060409759777,-197.06413886228984,0.9580694543261362,0.23764600388286222,High,5,4,7,4
2394,2025-09-05,P004,Notebook Pack,Stationery,S01,Chennai,4,438.5727701242062,5,1754.291080496825,1,0,Friday,October,Q4,0,No_Holiday,1,Autumn,Stormy,0,396.8099362911707,95.35840493161939,Online,Corporate,8479.668359226318,21.92863850621031,416.6441316179959,41.76283383303553,1.1052464417181098,19.334689558644577,Low,4,1,10,4
2395,2025-09-05,P002,Bluetooth Speaker,Electronics,S02,Bengaluru,1,1586.053814491705,4,1586.053814491705,0,0,Friday,August,Q3,0,No_Holiday,0,Summer,Stormy,0,1625.457545851153,108.9878661339198,Wholesale,Wholesale,216.3986448021464,63.4421525796682,1522.6116619120369,-39.4037313594481,0.9757583755662995,0.13643840002459018,Low,2,2,8,4
2396,2025-09-06,P001,Wireless Mouse,Electronics,S01,Chennai,89,1797.74,0,159998.86,1,1,Saturday,September,Q3,0,No_Holiday,1,Autumn,Clear,1,1873.09,107.15,Online,Corporate,5293.15,0.0,1797.74,-75.34999999999991,0.9597723547720611,2.9443356658916193,Medium,1,1,9,5
2397,2025-09-06,P001,Wireless Mouse,Electronics,S04,Delhi,58,1284.018467749734,0,74473.07112948458,1,1,Saturday,September,Q3,0,No_Holiday,1,Autumn,Cloudy,0,1295.699662909578,96.4107976558275,Wholesale,Retail,2467.505655902775,0.0,1284.018467749734,-11.68119515984381,0.9909846428966317,1.9217057370110289,Low,1,4,9,5
2398,2025-09-06,P004,Notebook Pack,Stationery,S02,Bengaluru,25,2368.447268842212,4,59211.1817210553,1,1,Saturday,December,Q4,0,No_Holiday,0,Winter,Cloudy,0,2563.482091353275,103.42602791687,In-Store,Corporate,5668.084535752635,94.73789075368848,2273.7093780885234,-195.03482251106288,0.9239180085677513,2.393164758328528,Medium,4,2,12,5
2399,2025-09-06,P002,Bluetooth Speaker,Electronics,S01,Chennai,52,3270.537897249629,12,170067.9706569807,1,1,Saturday,December,Q4,0,No_Holiday,1,Winter,Clear,0,3409.046825736526,96.54562861060248,Wholesale,Retail,3093.577567088097,392.4645476699555,2878.0733495796735,-138.50892848689682,0.9593701889216579,0.9458925914570971,Medium,2,1,12,5
2400,2025-09-07,P007,Yoga Mat,Sports,S03,Mumbai,62,4892.11,15,257814.2,1,1,Sunday,September,Q3,0,No_Holiday,1,Autumn,Rainy,1,4443.14,97.69,Online,Wholesale,5181.98,733.8164999999999,4158.2935,448.96999999999935,1.101047907560869,1.059252551557508,High,7,3,9,6
2401,2025-09-08,P002,Bluetooth Speaker,Electronics,S03,Mumbai,51,3341.62272664489,9,170422.7590588894,1,1,Monday,May,Q2,0,No_Holiday,1,Spring,Rainy,1,3531.10901261314,102.5508077076471,Wholesale,Wholesale,10186.5431842882,300.7460453980401,3040.87668124685,-189.48628596824983,0.9463380243171752,3.048382183621267,Medium,2,3,5,0
2402,2025-09-08,P006,Running Shoes,Apparel,S04,Delhi,58,833.21,0,48326.18,1,1,Monday,September,Q3,0,No_Holiday,0,Autumn,Cloudy,0,802.09,109.68,In-Store,Corporate,7604.32,0.0,833.21,31.120000000000005,1.0387986385567705,9.126534727139616,Low,6,4,9,0
2403,2025-09-08,P006,Running Shoes,Apparel,S04,Delhi,14,3579.942191332156,4,50119.19067865019,0,1,Monday,June,Q2,0,No_Holiday,0,Summer,Cloudy,1,3245.093904948844,101.3063424464808,In-Store,Wholesale,904.7935768674693,143.19768765328624,3436.74450367887,334.84828638331237,1.1031860082300426,0.2527397171547009,High,6,4,6,0
2404,2025-09-08,P004,Notebook Pack,Stationery,S01,Chennai,85,1142.890597688211,17,97145.70080349792,1,1,Monday,November,Q4,0,No_Holiday,0,Autumn,Sunny,0,1155.067054513029,102.2142432771919,Wholesale,Retail,6974.995286732204,194.2914016069959,948.5991960812152,-12.176456824817933,0.9894582251504425,6.102942224602178,Low,4,1,11,0
2405,2025-09-08,P007,Yoga Mat,Sports,S01,Chennai,62,404.0243810563362,0,25049.51162549284,1,1,Monday,September,Q3,0,No_Holiday,0,Autumn,Rainy,0,389.1449021342766,104.6358289713863,Online,Corporate,5248.943473104709,0.0,404.0243810563362,14.879478922059604,1.03823634548584,12.99165030432361,Low,7,1,9,0
2406,2025-09-09,P007,Yoga Mat,Sports,S03,Mumbai,6,4533.4,0,27200.4,0,0,Tuesday,September,Q3,0,No_Holiday,0,Autumn,Cloudy,0,4889.43,99.73,In-Store,Retail,277.84,0.0,4533.4,-356.03000000000065,0.9271837412540929,0.06128733400979397,High,7,3,9,1
2407,2025-09-09,P005,LED Desk Lamp,Home,S02,Bengaluru,1,560.7836542274638,2,560.7836542274638,0,0,Tuesday,September,Q3,0,No_Holiday,0,Autumn,Sunny,0,524.1752888161375,101.3331117534048,In-Store,Corporate,490.2373067990399,11.215673084549275,549.5679811429145,36.608365411326304,1.0698399298715648,0.8742004213271719,Low,5,2,9,1
2408,2025-09-10,P008,Coffee Maker,Appliances,S01,Chennai,43,1106.82,0,47593.26,0,1,Wednesday,September,Q3,0,No_Holiday,0,Autumn,Sunny,0,1053.74,105.59,In-Store,Retail,497.6,0.0,1106.82,53.07999999999993,1.0503729572759883,0.44957626352975194,Low,8,1,9,2
2409,2025-09-10,P008,Coffee Maker,Appliances,S03,Mumbai,81,3301.786243723211,22,267444.6857415801,1,1,Wednesday,October,Q4,0,No_Holiday,1,Autumn,Sunny,1,3393.268386407437,107.0515106647647,In-Store,Wholesale,6213.639657291737,726.3929736191064,2575.393270104105,-91.48214268422589,0.9730401099274434,1.881902460858586,Medium,8,3,10,2
2410,2025-09-10,P002,Bluetooth Speaker,Electronics,S01,Chennai,23,4643.346024414563,3,106796.9585615349,1,1,Wednesday,October,Q4,0,No_Holiday,0,Autumn,Sunny,0,4913.832622957962,103.8187802479512,Online,Wholesale,951.5797251316527,139.30038073243688,4504.045643682126,-270.48659854339894,0.9449540472177144,0.2049340540481535,High,2,1,10,2
2411,2025-09-11,P002,Bluetooth Speaker,Electronics,S01,Chennai,1,4799.349416752433,10,4799.349416752433,1,0,Thursday,April,Q2,0,No_Holiday,1,Spring,Sunny,0,4831.67336651087,103.0236348697034,In-Store,Retail,9109.128590130202,479.9349416752433,4319.41447507719,-32.323949758437266,0.9933099886299268,1.8979923733692345,High,2,1,4,3
2412,2025-09-11,P008,Coffee Maker,Appliances,S01,Chennai,2,2319.29,15,3942.79,1,0,Thursday,September,Q3,0,No_Holiday,0,Autumn,Stormy,0,2316.04,107.69,Online,Retail,3821.24,347.89349999999996,1971.3965,3.25,1.0014032572839848,1.647590426380487,Medium,8,1,9,3
2413,2025-09-11,P008,Coffee Maker,Appliances,S03,Mumbai,31,3806.088289781685,0,117988.7369832322,1,1,Thursday,November,Q4,0,No_Holiday,0,Autumn,Rainy,0,3972.806412200543,96.9919474255884,Wholesale,Retail,6324.224435686615,0.0,3806.088289781685,-166.718122418858,0.95803517586287,1.6616073916796525,High,8,3,11,3
2414,2025-09-12,P004,Notebook Pack,Stationery,S03,Mumbai,0,1067.14,0,0.0,0,0,Friday,September,Q3,0,No_Holiday,0,Autumn,Clear,0,1084.97,109.57,Wholesale,Wholesale,90.28,0.0,1067.14,-17.829999999999927,0.9835663658903012,0.08459995876829657,Low,4,3,9,4
2415,2025-09-13,P004,Notebook Pack,Stationery,S02,Bengaluru,2,4895.571963364141,0,9791.143926728282,0,1,Saturday,February,Q1,0,No_Holiday,0,Winter,Clear,0,5162.556497863906,101.2229594556381,Online,Corporate,102.919395165829,0.0,4895.571963364141,-266.9845344997648,0.9482844333790373,0.0210229562420945,High,4,2,2,5
2416,2025-09-13,P002,Bluetooth Speaker,Electronics,S02,Bengaluru,62,3887.62,15,204877.57,1,1,Saturday,September,Q3,0,No_Holiday,1,Autumn,Cloudy,0,3719.89,109.72,Online,Corporate,4048.8,583.1429999999999,3304.477,167.73000000000002,1.045090042985142,1.0414598134591344,High,2,2,9,5
2417,2025-09-13,P005,LED Desk Lamp,Home,S02,Bengaluru,64,1050.290770856579,0,67218.60933482104,1,1,Saturday,June,Q2,0,No_Holiday,0,Summer,Cloudy,0,1122.466301993317,104.3434859479055,In-Store,Corporate,1294.440793534247,0.0,1050.290770856579,-72.17553113673807,0.9356991555037634,1.2324594573734549,Low,5,2,6,5
2418,2025-09-13,P007,Yoga Mat,Sports,S01,Chennai,59,384.6504744134168,0,22694.37799039159,1,1,Saturday,September,Q3,0,No_Holiday,0,Autumn,Rainy,0,399.9846062010188,104.4939489746191,Online,Corporate,4568.684049605232,0.0,384.6504744134168,-15.334131787601962,0.9616631951583268,11.877494903840612,Low,7,1,9,5
2419,2025-09-14,P006,Running Shoes,Apparel,S04,Delhi,6,2155.1283193244,7,12930.7699159464,1,0,Sunday,May,Q2,0,No_Holiday,1,Spring,Rainy,0,2139.225172550697,97.58461724576921,In-Store,Corporate,8292.64056010112,150.85898235270798,2004.269336971692,15.903146773702701,1.0074340686421246,3.8478639465425135,Medium,6,4,5,6
2420,2025-09-14,P002,Bluetooth Speaker,Electronics,S03,Mumbai,81,938.12,0,75987.72,1,1,Sunday,September,Q3,0,No_Holiday,1,Autumn,Stormy,0,955.79,95.09,Online,Wholesale,6412.47,0.0,938.12,-17.66999999999996,0.9815126753784827,6.835447490726134,Low,2,3,9,6
2421,2025-09-14,P008,Coffee Maker,Appliances,S04,Delhi,91,2784.000583803787,24,253344.0531261446,1,1,Sunday,November,Q4,0,No_Holiday,1,Autumn,Clear,0,3009.337323902359,107.3674411874008,In-Store,Wholesale,1885.964982949338,668.1601401129088,2115.840443690878,-225.33674009857214,0.9251208103828099,0.6774298087152479,Medium,8,4,11,6
2422,2025-09-15,P003,Office Chair,Furniture,S04,Delhi,47,4132.823225607675,15,194242.6916035607,1,1,Monday,December,Q4,0,No_Holiday,0,Winter,Rainy,0,4227.072054089447,98.10465151458531,Online,Wholesale,7151.632826848574,619.9234838411513,3512.899741766524,-94.24882848177185,0.9777035197707142,1.7304473084006693,High,3,4,12,0
2423,2025-09-15,P008,Coffee Maker,Appliances,S03,Mumbai,11,4747.61,15,44390.15,1,0,Monday,September,Q3,0,No_Holiday,0,Autumn,Rainy,0,5092.55,107.02,In-Store,Corporate,8082.4,712.1415,4035.4685,-344.9400000000005,0.9322657607681809,1.702414478021573,High,8,3,9,0
2424,2025-09-16,P004,Notebook Pack,Stationery,S01,Chennai,60,764.7375870801302,2,45884.25522480781,1,1,Tuesday,July,Q3,0,No_Holiday,0,Summer,Clear,0,782.0827993623996,103.6886874370942,In-Store,Wholesale,7211.709934611019,15.294751741602603,749.4428353385276,-17.345212282269358,0.9778217698990309,9.430306626023558,Low,4,1,7,1
2425,2025-09-16,P002,Bluetooth Speaker,Electronics,S04,Delhi,56,644.24,0,36077.44,0,1,Tuesday,September,Q3,0,No_Holiday,0,Autumn,Stormy,0,582.46,98.12,In-Store,Corporate,142.47,0.0,644.24,61.77999999999997,1.106067369433094,0.2211442940519061,Low,2,4,9,1
2426,2025-09-17,P006,Running Shoes,Apparel,S04,Delhi,50,4005.660967927023,8,200283.0483963512,1,1,Wednesday,January,Q1,0,No_Holiday,1,Winter,Clear,0,3953.69236058405,98.0527855785573,Wholesale,Wholesale,3210.80388671532,320.45287743416185,3685.208090492861,51.96860734297297,1.0131443224720944,0.8015665610304881,High,6,4,1,2
2427,2025-09-17,P006,Running Shoes,Apparel,S01,Chennai,23,4903.711677377555,11,112785.3685796838,1,1,Wednesday,May,Q2,0,No_Holiday,0,Spring,Cloudy,0,4969.439177305828,109.2289685000431,Online,Retail,7167.121651801527,539.4082845115311,4364.303392866024,-65.72749992827266,0.9867736584384746,1.461570769926346,High,6,1,5,2
2428,2025-09-17,P003,Office Chair,Furniture,S01,Chennai,87,1633.02,20,113658.19,1,1,Wednesday,September,Q3,0,No_Holiday,0,Autumn,Cloudy,1,1512.6,104.98,In-Store,Wholesale,2398.78,326.60400000000004,1306.416,120.42000000000007,1.0796112653708847,1.4689226096434829,Low,3,1,9,2
2429,2025-09-17,P007,Yoga Mat,Sports,S03,Mumbai,1,2363.487076282918,4,2363.487076282918,1,0,Wednesday,April,Q2,0,No_Holiday,1,Spring,Rainy,0,2165.414930788727,99.74039048163064,Wholesale,Wholesale,7712.599052298062,94.53948305131672,2268.9475932316013,198.07214549419132,1.091470758180302,3.263228781613543,Medium,7,3,4,2
2430,2025-09-18,P008,Coffee Maker,Appliances,S04,Delhi,0,2486.91,10,0.0,1,0,Thursday,September,Q3,0,No_Holiday,0,Autumn,Stormy,0,2614.48,107.16,Wholesale,Retail,4624.01,248.69099999999997,2238.219,-127.57000000000016,0.9512063584345644,1.8593395016305376,Medium,8,4,9,3
2431,2025-09-18,P007,Yoga Mat,Sports,S03,Mumbai,62,4321.55243386772,5,267936.2508997986,1,1,Thursday,October,Q4,0,No_Holiday,1,Autumn,Sunny,1,4390.836657169948,106.5818564617713,Online,Corporate,2224.977430288061,216.077621693386,4105.474812174333,-69.28422330222838,0.9842207240414895,0.514856053313402,High,7,3,10,3
2432,2025-09-18,P002,Bluetooth Speaker,Electronics,S02,Bengaluru,4,1577.629201078783,0,6310.516804315131,0,0,Thursday,August,Q3,0,No_Holiday,0,Summer,Stormy,0,1612.093805185277,109.6828144467262,Wholesale,Wholesale,0.0,0.0,1577.629201078783,-34.46460410649411,0.9786212167085816,0.0,Low,2,2,8,3
2433,2025-09-18,P007,Yoga Mat,Sports,S04,Delhi,88,1591.239335266874,20,140029.0615034849,1,1,Thursday,July,Q3,0,No_Holiday,1,Summer,Stormy,0,1693.72262770331,104.4352835381054,Online,Retail,3859.268916096126,318.2478670533748,1272.991468213499,-102.48329243643616,0.9394922812270604,2.425322722083709,Low,7,4,7,3
2434,2025-09-18,P008,Coffee Maker,Appliances,S02,Bengaluru,2,4753.104059266466,19,9506.208118532932,1,0,Thursday,November,Q4,0,No_Holiday,0,Autumn,Sunny,0,5145.494079199117,104.2707903707316,In-Store,Corporate,3354.896863652046,903.0897712606285,3850.0142880058374,-392.39001993265083,0.9237410414057409,0.705832824575231,High,8,2,11,3
2435,2025-09-18,P008,Coffee Maker,Appliances,S01,Chennai,5,2310.48197324378,17,11552.4098662189,1,0,Thursday,September,Q3,0,No_Holiday,0,Autumn,Stormy,0,2321.057101447707,107.7510476978566,Online,Retail,3570.399854835226,392.7819354514426,1917.7000377923373,-10.575128203926852,0.9954438310900103,1.545305220374689,Medium,8,1,9,3
2436,2025-09-19,P007,Yoga Mat,Sports,S01,Chennai,60,394.1,0,23646.0,1,1,Friday,September,Q3,0,No_Holiday,0,Autumn,Rainy,0,396.25,104.71,Online,Corporate,4948.08,0.0,394.1,-2.1499999999999773,0.9945741324921136,12.555392032479066,Low,7,1,9,4
2437,2025-09-19,P007,Yoga Mat,Sports,S02,Bengaluru,55,459.663270981223,0,25281.47990396727,0,1,Friday,October,Q4,0,No_Holiday,1,Autumn,Stormy,1,483.9932470123674,105.584849974308,In-Store,Wholesale,0.0,0.0,459.663270981223,-24.32997603114444,0.9497307531017624,0.0,Low,7,2,10,4
2438,2025-09-20,P002,Bluetooth Speaker,Electronics,S04,Delhi,44,1641.89,0,72243.16,0,1,Saturday,September,Q3,0,No_Holiday,1,Autumn,Clear,0,1574.73,95.72,Online,Retail,256.71,0.0,1641.89,67.16000000000008,1.0426485810265886,0.15635030361351854,Low,2,4,9,5
2439,2025-09-20,P001,Wireless Mouse,Electronics,S04,Delhi,27,4425.313746549234,3,119483.4711568293,1,1,Saturday,August,Q3,0,No_Holiday,0,Summer,Cloudy,0,4369.61492329935,95.45833204892497,Online,Wholesale,6309.097198998379,132.75941239647702,4292.554334152756,55.69882324988339,1.0127468493740468,1.4256835922465565,High,1,4,8,5
2440,2025-09-20,P002,Bluetooth Speaker,Electronics,S04,Delhi,39,1644.906691099317,2,64151.36095287337,0,1,Saturday,September,Q3,0,No_Holiday,1,Autumn,Clear,0,1579.699985209654,95.80455764878309,Online,Retail,647.2311279940338,32.89813382198634,1612.0085572773305,65.206705889663,1.041277904982071,0.393475892277804,Low,2,4,9,5
2441,2025-09-20,P006,Running Shoes,Apparel,S04,Delhi,22,3572.50045733653,8,78595.01006140365,1,1,Saturday,March,Q1,0,No_Holiday,0,Spring,Rainy,0,3617.427776853074,102.3941523241172,Wholesale,Retail,5146.260576399384,285.8000365869224,3286.7004207496075,-44.92731951654423,0.9875803133364481,1.4405206207408487,High,6,4,3,5
2442,2025-09-20,P006,Running Shoes,Apparel,S04,Delhi,62,2634.233728330163,18,163322.4911564701,1,1,Saturday,October,Q4,0,No_Holiday,1,Autumn,Sunny,0,2558.118332861253,103.987036770425,Online,Corporate,5876.207197436887,474.1620710994294,2160.0716572307338,76.11539546891026,1.0297544466536759,2.230708359034567,Medium,6,4,10,5
2443,2025-09-21,P007,Yoga Mat,Sports,S04,Delhi,9,653.52,15,4999.43,1,0,Sunday,September,Q3,0,No_Holiday,1,Autumn,Cloudy,0,621.48,96.23,Wholesale,Retail,1582.39,98.02799999999999,555.492,32.039999999999964,1.0515543541224175,2.421333700575346,Low,7,4,9,6
2444,2025-09-21,P007,Yoga Mat,Sports,S04,Delhi,56,1236.986392226824,0,69271.23796470213,1,1,Sunday,July,Q3,0,No_Holiday,0,Summer,Cloudy,0,1222.508891612805,102.3237050331496,In-Store,Corporate,6975.222870044446,0.0,1236.986392226824,14.477500614018936,1.011842450155859,5.638884076556124,Low,7,4,7,6
2445,2025-09-22,P005,LED Desk Lamp,Home,S03,Mumbai,8,4350.907728343897,1,34807.26182675118,0,1,Monday,March,Q1,0,No_Holiday,1,Spring,Rainy,0,4360.752889218397,105.831522929541,In-Store,Corporate,0.0,43.50907728343898,4307.398651060458,-9.845160874499925,0.9977423254367747,0.0,High,5,3,3,0
2446,2025-09-22,P008,Coffee Maker,Appliances,S01,Chennai,2,2312.712624043578,14,4625.425248087156,1,0,Monday,September,Q3,0,No_Holiday,0,Autumn,Stormy,0,2311.406757849741,107.6539533119375,Online,Retail,4247.859943438973,323.77976736610094,1988.9328566774773,1.3058661938371188,1.0005649659842009,1.836743527612158,Medium,8,1,9,0
2447,2025-09-22,P008,Coffee Maker,Appliances,S02,Bengaluru,42,3973.65,20,133514.64,1,1,Monday,September,Q3,0,No_Holiday,0,Autumn,Sunny,0,3907.09,105.57,In-Store,Wholesale,7378.9,794.73,3178.92,66.55999999999995,1.0170356966437937,1.8569577089074276,High,8,2,9,0
2448,2025-09-22,P005,LED Desk Lamp,Home,S03,Mumbai,63,804.4391776487511,8,50679.66819187131,1,1,Monday,February,Q1,0,No_Holiday,0,Winter,Rainy,0,747.7502930595429,102.7723253675532,In-Store,Corporate,3622.508355767633,64.35513421190008,740.084043436851,56.688884589208214,1.0758125875915827,4.503147604466076,Low,5,3,2,0
2449,2025-09-22,P001,Wireless Mouse,Electronics,S04,Delhi,52,2684.010354369984,5,139568.5384272392,1,1,Monday,November,Q4,0,No_Holiday,0,Autumn,Sunny,0,2411.733787860743,105.2986720980854,Wholesale,Retail,8691.97657930436,134.20051771849919,2549.8098366514846,272.27656650924064,1.112896609020333,3.238428855221247,Medium,1,4,11,0
2450,2025-09-23,P008,Coffee Maker,Appliances,S03,Mumbai,89,1838.41,20,130894.79,1,1,Tuesday,September,Q3,0,No_Holiday,0,Autumn,Rainy,0,1683.33,109.73,In-Store,Wholesale,1510.14,367.682,1470.728,155.08000000000015,1.0921269151028024,0.8214380905238766,Medium,8,3,9,1
2451,2025-09-24,P001,Wireless Mouse,Electronics,S01,Chennai,28,2095.68,0,58679.04,0,1,Wednesday,September,Q3,0,No_Holiday,0,Autumn,Stormy,0,2250.25,109.49,Wholesale,Wholesale,243.36,0.0,2095.68,-154.57000000000016,0.9313098544606154,0.11612459917544665,Medium,1,1,9,2
2452,2025-09-24,P005,LED Desk Lamp,Home,S02,Bengaluru,11,3569.17484256921,21,39260.92326826131,1,0,Wednesday,June,Q2,0,No_Holiday,0,Summer,Clear,0,3918.797783847036,102.3243322729489,Online,Wholesale,4697.368969651175,749.5267169395341,2819.6481256296756,-349.62294127782616,0.9107831124333735,1.3160938247199605,High,5,2,6,2
2453,2025-09-24,P005,LED Desk Lamp,Home,S03,Mumbai,8,4356.368197424527,0,34850.94557939622,0,1,Wednesday,March,Q1,0,No_Holiday,1,Spring,Rainy,0,4358.934914324288,105.3438168797772,In-Store,Corporate,669.3222689038012,0.0,4356.368197424527,-2.5667168997606495,0.9994111596180696,0.15364226313549498,High,5,3,3,2
2454,2025-09-24,P002,Bluetooth Speaker,Electronics,S03,Mumbai,51,2665.215119195246,13,135925.9710789575,1,1,Wednesday,July,Q3,0,No_Holiday,0,Summer,Cloudy,0,2711.949184998062,97.44250770951753,In-Store,Wholesale,2222.849562028633,346.477965495382,2318.7371536998644,-46.73406580281562,0.9827673519617038,0.8340225695176965,Medium,2,3,7,2
2455,2025-09-24,P002,Bluetooth Speaker,Electronics,S01,Chennai,5,897.7839156263655,6,4488.919578131828,1,0,Wednesday,July,Q3,0,No_Holiday,0,Summer,Sunny,0,814.7423083058658,109.5357878718797,In-Store,Retail,5681.181903468373,53.86703493758193,843.9168806887835,83.04160732049968,1.1019237696065793,6.328005887145716,Low,2,1,7,2
2456,2025-09-24,P005,LED Desk Lamp,Home,S02,Bengaluru,99,320.0380928856591,7,31683.77119568025,1,1,Wednesday,September,Q3,0,No_Holiday,1,Autumn,Sunny,0,306.0774596908962,109.4362309884655,Wholesale,Corporate,7862.786303230677,22.402666501996137,297.635426383663,13.96063319476292,1.0456114383883792,24.56828258266067,Low,5,2,9,2
2457,2025-09-24,P007,Yoga Mat,Sports,S03,Mumbai,7,4245.749572475415,0,29720.24700732791,0,1,Wednesday,November,Q4,0,No_Holiday,0,Autumn,Rainy,1,4304.505152352782,99.35745956510303,In-Store,Wholesale,372.7209676655134,0.0,4245.749572475415,-58.75557987736647,0.9863502126730522,0.08778684689313988,High,7,3,11,2
2458,2025-09-25,P001,Wireless Mouse,Electronics,S03,Mumbai,45,2732.942157981383,16,122982.3971091623,1,1,Thursday,March,Q1,0,No_Holiday,0,Spring,Cloudy,0,2987.662747667495,109.3638616811665,Online,Retail,7050.803218887681,437.27074527702126,2295.6714127043615,-254.7205896861119,0.914742522433305,2.579931374799229,Medium,1,3,3,3
2459,2025-09-25,P005,LED Desk Lamp,Home,S02,Bengaluru,57,2614.852917512228,16,149046.616298197,1,1,Thursday,December,Q4,0,No_Holiday,0,Winter,Cloudy,0,2359.479858562963,97.33254881602221,Online,Corporate,5770.085015265106,418.3764668019565,2196.4764507102714,255.37305894926521,1.1082327776702445,2.2066575816259553,Medium,5,2,12,3
2460,2025-09-25,P006,Running Shoes,Apparel,S04,Delhi,6,4062.28,0,24373.68,0,1,Thursday,September,Q3,0,No_Holiday,0,Autumn,Sunny,0,3746.98,95.24,Online,Retail,104.61,0.0,4062.28,315.3000000000002,1.0841477670016921,0.025751548391543665,High,6,4,9,3
2461,2025-09-25,P003,Office Chair,Furniture,S01,Chennai,97,851.1147670275892,17,82558.13240167615,1,1,Thursday,May,Q2,0,No_Holiday,0,Spring,Stormy,1,927.2662285043795,104.0714478390259,In-Store,Wholesale,4884.744226113372,144.68951039469016,706.425256632899,-76.15146147679025,0.9178752993090047,5.739230965493319,Low,3,1,5,3
2462,2025-09-25,P006,Running Shoes,Apparel,S03,Mumbai,53,1145.93805676077,9,60734.71700832079,1,1,Thursday,August,Q3,0,No_Holiday,1,Summer,Rainy,0,1243.088924219488,108.9255052506955,Wholesale,Retail,1042.296472434691,103.1344251084693,1042.8036316523007,-97.15086745871804,0.9218472101505392,0.9095574287679709,Low,6,3,8,3
2463,2025-09-26,P002,Bluetooth Speaker,Electronics,S02,Bengaluru,65,3881.712991327109,11,252311.3444362621,1,1,Friday,September,Q3,0,No_Holiday,1,Autumn,Cloudy,0,3719.296032278112,109.2244303195422,Online,Corporate,3579.938344900278,426.98842904598206,3454.724562281127,162.41695904899734,1.0436687366747506,0.9222573520759817,High,2,2,9,4
2464,2025-09-26,P001,Wireless Mouse,Electronics,S01,Chennai,44,3766.458815457841,0,165724.187880145,1,1,Friday,December,Q4,0,No_Holiday,0,Winter,Cloudy,1,3801.86464255505,103.910404945559,Wholesale,Retail,3296.13295784549,0.0,3766.458815457841,-35.40582709720911,0.9906872468049218,0.8751278374047005,High,1,1,12,4
2465,2025-09-26,P008,Coffee Maker,Appliances,S04,Delhi,18,2905.559585815777,0,52300.07254468398,0,1,Friday,August,Q3,0,No_Holiday,0,Summer,Cloudy,0,2951.999527643787,101.0897516535946,Wholesale,Corporate,782.6230615766705,0.0,2905.559585815777,-46.43994182800998,0.9842683098716221,0.2693536437515316,Medium,8,4,8,4
2466,2025-09-26,P001,Wireless Mouse,Electronics,S01,Chennai,53,3413.310092335819,5,180905.4348937984,1,1,Friday,December,Q4,0,No_Holiday,0,Winter,Clear,1,3241.923636178261,95.69103034213555,In-Store,Corporate,9402.282472575578,170.66550461679094,3242.644587719028,171.38645615755786,1.0528656672368744,2.7545936988518225,High,1,1,12,4
2467,2025-09-26,P005,LED Desk Lamp,Home,S03,Mumbai,57,3311.497809233044,7,188755.3751262835,1,1,Friday,February,Q1,0,No_Holiday,0,Winter,Stormy,0,3544.361777200382,97.2678811570423,In-Store,Retail,6721.015664524491,231.80484664631308,3079.6929625867306,-232.86396796733834,0.9343001695071679,2.029599912699657,Medium,5,3,2,4
2468,2025-09-26,P003,Office Chair,Furniture,S02,Bengaluru,0,2291.78,15,0.0,1,0,Friday,September,Q3,0,No_Holiday,0,Autumn,Rainy,0,2200.53,101.95,In-Store,Corporate,707.26,343.76700000000005,1948.0130000000001,91.25,1.0414672828818512,0.30860728342161986,Medium,3,2,9,4
2469,2025-09-27,P003,Office Chair,Furniture,S02,Bengaluru,32,3746.15,5,113882.96,1,1,Saturday,September,Q3,0,No_Holiday,1,Autumn,Stormy,0,4015.72,103.78,Online,Corporate,5909.59,187.3075,3558.8425,-269.5699999999997,0.9328713157291844,1.577510243850353,High,3,2,9,5
2470,2025-09-27,P007,Yoga Mat,Sports,S01,Chennai,81,1194.017934835121,19,96715.45272164482,1,1,Saturday,December,Q4,0,No_Holiday,0,Winter,Sunny,0,1079.689343169147,105.6561965023712,Online,Retail,1360.488487515955,226.86340761867297,967.1545272164481,114.32859166597405,1.1058902659263008,1.1394204792274092,Low,7,1,12,5
2471,2025-09-28,P006,Running Shoes,Apparel,S02,Bengaluru,53,4449.284079190204,12,235812.0561970808,1,1,Sunday,December,Q4,0,No_Holiday,1,Winter,Cloudy,0,4251.068962200347,109.0156197767366,Wholesale,Wholesale,4969.360925422944,533.9140895028245,3915.369989687379,198.21511698985614,1.0466271233782245,1.1168900067912493,High,6,2,12,6
2472,2025-09-28,P003,Office Chair,Furniture,S01,Chennai,43,385.1486196485478,0,16561.39064488755,0,1,Sunday,March,Q1,0,No_Holiday,0,Spring,Cloudy,0,417.5551011587733,99.24844439139169,In-Store,Corporate,0.0,0.0,385.1486196485478,-32.40648151022549,0.9223899278914495,0.0,Low,3,1,3,6
2473,2025-09-28,P005,LED Desk Lamp,Home,S02,Bengaluru,1,3685.245310745021,0,3685.245310745021,1,0,Sunday,January,Q1,0,No_Holiday,0,Winter,Clear,0,3475.394347179067,101.2484215500398,Online,Retail,2696.491646755202,0.0,3685.245310745021,209.85096356595386,1.0603819142815512,0.7316993631042897,High,5,2,1,6
2474,2025-09-28,P006,Running Shoes,Apparel,S04,Delhi,6,4059.908466216363,0,24359.45079729818,0,1,Sunday,September,Q3,0,No_Holiday,0,Autumn,Sunny,0,3754.562283826392,94.86960369385632,Online,Retail,261.8951899207609,0.0,4059.908466216363,305.3461823899711,1.0813267058334117,0.06450765875636463,High,6,4,9,6
2475,2025-09-28,P007,Yoga Mat,Sports,S01,Chennai,76,1802.48,0,136988.48,1,1,Sunday,September,Q3,0,No_Holiday,1,Autumn,Stormy,1,1837.03,103.31,In-Store,Retail,5131.22,0.0,1802.48,-34.549999999999955,0.9811924682776003,2.8467555811992367,Medium,7,1,9,6
2476,2025-09-29,P004,Notebook Pack,Stationery,S03,Mumbai,75,2454.73878479457,9,184105.4088595928,1,1,Monday,February,Q1,0,No_Holiday,1,Winter,Cloudy,0,2461.794053497134,98.04796776979174,Wholesale,Corporate,3648.32366638229,220.92649063151134,2233.812294163059,-7.055268702563808,0.997134094668666,1.48623702407,Medium,4,3,2,0
2477,2025-09-29,P004,Notebook Pack,Stationery,S03,Mumbai,49,4564.565451240264,6,223663.707110773,1,1,Monday,December,Q4,0,No_Holiday,1,Winter,Stormy,1,4150.805221486027,95.990615948244,Wholesale,Corporate,3465.504403693675,273.87392707441586,4290.691524165848,413.7602297542371,1.0996819189714007,0.7592189093820624,High,4,3,12,0
2478,2025-09-29,P004,Notebook Pack,Stationery,S03,Mumbai,1,1643.177865994128,16,1643.177865994128,1,0,Monday,October,Q4,0,No_Holiday,0,Autumn,Rainy,0,1639.19566207712,98.62228691229626,In-Store,Wholesale,6412.283812489947,262.9084585590605,1380.2694074350675,3.9822039170080643,1.0024293646018816,3.902367446150143,Low,4,3,10,0
2479,2025-09-29,P008,Coffee Maker,Appliances,S04,Delhi,37,1313.15,0,48586.55,0,1,Monday,September,Q3,0,No_Holiday,0,Autumn,Clear,0,1327.14,99.02,Wholesale,Corporate,444.57,0.0,1313.15,-13.990000000000009,0.9894585348945854,0.3385523359859879,Low,8,4,9,0
2480,2025-09-30,P001,Wireless Mouse,Electronics,S02,Bengaluru,43,1589.294244043351,5,68339.65249386411,1,1,Tuesday,April,Q2,0,No_Holiday,0,Spring,Cloudy,0,1500.963053907556,99.48806458735396,Online,Wholesale,5153.370354886089,79.46471220216755,1509.8295318411836,88.33119013579494,1.0588496764832662,3.2425527080342973,Low,1,2,4,1
2481,2025-09-30,P002,Bluetooth Speaker,Electronics,S04,Delhi,45,3188.94,15,121976.95,1,1,Tuesday,September,Q3,0,No_Holiday,0,Autumn,Stormy,0,2883.32,99.32,Online,Corporate,3766.55,478.341,2710.599,305.6199999999999,1.1059958658768363,1.1811291526337906,Medium,2,4,9,1
2482,2025-10-01,P004,Notebook Pack,Stationery,S02,Bengaluru,47,3020.76,15,120679.36,1,1,Wednesday,October,Q4,0,No_Holiday,0,Autumn,Clear,0,2797.92,99.4,Wholesale,Corporate,9618.13,453.11400000000003,2567.646,222.84000000000015,1.0796448790530109,3.1840099842423757,Medium,4,2,10,2
2483,2025-10-01,P001,Wireless Mouse,Electronics,S01,Chennai,55,3405.941913554555,1,187326.8052455006,1,1,Wednesday,December,Q4,0,No_Holiday,0,Winter,Clear,1,3231.161092412783,95.90593402714518,In-Store,Corporate,9389.846732988657,34.05941913554555,3371.8824944190096,174.78082114177187,1.054092264713196,2.756901606460193,High,1,1,12,2
2484,2025-10-02,P006,Running Shoes,Apparel,S04,Delhi,52,4038.82,20,168014.91,1,1,Thursday,October,Q4,1,Gandhi Jayanti,0,Autumn,Clear,0,3863.1,106.24,Wholesale,Corporate,1726.42,807.7640000000001,3231.056,175.72000000000025,1.0454867852243017,0.42745653433428576,High,6,4,10,3
2485,2025-10-02,P001,Wireless Mouse,Electronics,S01,Chennai,88,1794.650684949673,0,157929.2602755713,1,1,Thursday,September,Q3,1,Gandhi Jayanti,1,Autumn,Clear,1,1875.786334479647,107.5677902884487,Online,Corporate,5078.760330934653,0.0,1794.650684949673,-81.13564952997399,0.9567457934634749,2.82994366175336,Medium,1,1,9,3
2486,2025-10-02,P006,Running Shoes,Apparel,S04,Delhi,48,2450.241773486227,8,117611.6051273389,1,1,Thursday,January,Q1,1,Gandhi Jayanti,0,Winter,Sunny,0,2262.941694596447,109.7028586651261,Wholesale,Corporate,8424.062536723835,196.01934187889816,2254.222431607329,187.3000788897798,1.0827684068648447,3.4380535944981463,Medium,6,4,1,3
2487,2025-10-02,P007,Yoga Mat,Sports,S04,Delhi,73,1401.463223792129,11,102306.8153368254,1,1,Thursday,February,Q1,1,Gandhi Jayanti,1,Winter,Stormy,0,1334.842860342167,101.4637197616334,Online,Wholesale,7953.31635570218,154.16095461713417,1247.3022691749948,66.62036344996204,1.0499087686118236,5.67500896254831,Low,7,4,2,3
2488,2025-10-02,P003,Office Chair,Furniture,S01,Chennai,37,2717.853867418215,7,100560.593094474,1,1,Thursday,January,Q1,1,Gandhi Jayanti,0,Winter,Clear,0,2719.480041300021,100.4470853368191,Wholesale,Retail,4391.095938603613,190.24977071927503,2527.60409669894,-1.626173881806153,0.9994020276460537,1.6156482845690556,Medium,3,1,1,3
2489,2025-10-03,P007,Yoga Mat,Sports,S03,Mumbai,63,4900.102144388268,17,308706.4350964609,1,1,Friday,September,Q3,0,No_Holiday,1,Autumn,Rainy,1,4448.092025569431,97.76639639725025,Online,Wholesale,4785.451182175138,833.0173645460055,4067.084779842263,452.0101188188373,1.101618877536818,0.976602332189252,High,7,3,9,4
2490,2025-10-03,P002,Bluetooth Speaker,Electronics,S02,Bengaluru,37,4572.973127477612,12,169200.0057166716,1,1,Friday,May,Q2,0,No_Holiday,0,Spring,Stormy,0,4852.975477950063,98.42843722301825,Wholesale,Retail,5026.425277163315,548.7567752973134,4024.2163521802986,-280.0023504724504,0.9423029537765714,1.0991591546779589,High,2,2,5,4
2491,2025-10-03,P002,Bluetooth Speaker,Electronics,S03,Mumbai,49,2821.96102216679,0,138276.0900861727,1,1,Friday,August,Q3,0,No_Holiday,1,Summer,Cloudy,0,2747.828311633862,105.9151068281752,In-Store,Retail,6824.742576586422,0.0,2821.96102216679,74.13271053292783,1.026978654459255,2.4184397030920617,Medium,2,3,8,4
2492,2025-10-03,P004,Notebook Pack,Stationery,S02,Bengaluru,47,3107.6,0,146057.2,1,1,Friday,October,Q4,0,No_Holiday,0,Autumn,Cloudy,0,2927.01,95.71,Online,Corporate,8868.61,0.0,3107.6,180.5899999999997,1.06169777349582,2.8538454112498393,Medium,4,2,10,4
2493,2025-10-04,P002,Bluetooth Speaker,Electronics,S04,Delhi,43,3198.417840727053,18,137531.9671512633,1,1,Saturday,September,Q3,0,No_Holiday,0,Autumn,Stormy,0,2877.607744041177,99.73856689998748,Online,Corporate,3662.954358180269,575.7152113308695,2622.7026293961835,320.81009668587603,1.1114849990761233,1.1452394716969247,Medium,2,4,9,5
2494,2025-10-04,P006,Running Shoes,Apparel,S02,Bengaluru,0,1038.63,20,0.0,1,0,Saturday,October,Q4,0,No_Holiday,1,Autumn,Sunny,0,1004.92,96.71,Online,Retail,5838.82,207.72600000000003,830.9040000000001,33.71000000000015,1.0335449588026908,5.621655449967745,Low,6,2,10,5
2495,2025-10-04,P007,Yoga Mat,Sports,S03,Mumbai,80,3141.893543348484,24,251351.4834678787,1,1,Saturday,November,Q4,0,No_Holiday,1,Autumn,Stormy,0,2897.707084830927,101.0844022929983,Online,Retail,2983.552202878647,754.0544504036361,2387.839092944848,244.18645851755673,1.0842688551219815,0.9496032127488687,Medium,7,3,11,5
2496,2025-10-05,P008,Coffee Maker,Appliances,S03,Mumbai,55,4969.58,20,218661.52,1,1,Sunday,October,Q4,0,No_Holiday,1,Autumn,Sunny,1,4738.49,97.27,Wholesale,Wholesale,6240.75,993.916,3975.6639999999998,231.09000000000015,1.0487687005776103,1.2557902277456043,High,8,3,10,6
2497,2025-10-05,P002,Bluetooth Speaker,Electronics,S02,Bengaluru,46,1715.581616869996,0,78916.7543760198,0,1,Sunday,March,Q1,0,No_Holiday,1,Spring,Stormy,0,1666.611413861145,106.4893748710136,Wholesale,Wholesale,0.0,0.0,1715.581616869996,48.97020300885106,1.0293830959044008,0.0,Medium,2,2,3,6
2498,2025-10-06,P002,Bluetooth Speaker,Electronics,S01,Chennai,24,4647.83,5,105970.52,1,1,Monday,October,Q4,0,No_Holiday,0,Autumn,Sunny,0,4909.64,104.14,Online,Wholesale,898.71,232.3915,4415.4385,-261.8100000000004,0.9466742979118631,0.19336120296998816,High,2,1,10,0
2499,2025-10-06,P004,Notebook Pack,Stationery,S02,Bengaluru,77,1643.011229243106,13,126511.8646517191,1,1,Monday,October,Q4,0,No_Holiday,0,Autumn,Cloudy,0,1726.870350171936,104.5006037859251,Online,Retail,5167.301773111904,213.59145980160378,1429.4197694415022,-83.85912092882995,0.9514386700075773,3.1450191460300307,Low,4,2,10,0
2500,2025-10-07,P001,Wireless Mouse,Electronics,S01,Chennai,67,4094.267697235284,16,274315.9357147641,1,1,Tuesday,November,Q4,0,No_Holiday,0,Autumn,Cloudy,0,4354.11849192774,99.51951162672732,Wholesale,Retail,1739.102148860923,655.0828315576454,3439.1848656776383,-259.8507946924565,0.940320688292199,0.4247651295579129,High,1,1,11,1
2501,2025-10-07,P002,Bluetooth Speaker,Electronics,S03,Mumbai,11,2863.335963101224,0,31496.69559411346,0,0,Tuesday,May,Q2,0,No_Holiday,1,Spring,Stormy,0,2915.16366822586,98.7881093988537,Online,Wholesale,465.6934601244144,0.0,2863.335963101224,-51.82770512463594,0.9822213395118986,0.16264017430215585,Medium,2,3,5,1
2502,2025-10-07,P002,Bluetooth Speaker,Electronics,S02,Bengaluru,61,3223.65,20,157314.12,1,1,Tuesday,October,Q4,0,No_Holiday,0,Autumn,Cloudy,0,3370.87,105.62,Wholesale,Corporate,7459.24,644.73,2578.92,-147.2199999999998,0.9563258149973153,2.3139112496704044,Medium,2,2,10,1
2503,2025-10-08,P002,Bluetooth Speaker,Electronics,S02,Bengaluru,0,3306.05,0,0.0,0,1,Wednesday,October,Q4,0,No_Holiday,0,Autumn,Rainy,0,3616.58,106.54,Online,Retail,417.41,0.0,3306.05,-310.52999999999975,0.9141371129630756,0.12625640870525248,Medium,2,2,10,2
2504,2025-10-08,P002,Bluetooth Speaker,Electronics,S01,Chennai,32,4501.042477988196,5,144033.3592956223,1,1,Wednesday,December,Q4,0,No_Holiday,1,Winter,Stormy,0,4275.211764153697,97.50702630325685,Online,Corporate,2338.387735163374,225.0521238994098,4275.990354088786,225.83071383449897,1.0528232813466736,0.5195213656833892,High,2,1,12,2
2505,2025-10-08,P004,Notebook Pack,Stationery,S02,Bengaluru,32,2374.725560333241,4,75991.21793066373,1,1,Wednesday,December,Q4,0,No_Holiday,0,Winter,Cloudy,0,2552.108693846196,103.4452577220645,In-Store,Corporate,5544.423784575702,94.98902241332964,2279.7365379199114,-177.38313351295483,0.9304954628536504,2.3347640153406455,Medium,4,2,12,2
2506,2025-10-08,P003,Office Chair,Furniture,S03,Mumbai,39,1014.985294285379,2,39584.4264771298,0,1,Wednesday,July,Q3,0,No_Holiday,0,Summer,Cloudy,0,1075.978740268722,95.85572452533017,In-Store,Corporate,0.0,20.29970588570758,994.6855883996715,-60.99344598334301,0.9433135212614795,0.0,Low,3,3,7,2
2507,2025-10-09,P008,Coffee Maker,Appliances,S03,Mumbai,34,1576.44,0,53598.96,0,1,Thursday,October,Q4,0,No_Holiday,0,Autumn,Cloudy,0,1532.5,104.97,Online,Wholesale,210.86,0.0,1576.44,43.940000000000055,1.0286721044045677,0.13375707289842936,Low,8,3,10,3
2508,2025-10-09,P001,Wireless Mouse,Electronics,S02,Bengaluru,49,1946.52636468962,0,95379.79186979136,0,1,Thursday,August,Q3,0,No_Holiday,1,Summer,Cloudy,0,1912.505403445845,107.9350993034407,Online,Wholesale,296.6519144026641,0.0,1946.52636468962,34.02096124377499,1.0177886876463083,0.15240066601921737,Medium,1,2,8,3
2509,2025-10-10,P004,Notebook Pack,Stationery,S02,Bengaluru,42,4048.49,5,161534.75,1,1,Friday,October,Q4,0,No_Holiday,0,Autumn,Stormy,1,4287.03,100.43,Online,Corporate,1883.05,202.42449999999997,3846.0654999999997,-238.53999999999996,0.9443577488377735,0.46512403389905865,High,4,2,10,4
2510,2025-10-11,P001,Wireless Mouse,Electronics,S01,Chennai,75,606.94,0,45520.5,1,1,Saturday,October,Q4,0,No_Holiday,1,Autumn,Stormy,0,593.98,95.56,Wholesale,Retail,9073.86,0.0,606.94,12.960000000000036,1.0218189164618339,14.950176294197119,Low,1,1,10,5
2511,2025-10-11,P006,Running Shoes,Apparel,S04,Delhi,2,1642.287217160489,9,3284.574434320978,1,0,Saturday,February,Q1,0,No_Holiday,0,Winter,Sunny,0,1507.292663119732,97.60866364030575,Online,Corporate,5425.017381753851,147.80584954444402,1494.481367616045,134.99455404075707,1.0895609441641882,3.303330455883164,Low,6,4,2,5
2512,2025-10-11,P001,Wireless Mouse,Electronics,S01,Chennai,74,2372.205920781291,17,175543.2381378155,1,1,Saturday,April,Q2,0,No_Holiday,0,Spring,Rainy,1,2395.05826983442,109.6430336826234,Online,Wholesale,4658.485757682583,403.2750065328195,1968.9309142484713,-22.852349053129274,0.9904585415140196,1.9637779827091493,Medium,1,1,4,5
2513,2025-10-12,P001,Wireless Mouse,Electronics,S03,Mumbai,15,2212.67,15,28211.54,1,0,Sunday,October,Q4,0,No_Holiday,1,Autumn,Cloudy,0,2393.77,95.12,In-Store,Wholesale,6298.81,331.9005,1880.7695,-181.0999999999999,0.9243452796216847,2.8467010444395235,Medium,1,3,10,6
2514,2025-10-12,P005,LED Desk Lamp,Home,S02,Bengaluru,83,1573.248192771059,8,130579.5999999979,1,1,Sunday,January,Q1,0,No_Holiday,1,Winter,Sunny,1,1710.57749184602,102.5474214350138,In-Store,Retail,9288.7470553754,125.85985542168471,1447.3883373493743,-137.329299074961,0.9197175809166307,5.904184157373515,Low,5,2,1,6
2515,2025-10-13,P006,Running Shoes,Apparel,S02,Bengaluru,83,698.3023948157715,22,57959.09876970904,1,1,Monday,November,Q4,0,No_Holiday,0,Autumn,Stormy,0,771.4115457859343,105.0176718856416,Wholesale,Retail,5054.840062619944,153.62652685946975,544.6758679563018,-73.10915097016277,0.9052267867008948,7.238755158434661,Low,6,2,11,0
2516,2025-10-13,P003,Office Chair,Furniture,S04,Delhi,51,2341.71,0,119427.21,1,1,Monday,October,Q4,0,No_Holiday,0,Autumn,Stormy,0,2520.14,96.26,Wholesale,Corporate,4204.94,0.0,2341.71,-178.42999999999984,0.9291983778678963,1.795670685097642,Medium,3,4,10,0
2517,2025-10-13,P005,LED Desk Lamp,Home,S04,Delhi,65,4527.059922362985,15,294258.894953594,1,1,Monday,October,Q4,0,No_Holiday,0,Autumn,Stormy,1,4186.301808886655,97.57587241252865,Wholesale,Corporate,8174.22386958644,679.0589883544478,3848.000934008537,340.75811347633044,1.0813983628110546,1.8056363312548662,High,5,4,10,0
2518,2025-10-14,P005,LED Desk Lamp,Home,S02,Bengaluru,1,3984.546086023152,11,3984.546086023152,1,0,Tuesday,June,Q2,0,No_Holiday,0,Summer,Rainy,1,4360.594729045384,107.5964343068418,Online,Corporate,8215.255194797304,438.30006946254673,3546.2460165606053,-376.0486430222322,0.9137620745818412,2.061779439222571,High,5,2,6,1
2519,2025-10-14,P003,Office Chair,Furniture,S03,Mumbai,0,1225.93,10,0.0,1,0,Tuesday,October,Q4,0,No_Holiday,0,Autumn,Cloudy,1,1186.87,104.54,Online,Retail,8958.03,122.59300000000002,1103.337,39.06000000000017,1.03291009124841,7.3071300971507345,Low,3,3,10,1
2520,2025-10-14,P005,LED Desk Lamp,Home,S02,Bengaluru,51,2620.462157608736,9,133643.5700380456,1,1,Tuesday,December,Q4,0,No_Holiday,0,Winter,Sunny,0,2564.076417755853,106.4571351554196,Online,Corporate,783.036797670402,235.84159418478626,2384.62056342395,56.385739852883034,1.0219906627830668,0.2988162967348289,Medium,5,2,12,1
2521,2025-10-15,P006,Running Shoes,Apparel,S01,Chennai,19,4896.423449994378,5,93032.04554989317,1,1,Wednesday,May,Q2,0,No_Holiday,0,Spring,Cloudy,0,4964.433181816105,109.0370870015889,Online,Retail,7563.280121243935,244.8211724997189,4651.602277494659,-68.00973182172766,0.986300604856394,1.5446540109296756,High,6,1,5,2
2522,2025-10-15,P005,LED Desk Lamp,Home,S02,Bengaluru,0,4194.7,0,0.0,1,0,Wednesday,October,Q4,0,No_Holiday,0,Autumn,Sunny,0,4481.27,98.9,Wholesale,Corporate,1676.22,0.0,4194.7,-286.5700000000006,0.9360516103693818,0.3996042625217537,High,5,2,10,2
2523,2025-10-16,P002,Bluetooth Speaker,Electronics,S04,Delhi,92,1630.21,15,127482.42,1,1,Thursday,October,Q4,0,No_Holiday,0,Autumn,Stormy,0,1787.67,107.08,Wholesale,Wholesale,7289.15,244.53150000000002,1385.6785,-157.46000000000004,0.9119188664574558,4.471295109219057,Low,2,4,10,3
2524,2025-10-17,P001,Wireless Mouse,Electronics,S02,Bengaluru,83,2012.209817851518,23,167013.414881676,1,1,Friday,November,Q4,0,No_Holiday,1,Autumn,Cloudy,0,1937.501116707518,98.90827551321462,In-Store,Wholesale,2172.427223167953,462.8082581058492,1549.4015597456687,74.70870114400009,1.038559307398468,1.0796226138522187,Medium,1,2,11,4
2525,2025-10-17,P008,Coffee Maker,Appliances,S01,Chennai,101,667.4278753586761,12,67410.2154112263,1,1,Friday,November,Q4,0,No_Holiday,1,Autumn,Sunny,0,651.602052776631,104.6625519598172,In-Store,Wholesale,5751.67309724847,80.09134504304114,587.336530315635,15.825822582045134,1.0242875578961232,8.617669878048646,Low,8,1,11,4
2526,2025-10-17,P004,Notebook Pack,Stationery,S03,Mumbai,0,1636.17,15,0.0,1,0,Friday,October,Q4,0,No_Holiday,0,Autumn,Rainy,0,1642.61,98.71,In-Store,Wholesale,6032.51,245.42550000000003,1390.7445,-6.439999999999827,0.9960794102069269,3.6869701803602313,Low,4,3,10,4
2527,2025-10-17,P004,Notebook Pack,Stationery,S04,Delhi,67,1402.095000864641,12,93940.36505793093,1,1,Friday,June,Q2,0,No_Holiday,1,Summer,Sunny,0,1468.797017101771,108.7845213513843,Online,Retail,7769.466071536902,168.2514001037569,1233.843600760884,-66.70201623713001,0.954587315020052,5.5413264199256425,Low,4,4,6,4
2528,2025-10-18,P006,Running Shoes,Apparel,S04,Delhi,91,670.34,15,51850.8,1,1,Saturday,October,Q4,0,No_Holiday,1,Autumn,Stormy,0,615.67,101.37,Online,Corporate,2540.45,100.551,569.789,54.67000000000007,1.0887975701268537,3.7897932392517224,Low,6,4,10,5
2529,2025-10-18,P007,Yoga Mat,Sports,S01,Chennai,4,4206.290154269958,0,16825.16061707983,0,0,Saturday,April,Q2,0,No_Holiday,1,Spring,Clear,0,3959.710197351414,105.6971815958443,In-Store,Retail,71.76025120454034,0.0,4206.290154269958,246.5799569185442,1.0622722231246815,0.017060223753630952,High,7,1,4,5
2530,2025-10-18,P004,Notebook Pack,Stationery,S01,Chennai,1,4961.307925869022,18,4961.307925869022,1,0,Saturday,November,Q4,0,No_Holiday,0,Autumn,Clear,0,5142.665105546311,108.1696891556863,Online,Corporate,6152.088708134695,893.035426656424,4068.272499212598,-181.3571796772885,0.9647347871278461,1.2400134803277898,High,4,1,11,5
2531,2025-10-18,P003,Office Chair,Furniture,S01,Chennai,44,2714.049164639329,3,119418.1632441305,1,1,Saturday,January,Q1,0,No_Holiday,0,Winter,Clear,0,2727.495346111122,101.2588350285693,Wholesale,Retail,4511.784247638617,81.42147493917986,2632.627689700149,-13.446181471793352,0.9950701358699053,1.6623811780646904,Medium,3,1,1,5
2532,2025-10-19,P002,Bluetooth Speaker,Electronics,S03,Mumbai,0,3448.75,5,0.0,1,0,Sunday,October,Q4,0,No_Holiday,1,Autumn,Clear,1,3641.07,108.08,Wholesale,Corporate,6546.38,172.4375,3276.3125,-192.32000000000016,0.9471803618167187,1.8981891989851396,High,2,3,10,6
2533,2025-10-19,P005,LED Desk Lamp,Home,S04,Delhi,15,4834.34533615098,2,72515.1800422647,1,1,Sunday,December,Q4,0,No_Holiday,0,Winter,Rainy,0,4916.049818987315,108.2138090528035,Wholesale,Corporate,8541.768015427191,96.6869067230196,4737.65842942796,-81.70448283633505,0.9833800539366451,1.7668923962780025,High,5,4,12,6
2534,2025-10-19,P005,LED Desk Lamp,Home,S03,Mumbai,59,806.7960901736567,6,47600.96932024574,1,1,Sunday,February,Q1,0,No_Holiday,0,Winter,Rainy,0,747.0077258672663,102.2781324802303,In-Store,Corporate,3018.440998185886,48.407765410419394,758.3883247632373,59.78836430639035,1.080037143172752,3.7412687480131317,Low,5,3,2,6
2535,2025-10-20,P002,Bluetooth Speaker,Electronics,S01,Chennai,104,2650.490321105152,17,275650.9933949358,1,1,Monday,October,Q4,1,Diwali,0,Autumn,Clear,1,2707.398989743559,99.26398906215174,Online,Corporate,982.9636205433644,450.5833545878758,2199.906966517276,-56.90866863840711,0.9789803169558701,0.3708610488845349,Medium,2,1,10,0
2536,2025-10-20,P008,Coffee Maker,Appliances,S04,Delhi,49,3712.24,5,172804.77,1,1,Monday,October,Q4,1,Diwali,0,Autumn,Rainy,1,3435.4,105.67,Online,Wholesale,5375.26,185.61199999999997,3526.6279999999997,276.8399999999997,1.080584502532456,1.447982889037347,High,8,4,10,0
2537,2025-10-21,P002,Bluetooth Speaker,Electronics,S04,Delhi,20,3767.927796919839,2,75358.55593839678,0,1,Tuesday,February,Q1,0,No_Holiday,0,Winter,Clear,1,4106.305413753957,98.45129608413313,Online,Corporate,0.0,75.35855593839678,3692.569240981442,-338.3776168341178,0.9175956041407122,0.0,High,2,4,2,1
2538,2025-10-21,P002,Bluetooth Speaker,Electronics,S02,Bengaluru,0,2386.08,0,0.0,0,0,Tuesday,October,Q4,0,No_Holiday,0,Autumn,Cloudy,0,2434.57,101.13,Online,Corporate,285.88,0.0,2386.08,-48.49000000000024,0.980082725080815,0.11981157379467579,Medium,2,2,10,1
2539,2025-10-22,P001,Wireless Mouse,Electronics,S02,Bengaluru,38,765.16,0,29076.08,0,1,Wednesday,October,Q4,0,No_Holiday,0,Autumn,Cloudy,0,692.93,97.14,Wholesale,Corporate,24.33,0.0,765.16,72.23000000000002,1.104238523371769,0.03179727115897329,Low,1,2,10,2
2540,2025-10-22,P001,Wireless Mouse,Electronics,S01,Chennai,72,605.5914128271797,1,43602.58172355694,1,1,Wednesday,October,Q4,0,No_Holiday,1,Autumn,Stormy,0,585.6842819182621,95.33242418264992,Wholesale,Retail,9339.489721876931,6.055914128271797,599.535498698908,19.90713090891768,1.033989525625849,15.422097348236644,Low,1,1,10,2
2541,2025-10-22,P007,Yoga Mat,Sports,S02,Bengaluru,19,4752.001404563455,0,90288.02668670565,1,1,Wednesday,December,Q4,0,No_Holiday,0,Winter,Stormy,0,4589.924152012942,109.7318253579128,Wholesale,Corporate,1880.351658122429,0.0,4752.001404563455,162.07725255051355,1.0353115317775858,0.39569678079570525,High,7,2,12,2
2542,2025-10-23,P003,Office Chair,Furniture,S02,Bengaluru,5,687.6445792380986,10,3438.222896190493,1,0,Thursday,December,Q4,0,No_Holiday,0,Winter,Clear,0,698.941878721472,100.5061530810988,Wholesale,Wholesale,7453.586908259563,68.76445792380986,618.8801213142888,-11.297299483373422,0.9838365680648027,10.839301484086507,Low,3,2,12,3
2543,2025-10-23,P005,LED Desk Lamp,Home,S03,Mumbai,78,1234.79,20,77050.9,1,1,Thursday,October,Q4,0,No_Holiday,0,Autumn,Sunny,0,1246.53,96.01,Online,Corporate,5071.18,246.958,987.832,-11.740000000000009,0.9905818552301188,4.106916965637882,Low,5,3,10,3
2544,2025-10-24,P005,LED Desk Lamp,Home,S02,Bengaluru,1,3982.086351601631,17,3982.086351601631,1,0,Friday,June,Q2,0,No_Holiday,0,Summer,Rainy,1,4358.484674791525,107.6661493855104,Online,Corporate,8365.851510837332,676.9546797722774,3305.1316718293538,-376.3983231898942,0.9136400948322945,2.100871445811945,High,5,2,6,4
2545,2025-10-24,P005,LED Desk Lamp,Home,S04,Delhi,62,4521.38,20,224260.45,1,1,Friday,October,Q4,0,No_Holiday,0,Autumn,Stormy,1,4189.34,97.08,Wholesale,Corporate,7735.95,904.2760000000001,3617.1040000000003,332.03999999999996,1.0792583079912348,1.7109709867341387,High,5,4,10,4
2546,2025-10-24,P004,Notebook Pack,Stationery,S02,Bengaluru,3,4896.903681315782,0,14690.71104394735,0,1,Friday,February,Q1,0,No_Holiday,0,Winter,Clear,0,5171.5396156755,101.5986372226277,Online,Corporate,0.0,0.0,4896.903681315782,-274.6359343597178,0.9468947441633694,0.0,High,4,2,2,4
2547,2025-10-25,P008,Coffee Maker,Appliances,S02,Bengaluru,0,4358.46,0,0.0,0,0,Saturday,October,Q4,0,No_Holiday,1,Autumn,Clear,0,4260.16,108.5,In-Store,Wholesale,22.91,0.0,4358.46,98.30000000000018,1.023074250732367,0.005256443789778959,High,8,2,10,5
2548,2025-10-25,P006,Running Shoes,Apparel,S03,Mumbai,35,3475.600847769913,9,121646.029671947,1,1,Saturday,June,Q2,0,No_Holiday,0,Summer,Sunny,0,3502.028734448531,109.672116976177,Online,Corporate,7965.355121957345,312.80407629929215,3162.7967714706206,-26.42788667861805,0.9924535494473092,2.2917922600543275,High,6,3,6,5
2549,2025-10-25,P005,LED Desk Lamp,Home,S04,Delhi,41,2537.453952693122,2,104035.612060418,1,1,Saturday,August,Q3,0,No_Holiday,0,Summer,Sunny,0,2355.933855127445,97.39222067194689,In-Store,Corporate,6275.778931908015,50.749079053862445,2486.70487363926,181.52009756567713,1.077048044948553,2.4732582537102705,Medium,5,4,8,5
2550,2025-10-25,P005,LED Desk Lamp,Home,S01,Chennai,29,2381.000413754402,3,69049.01199887766,0,1,Saturday,December,Q4,0,No_Holiday,0,Winter,Cloudy,0,2326.252721232778,109.979370389479,Online,Wholesale,110.7129113779471,71.43001241263205,2309.57040134177,54.747692521623776,1.0235347140153417,0.04649848472868306,Medium,5,1,12,5
2551,2025-10-25,P001,Wireless Mouse,Electronics,S02,Bengaluru,50,1600.374715235943,6,80018.73576179713,1,1,Saturday,April,Q2,0,No_Holiday,0,Spring,Cloudy,0,1485.957215861496,99.44919262718008,Online,Wholesale,5627.312646732064,96.02248291415658,1504.3522323217865,114.41749937444706,1.076999188235788,3.5162469096510502,Low,1,2,4,5
2552,2025-10-26,P008,Coffee Maker,Appliances,S03,Mumbai,78,3300.4,20,205944.96,1,1,Sunday,October,Q4,0,No_Holiday,1,Autumn,Sunny,1,3386.28,106.57,In-Store,Wholesale,6629.02,660.08,2640.32,-85.88000000000011,0.974638836717578,2.008550478729851,Medium,8,3,10,6
2553,2025-10-26,P008,Coffee Maker,Appliances,S04,Delhi,104,1015.438280370148,16,105605.5811584954,1,1,Sunday,January,Q1,0,No_Holiday,0,Winter,Clear,0,1085.12741864867,106.8506491320822,Online,Wholesale,7146.132041392361,162.4701248592237,852.9681555109244,-69.68913827852202,0.9357779214856563,7.037485369162417,Low,8,4,1,6
2554,2025-10-27,P004,Notebook Pack,Stationery,S04,Delhi,4,2176.84576880954,17,8707.383075238162,1,0,Monday,December,Q4,0,No_Holiday,0,Winter,Sunny,0,1980.043625179492,96.29621380780738,In-Store,Corporate,5219.478960718017,370.0637806976218,1806.7819881119183,196.80214363004802,1.099392832121165,2.397725661369392,Medium,4,4,12,0
2555,2025-10-27,P002,Bluetooth Speaker,Electronics,S02,Bengaluru,1,4784.81,10,4306.33,1,0,Monday,October,Q4,0,No_Holiday,0,Autumn,Sunny,1,4805.63,106.26,Wholesale,Retail,1642.69,478.48100000000005,4306.329000000001,-20.81999999999971,0.9956675815657885,0.34331352760088696,High,2,2,10,0
2556,2025-10-27,P008,Coffee Maker,Appliances,S03,Mumbai,7,4368.331347451149,14,30578.31943215804,1,0,Monday,February,Q1,0,No_Holiday,0,Winter,Rainy,0,4398.567163177539,102.0973977176763,In-Store,Wholesale,4209.39775650022,611.5663886431608,3756.764958807988,-30.235815726390683,0.9931259852118415,0.9636168645852233,High,8,3,2,0
2557,2025-10-27,P007,Yoga Mat,Sports,S01,Chennai,77,1665.167536826286,19,128217.900335624,1,1,Monday,December,Q4,0,No_Holiday,0,Winter,Rainy,0,1792.357870956548,107.8267111809746,Online,Retail,1911.901685520814,316.3818319969944,1348.7857048292917,-127.19033413026182,0.929037422608922,1.1481737682472415,Low,7,1,12,0
2558,2025-10-28,P003,Office Chair,Furniture,S01,Chennai,0,1519.82,0,0.0,0,0,Tuesday,October,Q4,0,No_Holiday,0,Autumn,Stormy,0,1613.11,104.1,In-Store,Wholesale,22.49,0.0,1519.82,-93.28999999999996,0.9421676141118709,0.014797805003224066,Low,3,1,10,1
2559,2025-10-28,P007,Yoga Mat,Sports,S03,Mumbai,82,3128.316807668687,18,256521.9782288323,1,1,Tuesday,November,Q4,0,No_Holiday,1,Autumn,Stormy,0,2899.601332665728,100.7025495062386,Online,Retail,2660.211170153542,563.0970253803637,2565.2197822883236,228.715475002959,1.0788782486841704,0.8503650153438292,Medium,7,3,11,1
2560,2025-10-29,P003,Office Chair,Furniture,S04,Delhi,1,3341.171098574514,16,3341.171098574514,1,0,Wednesday,May,Q2,0,No_Holiday,0,Spring,Rainy,0,3471.810582673266,99.1258286271383,In-Store,Wholesale,9454.00981575522,534.5873757719222,2806.5837228025916,-130.63948409875184,0.9623713676227807,2.829549740744706,Medium,3,4,5,2
2561,2025-10-29,P002,Bluetooth Speaker,Electronics,S04,Delhi,28,1710.211046028602,0,47885.90928880086,0,1,Wednesday,January,Q1,0,No_Holiday,0,Winter,Stormy,1,1588.097695024589,100.8210626639926,In-Store,Retail,0.0,0.0,1710.211046028602,122.11335100401288,1.0768928456899007,0.0,Medium,2,4,1,2
2562,2025-10-29,P005,LED Desk Lamp,Home,S02,Bengaluru,59,1052.447152115644,1,62094.38197482299,1,1,Wednesday,June,Q2,0,No_Holiday,0,Summer,Cloudy,0,1123.542614364101,104.039104206246,In-Store,Corporate,1746.679192613491,10.52447152115644,1041.9226805944877,-71.0954622484569,0.9367220599027343,1.6596360103234562,Low,5,2,6,2
2563,2025-10-29,P001,Wireless Mouse,Electronics,S03,Mumbai,62,2297.68,5,135333.35,1,1,Wednesday,October,Q4,0,No_Holiday,0,Autumn,Clear,0,2243.46,96.37,Online,Wholesale,2097.48,114.884,2182.796,54.2199999999998,1.0241680261738564,0.9128686327077749,Medium,1,3,10,2
2564,2025-10-29,P004,Notebook Pack,Stationery,S02,Bengaluru,49,3313.144033132506,4,162344.0576234928,1,1,Wednesday,January,Q1,0,No_Holiday,0,Winter,Rainy,0,3057.368655388092,104.3865109610881,Online,Wholesale,5282.397282231567,132.52576132530024,3180.618271807206,255.77537774441407,1.083658664222142,1.5943759852894699,Medium,4,2,1,2
2565,2025-10-29,P003,Office Chair,Furniture,S02,Bengaluru,1,1822.342298841476,5,1822.342298841476,1,0,Wednesday,March,Q1,0,No_Holiday,1,Spring,Sunny,1,1772.86160562073,96.4626008838091,Wholesale,Corporate,8348.094710925128,91.11711494207378,1731.225183899402,49.480693220745934,1.0279100709631654,4.580969621476872,Medium,3,2,3,2
2566,2025-10-29,P004,Notebook Pack,Stationery,S01,Chennai,1,4958.482956885195,10,4958.482956885195,1,0,Wednesday,November,Q4,0,No_Holiday,0,Autumn,Clear,0,5131.677417819909,108.1996818867684,Online,Corporate,6665.982999186845,495.84829568851944,4462.634661196676,-173.1944609347147,0.9662499321696856,1.3443593649809098,High,4,1,11,2
2567,2025-10-29,P002,Bluetooth Speaker,Electronics,S04,Delhi,58,646.7744280404978,0,37512.91682634888,0,1,Wednesday,September,Q3,0,No_Holiday,0,Autumn,Stormy,0,574.80171584584,97.66879778508536,In-Store,Corporate,475.3398788725063,0.0,646.7744280404978,71.97271219465779,1.1252131129927954,0.7349391971365059,Low,2,4,9,2
2568,2025-10-30,P003,Office Chair,Furniture,S02,Bengaluru,15,1426.66,0,21399.9,0,1,Thursday,October,Q4,0,No_Holiday,0,Autumn,Stormy,0,1300.8,109.42,Online,Retail,356.65,0.0,1426.66,125.86000000000013,1.0967558425584256,0.24998948593217724,Low,3,2,10,3
2569,2025-10-31,P005,LED Desk Lamp,Home,S04,Delhi,67,673.97,0,45155.99,1,1,Friday,October,Q4,0,No_Holiday,0,Autumn,Cloudy,0,733.49,108.49,Online,Retail,2776.42,0.0,673.97,-59.51999999999998,0.9188536994369385,4.119500867991157,Low,5,4,10,4
2570,2025-10-31,P002,Bluetooth Speaker,Electronics,S04,Delhi,89,1631.052398480968,18,145163.6634648062,1,1,Friday,October,Q4,0,No_Holiday,0,Autumn,Stormy,0,1785.656892830759,107.0667846200128,Wholesale,Wholesale,7572.949858785013,293.5894317265742,1337.4629667543936,-154.60449434979114,0.9134187004398698,4.642983797355532,Low,2,4,10,4
2571,2025-10-31,P007,Yoga Mat,Sports,S04,Delhi,57,1221.232569386686,0,69610.2564550411,1,1,Friday,July,Q3,0,No_Holiday,0,Summer,Cloudy,0,1228.329022246687,102.3154896157412,In-Store,Corporate,7326.112444445149,0.0,1221.232569386686,-7.096452860000909,0.9942226775306334,5.998949445087588,Low,7,4,7,4
2572,2025-11-01,P003,Office Chair,Furniture,S03,Mumbai,34,3510.688511213411,9,119363.409381256,1,1,Saturday,March,Q1,0,No_Holiday,0,Spring,Stormy,0,3612.496493506811,103.0542766066592,Online,Corporate,1213.204059944855,315.961966009207,3194.726545204204,-101.80798229340007,0.9718178322175836,0.34557439546965996,High,3,3,3,5
2573,2025-11-01,P004,Notebook Pack,Stationery,S02,Bengaluru,37,3831.988708353614,0,141783.5822090837,1,1,Saturday,January,Q1,0,No_Holiday,0,Winter,Rainy,1,4179.894323486667,104.8686471546043,Online,Wholesale,7257.253400537122,0.0,3831.988708353614,-347.9056151330533,0.9167668873401452,1.8938608521253049,High,4,2,1,5
2574,2025-11-01,P005,LED Desk Lamp,Home,S04,Delhi,71,3133.572225516851,17,222483.6280116964,1,1,Saturday,December,Q4,0,No_Holiday,1,Winter,Stormy,0,2941.331316196464,103.8355298557423,In-Store,Corporate,4453.696932939497,532.7072783378648,2600.8649471789863,192.24090932038735,1.0653584682085324,1.4212842763516977,Medium,5,4,12,5
2575,2025-11-01,P004,Notebook Pack,Stationery,S04,Delhi,74,2641.38,10,175915.91,1,1,Saturday,November,Q4,0,No_Holiday,1,Autumn,Sunny,0,2409.27,101.97,In-Store,Retail,5099.63,264.13800000000003,2377.242,232.11000000000013,1.0963403852619258,1.9306688170577502,Medium,4,4,11,5
2576,2025-11-02,P004,Notebook Pack,Stationery,S03,Mumbai,1,1077.02941192815,0,1077.02941192815,0,0,Sunday,September,Q3,0,No_Holiday,0,Autumn,Clear,0,1094.430773480219,109.1432244870782,Wholesale,Wholesale,0.0,0.0,1077.02941192815,-17.40136155206892,0.9841000801752552,0.0,Low,4,3,9,6
2577,2025-11-02,P008,Coffee Maker,Appliances,S04,Delhi,25,2890.38035419586,4,72259.50885489648,0,1,Sunday,August,Q3,0,No_Holiday,0,Summer,Cloudy,0,2948.02945385551,100.5893469939259,Wholesale,Corporate,477.1774438586043,115.6152141678344,2774.7651400280256,-57.64909965964989,0.9804448698488223,0.16509157459706061,Medium,8,4,8,6
2578,2025-11-02,P007,Yoga Mat,Sports,S02,Bengaluru,0,4585.93,0,0.0,0,0,Sunday,November,Q4,0,No_Holiday,1,Autumn,Clear,0,4353.25,103.32,Online,Corporate,284.12,0.0,4585.93,232.6800000000003,1.0534497214724632,0.06195471801793747,High,7,2,11,6
2579,2025-11-03,P003,Office Chair,Furniture,S01,Chennai,43,373.5722485555598,2,16063.60668788907,0,1,Monday,March,Q1,0,No_Holiday,0,Spring,Cloudy,0,419.5219351306657,98.84171398665971,In-Store,Corporate,0.0,7.471444971111196,366.1008035844486,-45.94968657510594,0.8904713133514836,0.0,Low,3,1,3,0
2580,2025-11-03,P008,Coffee Maker,Appliances,S01,Chennai,35,4262.13,10,134257.1,1,1,Monday,November,Q4,0,No_Holiday,0,Autumn,Rainy,0,4296.6,97.52,Online,Wholesale,9549.82,426.213,3835.917,-34.470000000000255,0.9919773774612484,2.240621473300908,High,8,1,11,0
2581,2025-11-03,P005,LED Desk Lamp,Home,S02,Bengaluru,54,432.9446168007951,0,23379.00930724293,0,1,Monday,April,Q2,0,No_Holiday,0,Spring,Sunny,0,471.6293029611606,104.6719421864768,Wholesale,Corporate,345.4670241024406,0.0,432.9446168007951,-38.684686160365516,0.9179764999386578,0.7979473833286986,Low,5,2,4,0
2582,2025-11-04,P007,Yoga Mat,Sports,S02,Bengaluru,64,3734.171845943719,16,238986.998140398,1,1,Tuesday,March,Q1,0,No_Holiday,0,Spring,Stormy,0,3720.874881130098,108.3438153872264,Wholesale,Wholesale,8423.345685116925,597.467495350995,3136.704350592724,13.296964813620889,1.003573612453634,2.255746664221377,High,7,2,3,1
2583,2025-11-04,P008,Coffee Maker,Appliances,S01,Chennai,0,204.81,5,0.0,1,0,Tuesday,November,Q4,0,No_Holiday,0,Autumn,Cloudy,0,184.35,109.0,In-Store,Corporate,6179.74,10.240499999999999,194.5695,20.460000000000008,1.1109845402766478,30.17303842585811,Low,8,1,11,1
2584,2025-11-05,P007,Yoga Mat,Sports,S03,Mumbai,8,4243.71,0,33949.68,0,1,Wednesday,November,Q4,0,No_Holiday,0,Autumn,Rainy,1,4297.25,99.51,In-Store,Wholesale,61.49,0.0,4243.71,-53.539999999999964,0.9875408691605096,0.01448968002054806,High,7,3,11,2
2585,2025-11-05,P003,Office Chair,Furniture,S01,Chennai,82,2891.898824368374,19,237135.7035982067,1,1,Wednesday,June,Q2,0,No_Holiday,0,Summer,Rainy,0,2737.890499895456,96.39246000147439,In-Store,Wholesale,9839.96943994876,549.460776629991,2342.438047738383,154.00832447291805,1.0562507245920898,3.4025980981882826,Medium,3,1,6,2
2586,2025-11-06,P001,Wireless Mouse,Electronics,S03,Mumbai,30,2436.106911185519,0,73083.20733556557,0,1,Thursday,December,Q4,0,No_Holiday,0,Winter,Cloudy,1,2219.255633087405,108.7861551407126,Wholesale,Wholesale,551.3883231372989,0.0,2436.106911185519,216.8512780981141,1.097713519283235,0.22633995273588736,Medium,1,3,12,3
2587,2025-11-06,P003,Office Chair,Furniture,S03,Mumbai,0,4415.74,0,0.0,0,1,Thursday,November,Q4,0,No_Holiday,0,Autumn,Cloudy,0,4215.28,104.93,In-Store,Corporate,105.31,0.0,4415.74,200.46000000000004,1.0475555597730162,0.023848777328375315,High,3,3,11,3
2588,2025-11-06,P005,LED Desk Lamp,Home,S03,Mumbai,8,4351.001507956656,0,34808.01206365324,0,1,Thursday,March,Q1,0,No_Holiday,1,Spring,Rainy,0,4365.388770977682,105.2623859322915,In-Store,Corporate,201.8949172528353,0.0,4351.001507956656,-14.387263021026229,0.9967042424453288,0.046401941457301504,High,5,3,3,3
2589,2025-11-07,P006,Running Shoes,Apparel,S01,Chennai,0,4587.29,0,0.0,0,0,Friday,November,Q4,0,No_Holiday,0,Autumn,Stormy,0,4955.6,105.09,In-Store,Wholesale,447.63,0.0,4587.29,-368.3100000000004,0.9256780208249252,0.09758048869812024,High,6,1,11,4
2590,2025-11-07,P004,Notebook Pack,Stationery,S01,Chennai,19,2207.266269529557,0,41938.05912106157,0,1,Friday,July,Q3,0,No_Holiday,0,Summer,Sunny,0,2139.699130952527,105.1285332522188,Online,Corporate,0.0,0.0,2207.266269529557,67.56713857703016,1.0315778688693262,0.0,Medium,4,1,7,4
2591,2025-11-07,P006,Running Shoes,Apparel,S04,Delhi,36,4452.533291140061,2,160291.1984810422,1,1,Friday,April,Q2,0,No_Holiday,0,Spring,Sunny,1,4677.600419492231,100.79617771892,In-Store,Corporate,6610.621148895686,89.05066582280122,4363.48262531726,-225.06712835216968,0.9518840627313349,1.484687641089608,High,6,4,4,4
2592,2025-11-07,P005,LED Desk Lamp,Home,S04,Delhi,33,1590.833625388647,4,52497.50963782534,0,1,Friday,April,Q2,0,No_Holiday,0,Spring,Rainy,0,1633.618104240084,99.10384535770848,In-Store,Corporate,650.471705274055,63.633345015545885,1527.2002803731011,-42.784478851436916,0.9738099873278895,0.4088873247918318,Low,5,4,4,4
2593,2025-11-08,P007,Yoga Mat,Sports,S02,Bengaluru,7,3097.031722595785,0,21679.22205817049,1,0,Saturday,January,Q1,0,No_Holiday,1,Winter,Clear,0,3348.948338452205,102.5830478481531,Online,Retail,4599.377706885487,0.0,3097.031722595785,-251.91661585641987,0.9247773956486742,1.4850922169536276,Medium,7,2,1,5
2594,2025-11-08,P008,Coffee Maker,Appliances,S04,Delhi,91,2783.03,20,202604.58,1,1,Saturday,November,Q4,0,No_Holiday,1,Autumn,Clear,0,3001.54,107.24,In-Store,Wholesale,1672.45,556.6060000000001,2226.424,-218.50999999999976,0.9272007036387988,0.6009457318102931,Medium,8,4,11,5
2595,2025-11-08,P003,Office Chair,Furniture,S01,Chennai,36,853.3298188889057,0,30719.87348000061,0,1,Saturday,July,Q3,0,No_Holiday,1,Summer,Stormy,0,930.0207130173399,97.93957816659656,Online,Retail,144.6404750146058,0.0,853.3298188889057,-76.69089412843414,0.9175385095675774,0.16950125474688987,Low,3,1,7,5
2596,2025-11-08,P002,Bluetooth Speaker,Electronics,S03,Mumbai,2,746.153619357959,0,1492.307238715918,0,0,Saturday,August,Q3,0,No_Holiday,1,Summer,Cloudy,0,738.1831789880384,108.2217699434881,Wholesale,Wholesale,726.0244959739111,0.0,746.153619357959,7.970440369920539,1.0107973746853012,0.9730228161308548,Low,2,3,8,5
2597,2025-11-09,P007,Yoga Mat,Sports,S03,Mumbai,92,2056.4,20,151351.04,1,1,Sunday,November,Q4,0,No_Holiday,1,Autumn,Sunny,0,2003.13,97.89,Online,Retail,7559.87,411.28,1645.1200000000001,53.26999999999998,1.0265933813581745,3.676264345458082,Medium,7,3,11,6
2598,2025-11-09,P004,Notebook Pack,Stationery,S01,Chennai,3,3049.647199177107,0,9148.941597531322,0,1,Sunday,June,Q2,0,No_Holiday,0,Summer,Cloudy,0,3206.679174832759,97.99419444381635,In-Store,Wholesale,429.5608269838995,0.0,3049.647199177107,-157.03197565565233,0.9510297204384838,0.1408559085456865,Medium,4,1,6,6
2599,2025-11-09,P006,Running Shoes,Apparel,S01,Chennai,49,1494.361870581407,3,73223.73165848893,1,1,Sunday,April,Q2,0,No_Holiday,0,Spring,Cloudy,0,1606.566942915382,99.67470336817802,Wholesale,Corporate,2544.745688718609,44.83085611744221,1449.5310144639648,-112.20507233397507,0.9301584830754949,1.7028978983039311,Low,6,1,4,6
2600,2025-11-09,P008,Coffee Maker,Appliances,S01,Chennai,1,209.1146022100114,8,209.1146022100114,1,0,Sunday,November,Q4,0,No_Holiday,0,Autumn,Cloudy,0,178.622135989119,109.1104767225023,In-Store,Corporate,6169.897632976915,16.72916817680091,192.38543403321052,30.492466220892425,1.170709335951228,29.50486272967469,Low,8,1,11,6
2601,2025-11-09,P006,Running Shoes,Apparel,S03,Mumbai,56,1158.299122759242,3,64864.75087451757,1,1,Sunday,August,Q3,0,No_Holiday,1,Summer,Rainy,0,1244.27487576601,108.9142830210822,Wholesale,Retail,864.1991370953003,34.74897368277726,1123.5501490764648,-85.97575300676795,0.9309029261288918,0.7460932328401049,Low,6,3,8,6
2602,2025-11-09,P002,Bluetooth Speaker,Electronics,S04,Delhi,28,1707.708416897809,0,47815.83567313867,0,1,Sunday,January,Q1,0,No_Holiday,0,Winter,Stormy,1,1583.910789840196,100.7269678167197,In-Store,Retail,520.2280977358225,0.0,1707.708416897809,123.797627057613,1.078159469492662,0.3046352015298133,Medium,2,4,1,6
2603,2025-11-10,P002,Bluetooth Speaker,Electronics,S04,Delhi,20,2576.467309502648,0,51529.34619005297,0,1,Monday,June,Q2,0,No_Holiday,0,Summer,Rainy,0,2510.057915158774,98.93331406627223,Online,Retail,368.7899771202785,0.0,2576.467309502648,66.40939434387383,1.026457315563443,0.1431378445051835,Medium,2,4,6,0
2604,2025-11-10,P005,LED Desk Lamp,Home,S03,Mumbai,10,1119.26,20,8954.08,1,0,Monday,November,Q4,0,No_Holiday,0,Autumn,Cloudy,0,1059.77,102.41,In-Store,Retail,3167.19,223.852,895.408,59.49000000000001,1.0561348217065967,2.8297178492932833,Low,5,3,11,0
2605,2025-11-10,P004,Notebook Pack,Stationery,S01,Chennai,3,4957.40692555132,18,14872.22077665396,1,0,Monday,November,Q4,0,No_Holiday,0,Autumn,Clear,0,5137.108035423134,108.3541322274249,Online,Corporate,6099.963940533599,892.3332465992374,4065.073678952082,-179.70110987181488,0.9650190129090768,1.2304747284499375,High,4,1,11,0
2606,2025-11-10,P002,Bluetooth Speaker,Electronics,S01,Chennai,44,3273.118261719444,11,144017.2035156555,1,1,Monday,December,Q4,0,No_Holiday,1,Winter,Clear,0,3401.552907626972,95.71358445565996,Wholesale,Retail,3401.023401630695,360.04300878913887,2913.0752529303054,-128.43464590752774,0.9622423494811587,1.0390774575447388,Medium,2,1,12,0
2607,2025-11-11,P004,Notebook Pack,Stationery,S01,Chennai,89,1141.22,20,81254.86,1,1,Tuesday,November,Q4,0,No_Holiday,0,Autumn,Sunny,0,1156.99,102.41,Wholesale,Retail,6768.47,228.24400000000003,912.976,-15.769999999999982,0.9863698044062611,5.930907274670966,Low,4,1,11,1
2608,2025-11-12,P004,Notebook Pack,Stationery,S03,Mumbai,4,1628.307806839799,14,6513.231227359198,1,0,Wednesday,October,Q4,0,No_Holiday,0,Autumn,Rainy,0,1632.626025014002,98.26907754390601,In-Store,Wholesale,5922.36884319564,227.96309295757186,1400.344713882227,-4.3182181742029115,0.9973550475687377,3.637131025423077,Low,4,3,10,2
2609,2025-11-12,P003,Office Chair,Furniture,S01,Chennai,48,3023.19,15,123346.15,1,1,Wednesday,November,Q4,0,No_Holiday,0,Autumn,Rainy,0,3285.34,107.83,Wholesale,Wholesale,7931.4,453.4785,2569.7115,-262.1500000000001,0.9202061278284743,2.6235201889394975,Medium,3,1,11,2
2610,2025-11-13,P004,Notebook Pack,Stationery,S01,Chennai,0,4961.37,15,0.0,1,0,Thursday,November,Q4,0,No_Holiday,0,Autumn,Clear,0,5140.65,108.25,Online,Corporate,6589.18,744.2055,4217.1645,-179.27999999999975,0.9651250328265881,1.3280968764675887,High,4,1,11,3
2611,2025-11-13,P005,LED Desk Lamp,Home,S03,Mumbai,55,805.9287932178298,2,44326.08362698064,1,1,Thursday,February,Q1,0,No_Holiday,0,Winter,Rainy,0,737.3479653630045,101.9904896563106,In-Store,Corporate,3508.529362999599,16.118575864356597,789.8102173534733,68.58082785482532,1.0930101269365573,4.353398702869398,Low,5,3,2,3
2612,2025-11-13,P001,Wireless Mouse,Electronics,S02,Bengaluru,13,3007.318917296949,3,39095.14592486034,0,1,Thursday,July,Q3,0,No_Holiday,0,Summer,Sunny,0,3015.821725181212,102.0089924161933,Wholesale,Retail,44.26872889525958,90.21956751890848,2917.0993497780405,-8.502807884262893,0.9971805999627674,0.014720330670832005,Medium,1,2,7,3
2613,2025-11-13,P002,Bluetooth Speaker,Electronics,S03,Mumbai,1,379.118288493422,16,379.118288493422,1,0,Thursday,March,Q1,0,No_Holiday,0,Spring,Stormy,0,400.2860241988993,108.703712182249,In-Store,Corporate,8559.380878283207,60.65892615894752,318.4593623344745,-21.1677357054773,0.9471184742264217,22.57707195370956,Low,2,3,3,3
2614,2025-11-13,P004,Notebook Pack,Stationery,S04,Delhi,1,2172.91479813006,17,2172.91479813006,1,0,Thursday,December,Q4,0,No_Holiday,0,Winter,Sunny,0,1982.878478373494,96.51830013956717,In-Store,Corporate,4979.059137562463,369.3955156821102,1803.5192824479495,190.03631975656572,1.0958386113063507,2.291419406709955,Medium,4,4,12,3
2615,2025-11-14,P001,Wireless Mouse,Electronics,S03,Mumbai,66,2276.23,5,142719.62,1,1,Friday,November,Q4,0,No_Holiday,0,Autumn,Sunny,1,2261.02,100.42,Online,Wholesale,2633.21,113.8115,2162.4185,15.210000000000036,1.006727052392283,1.1568294943832564,Medium,1,3,11,4
2616,2025-11-14,P001,Wireless Mouse,Electronics,S02,Bengaluru,38,766.6257796169886,0,29131.77962544556,0,1,Friday,October,Q4,0,No_Holiday,0,Autumn,Cloudy,0,686.3100744933689,97.60610822490965,Wholesale,Corporate,415.481033406651,0.0,766.6257796169886,80.31570512361964,1.1170253914499337,0.5419606859740983,Low,1,2,10,4
2617,2025-11-14,P003,Office Chair,Furniture,S02,Bengaluru,4,1812.407232637429,7,7249.628930549715,1,0,Friday,March,Q1,0,No_Holiday,1,Spring,Sunny,1,1776.512535878634,96.58912600666281,Wholesale,Corporate,8015.133267041111,126.86850628462001,1685.538726352809,35.89469675879491,1.0202051469009432,4.422368837812145,Medium,3,2,3,4
2618,2025-11-14,P002,Bluetooth Speaker,Electronics,S02,Bengaluru,39,4560.708819364221,18,177867.6439552046,1,1,Friday,May,Q2,0,No_Holiday,0,Spring,Stormy,0,4846.753315074944,98.71785570798113,Wholesale,Retail,5575.087526111,820.9275874855598,3739.7812318786614,-286.0444957107229,0.9409822458219539,1.2224168976628915,High,2,2,5,4
2619,2025-11-15,P005,LED Desk Lamp,Home,S04,Delhi,23,2755.57,0,63378.11,0,1,Saturday,November,Q4,0,No_Holiday,1,Autumn,Rainy,0,2525.1,103.58,Online,Wholesale,112.81,0.0,2755.57,230.47000000000025,1.0912716328066216,0.040938898304162114,Medium,5,4,11,5
2620,2025-11-15,P004,Notebook Pack,Stationery,S02,Bengaluru,41,4579.611041554984,0,187764.0527037543,1,1,Saturday,June,Q2,0,No_Holiday,1,Summer,Sunny,0,4794.621567049447,102.6671003214112,In-Store,Wholesale,3772.899290856999,0.0,4579.611041554984,-215.01052549446285,0.9551558923915704,0.8238471033068193,High,4,2,6,5
2621,2025-11-15,P002,Bluetooth Speaker,Electronics,S01,Chennai,70,4126.344181926911,17,288844.0927348838,1,1,Saturday,July,Q3,0,No_Holiday,1,Summer,Clear,0,4305.372394587746,109.172708644014,Online,Wholesale,618.843892485298,701.4785109275748,3424.865670999336,-179.02821266083538,0.9584174848879762,0.14997389097976593,High,2,1,7,5
2622,2025-11-15,P003,Office Chair,Furniture,S01,Chennai,29,2094.763795131223,0,60748.15005880546,0,1,Saturday,December,Q4,0,No_Holiday,0,Winter,Cloudy,1,2011.919849464152,109.1598859747897,Wholesale,Wholesale,731.2901800010748,0.0,2094.763795131223,82.84394566707101,1.0411765636136725,0.34910388545991855,Medium,3,1,12,5
2623,2025-11-16,P005,LED Desk Lamp,Home,S03,Mumbai,3,995.0733813339086,14,2985.220144001726,1,0,Sunday,May,Q2,0,No_Holiday,1,Spring,Cloudy,1,947.6926392233911,104.8579935025316,Wholesale,Retail,6094.689426150596,139.3102733867472,855.7631079471614,47.38074211051753,1.049995895451235,6.124864296923094,Low,5,3,5,6
2624,2025-11-16,P007,Yoga Mat,Sports,S01,Chennai,20,4601.58,0,92031.6,0,1,Sunday,November,Q4,0,No_Holiday,1,Autumn,Cloudy,0,4717.53,96.45,In-Store,Corporate,404.03,0.0,4601.58,-115.94999999999982,0.9754214599589193,0.08780245046266717,High,7,1,11,6
2625,2025-11-16,P005,LED Desk Lamp,Home,S04,Delhi,18,2750.722441489626,3,49513.00394681327,0,1,Sunday,November,Q4,0,No_Holiday,1,Autumn,Rainy,0,2522.492501406326,103.7920700021207,Online,Wholesale,0.0,82.52167324468877,2668.200768244937,228.22994008329988,1.0904779459031329,0.0,Medium,5,4,11,6
2626,2025-11-17,P001,Wireless Mouse,Electronics,S02,Bengaluru,32,3230.951187474137,0,103390.4379991724,0,1,Monday,June,Q2,0,No_Holiday,1,Summer,Clear,0,3460.551819051906,95.81833465667167,Online,Retail,661.4624447365754,0.0,3230.951187474137,-229.60063157776904,0.933652017486427,0.2047268455496808,Medium,1,2,6,0
2627,2025-11-17,P003,Office Chair,Furniture,S02,Bengaluru,35,2510.358830805261,4,87862.55907818413,1,1,Monday,March,Q1,0,No_Holiday,0,Spring,Clear,0,2537.999613949472,109.9467774266387,Wholesale,Retail,2635.760248593337,100.41435323221043,2409.9444775730503,-27.640783144211127,0.9891092248429469,1.0499535828301687,Medium,3,2,3,0
2628,2025-11-17,P006,Running Shoes,Apparel,S03,Mumbai,57,1386.34,5,75070.31,1,1,Monday,November,Q4,0,No_Holiday,0,Autumn,Cloudy,0,1475.52,102.8,Online,Retail,7869.62,69.317,1317.023,-89.18000000000006,0.9395602906094123,5.6765439935369395,Low,6,3,11,0
2629,2025-11-18,P007,Yoga Mat,Sports,S04,Delhi,95,1588.073461721763,20,150866.9788635675,1,1,Tuesday,July,Q3,0,No_Holiday,1,Summer,Stormy,0,1690.294421633441,104.1164784060507,Online,Retail,3644.419112538586,317.6146923443526,1270.4587693774104,-102.22095991167816,0.9395247605367499,2.2948680904140084,Low,7,4,7,1
2630,2025-11-18,P005,LED Desk Lamp,Home,S02,Bengaluru,47,1729.893022440853,2,81304.97205472008,0,1,Tuesday,December,Q4,0,No_Holiday,0,Winter,Clear,1,1566.845807173704,96.4751125953222,Wholesale,Wholesale,111.7458474818394,34.59786044881706,1695.295161992036,163.04721526714889,1.1040607917643508,0.06459696988902106,Medium,5,2,12,1
2631,2025-11-18,P008,Coffee Maker,Appliances,S01,Chennai,45,3201.67,10,129667.63,1,1,Tuesday,November,Q4,0,No_Holiday,0,Autumn,Sunny,0,3468.51,100.66,Wholesale,Retail,7935.14,320.16700000000003,2881.503,-266.84000000000015,0.9230678302787075,2.4784378152651585,Medium,8,1,11,1
2632,2025-11-19,P006,Running Shoes,Apparel,S01,Chennai,61,3284.615916617758,19,200361.5709136832,1,1,Wednesday,May,Q2,0,No_Holiday,0,Spring,Sunny,0,3259.806267387578,101.6664053660937,In-Store,Wholesale,9804.570601331152,624.077024157374,2660.538892460384,24.809649230180185,1.0076107741366063,2.9849975918728227,Medium,6,1,5,2
2633,2025-11-19,P001,Wireless Mouse,Electronics,S04,Delhi,81,462.99,10,33751.97,1,1,Wednesday,November,Q4,0,No_Holiday,0,Autumn,Sunny,0,479.43,103.39,In-Store,Corporate,4315.99,46.299,416.69100000000003,-16.439999999999998,0.9657092797697265,9.32199399555066,Low,1,4,11,2
2634,2025-11-20,P005,LED Desk Lamp,Home,S02,Bengaluru,11,3567.675824649498,16,39244.43407114447,1,0,Thursday,June,Q2,0,No_Holiday,0,Summer,Clear,0,3916.737312566664,101.8936400161772,Online,Wholesale,4354.828564014572,570.8281319439196,2996.847692705578,-349.06148791716623,0.9108795254669699,1.2206346030450812,High,5,2,6,3
2635,2025-11-20,P007,Yoga Mat,Sports,S03,Mumbai,82,3128.632589510646,15,256547.8723398729,1,1,Thursday,November,Q4,0,No_Holiday,1,Autumn,Stormy,0,2898.349701169034,101.5488009580859,Online,Retail,3167.192943496767,469.29488842659686,2659.337701084049,230.2828883416123,1.0794531067968538,1.012324986358386,Medium,7,3,11,3
2636,2025-11-20,P007,Yoga Mat,Sports,S02,Bengaluru,4,4350.0,20,13920.0,1,0,Thursday,November,Q4,0,No_Holiday,0,Autumn,Sunny,0,4249.01,106.93,Wholesale,Wholesale,1462.14,870.0,3480.0,100.98999999999978,1.0237678894613098,0.3361241379310345,High,7,2,11,3
2637,2025-11-21,P001,Wireless Mouse,Electronics,S04,Delhi,50,2682.62,10,120717.9,1,1,Friday,November,Q4,0,No_Holiday,0,Autumn,Sunny,0,2420.95,105.7,Wholesale,Retail,9091.51,268.26199999999994,2414.358,261.6700000000001,1.1080856688490055,3.389041310360767,Medium,1,4,11,4
2638,2025-11-22,P003,Office Chair,Furniture,S03,Mumbai,9,1905.88,5,16295.27,1,0,Saturday,November,Q4,0,No_Holiday,1,Autumn,Stormy,0,1807.98,106.96,Online,Retail,3460.84,95.29400000000001,1810.586,97.90000000000009,1.0541488290799677,1.8158750813272608,Medium,3,3,11,5
2639,2025-11-22,P001,Wireless Mouse,Electronics,S02,Bengaluru,42,4562.192453379304,1,191612.0830419307,1,1,Saturday,September,Q3,0,No_Holiday,0,Autumn,Cloudy,0,4135.810386743499,103.7968761073958,Wholesale,Corporate,2226.647196830344,45.62192453379304,4516.570528845511,426.38206663580513,1.1030951679995984,0.4880651615608682,High,1,2,9,5
2640,2025-11-23,P007,Yoga Mat,Sports,S03,Mumbai,8,939.4897895855748,0,7515.918316684599,0,0,Sunday,February,Q1,0,No_Holiday,0,Winter,Rainy,0,910.1090211466822,103.5175948768048,Wholesale,Corporate,176.9902872024676,0.0,939.4897895855748,29.380768438892687,1.0322826911460286,0.18838979323079294,Low,7,3,2,6
2641,2025-11-23,P003,Office Chair,Furniture,S03,Mumbai,21,3485.117361458997,3,73187.46459063893,0,1,Sunday,December,Q4,0,No_Holiday,0,Winter,Rainy,1,3152.56786670573,106.7299558103585,Online,Wholesale,900.3737893111131,104.55352084376992,3380.563840615227,332.549494753267,1.1054852770230015,0.25834819775887946,High,3,3,12,6
2642,2025-11-23,P007,Yoga Mat,Sports,S03,Mumbai,64,1693.7,10,97557.12,1,1,Sunday,November,Q4,0,No_Holiday,1,Autumn,Rainy,0,1628.89,100.14,In-Store,Retail,5417.97,169.37,1524.33,64.80999999999995,1.0397878309769228,3.198895908366299,Medium,7,3,11,6
2643,2025-11-24,P005,LED Desk Lamp,Home,S01,Chennai,2,1572.672186145324,4,3145.344372290649,0,0,Monday,May,Q2,0,No_Holiday,1,Spring,Sunny,0,1503.492467999833,104.1399129482027,In-Store,Corporate,435.4100115405272,62.90688744581296,1509.765298699511,69.17971814549105,1.0460126802214873,0.2768599936950196,Low,5,1,5,0
2644,2025-11-24,P003,Office Chair,Furniture,S01,Chennai,5,1339.46,20,5357.84,1,0,Monday,November,Q4,0,No_Holiday,0,Autumn,Sunny,0,1297.62,109.65,Wholesale,Retail,7960.01,267.892,1071.568,41.840000000000146,1.0322436460597095,5.942700789870545,Low,3,1,11,0
2645,2025-11-24,P006,Running Shoes,Apparel,S03,Mumbai,57,1393.834749693303,4,79448.5807325183,1,1,Monday,November,Q4,0,No_Holiday,0,Autumn,Cloudy,0,1468.678580687462,102.8612842433731,Online,Retail,7945.204151372603,55.75338998773211,1338.0813597055708,-74.84383099415913,0.9490400200708816,5.700248292073972,Low,6,3,11,0
2646,2025-11-25,P006,Running Shoes,Apparel,S02,Bengaluru,58,3405.73,15,167902.49,1,1,Tuesday,November,Q4,0,No_Holiday,0,Autumn,Clear,0,3645.5,103.49,In-Store,Wholesale,3346.5,510.85949999999997,2894.8705,-239.76999999999998,0.9342285008915101,0.9826087211845919,High,6,2,11,1
2647,2025-11-25,P007,Yoga Mat,Sports,S02,Bengaluru,5,4358.807606729914,15,21794.03803364957,1,0,Tuesday,November,Q4,0,No_Holiday,0,Autumn,Sunny,0,4246.206065257745,107.3310120426115,Wholesale,Wholesale,1823.525172986329,653.8211410094872,3704.986465720427,112.60154147216963,1.0265181528502514,0.41835413202703453,High,7,2,11,1
2648,2025-11-25,P001,Wireless Mouse,Electronics,S01,Chennai,1,2250.401456408313,0,2250.401456408313,1,0,Tuesday,April,Q2,0,No_Holiday,0,Spring,Cloudy,0,2178.137313997226,97.68404015744376,Wholesale,Wholesale,771.8602638590348,0.0,2250.401456408313,72.26414241108705,1.0331770370704825,0.34298780853569993,Medium,1,1,4,1
2649,2025-11-26,P006,Running Shoes,Apparel,S02,Bengaluru,85,703.27,20,47822.36,1,1,Wednesday,November,Q4,0,No_Holiday,0,Autumn,Stormy,0,762.34,104.58,Wholesale,Retail,4932.1,140.654,562.616,-59.07000000000005,0.9225148883700186,7.01309596598746,Low,6,2,11,2
2650,2025-11-26,P002,Bluetooth Speaker,Electronics,S02,Bengaluru,1,3314.595804923309,0,3314.595804923309,0,1,Wednesday,October,Q4,0,No_Holiday,0,Autumn,Rainy,0,3625.761263475405,106.8795169374264,Online,Retail,325.0770539061274,0.0,3314.595804923309,-311.16545855209597,0.9141792754843892,0.09807441782894817,Medium,2,2,10,2
2651,2025-11-27,P004,Notebook Pack,Stationery,S02,Bengaluru,73,2507.58,20,146442.67,1,1,Thursday,November,Q4,0,No_Holiday,0,Autumn,Stormy,0,2457.59,107.39,Online,Corporate,593.97,501.51599999999996,2006.0639999999999,49.98999999999978,1.0203410658409253,0.23686981073385496,Medium,4,2,11,3
2652,2025-11-27,P006,Running Shoes,Apparel,S01,Chennai,54,3284.182045342084,24,177345.8304484726,1,1,Thursday,May,Q2,0,No_Holiday,0,Spring,Sunny,0,3267.093530738694,101.9582066846509,In-Store,Wholesale,9758.212760743827,788.2036908821002,2495.978354459984,17.088514603390195,1.0052304944571104,2.9712764475354776,Medium,6,1,5,3
2653,2025-11-28,P008,Coffee Maker,Appliances,S01,Chennai,40,245.8186521432348,0,9832.746085729392,0,1,Friday,September,Q3,0,No_Holiday,0,Autumn,Rainy,0,268.0323264858341,106.1468542545227,In-Store,Retail,0.0,0.0,245.8186521432348,-22.21367434259932,0.9171231521442121,0.0,Low,8,1,9,4
2654,2025-11-28,P003,Office Chair,Furniture,S02,Bengaluru,76,947.772603441084,11,72030.71786152238,1,1,Friday,January,Q1,0,No_Holiday,0,Winter,Rainy,0,1022.210523295941,106.2519692432771,In-Store,Wholesale,5262.436641462737,104.25498637851925,843.5176170625648,-74.437919854857,0.927179462392106,5.552425362746691,Low,3,2,1,4
2655,2025-11-28,P006,Running Shoes,Apparel,S01,Chennai,23,2862.52,0,65837.96,0,1,Friday,November,Q4,0,No_Holiday,0,Autumn,Rainy,1,3098.8,100.4,Online,Retail,98.91,0.0,2862.52,-236.2800000000002,0.923751129469472,0.03455347036876598,Medium,6,1,11,4
2656,2025-11-28,P005,LED Desk Lamp,Home,S01,Chennai,49,3547.888846970074,7,173846.5535015336,1,1,Friday,August,Q3,0,No_Holiday,0,Summer,Cloudy,0,3581.926965978758,99.39483447954412,Online,Corporate,1575.412733065245,248.35221928790517,3299.536627682169,-34.03811900868368,0.9904972604600879,0.4440423026247455,High,5,1,8,4
2657,2025-11-28,P003,Office Chair,Furniture,S03,Mumbai,31,1023.336465808589,0,31723.43044006624,0,1,Friday,July,Q3,0,No_Holiday,0,Summer,Cloudy,0,1079.819075809431,95.29916063634998,In-Store,Corporate,435.4471904897094,0.0,1023.336465808589,-56.4826100008421,0.9476925243624699,0.42551712465913244,Low,3,3,7,4
2658,2025-11-28,P008,Coffee Maker,Appliances,S04,Delhi,3,2718.208506944356,18,8154.625520833069,1,0,Friday,February,Q1,0,No_Holiday,0,Winter,Cloudy,0,2699.568544732936,98.22514806745077,Online,Corporate,3710.695656475326,489.2775312499841,2228.930975694372,18.63996221141997,1.006904793081764,1.3651254666429777,Medium,8,4,2,4
2659,2025-11-29,P007,Yoga Mat,Sports,S01,Chennai,56,1323.535441862928,4,74117.98474432394,1,1,Saturday,August,Q3,0,No_Holiday,0,Summer,Cloudy,1,1345.266725865895,106.7147713325616,Wholesale,Corporate,4043.389462368784,52.941417674517126,1270.594024188411,-21.73128400296696,0.9838461149858744,3.0549914527997486,Low,7,1,8,5
2660,2025-11-29,P003,Office Chair,Furniture,S02,Bengaluru,72,4449.83,15,272329.6,1,1,Saturday,November,Q4,0,No_Holiday,1,Autumn,Cloudy,1,4223.75,97.94,Online,Corporate,9151.17,667.4744999999999,3782.3555,226.07999999999993,1.0535258952352766,2.0565212603627554,High,3,2,11,5
2661,2025-11-29,P002,Bluetooth Speaker,Electronics,S01,Chennai,31,4511.051387347867,8,139842.5930077839,1,1,Saturday,December,Q4,0,No_Holiday,1,Winter,Stormy,0,4287.784042356713,98.00697667573617,Online,Corporate,2985.831602775678,360.88411098782933,4150.167276360037,223.26734499115355,1.0520705667042967,0.6618926157990644,High,2,1,12,5
2662,2025-11-30,P001,Wireless Mouse,Electronics,S02,Bengaluru,83,2018.83,20,134050.31,1,1,Sunday,November,Q4,0,No_Holiday,1,Autumn,Cloudy,0,1940.12,98.6,In-Store,Wholesale,2127.92,403.76599999999996,1615.0639999999999,78.71000000000004,1.0405696554852277,1.054036248718317,Medium,1,2,11,6
2663,2025-12-01,P007,Yoga Mat,Sports,S01,Chennai,38,768.77,0,29213.26,0,1,Monday,December,Q4,0,No_Holiday,0,Winter,Clear,0,798.65,99.77,In-Store,Wholesale,122.27,0.0,768.77,-29.879999999999995,0.9625868653352533,0.15904626871496025,Low,7,1,12,0
2664,2025-12-01,P005,LED Desk Lamp,Home,S03,Mumbai,35,3773.154557730509,4,132060.4095205678,1,1,Monday,September,Q3,0,No_Holiday,0,Autumn,Stormy,0,3853.179140422663,110.3095514573622,In-Store,Wholesale,6880.79095499078,150.92618230922037,3622.228375421289,-80.02458269215367,0.9792315436745109,1.8236175724350563,High,5,3,9,0
2665,2025-12-01,P007,Yoga Mat,Sports,S03,Mumbai,56,4146.122480330697,19,232182.858898519,1,1,Monday,August,Q3,0,No_Holiday,0,Summer,Cloudy,1,3932.479284971738,98.2037220647999,Online,Retail,1141.381936216794,787.7632712628324,3358.3592090678644,213.64319535895902,1.054327862876586,0.27528900596437683,High,7,3,8,0
2666,2025-12-02,P001,Wireless Mouse,Electronics,S02,Bengaluru,15,4301.29,0,64519.35,0,1,Tuesday,December,Q4,0,No_Holiday,0,Winter,Rainy,0,4412.66,99.2,Online,Wholesale,484.19,0.0,4301.29,-111.36999999999989,0.9747612551159618,0.11256855501489088,High,1,2,12,1
2667,2025-12-03,P004,Notebook Pack,Stationery,S01,Chennai,1,826.4790164815194,0,826.4790164815194,0,0,Wednesday,March,Q1,0,No_Holiday,1,Spring,Clear,1,783.5659090381192,98.6440232453343,Wholesale,Retail,605.6868028892179,0.0,826.4790164815194,42.91310744340012,1.0547664299179107,0.7328520032701417,Low,4,1,3,2
2668,2025-12-03,P008,Coffee Maker,Appliances,S02,Bengaluru,52,3691.03,20,153546.85,1,1,Wednesday,December,Q4,0,No_Holiday,0,Winter,Clear,0,3445.53,100.82,Wholesale,Wholesale,4055.53,738.206,2952.824,245.5,1.0712517377587774,1.0987529226259336,High,8,2,12,2
2669,2025-12-04,P008,Coffee Maker,Appliances,S02,Bengaluru,36,1744.75,0,62811.0,1,1,Thursday,December,Q4,0,No_Holiday,0,Winter,Stormy,0,1773.08,104.57,Wholesale,Wholesale,847.74,0.0,1744.75,-28.329999999999927,0.9840221535407314,0.4858804986387735,Medium,8,2,12,3
2670,2025-12-04,P003,Office Chair,Furniture,S02,Bengaluru,2,1806.723771320369,6,3613.447542640738,1,0,Thursday,March,Q1,0,No_Holiday,1,Spring,Sunny,1,1772.251746181926,95.87240624234323,Wholesale,Corporate,8289.273978633119,108.40342627922215,1698.3203450411468,34.47202513844309,1.0194509754117655,4.588014012000986,Medium,3,2,3,3
2671,2025-12-05,P004,Notebook Pack,Stationery,S02,Bengaluru,29,2369.98,0,68729.42,1,1,Friday,December,Q4,0,No_Holiday,0,Winter,Cloudy,0,2554.23,103.57,In-Store,Corporate,5730.24,0.0,2369.98,-184.25,0.9278647576764818,2.417843188550114,Medium,4,2,12,4
2672,2025-12-06,P004,Notebook Pack,Stationery,S02,Bengaluru,62,756.5713002958709,14,46907.420618344,1,1,Saturday,June,Q2,0,No_Holiday,0,Summer,Clear,0,815.0060668906939,109.5570318228747,Wholesale,Retail,4952.931647841094,105.91998204142192,650.6513182544489,-58.43476659482303,0.9283014336104812,6.5465497381465045,Low,4,2,6,5
2673,2025-12-06,P003,Office Chair,Furniture,S04,Delhi,59,4188.998100541238,4,247150.887931933,1,1,Saturday,April,Q2,0,No_Holiday,1,Spring,Clear,0,3914.919757315578,103.8062023012872,Wholesale,Wholesale,2114.827708490402,167.55992402164952,4021.4381765195885,274.0783432256603,1.0700086745618493,0.5048528688082137,High,3,4,4,5
2674,2025-12-06,P002,Bluetooth Speaker,Electronics,S04,Delhi,33,1724.758542714697,0,56917.031909585,0,1,Saturday,January,Q1,0,No_Holiday,0,Winter,Stormy,1,1585.665696529184,100.2647458917424,In-Store,Retail,410.3106056404191,0.0,1724.758542714697,139.09284618551283,1.0877188971735776,0.23789452000313482,Medium,2,4,1,5
2675,2025-12-06,P003,Office Chair,Furniture,S01,Chennai,91,1616.23,10,132369.24,1,1,Saturday,December,Q4,0,No_Holiday,1,Winter,Rainy,1,1467.91,102.68,In-Store,Corporate,4785.94,161.623,1454.607,148.31999999999994,1.1010416169928674,2.9611750802794155,Low,3,1,12,5
2676,2025-12-07,P007,Yoga Mat,Sports,S04,Delhi,53,1964.06,5,98890.42,1,1,Sunday,December,Q4,0,No_Holiday,1,Winter,Cloudy,0,1777.36,101.63,In-Store,Wholesale,1220.94,98.20299999999999,1865.857,186.70000000000005,1.1050434352072738,0.6216408867346211,Medium,7,4,12,6
2677,2025-12-08,P005,LED Desk Lamp,Home,S03,Mumbai,82,1238.806202381276,19,101582.1085952646,1,1,Monday,October,Q4,0,No_Holiday,0,Autumn,Sunny,0,1248.050277325635,95.72750051017879,Online,Corporate,5567.90263382622,235.37317845244243,1003.4330239288337,-9.244074944359,0.9925931870596051,4.494571163046653,Low,5,3,10,0
2678,2025-12-08,P002,Bluetooth Speaker,Electronics,S03,Mumbai,14,4244.5,10,53480.7,1,0,Monday,December,Q4,0,No_Holiday,0,Winter,Sunny,0,4606.65,96.48,Online,Corporate,863.67,424.45,3820.05,-362.14999999999964,0.9213853885144303,0.20347979738485097,High,2,3,12,0
2679,2025-12-09,P001,Wireless Mouse,Electronics,S02,Bengaluru,40,4560.137469598768,6,182405.4987839507,1,1,Tuesday,September,Q3,0,No_Holiday,0,Autumn,Cloudy,0,4152.241266116591,104.0655233644545,Wholesale,Corporate,2340.423043669251,273.60824817592606,4286.529221422842,407.89620348217704,1.0982351885018629,0.5132351950510776,High,1,2,9,1
2680,2025-12-09,P003,Office Chair,Furniture,S01,Chennai,1,795.4813346724312,2,795.4813346724312,0,0,Tuesday,February,Q1,0,No_Holiday,0,Winter,Cloudy,0,849.1885424126153,95.62278915150846,In-Store,Corporate,196.9977675791723,15.909626693448624,779.5717079789825,-53.70720774018412,0.9367546721867002,0.24764599619461014,Low,3,1,2,1
2681,2025-12-09,P007,Yoga Mat,Sports,S02,Bengaluru,1,2557.553746955721,6,2557.553746955721,1,0,Tuesday,July,Q3,0,No_Holiday,0,Summer,Clear,0,2770.413748518714,100.6527533704583,Online,Wholesale,8912.454190159213,153.45322481734328,2404.100522138378,-212.8600015629927,0.9231667105042325,3.4847573392222104,Medium,7,2,7,1
2682,2025-12-09,P004,Notebook Pack,Stationery,S03,Mumbai,22,1143.9,0,25165.8,0,1,Tuesday,December,Q4,0,No_Holiday,0,Winter,Cloudy,0,1190.95,109.97,Wholesale,Wholesale,271.56,0.0,1143.9,-47.049999999999955,0.9604937234980478,0.2373983739837398,Low,4,3,12,1
2683,2025-12-10,P002,Bluetooth Speaker,Electronics,S01,Chennai,66,726.5033257154281,3,47949.21949721826,0,1,Wednesday,April,Q2,0,No_Holiday,1,Spring,Clear,1,739.6986336860907,102.995319805172,In-Store,Wholesale,321.0644496251797,21.79509977146284,704.7082259439653,-13.195307970662611,0.9821612378747987,0.4419311491919321,Low,2,1,4,2
2684,2025-12-10,P006,Running Shoes,Apparel,S04,Delhi,28,4467.694542938482,0,125095.4472022775,1,1,Wednesday,April,Q2,0,No_Holiday,0,Spring,Sunny,1,4672.891806506775,100.349231529834,In-Store,Corporate,6273.002382780664,0.0,4467.694542938482,-205.19726356829233,0.9560877349476474,1.404080409368094,High,6,4,4,2
2685,2025-12-10,P001,Wireless Mouse,Electronics,S01,Chennai,34,2486.885239227127,0,84554.09813372233,1,1,Wednesday,May,Q2,0,No_Holiday,0,Spring,Rainy,0,2617.815640009271,104.4711114613107,Online,Wholesale,1178.298405527898,0.0,2486.885239227127,-130.93040078214426,0.9499848657097638,0.47380489736393666,Medium,1,1,5,2
2686,2025-12-10,P005,LED Desk Lamp,Home,S01,Chennai,37,3896.37,0,144165.69,0,1,Wednesday,December,Q4,0,No_Holiday,0,Winter,Stormy,1,4097.27,95.18,Wholesale,Wholesale,494.64,0.0,3896.37,-200.90000000000055,0.9509673514315629,0.1269489293881228,High,5,1,12,2
2687,2025-12-10,P006,Running Shoes,Apparel,S02,Bengaluru,18,3341.560113617657,4,60148.08204511782,0,1,Wednesday,January,Q1,0,No_Holiday,0,Winter,Stormy,0,3448.55088188393,101.2362589194487,Online,Wholesale,0.0,133.66240454470628,3207.897709072951,-106.99076826627288,0.9689751516127191,0.0,Medium,6,2,1,2
2688,2025-12-10,P001,Wireless Mouse,Electronics,S02,Bengaluru,52,1947.541927662428,0,101272.1802384462,0,1,Wednesday,August,Q3,0,No_Holiday,1,Summer,Cloudy,0,1906.115235527249,107.416095015764,Online,Wholesale,214.348520809403,0.0,1947.541927662428,41.42669213517888,1.0217335716975788,0.11006105581854078,Medium,1,2,8,2
2689,2025-12-10,P008,Coffee Maker,Appliances,S03,Mumbai,86,2247.611691790077,23,193294.6054939466,1,1,Wednesday,April,Q2,0,No_Holiday,0,Spring,Cloudy,1,2292.082424422881,104.287011781736,Online,Wholesale,5433.337363194192,516.9506891117177,1730.6610026783596,-44.4707326328039,0.9805981093179923,2.4173825857200852,Medium,8,3,4,2
2690,2025-12-11,P003,Office Chair,Furniture,S03,Mumbai,37,1026.658626894419,0,37986.36919509352,0,1,Thursday,July,Q3,0,No_Holiday,0,Summer,Cloudy,0,1083.604406351027,95.64835007810515,In-Store,Corporate,420.6623489408518,0.0,1026.658626894419,-56.94577945660785,0.9474478147902985,0.4097392628096159,Low,3,3,7,3
2691,2025-12-11,P006,Running Shoes,Apparel,S03,Mumbai,57,1383.925011917058,9,78883.7256792723,1,1,Thursday,November,Q4,0,No_Holiday,0,Autumn,Cloudy,0,1483.310211416786,102.9271655852221,Online,Retail,7509.96235796891,124.55325107253522,1259.371760844523,-99.38519949972783,0.9329976974912079,5.426567403074726,Low,6,3,11,3
2692,2025-12-11,P003,Office Chair,Furniture,S04,Delhi,76,1292.38,15,83487.75,1,1,Thursday,December,Q4,0,No_Holiday,0,Winter,Stormy,0,1296.47,106.79,In-Store,Wholesale,8236.78,193.857,1098.5230000000001,-4.089999999999918,0.9968452798753539,6.373342205852768,Low,3,4,12,3
2693,2025-12-12,P006,Running Shoes,Apparel,S01,Chennai,47,1702.76,0,80029.72,1,1,Friday,December,Q4,0,No_Holiday,0,Winter,Rainy,0,1685.72,103.38,In-Store,Retail,5986.33,0.0,1702.76,17.039999999999964,1.0101084403103717,3.5156628062674717,Medium,6,1,12,4
2694,2025-12-13,P005,LED Desk Lamp,Home,S02,Bengaluru,1,3682.481065911053,0,3682.481065911053,1,0,Saturday,January,Q1,0,No_Holiday,0,Winter,Clear,0,3468.272407646759,101.0268411762276,Online,Retail,2191.838874912768,0.0,3682.481065911053,214.20865826429417,1.0617623511325156,0.595207099692311,High,5,2,1,5
2695,2025-12-13,P003,Office Chair,Furniture,S03,Mumbai,23,4728.1,0,108746.3,1,1,Saturday,December,Q4,0,No_Holiday,1,Winter,Cloudy,0,4651.64,105.29,In-Store,Wholesale,5607.24,0.0,4728.1,76.46000000000004,1.0164372135418906,1.185939383684778,High,3,3,12,5
2696,2025-12-14,P001,Wireless Mouse,Electronics,S04,Delhi,84,461.7979092473062,12,38791.02437677372,1,1,Sunday,November,Q4,0,No_Holiday,0,Autumn,Sunny,0,470.3519860729502,102.9238793318711,In-Store,Corporate,3998.520581472621,55.415749109676746,406.38216013762946,-8.55407682564396,0.9818134565624705,8.658593946408052,Low,1,4,11,6
2697,2025-12-14,P005,LED Desk Lamp,Home,S03,Mumbai,32,3786.656854202961,9,121173.0193344948,1,1,Sunday,September,Q3,0,No_Holiday,0,Autumn,Stormy,0,3850.544761729339,110.3919354070443,In-Store,Wholesale,6942.558907078337,340.7991168782665,3445.8577373246944,-63.88790752637806,0.9834080860034763,1.8334269975829776,High,5,3,9,6
2698,2025-12-14,P002,Bluetooth Speaker,Electronics,S01,Chennai,5,887.1704006083764,0,4435.852003041882,1,0,Sunday,July,Q3,0,No_Holiday,0,Summer,Sunny,0,817.3939618079437,109.7546675232194,In-Store,Retail,6548.463819507488,0.0,887.1704006083764,69.77643880043274,1.0853645146167932,7.381292043802277,Low,2,1,7,6
2699,2025-12-14,P006,Running Shoes,Apparel,S01,Chennai,46,2924.37,0,134521.02,0,1,Sunday,December,Q4,0,No_Holiday,1,Winter,Cloudy,1,3000.31,104.05,Wholesale,Wholesale,433.47,0.0,2924.37,-75.94000000000005,0.9746892821075155,0.1482267975666554,Medium,6,1,12,6
2700,2025-12-15,P007,Yoga Mat,Sports,S02,Bengaluru,17,4753.72,0,80813.24,1,1,Monday,December,Q4,0,No_Holiday,0,Winter,Stormy,0,4590.99,109.43,Wholesale,Corporate,1385.79,0.0,4753.72,162.73000000000047,1.0354455139305467,0.2915169593497303,High,7,2,12,0
2701,2025-12-15,P004,Notebook Pack,Stationery,S01,Chennai,63,775.0345990695125,4,48827.17974137929,1,1,Monday,July,Q3,0,No_Holiday,0,Summer,Clear,0,775.4841144934073,103.4944320915365,In-Store,Wholesale,7298.898567385322,31.0013839627805,744.033215106732,-0.4495154238948089,0.999420342189487,9.41751320024706,Low,4,1,7,0
2702,2025-12-16,P002,Bluetooth Speaker,Electronics,S02,Bengaluru,9,353.88,15,2707.18,1,0,Tuesday,December,Q4,0,No_Holiday,0,Winter,Stormy,0,331.71,96.04,In-Store,Corporate,2455.98,53.082,300.798,22.170000000000016,1.066835488830605,6.940149203119701,Low,2,2,12,1
2703,2025-12-17,P005,LED Desk Lamp,Home,S01,Chennai,27,2382.39,0,64324.53,0,1,Wednesday,December,Q4,0,No_Holiday,0,Winter,Cloudy,0,2330.5,109.84,Online,Wholesale,209.21,0.0,2382.39,51.88999999999987,1.0222656082385753,0.08781517719600906,Medium,5,1,12,2
2704,2025-12-17,P007,Yoga Mat,Sports,S04,Delhi,59,2663.920825500778,0,157171.3287045459,1,1,Wednesday,August,Q3,0,No_Holiday,1,Summer,Sunny,0,2655.647903067858,98.59353830091963,Online,Retail,1673.720953304986,0.0,2663.920825500778,8.27292243292004,1.003115218106799,0.6282923040666387,Medium,7,4,8,2
2705,2025-12-17,P004,Notebook Pack,Stationery,S02,Bengaluru,77,2504.853090132088,23,192873.6879401708,1,1,Wednesday,November,Q4,0,No_Holiday,0,Autumn,Stormy,0,2464.938366851335,107.0026999859293,Online,Corporate,178.3211911598841,576.1162107303802,1928.7368794017075,39.914723280752696,1.0161929903877227,0.07119027932711244,Medium,4,2,11,2
2706,2025-12-18,P002,Bluetooth Speaker,Electronics,S04,Delhi,48,4784.46,20,183723.26,1,1,Thursday,December,Q4,0,No_Holiday,0,Winter,Rainy,0,4602.42,107.27,Wholesale,Corporate,2008.42,956.8919999999999,3827.568,182.03999999999996,1.039553104671021,0.41977987066461003,High,2,4,12,3
2707,2025-12-18,P008,Coffee Maker,Appliances,S01,Chennai,34,4269.047141349308,10,145147.6028058765,1,1,Thursday,November,Q4,0,No_Holiday,0,Autumn,Rainy,0,4304.281575884709,97.17916246758307,Online,Wholesale,9274.45651186149,426.90471413493077,3842.142427214377,-35.234434535401306,0.9918140962866354,2.172488661938302,High,8,1,11,3
2708,2025-12-18,P005,LED Desk Lamp,Home,S02,Bengaluru,30,1742.753001114517,2,52282.59003343552,0,1,Thursday,April,Q2,0,No_Holiday,1,Spring,Clear,0,1836.085557247791,105.2862262994131,In-Store,Retail,0.0,34.85506002229034,1707.8979410922266,-93.33255613327401,0.9491676432152893,0.0,Medium,5,2,4,3
2709,2025-12-19,P007,Yoga Mat,Sports,S02,Bengaluru,29,4311.933405491128,14,125046.0687592427,1,1,Friday,January,Q1,0,No_Holiday,0,Winter,Rainy,0,4557.026727586117,109.2054110471474,Online,Retail,5422.095675232279,603.6706767687579,3708.26272872237,-245.09332209498916,0.9462163957452108,1.2574627586612053,High,7,2,1,4
2710,2025-12-19,P005,LED Desk Lamp,Home,S02,Bengaluru,58,2611.88,15,128765.68,1,1,Friday,December,Q4,0,No_Holiday,0,Winter,Cloudy,0,2354.58,97.14,Online,Corporate,6246.06,391.78200000000004,2220.098,257.3000000000002,1.109276388995065,2.391403892981301,Medium,5,2,12,4
2711,2025-12-20,P004,Notebook Pack,Stationery,S03,Mumbai,48,4569.45,5,208366.92,1,1,Saturday,December,Q4,0,No_Holiday,1,Winter,Stormy,1,4148.22,96.37,Wholesale,Corporate,3794.43,228.4725,4340.9775,421.22999999999956,1.1015447589568537,0.8303909660900108,High,4,3,12,5
2712,2025-12-20,P008,Coffee Maker,Appliances,S01,Chennai,45,3032.47075426822,7,136461.1839420699,1,1,Saturday,May,Q2,0,No_Holiday,0,Spring,Clear,0,3231.291322396718,97.59055476130777,In-Store,Retail,6160.134328848724,212.2729527987754,2820.1978014694446,-198.82056812849805,0.9384702435368691,2.0313911750602376,Medium,8,1,5,5
2713,2025-12-21,P005,LED Desk Lamp,Home,S04,Delhi,76,3142.53,20,191065.82,1,1,Sunday,December,Q4,0,No_Holiday,1,Winter,Stormy,0,2941.14,104.27,In-Store,Corporate,4154.32,628.5060000000001,2514.0240000000003,201.39000000000033,1.0684734490707686,1.3219666956242262,Medium,5,4,12,6
2714,2025-12-22,P005,LED Desk Lamp,Home,S03,Mumbai,60,794.076245446109,2,47644.57472676654,1,1,Monday,February,Q1,0,No_Holiday,0,Winter,Rainy,0,737.6009329646341,102.173411330621,In-Store,Corporate,3078.325294423602,15.88152490892218,778.1947205371869,56.47531248147493,1.0765662161712353,3.8766117385795997,Low,5,3,2,0
2715,2025-12-22,P003,Office Chair,Furniture,S01,Chennai,27,2089.05,0,56404.35,0,1,Monday,December,Q4,0,No_Holiday,0,Winter,Cloudy,1,2002.1,108.74,Wholesale,Wholesale,361.2,0.0,2089.05,86.95000000000027,1.0434293991309127,0.17290155812450633,Medium,3,1,12,0
2716,2025-12-22,P006,Running Shoes,Apparel,S02,Bengaluru,100,937.0416489353886,18,93704.16489353887,1,1,Monday,March,Q1,0,No_Holiday,1,Spring,Stormy,1,953.4310146857526,96.43540296908694,In-Store,Corporate,7801.13292026053,168.66749680836995,768.3741521270186,-16.38936575036405,0.9828101189305595,8.325278742010791,Low,6,2,3,0
2717,2025-12-22,P003,Office Chair,Furniture,S01,Chennai,16,4835.575290998125,9,77369.20465597,1,1,Monday,August,Q3,0,No_Holiday,0,Summer,Sunny,0,4655.610254801127,99.09746145311921,Online,Corporate,8727.112962430592,435.2017761898312,4400.373514808293,179.96503619699797,1.0386555201890897,1.8047724287691123,High,3,1,8,0
2718,2025-12-23,P004,Notebook Pack,Stationery,S04,Delhi,0,2174.14,20,0.0,1,0,Tuesday,December,Q4,0,No_Holiday,0,Winter,Sunny,0,1990.0,96.58,In-Store,Corporate,4783.89,434.828,1739.312,184.13999999999987,1.0925326633165828,2.2003596824491525,Medium,4,4,12,1
2719,2025-12-24,P003,Office Chair,Furniture,S03,Mumbai,1,1221.569296941559,13,1221.569296941559,1,0,Wednesday,October,Q4,0,No_Holiday,0,Autumn,Cloudy,1,1188.783475722814,104.4237245972932,Online,Retail,9169.544228874658,158.8040086024027,1062.7652883391563,32.78582121874501,1.027579304295772,7.506364355941518,Low,3,3,10,2
2720,2025-12-24,P007,Yoga Mat,Sports,S02,Bengaluru,32,2157.649853538913,0,69044.79531324522,0,1,Wednesday,September,Q3,0,No_Holiday,0,Autumn,Cloudy,0,2211.516713283644,108.2745559624549,In-Store,Wholesale,761.8679500780911,0.0,2157.649853538913,-53.8668597447313,0.9756425717150696,0.3531008281202337,Medium,7,2,9,2
2721,2025-12-24,P002,Bluetooth Speaker,Electronics,S04,Delhi,54,1854.963838133142,0,100168.0472591897,1,1,Wednesday,August,Q3,0,No_Holiday,1,Summer,Sunny,0,1760.222168478135,104.6729891312953,Wholesale,Retail,9529.619273824876,0.0,1854.963838133142,94.74166965500694,1.0538236998440482,5.137361213152058,Medium,2,4,8,2
2722,2025-12-24,P005,LED Desk Lamp,Home,S02,Bengaluru,52,2629.11,5,129878.03,1,1,Wednesday,December,Q4,0,No_Holiday,0,Winter,Sunny,0,2566.62,106.19,Online,Corporate,858.86,131.4555,2497.6545,62.49000000000024,1.0243471959230428,0.32667328487587055,Medium,5,2,12,2
2723,2025-12-24,P008,Coffee Maker,Appliances,S03,Mumbai,13,4749.132519213624,13,61738.72274977711,1,0,Wednesday,September,Q3,0,No_Holiday,0,Autumn,Rainy,0,5095.67005215549,106.8104714165284,In-Store,Corporate,8221.28997059576,617.387227497771,4131.7452917158525,-346.53753294186663,0.9319937261645739,1.7311140376341967,High,8,3,9,2
2724,2025-12-24,P004,Notebook Pack,Stationery,S02,Bengaluru,42,1730.78306055143,0,72692.88854316004,1,1,Wednesday,June,Q2,0,No_Holiday,1,Summer,Sunny,0,1702.614625974173,101.378909057978,Wholesale,Wholesale,8346.169226761416,0.0,1730.78306055143,28.16843457725713,1.0165442221319696,4.822192576868828,Medium,4,2,6,2
2725,2025-12-25,P008,Coffee Maker,Appliances,S03,Mumbai,50,4964.983089980941,16,248249.1544990471,1,1,Thursday,October,Q4,1,Christmas,1,Autumn,Sunny,1,4728.527686899017,97.72998439503002,Wholesale,Wholesale,6276.066601946784,794.3972943969507,4170.585795583991,236.4554030819245,1.0500061369497855,1.2640660578706777,High,8,3,10,3
2726,2025-12-25,P005,LED Desk Lamp,Home,S01,Chennai,15,3603.68,0,54055.2,0,1,Thursday,December,Q4,1,Christmas,0,Winter,Stormy,0,3292.49,103.23,Online,Wholesale,475.01,0.0,3603.68,311.19000000000005,1.0945150934399193,0.1318124805754118,High,5,1,12,3
2727,2025-12-25,P006,Running Shoes,Apparel,S01,Chennai,82,973.2829169230015,11,79809.19918768613,1,1,Thursday,January,Q1,1,Christmas,1,Winter,Sunny,0,958.3252737302704,104.0526248882075,Online,Retail,3417.148041623323,107.06112086153016,866.2217960614713,14.957643192731098,1.0156081067699578,3.5109503950059167,Low,6,1,1,3
2728,2025-12-26,P003,Office Chair,Furniture,S04,Delhi,52,4138.05,20,172142.88,1,1,Friday,December,Q4,0,No_Holiday,0,Winter,Rainy,0,4226.59,97.66,Online,Wholesale,7543.74,827.61,3310.44,-88.53999999999996,0.9790516704956005,1.8230180882299634,High,3,4,12,4
2729,2025-12-27,P007,Yoga Mat,Sports,S03,Mumbai,60,1692.31580812065,8,101538.948487239,1,1,Saturday,November,Q4,0,No_Holiday,1,Autumn,Rainy,0,1632.745419544096,100.6311369311223,In-Store,Retail,5271.756883265953,135.385264649652,1556.930543470998,59.57038857655402,1.0364847990773647,3.11511412820775,Medium,7,3,11,5
2730,2025-12-27,P006,Running Shoes,Apparel,S04,Delhi,88,666.7929190100157,11,58677.77687288138,1,1,Saturday,October,Q4,0,No_Holiday,1,Autumn,Stormy,0,616.0592632042332,101.6897155000172,Online,Corporate,2210.487363307003,73.34722109110173,593.445697918914,50.73365580578252,1.0823519080646686,3.3151032356325905,Low,6,4,10,5
2731,2025-12-27,P003,Office Chair,Furniture,S01,Chennai,26,3422.68,0,88989.68,0,1,Saturday,December,Q4,0,No_Holiday,1,Winter,Stormy,0,3202.22,105.72,Wholesale,Wholesale,108.08,0.0,3422.68,220.46000000000004,1.0688459880957586,0.0315775941659752,High,3,1,12,5
2732,2025-12-28,P001,Wireless Mouse,Electronics,S01,Chennai,57,2074.97,0,118273.29,1,1,Sunday,December,Q4,0,No_Holiday,1,Winter,Clear,0,1887.67,100.66,Online,Retail,4059.12,0.0,2074.97,187.29999999999973,1.0992228514517897,1.9562306924919397,Medium,1,1,12,6
2733,2025-12-28,P007,Yoga Mat,Sports,S04,Delhi,5,401.9433526092294,0,2009.716763046147,0,0,Sunday,April,Q2,0,No_Holiday,0,Spring,Rainy,0,446.3686230764025,97.71281456540378,Wholesale,Retail,0.0,0.0,401.9433526092294,-44.42527046717311,0.9004740293773538,0.0,Low,7,4,4,6
2734,2025-12-29,P004,Notebook Pack,Stationery,S02,Bengaluru,62,638.65,5,37616.48,1,1,Monday,December,Q4,0,No_Holiday,0,Winter,Sunny,0,679.59,105.2,Online,Retail,9608.08,31.9325,606.7175,-40.940000000000055,0.939757795141188,15.044359195177327,Low,4,2,12,0
2735,2025-12-29,P003,Office Chair,Furniture,S04,Delhi,51,4134.101603733639,15,210839.1817904156,1,1,Monday,December,Q4,0,No_Holiday,0,Winter,Rainy,0,4220.160164363529,98.13038152107931,Online,Wholesale,7496.672157407711,620.1152405600459,3513.9863631735934,-86.05856062988914,0.9796077501141789,1.8133739506153468,High,3,4,12,0
2736,2025-12-30,P002,Bluetooth Speaker,Electronics,S02,Bengaluru,0,3675.26,0,0.0,1,0,Tuesday,December,Q4,0,No_Holiday,0,Winter,Sunny,0,3544.92,104.4,Wholesale,Retail,9376.11,0.0,3675.26,130.34000000000015,1.0367681076018642,2.551141960024597,High,2,2,12,1
2737,2026-01-02,P003,Office Chair,Furniture,S01,Chennai,54,3058.529719703375,14,165160.6048639822,1,1,Friday,June,Q2,0,No_Holiday,0,Summer,Clear,0,3135.691755764398,106.5420173047894,In-Store,Corporate,221.2269791887756,428.1941607584725,2630.3355589449025,-77.16203606102272,0.975392340168904,0.07233115237154891,Medium,3,1,6,4
2738,2026-01-03,P007,Yoga Mat,Sports,S01,Chennai,52,1425.46809348055,0,74124.34086098858,0,1,Saturday,March,Q1,0,No_Holiday,1,Spring,Clear,0,1297.39582768443,104.4555493687919,Online,Retail,430.0639789377531,0.0,1425.46809348055,128.07226579611984,1.0987148741064638,0.301700178983081,Low,7,1,3,5
2739,2026-01-03,P007,Yoga Mat,Sports,S04,Delhi,54,2663.931985908242,0,143852.3272390451,1,1,Saturday,August,Q3,0,No_Holiday,1,Summer,Sunny,0,2649.865932339363,98.52434809774573,Online,Retail,1356.79434124681,0.0,2663.931985908242,14.066053568878942,1.0053082132938178,0.5093201885123295,Medium,7,4,8,5
2740,2026-01-03,P005,LED Desk Lamp,Home,S03,Mumbai,13,1118.08258811068,20,14535.07364543884,1,0,Saturday,November,Q4,0,No_Holiday,0,Autumn,Cloudy,0,1056.142095051872,102.2034891371565,In-Store,Retail,3239.94758064198,223.61651762213603,894.466070488544,61.94049305880799,1.0586478783006616,2.897771251510854,Low,5,3,11,5
2741,2026-01-03,P008,Coffee Maker,Appliances,S04,Delhi,100,1012.860153384162,16,101286.0153384162,1,1,Saturday,February,Q1,0,No_Holiday,1,Winter,Rainy,0,1045.487244857083,108.8157000677318,Wholesale,Wholesale,832.3173950297682,162.0576245414659,850.8025288426961,-32.62709147292094,0.9687924538214897,0.8217495695223418,Low,8,4,2,5
2742,2026-01-04,P003,Office Chair,Furniture,S01,Chennai,38,1860.863149482844,0,70712.79968034808,0,1,Sunday,March,Q1,0,No_Holiday,0,Spring,Rainy,1,1789.807753812715,96.03693873081204,In-Store,Corporate,83.99486968381694,0.0,1860.863149482844,71.05539567012897,1.0397000155568463,0.04513758559148217,Medium,3,1,3,6
2743,2026-01-04,P002,Bluetooth Speaker,Electronics,S03,Mumbai,13,2876.106794944216,0,37389.38833427481,0,0,Sunday,May,Q2,0,No_Holiday,1,Spring,Stormy,0,2921.867627759821,98.76230804066135,Online,Wholesale,171.5378865914785,0.0,2876.106794944216,-45.76083281560523,0.9843384989857703,0.05964239119806593,Medium,2,3,5,6
2744,2026-01-05,P005,LED Desk Lamp,Home,S01,Chennai,37,3897.900990022883,0,144222.3366308467,0,1,Monday,December,Q4,0,No_Holiday,0,Winter,Stormy,1,4105.09334363771,95.59907786703897,Wholesale,Wholesale,817.9308714023022,0.0,3897.900990022883,-207.19235361482697,0.9495279799335271,0.20983880131791147,High,5,1,12,0
2745,2026-01-05,P003,Office Chair,Furniture,S01,Chennai,1,1526.815176218212,0,1526.815176218212,0,0,Monday,October,Q4,0,No_Holiday,0,Autumn,Stormy,0,1610.963807141419,104.3717020996573,In-Store,Wholesale,0.0,0.0,1526.815176218212,-84.14863092320707,0.9477650394439805,0.0,Low,3,1,10,0
2746,2026-01-05,P006,Running Shoes,Apparel,S01,Chennai,73,3123.029122289698,16,227981.1259271479,1,1,Monday,January,Q1,0,No_Holiday,1,Winter,Stormy,1,3224.230629320632,99.60851849515252,Wholesale,Retail,9615.282258002384,499.6846595663517,2623.3444627233466,-101.20150703093395,0.9686121997258434,3.078832083049161,Medium,6,1,1,0
2747,2026-01-05,P001,Wireless Mouse,Electronics,S01,Chennai,1,2243.179153731855,0,2243.179153731855,1,0,Monday,April,Q2,0,No_Holiday,0,Spring,Cloudy,0,2181.259567950999,97.892849071415,Wholesale,Wholesale,1486.3258556775,0.0,2243.179153731855,61.91958578085587,1.02838707813166,0.6625979263425218,Medium,1,1,4,0
2748,2026-01-05,P003,Office Chair,Furniture,S03,Mumbai,18,4737.391619453863,0,85273.04915016954,1,1,Monday,December,Q4,0,No_Holiday,1,Winter,Cloudy,0,4651.846388269956,105.7776481891132,In-Store,Wholesale,5794.143140700564,0.0,4737.391619453863,85.54523118390716,1.018389521932542,1.2230661102424387,High,3,3,12,0
2749,2026-01-08,P008,Coffee Maker,Appliances,S02,Bengaluru,57,4372.971061884306,17,249259.3505274055,1,1,Thursday,February,Q1,0,No_Holiday,0,Winter,Stormy,1,4435.547534129551,107.4739692907847,Online,Retail,1692.036011936292,743.4050805203321,3629.565981363974,-62.576472245244986,0.9858920523872764,0.3869305302942472,High,8,2,2,3
2750,2026-01-09,P001,Wireless Mouse,Electronics,S01,Chennai,40,1769.575587497197,0,70783.02349988787,1,1,Friday,July,Q3,0,No_Holiday,0,Summer,Stormy,1,1849.350905014954,105.2953109291615,In-Store,Retail,5687.244645625812,0.0,1769.575587497197,-79.775317517757,0.9568630716315507,3.21390320131483,Medium,1,1,7,4
2751,2026-01-10,P003,Office Chair,Furniture,S01,Chennai,42,3334.853624905953,5,140063.8522460501,1,1,Saturday,February,Q1,0,No_Holiday,0,Winter,Rainy,0,3494.86839775166,101.453003806282,Online,Retail,5645.196335250503,166.74268124529763,3168.1109436606553,-160.01477284570683,0.9542143638516837,1.6927868417042455,Medium,3,1,2,5
2752,2026-01-11,P008,Coffee Maker,Appliances,S03,Mumbai,14,4744.262181002538,19,66419.67053403554,1,0,Sunday,September,Q3,0,No_Holiday,0,Autumn,Rainy,0,5097.181144481955,106.6363868161016,In-Store,Corporate,7593.290226038054,901.4098143904822,3842.8523666120554,-352.91896347941747,0.9307619341993612,1.600520784126115,High,8,3,9,6
2753,2026-01-12,P001,Wireless Mouse,Electronics,S02,Bengaluru,16,3000.314961230039,0,48005.03937968062,0,1,Monday,July,Q3,0,No_Holiday,0,Summer,Sunny,0,3027.429324956235,101.8112342976874,Wholesale,Retail,23.49453786040368,0.0,3000.314961230039,-27.11436372619619,0.9910437665703102,0.007830690498830704,Medium,1,2,7,0
2754,2026-01-12,P008,Coffee Maker,Appliances,S01,Chennai,42,3039.777918109668,5,127670.672560606,1,1,Monday,May,Q2,0,No_Holiday,0,Spring,Clear,0,3238.721531612397,97.82412292889178,In-Store,Retail,6586.931820984182,151.98889590548342,2887.7890222041847,-198.94361350272902,0.9385734118969824,2.1669121884668354,Medium,8,1,5,0
2755,2026-01-12,P003,Office Chair,Furniture,S04,Delhi,4,696.810933706605,0,2787.24373482642,1,0,Monday,February,Q1,0,No_Holiday,0,Winter,Sunny,0,727.462169610555,102.3745804573017,Online,Retail,3251.982549406334,0.0,696.810933706605,-30.651235903949896,0.9578655259553098,4.666951094047548,Low,3,4,2,0
2756,2026-01-13,P007,Yoga Mat,Sports,S03,Mumbai,8,4240.485450693764,0,33923.88360555011,0,1,Tuesday,November,Q4,0,No_Holiday,0,Autumn,Rainy,1,4301.115891128709,99.091232483124,In-Store,Wholesale,485.6455369331742,0.0,4240.485450693764,-60.63044043494574,0.985903555735385,0.11452592930220296,High,7,3,11,1
2757,2026-01-15,P008,Coffee Maker,Appliances,S03,Mumbai,81,2246.227886907602,20,181944.4588395157,1,1,Thursday,April,Q2,0,No_Holiday,0,Spring,Cloudy,1,2292.293659737805,104.3358569473936,Online,Wholesale,5417.941402608899,449.24557738152043,1796.9823095260817,-46.065772830202604,0.9799040700415881,2.412017691610007,Medium,8,3,4,3
2758,2026-01-17,P005,LED Desk Lamp,Home,S04,Delhi,33,1584.989532326224,0,52304.65456676539,0,1,Saturday,April,Q2,0,No_Holiday,0,Spring,Rainy,0,1622.522737248622,98.52120204736947,In-Store,Corporate,754.1068274004083,0.0,1584.989532326224,-37.533204922398,0.9768673781508637,0.47578032032403184,Low,5,4,4,5
2759,2026-01-17,P008,Coffee Maker,Appliances,S02,Bengaluru,32,1743.26842899718,1,55784.58972790976,1,1,Saturday,December,Q4,0,No_Holiday,0,Winter,Stormy,0,1772.300349951546,104.5874270048771,Wholesale,Wholesale,1109.028564403719,17.4326842899718,1725.8357447072083,-29.031920954365887,0.9836190739593548,0.636177737149574,Medium,8,2,12,5
2760,2026-01-17,P001,Wireless Mouse,Electronics,S02,Bengaluru,41,766.1921659277058,0,31413.87880303594,0,1,Saturday,October,Q4,0,No_Holiday,0,Autumn,Cloudy,0,692.5084712258094,97.42321767144273,Wholesale,Corporate,128.7133614836521,0.0,766.1921659277058,73.68369470189634,1.1064011456372063,0.16799096520101575,Low,1,2,10,5
2761,2026-01-17,P005,LED Desk Lamp,Home,S03,Mumbai,59,2722.516607421411,13,160628.4798378632,1,1,Saturday,April,Q2,0,No_Holiday,0,Spring,Rainy,1,2481.989459541177,103.8498532329896,Wholesale,Wholesale,9892.074533654293,353.9271589647835,2368.589448456628,240.52714788023422,1.096909012629207,3.633430373460023,Medium,5,3,4,5
2762,2026-01-20,P005,LED Desk Lamp,Home,S03,Mumbai,96,878.8935286622575,19,84373.77875157673,1,1,Tuesday,April,Q2,0,No_Holiday,0,Spring,Clear,0,835.6688721600632,96.03155544512896,In-Store,Wholesale,9184.644619339035,166.9897704458289,711.9037582164286,43.22465650219431,1.0517246219671506,10.450235801961997,Low,5,3,4,1
2763,2026-01-21,P006,Running Shoes,Apparel,S01,Chennai,1,723.3255917058234,0,723.3255917058234,0,0,Wednesday,August,Q3,0,No_Holiday,1,Summer,Stormy,0,732.1264273583693,107.8307295150961,Online,Corporate,0.0,0.0,723.3255917058234,-8.800835652545857,0.9879790766680822,0.0,Low,6,1,8,2
2764,2026-01-21,P008,Coffee Maker,Appliances,S04,Delhi,89,2780.431373538084,18,247458.3922448895,1,1,Wednesday,November,Q4,0,No_Holiday,1,Autumn,Clear,0,3000.464438192256,107.2993186470744,In-Store,Wholesale,1274.407820712125,500.4776472368551,2279.953726301229,-220.033064654172,0.9266669979975702,0.45834895723049185,Medium,8,4,11,2
2765,2026-01-21,P008,Coffee Maker,Appliances,S04,Delhi,1,2489.964400559723,5,2489.964400559723,1,0,Wednesday,September,Q3,0,No_Holiday,0,Autumn,Stormy,0,2617.651240721891,107.2081967725707,Wholesale,Retail,4592.724454571163,124.49822002798614,2365.466180531737,-127.68684016216821,0.951220835619433,1.844494023102803,Medium,8,4,9,2
2766,2026-01-22,P005,LED Desk Lamp,Home,S02,Bengaluru,57,2615.90892415355,10,149106.8086767523,1,1,Thursday,December,Q4,0,No_Holiday,0,Winter,Cloudy,0,2347.486636368128,96.94967573299279,Online,Corporate,5778.836021695183,261.590892415355,2354.318031738195,268.42228778542176,1.1143445434904398,2.2091120865628326,Medium,5,2,12,3
2767,2026-01-24,P001,Wireless Mouse,Electronics,S01,Chennai,70,3566.299584201173,23,249640.9708940821,1,1,Saturday,May,Q2,0,No_Holiday,0,Spring,Sunny,0,3841.952244169612,98.65214270792411,Wholesale,Wholesale,4004.419949096997,820.2489043662697,2746.0506798349033,-275.65265996843937,0.9282519296311508,1.12285012925911,High,1,1,5,5
2768,2026-01-25,P003,Office Chair,Furniture,S01,Chennai,3,1522.0527706495,0,4566.1583119485,0,0,Sunday,October,Q4,0,No_Holiday,0,Autumn,Stormy,0,1621.031304645554,104.0781441653845,In-Store,Wholesale,0.0,0.0,1522.0527706495,-98.97853399605401,0.9389410101381749,0.0,Low,3,1,10,6
2769,2026-01-25,P006,Running Shoes,Apparel,S02,Bengaluru,75,665.4637687278686,17,49909.78265459014,1,1,Sunday,June,Q2,0,No_Holiday,0,Summer,Rainy,0,729.0389807095231,95.88982955027765,Wholesale,Corporate,765.0374271292256,113.12884068373765,552.334928044131,-63.57521198165455,0.9127958673488471,1.1496304728831543,Low,6,2,6,6
2770,2026-01-26,P005,LED Desk Lamp,Home,S04,Delhi,63,678.8556242107827,0,42767.90432527931,1,1,Monday,October,Q4,1,Republic Day,0,Autumn,Cloudy,0,724.5551094151479,108.244740857873,Online,Retail,2582.538549516368,0.0,678.8556242107827,-45.699485204365146,0.9369275233718892,3.8042530066960123,Low,5,4,10,0
2771,2026-01-27,P008,Coffee Maker,Appliances,S03,Mumbai,39,4534.876348290276,9,176860.1775833208,1,1,Tuesday,March,Q1,0,No_Holiday,1,Spring,Cloudy,0,4777.076655063135,101.5633353120851,Wholesale,Corporate,6139.917015493122,408.1388713461248,4126.737476944151,-242.20030677285922,0.9492994724051255,1.3539326199727524,High,8,3,3,1
2772,2026-01-27,P008,Coffee Maker,Appliances,S03,Mumbai,9,4361.231380073734,14,39251.0824206636,1,0,Tuesday,February,Q1,0,No_Holiday,0,Winter,Rainy,0,4389.63436135698,101.6236511668261,In-Store,Wholesale,3636.078846990132,610.5723932103227,3750.658986863411,-28.402981283245936,0.9935295336820569,0.8337275714384725,High,8,3,2,1
2773,2026-01-28,P006,Running Shoes,Apparel,S01,Chennai,1,727.5912465189122,0,727.5912465189122,0,0,Wednesday,August,Q3,0,No_Holiday,1,Summer,Stormy,0,725.3906653710587,108.2696582960223,Online,Corporate,373.637732459724,0.0,727.5912465189122,2.200581147853427,1.0030336496634233,0.513526975822423,Low,6,1,8,2
2774,2026-01-29,P007,Yoga Mat,Sports,S01,Chennai,56,388.1497661437692,0,21736.38690405107,1,1,Thursday,September,Q3,0,No_Holiday,0,Autumn,Rainy,0,389.1113321688454,104.3814574578014,Online,Corporate,4790.575743729829,0.0,388.1497661437692,-0.9615660250761948,0.9975288151601328,12.342080716223895,Low,7,1,9,3
2775,2026-01-30,P003,Office Chair,Furniture,S01,Chennai,4,803.9930949821945,0,3215.972379928778,0,0,Friday,February,Q1,0,No_Holiday,0,Winter,Cloudy,0,848.4980359362812,94.9852487434548,In-Store,Corporate,129.6195137934398,0.0,803.9930949821945,-44.50494095408669,0.9475485633800231,0.16121968534606682,Low,3,1,2,4
2776,2026-01-31,P002,Bluetooth Speaker,Electronics,S03,Mumbai,3,750.1587309080471,0,2250.476192724142,0,0,Saturday,August,Q3,0,No_Holiday,1,Summer,Cloudy,0,741.422196536671,108.4157508210291,Wholesale,Wholesale,607.8933184545162,0.0,750.1587309080471,8.736534371376138,1.0117834810074289,0.810352920532802,Low,2,3,8,5
2777,2026-01-31,P008,Coffee Maker,Appliances,S04,Delhi,96,995.8559465484553,17,95602.17086865171,1,1,Saturday,February,Q1,0,No_Holiday,1,Winter,Rainy,0,1044.007408654028,108.632234349342,Wholesale,Wholesale,1200.933952447519,169.29551091323742,826.5604356352179,-48.151462105572705,0.9538782371595894,1.2059313966139833,Low,8,4,2,5
2778,2026-02-01,P002,Bluetooth Speaker,Electronics,S01,Chennai,69,732.115376363021,0,50515.96096904845,0,1,Sunday,April,Q2,0,No_Holiday,1,Spring,Clear,1,724.7831548394286,103.6577500510771,In-Store,Wholesale,606.3326043786652,0.0,732.115376363021,7.332221523592466,1.010116434791061,0.8281926919644614,Low,2,1,4,6
2779,2026-02-01,P008,Coffee Maker,Appliances,S03,Mumbai,7,4369.422655408893,13,30585.95858786225,1,0,Sunday,February,Q1,0,No_Holiday,0,Winter,Rainy,0,4384.742020207409,101.8536863979822,In-Store,Wholesale,3550.294571532583,568.0249452031561,3801.3977102057365,-15.31936479851629,0.9965062106897246,0.8125317350880867,High,8,3,2,6
2780,2026-02-02,P004,Notebook Pack,Stationery,S04,Delhi,66,1405.967830657173,10,92793.87682337342,1,1,Monday,June,Q2,0,No_Holiday,1,Summer,Sunny,0,1470.883053309635,108.6840754336726,Online,Retail,8306.234304504993,140.5967830657173,1265.3710475914556,-64.91522265246203,0.9558664963156681,5.907840935892907,Low,4,4,6,0
2781,2026-02-02,P007,Yoga Mat,Sports,S03,Mumbai,78,2582.397445031876,15,201427.0007124863,1,1,Monday,May,Q2,0,No_Holiday,0,Spring,Sunny,0,2738.294134054235,108.5741025114613,Wholesale,Retail,8059.040087007434,387.35961675478137,2195.037828277095,-155.89668902235917,0.9430679534811174,3.120759007298335,Medium,7,3,5,0
2782,2026-02-02,P008,Coffee Maker,Appliances,S03,Mumbai,88,1835.083746511838,23,161487.3696930417,1,1,Monday,September,Q3,0,No_Holiday,0,Autumn,Rainy,0,1692.696880958864,109.7130963723039,In-Store,Wholesale,1574.444363403778,422.06926169772277,1413.0144848141151,142.38686555297386,1.0841183481547598,0.8579686711282315,Medium,8,3,9,0
2783,2026-02-03,P003,Office Chair,Furniture,S04,Delhi,1,703.31904827652,0,703.31904827652,1,0,Tuesday,February,Q1,0,No_Holiday,0,Winter,Sunny,0,732.8005336370222,102.406511923994,Online,Retail,2779.313500638506,0.0,703.31904827652,-29.481485360502234,0.9597687446893901,3.951710830879955,Low,3,4,2,1
2784,2026-02-03,P006,Running Shoes,Apparel,S04,Delhi,31,1980.330422922329,4,61390.2431105922,0,1,Tuesday,July,Q3,0,No_Holiday,0,Summer,Cloudy,0,2134.996591540971,95.82903270159954,Wholesale,Corporate,170.3477152399594,79.21321691689316,1901.117206005436,-154.66616861864213,0.927556714033436,0.0860198446017817,Medium,6,4,7,1
2785,2026-02-03,P002,Bluetooth Speaker,Electronics,S02,Bengaluru,2,1577.480692929957,4,3154.961385859914,0,0,Tuesday,August,Q3,0,No_Holiday,0,Summer,Stormy,0,1612.648195169441,109.4281404558093,Wholesale,Wholesale,103.7529426064224,63.09922771719828,1514.3814652127587,-35.16750223948384,0.9781927004632348,0.06577129157360102,Low,2,2,8,1
2786,2026-02-04,P001,Wireless Mouse,Electronics,S01,Chennai,74,598.4844946313076,3,44287.85260271676,1,1,Wednesday,October,Q4,0,No_Holiday,1,Autumn,Stormy,0,599.0643299238708,95.92090058618021,Wholesale,Retail,8627.78705680428,17.954534838939228,580.5299597923683,-0.5798352925631889,0.9990320984515355,14.416057782949533,Low,1,1,10,2
2787,2026-02-04,P006,Running Shoes,Apparel,S02,Bengaluru,87,713.0112309352135,17,62031.97709136357,1,1,Wednesday,November,Q4,0,No_Holiday,0,Autumn,Stormy,0,758.568790958995,104.5285972859839,Wholesale,Retail,5013.265320794326,121.21190925898628,591.7993216762272,-45.55756002378155,0.9399427440638747,7.031116907119023,Low,6,2,11,2
2788,2026-02-04,P003,Office Chair,Furniture,S02,Bengaluru,2,2287.922413897441,15,4575.844827794883,1,0,Wednesday,September,Q3,0,No_Holiday,0,Autumn,Rainy,0,2195.142969483706,101.5352402977962,In-Store,Corporate,521.0269762884384,343.1883620846162,1944.7340518128249,92.77944441373484,1.042265786649676,0.22772930284855109,Medium,3,2,9,2
2789,2026-02-05,P003,Office Chair,Furniture,S04,Delhi,1,692.79877941289,4,692.79877941289,1,0,Thursday,February,Q1,0,No_Holiday,0,Winter,Sunny,0,731.7341754450019,102.360762922725,Online,Retail,2511.688971528071,27.711951176515598,665.0868282363743,-38.93539603211195,0.9467902452301978,3.6254234940433836,Low,3,4,2,3
2790,2026-02-05,P007,Yoga Mat,Sports,S02,Bengaluru,15,4746.667065000121,4,71200.00597500181,1,1,Thursday,December,Q4,0,No_Holiday,0,Winter,Stormy,0,4588.208106309386,109.6009080599324,Wholesale,Corporate,1007.845529376662,189.86668260000482,4556.800382400116,158.45895869073502,1.0345361315396382,0.21232698977522166,High,7,2,12,3
2791,2026-02-05,P005,LED Desk Lamp,Home,S03,Mumbai,77,1241.982087430301,18,95632.62073213315,1,1,Thursday,October,Q4,0,No_Holiday,0,Autumn,Sunny,0,1244.337056423548,95.53329032066199,Online,Corporate,5109.670547054488,223.55677573745416,1018.4253116928468,-2.3549689932469846,0.9981074508863252,4.114125798405477,Low,5,3,10,3
2792,2026-02-06,P007,Yoga Mat,Sports,S02,Bengaluru,20,4763.6660177906,0,95273.320355812,1,1,Friday,December,Q4,0,No_Holiday,0,Winter,Stormy,0,4596.882891445915,109.7993804565036,Wholesale,Corporate,1200.140568008639,0.0,4763.6660177906,166.7831263446842,1.0362817870899086,0.25193633716690894,High,7,2,12,4
2793,2026-02-07,P006,Running Shoes,Apparel,S04,Delhi,1,4058.783486997862,0,4058.783486997862,0,1,Saturday,September,Q3,0,No_Holiday,0,Autumn,Sunny,0,3739.408481093272,95.25740143391914,Online,Retail,289.2162961066325,0.0,4058.783486997862,319.3750059045901,1.0854078947297077,0.07125689188229047,High,6,4,9,5
2794,2026-02-08,P001,Wireless Mouse,Electronics,S03,Mumbai,1,4922.914289003703,0,4922.914289003703,0,1,Sunday,May,Q2,0,No_Holiday,0,Spring,Stormy,0,4660.700164239025,101.5206034260445,Wholesale,Retail,378.0942916528623,0.0,4922.914289003703,262.21412476467776,1.0562606723291523,0.07680294018065889,High,1,3,5,6
2795,2026-02-08,P002,Bluetooth Speaker,Electronics,S03,Mumbai,16,2864.401518111099,0,45830.42428977758,0,0,Sunday,May,Q2,0,No_Holiday,1,Spring,Stormy,0,2916.784364771635,98.97882882731821,Online,Wholesale,0.0,0.0,2864.401518111099,-52.38284666053596,0.9820408915745689,0.0,Medium,2,3,5,6
2796,2026-02-09,P005,LED Desk Lamp,Home,S01,Chennai,48,4532.803314455747,14,217574.5590938758,1,1,Monday,May,Q2,0,No_Holiday,0,Spring,Stormy,0,4558.206556549876,102.1435338681212,Wholesale,Corporate,4713.718340418452,634.5924640238045,3898.210850431942,-25.403242094129382,0.9944269216897101,1.03991239270977,High,5,1,5,0
2797,2026-02-09,P003,Office Chair,Furniture,S03,Mumbai,34,1018.706638657997,0,34636.02571437188,0,1,Monday,July,Q3,0,No_Holiday,0,Summer,Cloudy,0,1084.75401432125,95.6836765165492,In-Store,Corporate,577.1953446208844,0.0,1018.706638657997,-66.04737566325298,0.939113038724655,0.566596233613691,Low,3,3,7,0
2798,2026-02-09,P002,Bluetooth Speaker,Electronics,S01,Chennai,4,3752.442230043904,0,15009.76892017562,0,1,Monday,March,Q1,0,No_Holiday,0,Spring,Sunny,0,3893.760313526956,97.11512634921459,In-Store,Corporate,0.0,0.0,3752.442230043904,-141.31808348305185,0.9637065273401366,0.0,High,2,1,3,0
2799,2026-02-10,P003,Office Chair,Furniture,S02,Bengaluru,18,3616.539251442943,2,65097.70652597298,0,1,Tuesday,July,Q3,0,No_Holiday,0,Summer,Rainy,0,3426.052358974857,95.66683833890225,In-Store,Wholesale,503.3541238611606,72.33078502885887,3544.2084664140843,190.48689246808635,1.0555995275346826,0.13918115879990245,High,3,2,7,1
2800,2026-02-10,P003,Office Chair,Furniture,S01,Chennai,1,1527.032630947161,3,1527.032630947161,0,0,Tuesday,October,Q4,0,No_Holiday,0,Autumn,Stormy,0,1608.489569128614,104.1591077999247,In-Store,Wholesale,0.0,45.810978928414826,1481.221652018746,-81.4569381814531,0.9493581184828064,0.0,Low,3,1,10,1
2801,2026-02-10,P002,Bluetooth Speaker,Electronics,S01,Chennai,72,752.5302725657194,9,54182.1796247318,1,1,Tuesday,April,Q2,0,No_Holiday,0,Spring,Sunny,1,787.8987855773734,105.7605133530217,Wholesale,Wholesale,9768.172800805101,67.72772453091474,684.8025480348047,-35.36851301165393,0.9551103343994422,12.980438338381974,Low,2,1,4,1
2802,2026-02-10,P007,Yoga Mat,Sports,S03,Mumbai,72,2572.358865972518,15,185209.8383500213,1,1,Tuesday,May,Q2,0,No_Holiday,0,Spring,Sunny,0,2727.137081006362,108.1355494965938,Wholesale,Retail,8033.015243592521,385.85382989587765,2186.50503607664,-154.7782150338444,0.9432451650077199,3.12282059469005,Medium,7,3,5,1
2803,2026-02-13,P007,Yoga Mat,Sports,S03,Mumbai,7,4251.108646855823,4,29757.76052799076,0,1,Friday,November,Q4,0,No_Holiday,0,Autumn,Rainy,1,4296.194367118434,99.20084747616477,In-Store,Wholesale,0.0,170.04434587423293,4081.0643009815903,-45.085720262610266,0.989505660961785,0.0,High,7,3,11,4
2804,2026-02-14,P006,Running Shoes,Apparel,S04,Delhi,22,1999.115188696298,0,43980.53415131856,0,1,Saturday,July,Q3,0,No_Holiday,0,Summer,Cloudy,0,2134.905233439986,95.97373733857577,Wholesale,Corporate,675.0446180689356,0.0,1999.115188696298,-135.7900447436882,0.9363952822744789,0.3376716969016472,Medium,6,4,7,5
2805,2026-02-15,P001,Wireless Mouse,Electronics,S02,Bengaluru,80,2017.397074707419,19,161391.7659765935,1,1,Sunday,November,Q4,0,No_Holiday,1,Autumn,Cloudy,0,1946.242567739545,98.39428771750008,In-Store,Wholesale,2236.019665686646,383.30544419440963,1634.0916305130095,71.15450696787411,1.0365599376703163,1.1083686467677334,Medium,1,2,11,6
2806,2026-02-17,P007,Yoga Mat,Sports,S04,Delhi,1,411.1382111709877,0,411.1382111709877,0,0,Tuesday,April,Q2,0,No_Holiday,0,Spring,Rainy,0,445.3334619501693,97.22178715543508,Wholesale,Retail,174.2845565621134,0.0,411.1382111709877,-34.195250779181606,0.9232142794088806,0.4239074642702827,Low,7,4,4,1
2807,2026-02-17,P001,Wireless Mouse,Electronics,S04,Delhi,84,464.853499403585,9,39047.69394990114,1,1,Tuesday,November,Q4,0,No_Holiday,0,Autumn,Sunny,0,486.9462517186353,103.6105496791876,In-Store,Corporate,4517.05192965343,41.83681494632265,423.01668445726233,-22.092752315050348,0.9546299982039581,9.717151608945368,Low,1,4,11,1
2808,2026-02-18,P005,LED Desk Lamp,Home,S03,Mumbai,5,1119.677994226327,18,5598.389971131636,1,0,Wednesday,November,Q4,0,No_Holiday,0,Autumn,Cloudy,0,1060.306112192347,102.3294013610625,In-Store,Retail,2885.535488276742,201.54203896073886,918.1359552655881,59.37188203398,1.0559950389338222,2.5771119046334245,Low,5,3,11,2
2809,2026-02-18,P007,Yoga Mat,Sports,S03,Mumbai,1,4542.252384915689,3,4542.252384915689,0,0,Wednesday,September,Q3,0,No_Holiday,0,Autumn,Cloudy,0,4897.04399612171,99.8897517079094,In-Store,Retail,358.4780680884438,136.26757154747065,4405.984813368218,-354.7916112060211,0.9275498420093828,0.07892077271595681,High,7,3,9,2
2810,2026-02-18,P001,Wireless Mouse,Electronics,S03,Mumbai,61,2274.186568174355,9,138725.3806586357,1,1,Wednesday,November,Q4,0,No_Holiday,0,Autumn,Sunny,1,2258.770478356877,100.6368200722673,Online,Wholesale,2990.694267607524,204.67679113569196,2069.5097770386633,15.416089817478223,1.0068249917223517,1.3150610901762376,Medium,1,3,11,2
2811,2026-02-19,P008,Coffee Maker,Appliances,S03,Mumbai,85,2252.875450120259,18,191494.413260222,1,1,Thursday,April,Q2,0,No_Holiday,0,Spring,Cloudy,1,2288.03542761467,103.9124749318319,Online,Wholesale,5702.334516090114,405.5175810216466,1847.3578690986124,-35.15997749441112,0.9846331149115701,2.5311361601395777,Medium,8,3,4,3
2812,2026-02-19,P005,LED Desk Lamp,Home,S02,Bengaluru,54,2630.273245584258,1,142034.7552615499,1,1,Thursday,December,Q4,0,No_Holiday,0,Winter,Sunny,0,2557.572138287453,106.27277081965,Online,Corporate,736.0190783033624,26.30273245584258,2603.9705131284154,72.70110729680482,1.0284258286241283,0.2798260901368336,Medium,5,2,12,3
2813,2026-02-19,P002,Bluetooth Speaker,Electronics,S01,Chennai,64,4134.221255823773,18,264590.1603727215,1,1,Thursday,July,Q3,0,No_Holiday,1,Summer,Clear,0,4312.241281680051,109.4513169241319,Online,Wholesale,602.5716351577945,744.1598260482792,3390.061429775494,-178.02002585627724,0.9587175173586482,0.14575214964824804,High,2,1,7,3
2814,2026-02-20,P002,Bluetooth Speaker,Electronics,S02,Bengaluru,2,3676.172095618587,0,7352.344191237174,1,0,Friday,December,Q4,0,No_Holiday,0,Winter,Sunny,0,3537.57039526139,104.8372218430223,Wholesale,Retail,9315.84247041725,0.0,3676.172095618587,138.60170035719693,1.0391799130111603,2.5341148967210363,High,2,2,12,4
2815,2026-02-20,P006,Running Shoes,Apparel,S04,Delhi,28,4470.174468168769,4,125164.8851087255,1,1,Friday,April,Q2,0,No_Holiday,0,Spring,Sunny,1,4660.816178570757,100.7329426225298,In-Store,Corporate,6450.630155431346,178.80697872675074,4291.367489442018,-190.64171040198835,0.959096925710456,1.4430376714298316,High,6,4,4,4
2816,2026-02-23,P008,Coffee Maker,Appliances,S01,Chennai,4,2323.062920740781,13,9292.251682963124,1,0,Monday,September,Q3,0,No_Holiday,0,Autumn,Stormy,0,2320.685892123901,107.2596428473988,Online,Retail,3367.718068073478,301.9981796963015,2021.0647410444794,2.377028616880125,1.0010242784794563,1.4496887010703852,Medium,8,1,9,0
2817,2026-02-24,P008,Coffee Maker,Appliances,S04,Delhi,1,1914.488640423069,0,1914.488640423069,1,0,Tuesday,May,Q2,0,No_Holiday,0,Spring,Sunny,1,1900.613457978351,105.5806704507294,Wholesale,Wholesale,2759.042600546338,0.0,1914.488640423069,13.875182444717893,1.0073003705127273,1.4411381411678874,Medium,8,4,5,1
2818,2026-02-24,P007,Yoga Mat,Sports,S04,Delhi,63,1233.111223546484,0,77686.00708342847,1,1,Tuesday,July,Q3,0,No_Holiday,0,Summer,Cloudy,0,1213.074410850019,102.8387559826304,In-Store,Corporate,7608.00930470094,0.0,1233.111223546484,20.036812696465176,1.0165173813883561,6.169767300325074,Low,7,4,7,1
2819,2026-02-25,P005,LED Desk Lamp,Home,S04,Delhi,88,298.2847991493977,1,26249.062325147,1,1,Wednesday,May,Q2,0,No_Holiday,1,Spring,Sunny,0,297.9196613460377,98.85865836202456,Wholesale,Corporate,8792.341466743352,2.982847991493977,295.3019511579037,0.3651378033600281,1.001225625061838,29.47633098238994,Low,5,4,5,2
2820,2026-02-26,P003,Office Chair,Furniture,S01,Chennai,30,2089.030429748996,0,62670.91289246987,0,1,Thursday,December,Q4,0,No_Holiday,0,Winter,Cloudy,1,2007.198603948342,108.3943414404232,Wholesale,Wholesale,535.7165505804035,0.0,2089.030429748996,81.83182580065409,1.040769172337846,0.2564426745304862,Medium,3,1,12,3
2821,2026-02-26,P008,Coffee Maker,Appliances,S03,Mumbai,1,4358.559774342924,8,4358.559774342924,1,0,Thursday,February,Q1,0,No_Holiday,0,Winter,Rainy,0,4396.398475974668,101.3076459989851,In-Store,Wholesale,3753.153334225498,348.684781947434,4009.87499239549,-37.83870163174379,0.9913932502163934,0.8610994292928575,High,8,3,2,3
2822,2026-02-27,P006,Running Shoes,Apparel,S01,Chennai,45,2923.587082646815,4,131561.4187191067,0,1,Friday,December,Q4,0,No_Holiday,1,Winter,Cloudy,1,3003.738710328197,103.7004522845778,Wholesale,Wholesale,389.8071020182018,116.94348330587259,2806.6435993409423,-80.15162768138225,0.9733160452985524,0.133331791049404,Medium,6,1,12,4
2823,2026-02-27,P001,Wireless Mouse,Electronics,S02,Bengaluru,38,765.562035456585,0,29091.35734735023,0,1,Friday,October,Q4,0,No_Holiday,0,Autumn,Cloudy,0,694.1645563415634,96.6990442809583,Wholesale,Corporate,0.0,0.0,765.562035456585,71.39747911502161,1.1028538240144468,0.0,Low,1,2,10,4
2824,2026-02-28,P006,Running Shoes,Apparel,S01,Chennai,89,672.1036209416507,5,59817.22226380691,1,1,Saturday,May,Q2,0,No_Holiday,0,Spring,Stormy,1,718.5984203730551,107.3864014048012,In-Store,Corporate,2919.394693120509,33.60518104708253,638.4984398945682,-46.49479943140443,0.9352979381623647,4.343667556842339,Low,6,1,5,5
2825,2026-02-28,P006,Running Shoes,Apparel,S04,Delhi,27,4458.356298410893,4,120375.6200570941,1,1,Saturday,April,Q2,0,No_Holiday,0,Spring,Sunny,1,4670.006219870604,100.3699148367831,In-Store,Corporate,6376.211771637262,178.33425193643572,4280.022046474457,-211.64992145971064,0.9546788780367887,1.4301709744261482,High,6,4,4,5
2826,2026-03-01,P005,LED Desk Lamp,Home,S01,Chennai,55,3541.182459872309,11,194765.035292977,1,1,Sunday,August,Q3,0,No_Holiday,0,Summer,Cloudy,0,3599.216123718352,99.94368804274274,Online,Corporate,1337.47294036859,389.53007058595404,3151.652389286355,-58.0336638460426,0.9838760269316398,0.3776910553252931,High,5,1,8,6
2827,2026-03-02,P002,Bluetooth Speaker,Electronics,S03,Mumbai,47,2826.027283323136,9,132823.2823161874,1,1,Monday,August,Q3,0,No_Holiday,1,Summer,Cloudy,0,2740.020656781948,105.407717192136,In-Store,Retail,6741.253134573626,254.34245549908223,2571.684827824054,86.00662654118787,1.0313890431184558,2.3854168621636807,Medium,2,3,8,0
2828,2026-03-03,P006,Running Shoes,Apparel,S01,Chennai,63,739.0291907614636,1,46558.8390179722,0,1,Tuesday,April,Q2,0,No_Holiday,0,Spring,Clear,1,818.1107090870611,107.3073593186372,Online,Corporate,774.6249909589321,7.390291907614636,731.638898853849,-79.08151832559747,0.9033364097948975,1.0481656213887738,Low,6,1,4,1
2829,2026-03-05,P005,LED Desk Lamp,Home,S04,Delhi,23,4446.592062976893,0,102271.6174484685,0,1,Thursday,August,Q3,0,No_Holiday,0,Summer,Cloudy,1,4658.86900450934,107.5870809527804,Wholesale,Retail,658.4840865238475,0.0,4446.592062976893,-212.27694153244647,0.9544359497279312,0.14808736155639318,High,5,4,8,3
2830,2026-03-06,P003,Office Chair,Furniture,S01,Chennai,39,1863.249344979526,2,72666.72445420151,0,1,Friday,March,Q1,0,No_Holiday,0,Spring,Rainy,1,1779.485044442056,95.48384698887445,In-Store,Corporate,0.0,37.264986899590525,1825.9843580799356,83.76430053747004,1.0470722138402313,0.0,Medium,3,1,3,4
2831,2026-03-08,P006,Running Shoes,Apparel,S01,Chennai,73,3425.670931158216,20,250073.9779745498,1,1,Sunday,May,Q2,0,No_Holiday,1,Spring,Sunny,0,3162.365923677055,97.0382071472904,In-Store,Corporate,2630.674067451487,685.1341862316431,2740.5367449265727,263.3050074811608,1.083262030339298,0.7679295881937087,High,6,1,5,6
2832,2026-03-08,P004,Notebook Pack,Stationery,S04,Delhi,77,2640.918937309852,13,203350.7581728586,1,1,Sunday,November,Q4,0,No_Holiday,1,Autumn,Sunny,0,2409.874868185967,102.2820577825542,In-Store,Retail,4901.942973419986,343.3194618502808,2297.5994754595713,231.04406912388504,1.0958738863058908,1.8561504876833914,Medium,4,4,11,6
2833,2026-03-08,P008,Coffee Maker,Appliances,S02,Bengaluru,3,878.5946309329229,0,2635.783892798769,0,0,Sunday,June,Q2,0,No_Holiday,0,Summer,Rainy,0,852.1913444994741,107.2978975435836,Wholesale,Corporate,522.496183615144,0.0,878.5946309329229,26.403286433448784,1.030982814603634,0.5946953978768788,Low,8,2,6,6
2834,2026-03-09,P008,Coffee Maker,Appliances,S01,Chennai,30,4254.541169894124,7,127636.2350968237,1,1,Monday,November,Q4,0,No_Holiday,0,Autumn,Rainy,0,4299.075764099623,97.28933427053208,Online,Wholesale,9957.64195384519,297.81788189258873,3956.7232880015354,-44.53459420549825,0.9896408910544461,2.340473756443398,High,8,1,11,0
2835,2026-03-09,P002,Bluetooth Speaker,Electronics,S02,Bengaluru,1,1146.71049580748,8,1146.71049580748,1,0,Monday,March,Q1,0,No_Holiday,0,Spring,Sunny,0,1101.617937590523,102.7114317559045,In-Store,Corporate,4736.396042706685,91.73683966459839,1054.9736561428815,45.09255821695683,1.0409330283016125,4.130420066811592,Low,2,2,3,0
2836,2026-03-09,P004,Notebook Pack,Stationery,S04,Delhi,1,2167.018072556911,19,2167.018072556911,1,0,Monday,December,Q4,0,No_Holiday,0,Winter,Sunny,0,1988.550687476291,96.27507282884734,In-Store,Corporate,5243.083903278695,411.7334337858131,1755.2846387710981,178.46738508062026,1.0897474659331499,2.419492467403499,Medium,4,4,12,0
2837,2026-03-10,P003,Office Chair,Furniture,S02,Bengaluru,1,1811.181343297942,0,1811.181343297942,1,0,Tuesday,March,Q1,0,No_Holiday,1,Spring,Sunny,1,1778.913413761996,96.44571564532883,Wholesale,Corporate,8249.88545886375,0.0,1811.181343297942,32.267929535945996,1.0181391231784052,4.554974845225441,Medium,3,2,3,1
2838,2026-03-10,P004,Notebook Pack,Stationery,S01,Chennai,3,844.2068426234898,18,2532.620527870469,1,0,Tuesday,June,Q2,0,No_Holiday,0,Summer,Stormy,0,768.506330559466,102.2703586995217,Online,Retail,1732.977107235698,151.95723167222818,692.2496109512616,75.70051206402377,1.0985034332884602,2.0527873262081497,Low,4,1,6,1
2839,2026-03-11,P008,Coffee Maker,Appliances,S01,Chennai,42,1099.332756349827,3,46171.97576669272,0,1,Wednesday,September,Q3,0,No_Holiday,0,Autumn,Sunny,0,1051.302447344832,105.2623539643012,In-Store,Retail,521.4695416434132,32.97998269049481,1066.3527736593321,48.03030900499493,1.0456864807328283,0.474350953913969,Low,8,1,9,2
2840,2026-03-11,P001,Wireless Mouse,Electronics,S01,Chennai,38,1769.102223453318,0,67225.8844912261,1,1,Wednesday,July,Q3,0,No_Holiday,0,Summer,Stormy,1,1867.953455055354,104.8703029352932,In-Store,Retail,5431.167150750733,0.0,1769.102223453318,-98.85123160203602,0.9470804632018485,3.0700131845117467,Medium,1,1,7,2
2841,2026-03-11,P006,Running Shoes,Apparel,S04,Delhi,36,4467.326821976538,2,160823.7655911554,1,1,Wednesday,April,Q2,0,No_Holiday,0,Spring,Sunny,1,4676.24784274699,100.2459890634117,In-Store,Corporate,5940.271284294167,89.34653643953075,4377.980285537007,-208.92102077045183,0.9553229367227627,1.3297149550535763,High,6,4,4,2
2842,2026-03-12,P002,Bluetooth Speaker,Electronics,S02,Bengaluru,10,348.7089899795741,11,3487.089899795742,1,0,Thursday,December,Q4,0,No_Holiday,0,Winter,Stormy,0,332.8418661983314,96.31508997028311,In-Store,Corporate,2546.048015889903,38.357988897753145,310.3510010818209,15.867123781242697,1.0476716585040053,7.301354679840746,Low,2,2,12,3
2843,2026-03-18,P002,Bluetooth Speaker,Electronics,S04,Delhi,47,3184.479511107653,14,149670.5370220597,1,1,Wednesday,September,Q3,0,No_Holiday,0,Autumn,Stormy,0,2881.002630601929,99.04671993225965,Online,Corporate,3732.366855457581,445.8271315550714,2738.6523795525814,303.4768805057238,1.1053372451945032,1.1720492603073327,Medium,2,4,9,2
2844,2026-03-20,P005,LED Desk Lamp,Home,S02,Bengaluru,55,443.3027330284999,0,24381.65031656749,0,1,Friday,April,Q2,0,No_Holiday,0,Spring,Sunny,0,468.4488777135223,105.4789363650579,Wholesale,Corporate,488.498224653774,0.0,443.3027330284999,-25.146144685022364,0.9463204078793837,1.1019517549926057,Low,5,2,4,4
2845,2026-03-20,P004,Notebook Pack,Stationery,S01,Chennai,68,778.756895776086,0,52955.46891277385,1,1,Friday,July,Q3,0,No_Holiday,0,Summer,Clear,0,782.636662879149,103.7966705037416,In-Store,Wholesale,6673.505819060128,0.0,778.756895776086,-3.8797671030629317,0.995042696966444,8.56943399828198,Low,4,1,7,4
2846,2026-03-20,P001,Wireless Mouse,Electronics,S04,Delhi,53,2490.478195415282,7,131995.3443570099,1,1,Friday,June,Q2,0,No_Holiday,1,Summer,Clear,0,2240.06579138172,109.3831009821568,In-Store,Retail,6266.644076941082,174.33347367906973,2316.144721736212,250.41240403356187,1.111787968459222,2.51624129393196,Medium,1,4,6,4
2847,2026-03-20,P005,LED Desk Lamp,Home,S04,Delhi,71,3147.479822323146,15,223471.0673849434,1,1,Friday,December,Q4,0,No_Holiday,1,Winter,Stormy,0,2934.044756300922,103.9244237278189,In-Store,Corporate,4426.823570099178,472.1219733484719,2675.357848974674,213.43506602222396,1.0727443116073359,1.4064660680911854,Medium,5,4,12,4
2848,2026-03-21,P006,Running Shoes,Apparel,S04,Delhi,1,2141.731210366526,2,2141.731210366526,1,0,Saturday,May,Q2,0,No_Holiday,1,Spring,Rainy,0,2135.040569732502,98.10593429940958,In-Store,Corporate,8119.419295210247,42.83462420733051,2098.8965861591955,6.690640634024021,1.0031337299763172,3.7910542909914113,Medium,6,4,5,5
2849,2026-03-21,P008,Coffee Maker,Appliances,S02,Bengaluru,3,4367.008125066508,2,13101.02437519952,0,0,Saturday,October,Q4,0,No_Holiday,1,Autumn,Clear,0,4256.14528064596,108.1764084837556,In-Store,Wholesale,0.0,87.34016250133016,4279.667962565178,110.86284442054784,1.0260477115113238,0.0,High,8,2,10,5
2850,2026-03-22,P001,Wireless Mouse,Electronics,S01,Chennai,56,2068.091914768906,0,115813.1472270588,1,1,Sunday,December,Q4,0,No_Holiday,1,Winter,Clear,0,1897.410289980343,100.5730567186502,Online,Retail,3943.495857772049,0.0,2068.091914768906,170.6816247885631,1.0899550432976366,1.906828139315416,Medium,1,1,12,6
2851,2026-03-23,P006,Running Shoes,Apparel,S02,Bengaluru,2,1038.434119380835,19,2076.86823876167,1,0,Monday,October,Q4,0,No_Holiday,1,Autumn,Sunny,0,1004.928873004789,96.63124379904447,Online,Retail,6090.083402530238,197.30248268235863,841.1316366984763,33.50524637604599,1.033340913248779,5.864679606407234,Low,6,2,10,0
2852,2026-03-23,P002,Bluetooth Speaker,Electronics,S04,Delhi,57,1851.544386660912,0,105538.030039672,1,1,Monday,August,Q3,0,No_Holiday,1,Summer,Sunny,0,1758.069499396764,104.9214922685128,Wholesale,Retail,9080.688232212626,0.0,1851.544386660912,93.47488726414804,1.053169051221366,4.904385926490696,Medium,2,4,8,0
2853,2026-03-23,P006,Running Shoes,Apparel,S04,Delhi,55,3537.047815455103,16,194537.6298500306,1,1,Monday,August,Q3,0,No_Holiday,0,Summer,Rainy,0,3742.288371192856,96.56000856517063,In-Store,Retail,6476.475919304851,565.9276504728165,2971.1201649822865,-205.2405557377533,0.9451564028796816,1.8310399681355565,High,6,4,8,0
2854,2026-03-23,P005,LED Desk Lamp,Home,S02,Bengaluru,47,2629.422286159523,8,123582.8474494976,1,1,Monday,December,Q4,0,No_Holiday,0,Winter,Sunny,0,2559.917175147766,105.9891924155087,Online,Corporate,1094.050970798338,210.35378289276184,2419.068503266761,69.50511101175698,1.0271513124278113,0.41608035976461016,Medium,5,2,12,0
2855,2026-03-23,P008,Coffee Maker,Appliances,S02,Bengaluru,68,3044.076852248684,19,206997.2259529105,1,1,Monday,June,Q2,0,No_Holiday,1,Summer,Cloudy,0,3176.73263421814,106.2682849129047,Online,Retail,3373.943287366552,578.37460192725,2465.7022503214343,-132.6557819694558,0.9582414394776081,1.1083633729135953,Medium,8,2,6,0
2856,2026-03-25,P006,Running Shoes,Apparel,S01,Chennai,2,4578.8632565782,0,9157.7265131564,0,0,Wednesday,November,Q4,0,No_Holiday,0,Autumn,Stormy,0,4961.597214854008,104.9517410580795,In-Store,Wholesale,451.8164082220032,0.0,4578.8632565782,-382.7339582758077,0.9228607358271687,0.09867436149636125,High,6,1,11,2
2857,2026-03-25,P008,Coffee Maker,Appliances,S04,Delhi,52,3717.873036109211,3,193329.397877679,1,1,Wednesday,October,Q4,0,No_Holiday,0,Autumn,Rainy,1,3433.723035600545,105.3709171976511,Online,Wholesale,5314.605388448712,111.53619108327634,3606.336845025935,284.1500005086664,1.0827527431777764,1.429474685346032,High,8,4,10,2
2858,2026-03-26,P008,Coffee Maker,Appliances,S01,Chennai,47,379.9891115385408,0,17859.48824231142,0,1,Thursday,June,Q2,0,No_Holiday,0,Summer,Stormy,0,365.4808800822802,105.2121365102574,Wholesale,Corporate,523.3385980891803,0.0,379.9891115385408,14.508231456260603,1.0396962802896677,1.377246300480113,Low,8,1,6,3
2859,2026-03-28,P003,Office Chair,Furniture,S04,Delhi,2,3354.981774789958,10,6709.963549579916,1,0,Saturday,May,Q2,0,No_Holiday,0,Spring,Rainy,0,3478.585264499841,98.3335430476562,In-Store,Wholesale,9014.784649085776,335.4981774789958,3019.483597310962,-123.60348970988298,0.9644673106129382,2.6869846855278836,Medium,3,4,5,5
2860,2026-03-29,P001,Wireless Mouse,Electronics,S03,Mumbai,14,2220.474720720872,11,31086.6460900922,1,0,Sunday,October,Q4,0,No_Holiday,1,Autumn,Cloudy,0,2396.448825703348,94.83837218377016,In-Store,Wholesale,6614.15090487818,244.25221927929593,1976.222501441576,-175.9741049824761,0.926568803349753,2.9787102925138957,Medium,1,3,10,6
2861,2026-03-30,P006,Running Shoes,Apparel,S03,Mumbai,55,1387.779073472859,4,76327.84904100726,1,1,Monday,November,Q4,0,No_Holiday,0,Autumn,Cloudy,0,1468.037660054274,102.9273054743267,Online,Retail,8342.215110721969,55.51116293891436,1332.2679105339446,-80.2585865814151,0.9453293408164694,6.011198230454596,Low,6,3,11,0
2862,2026-03-30,P007,Yoga Mat,Sports,S04,Delhi,58,1234.111307715171,4,71578.45584747993,1,1,Monday,July,Q3,0,No_Holiday,0,Summer,Cloudy,0,1215.368935551413,103.1605749891675,In-Store,Corporate,6838.312955709227,49.36445230860684,1184.7468554065642,18.74237216375809,1.0154211380721647,5.541082812351548,Low,7,4,7,0
2863,2026-03-30,P008,Coffee Maker,Appliances,S04,Delhi,89,2785.609386353889,20,247919.2353854961,1,1,Monday,November,Q4,0,No_Holiday,1,Autumn,Clear,0,2994.005060681518,107.4889740105008,In-Store,Wholesale,1351.064319401932,557.1218772707778,2228.487509083111,-208.39567432762897,0.9303956840072299,0.4850157118297024,Medium,8,4,11,0
2864,2026-03-31,P001,Wireless Mouse,Electronics,S01,Chennai,76,613.6216500161252,0,46635.24540122551,1,1,Tuesday,October,Q4,0,No_Holiday,1,Autumn,Stormy,0,595.799324539217,95.22276939194286,Wholesale,Retail,9455.421257204709,0.0,613.6216500161252,17.82232547690819,1.0299133025884037,15.409204119437822,Low,1,1,10,1
2865,2026-03-31,P008,Coffee Maker,Appliances,S03,Mumbai,41,3886.344947763666,15,159340.1428583103,1,1,Tuesday,May,Q2,0,No_Holiday,0,Spring,Cloudy,0,4114.788929069126,99.44348763536298,Online,Corporate,4170.561795735131,582.9517421645498,3303.3932055991163,-228.4439813054605,0.9444822115439246,1.0731321722059215,High,8,3,5,1
2866,2026-03-31,P008,Coffee Maker,Appliances,S03,Mumbai,35,1573.843662101283,0,55084.5281735449,0,1,Tuesday,October,Q4,0,No_Holiday,0,Autumn,Cloudy,0,1531.279396734132,105.351415268209,Online,Wholesale,413.5144388923007,0.0,1573.843662101283,42.56426536715094,1.0277965376259426,0.2627417505625724,Low,8,3,10,1
2867,2026-03-31,P002,Bluetooth Speaker,Electronics,S04,Delhi,50,1865.702495631256,3,93285.12478156279,1,1,Tuesday,August,Q3,0,No_Holiday,1,Summer,Sunny,0,1771.562129395004,104.9291335896614,Wholesale,Retail,9499.920440525408,55.97107486893768,1809.7314207623183,94.14036623625202,1.0531397486287435,5.091873148463112,Medium,2,4,8,1
2868,2026-04-02,P005,LED Desk Lamp,Home,S02,Bengaluru,1,3996.642756789166,18,3996.642756789166,1,0,Thursday,June,Q2,0,No_Holiday,0,Summer,Rainy,1,4367.294449800784,107.9549942137739,Online,Corporate,8616.976417773129,719.3956962220499,3277.247060567116,-370.6516930116177,0.9151301343951002,2.15605370360794,High,5,2,6,3
2869,2026-04-04,P002,Bluetooth Speaker,Electronics,S01,Chennai,5,898.081884281016,0,4490.40942140508,1,0,Saturday,July,Q3,0,No_Holiday,0,Summer,Sunny,0,808.5487708956673,109.7840082714151,In-Store,Retail,6282.760204851204,0.0,898.081884281016,89.53311338534866,1.1107331018340039,6.995754301269578,Low,2,1,7,5
2870,2026-04-06,P003,Office Chair,Furniture,S03,Mumbai,9,1914.616159887042,2,17231.54543898338,1,0,Monday,November,Q4,0,No_Holiday,1,Autumn,Stormy,0,1799.030391969407,106.641639172079,Online,Retail,3491.315546399259,38.29232319774084,1876.323836689301,115.58576791763494,1.0642489245504645,1.8235067788236148,Medium,3,3,11,0
2871,2026-04-06,P005,LED Desk Lamp,Home,S03,Mumbai,1,1002.761075291975,16,1002.761075291975,1,0,Monday,May,Q2,0,No_Holiday,1,Spring,Cloudy,1,960.6773680311155,104.096225305697,Wholesale,Retail,5891.559023502448,160.44177204671598,842.319303245259,42.083707260859455,1.0438062857118295,5.875336776297382,Low,5,3,5,0
2872,2026-04-08,P008,Coffee Maker,Appliances,S01,Chennai,34,251.0519799328382,2,8535.7673177165,0,1,Wednesday,September,Q3,0,No_Holiday,0,Autumn,Rainy,0,255.5575041855015,106.2861863068606,In-Store,Retail,0.0,5.021039598656764,246.03094033418145,-4.505524252663292,0.9823698221383753,0.0,Low,8,1,9,2
2873,2026-04-10,P007,Yoga Mat,Sports,S03,Mumbai,54,4149.866098982709,12,224092.7693450662,1,1,Friday,August,Q3,0,No_Holiday,0,Summer,Cloudy,1,3928.605721463546,98.40694690225095,Online,Retail,522.5522308294089,497.98393187792516,3651.8821671047845,221.26037751916328,1.056320331742717,0.12592026305559748,High,7,3,8,4
2874,2026-04-11,P002,Bluetooth Speaker,Electronics,S01,Chennai,2,4791.491590991488,10,9582.983181982976,1,0,Saturday,April,Q2,0,No_Holiday,1,Spring,Sunny,0,4835.049062332477,103.3350363480432,In-Store,Retail,9622.661722104338,479.14915909914885,4312.342431892339,-43.55747134098874,0.9909913072691808,2.0082810413767525,High,2,1,4,5
2875,2026-04-12,P004,Notebook Pack,Stationery,S02,Bengaluru,40,4591.748167940413,1,183669.9267176165,1,1,Sunday,June,Q2,0,No_Holiday,1,Summer,Sunny,0,4803.663484837193,102.3330982995843,In-Store,Wholesale,4669.186476422288,45.917481679404126,4545.830686261009,-211.9153168967805,0.9558846456322986,1.01686466801959,High,4,2,6,6
2876,2026-04-13,P004,Notebook Pack,Stationery,S02,Bengaluru,49,3116.66909097766,0,152716.7854579053,1,1,Monday,October,Q4,0,No_Holiday,0,Autumn,Cloudy,0,2922.096524863265,95.27769645373094,Online,Corporate,9360.18612664795,0.0,3116.66909097766,194.5725661143947,1.0665866320495692,3.003265939828016,Medium,4,2,10,0
2877,2026-04-15,P005,LED Desk Lamp,Home,S02,Bengaluru,4,3583.628967513805,23,14334.51587005522,1,0,Wednesday,June,Q2,0,No_Holiday,0,Summer,Clear,0,3926.479329054536,102.1328734840692,Online,Wholesale,4667.814025724231,824.2346625281751,2759.39430498563,-342.8503615407308,0.9126824993057365,1.3025383118728933,High,5,2,6,2
2878,2026-04-16,P003,Office Chair,Furniture,S04,Delhi,48,1855.075636645775,0,89043.6305589972,1,1,Thursday,July,Q3,0,No_Holiday,0,Summer,Cloudy,0,1692.585884620787,107.6754086692128,Online,Wholesale,6363.107363999568,0.0,1855.075636645775,162.48975202498787,1.0960008904135419,3.4301066966223104,Medium,3,4,7,3
2879,2026-04-18,P004,Notebook Pack,Stationery,S03,Mumbai,21,1135.039567444173,0,23835.83091632763,0,1,Saturday,December,Q4,0,No_Holiday,0,Winter,Cloudy,0,1200.703864756388,110.3882777064947,Wholesale,Wholesale,287.3330216276836,0.0,1135.039567444173,-65.66429731221501,0.9453118298028151,0.25314802220920474,Low,4,3,12,5
2880,2026-04-19,P003,Office Chair,Furniture,S04,Delhi,55,4145.450131869139,23,227999.7572528027,1,1,Sunday,December,Q4,0,No_Holiday,0,Winter,Rainy,0,4230.028806816889,98.11671049376756,Online,Wholesale,7306.027547137533,953.453530329902,3191.996601539237,-84.57867494775019,0.9800051775506947,1.7624208022599763,High,3,4,12,6
2881,2026-04-19,P003,Office Chair,Furniture,S01,Chennai,24,3428.490514684483,0,82283.77235242758,0,1,Sunday,December,Q4,0,No_Holiday,1,Winter,Stormy,0,3208.31125668227,105.5353596206117,Wholesale,Wholesale,0.0,0.0,3428.490514684483,220.17925800221292,1.0686277734255438,0.0,High,3,1,12,6
2882,2026-04-20,P005,LED Desk Lamp,Home,S01,Chennai,24,2386.533144661746,4,57276.79547188189,0,1,Monday,December,Q4,0,No_Holiday,0,Winter,Cloudy,0,2336.944601310816,109.5304808483232,Online,Wholesale,287.9840269063949,95.46132578646984,2291.071818875276,49.588543350930195,1.0212193919030497,0.12067044932963299,Medium,5,1,12,0
2883,2026-04-22,P004,Notebook Pack,Stationery,S02,Bengaluru,63,715.6831686666327,0,45088.03962599786,0,1,Wednesday,August,Q3,0,No_Holiday,1,Summer,Stormy,0,755.4162698419663,95.55872931430197,Wholesale,Corporate,409.8441415611089,0.0,715.6831686666327,-39.73310117533356,0.9474023756681257,0.5726614226860707,Low,4,2,8,2
2884,2026-04-23,P004,Notebook Pack,Stationery,S02,Bengaluru,62,709.4807565650224,0,43987.80690703139,0,1,Thursday,August,Q3,0,No_Holiday,1,Summer,Stormy,0,766.2718351795992,96.2672478846324,Wholesale,Corporate,761.0757957813848,0.0,709.4807565650224,-56.791078614576804,0.9258865117999984,1.0727222531956495,Low,4,2,8,3
2885,2026-04-24,P005,LED Desk Lamp,Home,S02,Bengaluru,2,1021.037884916218,0,2042.075769832435,0,0,Friday,April,Q2,0,No_Holiday,0,Spring,Stormy,0,948.9734841674639,102.1988412603699,Wholesale,Retail,141.7693035811972,0.0,1021.037884916218,72.06440074875411,1.075939319644928,0.13884823048738312,Low,5,2,4,4
2886,2026-04-25,P007,Yoga Mat,Sports,S02,Bengaluru,33,2161.097525028187,2,71316.21832593017,0,1,Saturday,September,Q3,0,No_Holiday,0,Autumn,Cloudy,0,2220.811606188798,109.0548354530207,In-Store,Wholesale,621.7386425424651,43.22195050056374,2117.8755745276235,-59.71408116061093,0.9731115953310925,0.28769578204683555,Medium,7,2,9,5
2887,2026-04-26,P002,Bluetooth Speaker,Electronics,S04,Delhi,53,1856.788044939669,0,98409.76638180244,1,1,Sunday,August,Q3,0,No_Holiday,1,Summer,Sunny,0,1770.119054918514,105.1041753999412,Wholesale,Retail,8908.353063266512,0.0,1856.788044939669,86.66899002115497,1.048962237754762,4.797722113487629,Medium,2,4,8,6
2888,2026-04-27,P004,Notebook Pack,Stationery,S02,Bengaluru,61,718.3565306067342,1,43819.74836701078,0,1,Monday,August,Q3,0,No_Holiday,1,Summer,Stormy,0,762.4535366530401,95.76582668395888,Wholesale,Corporate,606.0220510134372,7.183565306067342,711.1729653006669,-44.09700604630598,0.9421643366756752,0.8436229437513185,Low,4,2,8,0
2889,2026-04-28,P007,Yoga Mat,Sports,S04,Delhi,54,1230.747112298262,0,66460.34406410618,1,1,Tuesday,July,Q3,0,No_Holiday,0,Summer,Cloudy,0,1223.125524573917,102.753399212147,In-Store,Corporate,7567.246846803786,0.0,1230.747112298262,7.6215877243450905,1.0062312392074395,6.14849855927992,Low,7,4,7,1
2890,2026-04-28,P008,Coffee Maker,Appliances,S04,Delhi,24,2892.22793485729,4,69413.47043657496,0,1,Tuesday,August,Q3,0,No_Holiday,0,Summer,Cloudy,0,2958.870159298982,100.8632698427086,Wholesale,Corporate,338.2949556327791,115.6891173942916,2776.5388174629984,-66.64222444169172,0.9774771379432612,0.11696690691478001,Medium,8,4,8,1
2891,2026-04-28,P005,LED Desk Lamp,Home,S01,Chennai,34,3890.083538145389,0,132262.8402969432,0,1,Tuesday,December,Q4,0,No_Holiday,0,Winter,Stormy,1,4092.652009291245,95.42150434435142,Wholesale,Wholesale,888.1799467044494,0.0,3890.083538145389,-202.56847114585617,0.9505043500678827,0.22831899058082758,High,5,1,12,1
2892,2026-04-30,P008,Coffee Maker,Appliances,S02,Bengaluru,40,3976.019856902299,20,159040.794276092,1,1,Thursday,September,Q3,0,No_Holiday,0,Autumn,Sunny,0,3910.189398339728,106.0376475518699,In-Store,Wholesale,7443.837281278275,795.2039713804598,3180.8158855218394,65.83045856257104,1.0168356189064711,1.8721831251310044,High,8,2,9,3
2893,2026-05-01,P004,Notebook Pack,Stationery,S03,Mumbai,4,1630.693865627517,15,6522.775462510067,1,0,Friday,October,Q4,0,No_Holiday,0,Autumn,Rainy,0,1640.039477800431,98.5098916698571,In-Store,Wholesale,6104.476352757459,244.60407984412757,1386.0897857833893,-9.345612172914116,0.9943015931632035,3.7434839741721597,Low,4,3,10,4
2894,2026-05-02,P003,Office Chair,Furniture,S01,Chennai,14,4834.50801618363,8,67683.11222657083,1,1,Saturday,August,Q3,0,No_Holiday,0,Summer,Sunny,0,4654.833125371012,99.82153487032078,Online,Corporate,9346.268963594357,386.76064129469046,4447.74737488894,179.6748908126183,1.0385996417000014,1.9332409693618253,High,3,1,8,5
2895,2026-05-02,P007,Yoga Mat,Sports,S03,Mumbai,4,4243.954758630319,2,16975.81903452128,0,1,Saturday,November,Q4,0,No_Holiday,0,Autumn,Rainy,1,4287.362760271488,99.25785254577367,In-Store,Wholesale,3.364552267361596,84.87909517260637,4159.075663457713,-43.408001641168994,0.9898753606661406,0.0007927870250076515,High,7,3,11,5
2896,2026-05-04,P008,Coffee Maker,Appliances,S01,Chennai,42,253.6364556489336,0,10652.73113725521,0,1,Monday,September,Q3,0,No_Holiday,0,Autumn,Rainy,0,263.0517608205415,106.0672910808215,In-Store,Retail,78.53227288952077,0.0,253.6364556489336,-9.415305171607912,0.9642074048763688,0.3096253363444718,Low,8,1,9,0
2897,2026-05-04,P008,Coffee Maker,Appliances,S01,Chennai,1,541.1961459543912,0,541.1961459543912,1,0,Monday,June,Q2,0,No_Holiday,0,Summer,Clear,0,539.7274433481736,106.1411599965384,In-Store,Retail,7996.86156617081,0.0,541.1961459543912,1.4687026062176756,1.0027211931213034,14.776272199922017,Low,8,1,6,0
2898,2026-05-05,P005,LED Desk Lamp,Home,S03,Mumbai,2,1009.618335571204,14,2019.236671142409,1,0,Tuesday,May,Q2,0,No_Holiday,1,Spring,Cloudy,1,958.0692656927009,104.5761779479908,Wholesale,Retail,5956.639771378653,141.34656697996857,868.2717685912355,51.54906987850313,1.0538051597357445,5.899892624284216,Low,5,3,5,1
2899,2026-05-06,P001,Wireless Mouse,Electronics,S02,Bengaluru,39,4553.310387599994,5,177579.1051163998,1,1,Wednesday,September,Q3,0,No_Holiday,0,Autumn,Cloudy,0,4152.009138363302,103.7824622045214,Wholesale,Corporate,1712.934711089673,227.66551937999972,4325.644868219994,401.30124923669246,1.0966523039481755,0.3761954633610085,High,1,2,9,2
2900,2026-05-07,P007,Yoga Mat,Sports,S04,Delhi,56,1230.046877216763,0,68882.6251241387,1,1,Thursday,July,Q3,0,No_Holiday,0,Summer,Cloudy,0,1219.228323433556,103.1529328818871,In-Store,Corporate,6794.017589857328,0.0,1230.046877216763,10.818553783207108,1.0088732795779713,5.523381031810922,Low,7,4,7,3
2901,2026-05-07,P005,LED Desk Lamp,Home,S04,Delhi,46,2522.736228876821,4,116045.8665283338,1,1,Thursday,August,Q3,0,No_Holiday,0,Summer,Sunny,0,2353.195991725823,96.57767675668599,In-Store,Corporate,7228.532663427867,100.90944915507283,2421.826779721748,169.54023715099765,1.0720467983742645,2.8653541264780475,Medium,5,4,8,3
2902,2026-05-07,P004,Notebook Pack,Stationery,S03,Mumbai,58,462.1980142902587,0,26807.484828835,0,1,Thursday,June,Q2,0,No_Holiday,1,Summer,Stormy,0,428.1582124271404,108.3955002035362,Online,Wholesale,0.0,0.0,462.1980142902587,34.03980186311827,1.0795028586983155,0.0,Low,4,3,6,3
2903,2026-05-07,P005,LED Desk Lamp,Home,S02,Bengaluru,58,2621.075869865359,19,152022.4004521908,1,1,Thursday,December,Q4,0,No_Holiday,0,Winter,Cloudy,0,2351.262509755835,97.52617690599018,Online,Corporate,5800.751654362142,498.0044152744182,2123.071454590941,269.8133601095242,1.1147525463405372,2.2131185598454723,Medium,5,2,12,3
2904,2026-05-10,P007,Yoga Mat,Sports,S03,Mumbai,89,2066.107406596426,20,183883.5591870819,1,1,Sunday,November,Q4,0,No_Holiday,1,Autumn,Sunny,0,2005.526810814921,97.56103713981926,Online,Retail,7124.863478189031,413.22148131928515,1652.8859252771406,60.580595781504826,1.030206824189445,3.4484477696762528,Medium,7,3,11,6
2905,2026-05-12,P001,Wireless Mouse,Electronics,S02,Bengaluru,79,2025.522869286938,23,160016.3066736681,1,1,Tuesday,November,Q4,0,No_Holiday,1,Autumn,Cloudy,0,1944.738942710379,98.76726015814741,In-Store,Wholesale,2400.70534838099,465.8702599359957,1559.6526093509424,80.783926576559,1.0415397279307683,1.185227471278135,Medium,1,2,11,1
2906,2026-05-15,P003,Office Chair,Furniture,S04,Delhi,47,2336.999436333344,0,109838.9735076672,1,1,Friday,October,Q4,0,No_Holiday,0,Autumn,Stormy,0,2526.135667288916,96.31468702478837,Wholesale,Corporate,4530.872308550016,0.0,2336.999436333344,-189.13623095557205,0.9251282370124817,1.9387562693034999,Medium,3,4,10,4
2907,2026-05-15,P003,Office Chair,Furniture,S01,Chennai,24,3081.204134732037,0,73948.89923356888,0,1,Friday,July,Q3,0,No_Holiday,1,Summer,Cloudy,0,3181.281815443538,105.8161271877075,Online,Wholesale,242.60137457103,0.0,3081.204134732037,-100.07768071150122,0.9685417116378455,0.0787358980329709,Medium,3,1,7,4
2908,2026-05-18,P005,LED Desk Lamp,Home,S01,Chennai,24,2390.681859273348,1,57376.36462256036,0,1,Monday,December,Q4,0,No_Holiday,0,Winter,Cloudy,0,2339.463230622302,109.9294083358234,Online,Wholesale,505.9522283487731,23.90681859273348,2366.7750406806144,51.21862865104595,1.021893324921983,0.21163511421906978,Medium,5,1,12,0
2909,2026-05-18,P007,Yoga Mat,Sports,S01,Chennai,35,778.2162773808973,0,27237.5697083314,0,1,Monday,December,Q4,0,No_Holiday,0,Winter,Clear,0,791.3102521973182,99.68272471788477,In-Store,Wholesale,9.904014850857223,0.0,778.2162773808973,-13.093974816420882,0.983452792656153,0.012726558334386665,Low,7,1,12,0
2910,2026-05-18,P008,Coffee Maker,Appliances,S02,Bengaluru,73,3035.017296589348,21,221556.2626510224,1,1,Monday,June,Q2,0,No_Holiday,1,Summer,Cloudy,0,3181.127591924861,105.6629658562857,Online,Retail,3281.669152624447,637.3536322837631,2397.663664305585,-146.110295335513,0.9540696526268211,1.081268682162793,Medium,8,2,6,0
2911,2026-05-18,P001,Wireless Mouse,Electronics,S04,Delhi,47,2692.498605890732,6,126547.4344768644,1,1,Monday,November,Q4,0,No_Holiday,0,Autumn,Sunny,0,2426.132046208,105.5798243060388,Wholesale,Retail,9318.533957890162,161.5499163534439,2530.9486895372884,266.36655968273226,1.109790627471847,3.460924339014618,Medium,1,4,11,0
2912,2026-05-18,P006,Running Shoes,Apparel,S04,Delhi,68,4414.230254165978,16,300167.6572832865,1,1,Monday,August,Q3,0,No_Holiday,0,Summer,Rainy,0,4418.827104554824,100.6575117561993,Wholesale,Wholesale,8085.031484943933,706.2768406665565,3707.953413499422,-4.596850388845269,0.9989597125481314,1.8315835421846416,High,6,4,8,0
2913,2026-05-19,P008,Coffee Maker,Appliances,S02,Bengaluru,2,4350.272488734405,0,8700.54497746881,0,0,Tuesday,October,Q4,0,No_Holiday,1,Autumn,Clear,0,4251.589021749741,108.982253284633,In-Store,Wholesale,473.0996169973989,0.0,4350.272488734405,98.68346698466394,1.0232109610030113,0.10875172031695757,High,8,2,10,1
2914,2026-05-20,P006,Running Shoes,Apparel,S01,Chennai,89,661.3145264973168,5,58856.9928582612,1,1,Wednesday,May,Q2,0,No_Holiday,0,Spring,Stormy,1,720.3118642627928,107.6161532400217,In-Store,Corporate,2924.683305388999,33.06572632486584,628.248800172451,-58.997337765476004,0.9180947299460948,4.422529958444615,Low,6,1,5,2
2915,2026-05-23,P004,Notebook Pack,Stationery,S02,Bengaluru,54,713.3098852750144,2,38518.73380485077,0,1,Saturday,August,Q3,0,No_Holiday,1,Summer,Stormy,0,762.1103626306759,95.86817254461464,Wholesale,Corporate,757.5466404359404,14.266197705500288,699.0436875695141,-48.80047735566154,0.9359666529304095,1.0620161812896658,Low,4,2,8,5
2916,2026-05-25,P008,Coffee Maker,Appliances,S02,Bengaluru,70,3044.438862861081,24,213110.7204002757,1,1,Monday,June,Q2,0,No_Holiday,1,Summer,Cloudy,0,3185.42951125518,106.1238744154098,Online,Retail,3700.500543489884,730.6653270866594,2313.7735357744214,-140.99064839409903,0.9557388892468246,1.2154951076968759,Medium,8,2,6,0
2917,2026-05-26,P006,Running Shoes,Apparel,S04,Delhi,65,4406.758976970683,20,286439.3335030944,1,1,Tuesday,August,Q3,0,No_Holiday,0,Summer,Rainy,0,4408.387056953423,100.3002299058613,Wholesale,Wholesale,7878.301001457977,881.3517953941366,3525.4071815765465,-1.6280799827400187,0.9996306857901299,1.7877766954419911,High,6,4,8,1
2918,2026-05-29,P001,Wireless Mouse,Electronics,S01,Chennai,78,3508.770474341591,18,273684.0969986441,1,1,Friday,August,Q3,0,No_Holiday,0,Summer,Cloudy,1,3444.165824441458,104.1571176893022,Wholesale,Corporate,9382.206959663763,631.5786853814865,2877.1917889601045,64.60464990013315,1.0187577059854864,2.673930092684191,High,1,1,8,4
2919,2026-05-30,P008,Coffee Maker,Appliances,S01,Chennai,48,375.3111023522758,0,18014.93291290924,0,1,Saturday,June,Q2,0,No_Holiday,0,Summer,Stormy,0,363.0329309296337,104.9021442245807,Wholesale,Corporate,385.9173037852236,0.0,375.3111023522758,12.27817142264206,1.0338210954890534,1.0282597593475735,Low,8,1,6,5
2920,2026-05-30,P008,Coffee Maker,Appliances,S02,Bengaluru,37,3976.282967449612,21,147122.4697956357,1,1,Saturday,September,Q3,0,No_Holiday,0,Autumn,Sunny,0,3897.944796971963,105.8832476845247,In-Store,Wholesale,7135.220380845531,835.0194231644185,3141.2635442851933,78.33817047764887,1.0200973011568826,1.794444821773351,High,8,2,9,5
2921,2026-05-30,P008,Coffee Maker,Appliances,S03,Mumbai,28,2359.82668214132,0,66075.14709995696,0,1,Saturday,June,Q2,0,No_Holiday,1,Summer,Stormy,0,2167.044655454034,108.6929782451567,In-Store,Retail,0.0,0.0,2359.82668214132,192.7820266872859,1.088960800231823,0.0,Medium,8,3,6,5
2922,2026-05-31,P002,Bluetooth Speaker,Electronics,S02,Bengaluru,1,4792.75250612942,9,4792.75250612942,1,0,Sunday,October,Q4,0,No_Holiday,0,Autumn,Sunny,1,4800.403652174888,106.1005189901622,Wholesale,Retail,1482.913977396443,431.34772555164784,4361.404780577772,-7.651146045467613,0.9984061452744706,0.30940758478555985,High,2,2,10,6
2923,2026-06-01,P007,Yoga Mat,Sports,S01,Chennai,89,582.4146059178216,24,51834.89992668613,1,1,Monday,July,Q3,0,No_Holiday,0,Summer,Stormy,0,545.013813687703,95.298280547455,Wholesale,Wholesale,6485.598855353674,139.7795054202772,442.63510049754444,37.40079223011867,1.0686235674964921,11.135707774933083,Low,7,1,7,0
2924,2026-06-01,P008,Coffee Maker,Appliances,S02,Bengaluru,3,4354.555624689935,1,13063.6668740698,0,0,Monday,October,Q4,0,No_Holiday,1,Autumn,Clear,0,4258.451915081183,108.7439634366909,In-Store,Wholesale,0.0,43.54555624689935,4311.010068443035,96.10370960875207,1.0225677573740832,0.0,High,8,2,10,0
2925,2026-06-02,P004,Notebook Pack,Stationery,S02,Bengaluru,67,771.2851702161556,7,51676.10640448242,1,1,Tuesday,June,Q2,0,No_Holiday,0,Summer,Clear,0,824.6276816908512,109.4072007062438,Wholesale,Retail,4967.688379792266,53.9899619151309,717.2952083010247,-53.342511474695584,0.9353132175173651,6.440793329917198,Low,4,2,6,1
2926,2026-06-02,P006,Running Shoes,Apparel,S02,Bengaluru,53,3407.915353593534,19,180619.5137404573,1,1,Tuesday,November,Q4,0,No_Holiday,0,Autumn,Clear,0,3643.982840788543,103.2843809808122,In-Store,Wholesale,3692.744432691592,647.5039171827714,2760.4114364107627,-236.0674871950091,0.9352171792488668,1.083578683607184,High,6,2,11,1
2927,2026-06-04,P001,Wireless Mouse,Electronics,S02,Bengaluru,18,4310.236344626454,2,77584.25420327618,0,1,Thursday,December,Q4,0,No_Holiday,0,Winter,Rainy,0,4411.223885502418,98.77839534017667,Online,Wholesale,471.7656515207499,86.2047268925291,4224.0316177339255,-100.98754087596353,0.9771066843358684,0.10945238585556852,High,1,2,12,3
2928,2026-06-05,P002,Bluetooth Speaker,Electronics,S03,Mumbai,55,2669.531376898473,8,146824.225729416,1,1,Friday,July,Q3,0,No_Holiday,0,Summer,Cloudy,0,2703.555758678251,97.34649630352394,In-Store,Wholesale,2269.861581224631,213.56251015187783,2455.9688667465953,-34.024381779778196,0.987414950969455,0.8502846607713643,Medium,2,3,7,4
2929,2026-06-06,P007,Yoga Mat,Sports,S04,Delhi,88,1579.240756290403,20,138973.1865535555,1,1,Saturday,July,Q3,0,No_Holiday,1,Summer,Stormy,0,1683.632065594345,104.3583346267788,Online,Retail,3790.199042940716,315.8481512580806,1263.3926050323223,-104.39130930394208,0.9379963642667435,2.4000134418033885,Low,7,4,7,5
2930,2026-06-06,P008,Coffee Maker,Appliances,S01,Chennai,1,201.882928814345,3,201.882928814345,1,0,Saturday,November,Q4,0,No_Holiday,0,Autumn,Cloudy,0,180.931430824016,109.4990042352298,In-Store,Corporate,5706.467451671206,6.056487864430351,195.82644094991466,20.951497990329017,1.1157980009051474,28.266220849802366,Low,8,1,11,5
2931,2026-06-08,P006,Running Shoes,Apparel,S04,Delhi,55,833.2445321934424,3,45828.44927063934,1,1,Monday,September,Q3,0,No_Holiday,0,Autumn,Cloudy,0,801.9459339974478,109.9571380565476,In-Store,Corporate,7651.111355798625,24.997335965803273,808.2471962276392,31.2985981959946,1.0390283145897143,9.18231210669664,Low,6,4,9,0
2932,2026-06-08,P003,Office Chair,Furniture,S01,Chennai,31,2093.055290310448,0,64884.71399962388,0,1,Monday,December,Q4,0,No_Holiday,0,Winter,Cloudy,1,1995.310382904176,108.3124664815285,Wholesale,Wholesale,736.091659541351,0.0,2093.055290310448,97.74490740627198,1.0489873195888473,0.35168285470001687,Medium,3,1,12,0
2933,2026-06-12,P003,Office Chair,Furniture,S01,Chennai,48,3017.718965849351,14,144850.5103607688,1,1,Friday,November,Q4,0,No_Holiday,0,Autumn,Rainy,0,3291.577871450966,107.8520082130154,Wholesale,Wholesale,7756.458851253189,422.48065521890913,2595.238310630442,-273.8589056016149,0.9168001134115977,2.5703052335326055,Medium,3,1,11,4
2934,2026-06-14,P002,Bluetooth Speaker,Electronics,S04,Delhi,17,2567.54380523614,3,43648.24468901438,0,1,Sunday,June,Q2,0,No_Holiday,0,Summer,Rainy,0,2514.214406678575,98.98483958489153,Online,Retail,29.94546502654475,77.0263141570842,2490.517491079056,53.32939855756513,1.021211157813711,0.011663078528777284,Medium,2,4,6,6
2935,2026-06-19,P006,Running Shoes,Apparel,S04,Delhi,49,4036.219865416967,18,197774.7734054314,1,1,Friday,October,Q4,0,No_Holiday,0,Autumn,Clear,0,3868.577064948675,105.7916318677696,Wholesale,Corporate,1328.169344610104,726.5195757750541,3309.7002896419126,167.64280046829208,1.043334486467188,0.32906268461490157,High,6,4,10,4
2936,2026-06-20,P005,LED Desk Lamp,Home,S01,Chennai,54,3541.150236033601,9,191222.1127458144,1,1,Saturday,August,Q3,0,No_Holiday,0,Summer,Cloudy,0,3596.565008423281,99.808119848861,Online,Corporate,1391.091213404123,318.70352124302406,3222.4467147905766,-55.414772389680365,0.9845923061977478,0.3928359772056063,High,5,1,8,5
2937,2026-06-20,P001,Wireless Mouse,Electronics,S02,Bengaluru,13,2993.553142886187,0,38916.19085752043,0,1,Saturday,July,Q3,0,No_Holiday,0,Summer,Sunny,0,3022.127011280051,101.3098417448222,Wholesale,Retail,969.8408438126874,0.0,2993.553142886187,-28.57386839386436,0.9905451133300445,0.3239764913201543,Medium,1,2,7,5
2938,2026-06-20,P007,Yoga Mat,Sports,S02,Bengaluru,13,4754.766794537204,4,61811.96832898365,1,1,Saturday,December,Q4,0,No_Holiday,0,Winter,Stormy,0,4600.399699417556,109.6882804265855,Wholesale,Corporate,1694.049275505949,190.19067178148816,4564.576122755716,154.36709511964818,1.0335551485100722,0.3562844086175284,High,7,2,12,5
2939,2026-06-22,P003,Office Chair,Furniture,S01,Chennai,51,3021.08245623741,14,154075.2052681079,1,1,Monday,November,Q4,0,No_Holiday,0,Autumn,Rainy,0,3293.317580665735,107.3445763369102,Wholesale,Wholesale,7680.340044651993,422.95154387323737,2598.1309123641727,-272.235124428325,0.917337117432418,2.542247739314414,Medium,3,1,11,0
2940,2026-06-24,P003,Office Chair,Furniture,S01,Chennai,80,2897.17215491897,23,231773.7723935176,1,1,Wednesday,June,Q2,0,No_Holiday,0,Summer,Rainy,0,2745.056289908185,96.74798459351169,In-Store,Wholesale,9301.241499154341,666.3495956313632,2230.822559287607,152.115865010785,1.0554144793205216,3.210455230753964,Medium,3,1,6,2
2941,2026-06-25,P004,Notebook Pack,Stationery,S01,Chennai,6,3173.984031518303,2,19043.90418910982,0,0,Thursday,June,Q2,0,No_Holiday,0,Summer,Cloudy,0,2939.526507920456,100.113596938173,Wholesale,Retail,446.8271415524689,63.479680630366055,3110.5043508879367,234.45752359784683,1.0797603025405993,0.14077800553354558,Medium,4,1,6,3
2942,2026-06-25,P003,Office Chair,Furniture,S02,Bengaluru,27,3754.66786887046,0,101376.0324595024,1,1,Thursday,September,Q3,0,No_Holiday,1,Autumn,Stormy,0,4014.650709501219,104.1175203702735,Online,Corporate,5798.519536803366,0.0,3754.66786887046,-259.9828406307588,0.9352414794105316,1.5443495241958032,High,3,2,9,3
2943,2026-06-26,P005,LED Desk Lamp,Home,S01,Chennai,55,3542.479013072927,3,194836.345719011,1,1,Friday,June,Q2,0,No_Holiday,0,Summer,Rainy,1,3865.792813263967,95.38974231689392,In-Store,Wholesale,5519.739129177669,106.2743703921878,3436.204642680739,-323.3138001910402,0.9163654609006168,1.5581571856341263,High,5,1,6,4
2944,2026-06-27,P008,Coffee Maker,Appliances,S01,Chennai,4,2317.164066070457,13,9268.656264281826,1,0,Saturday,September,Q3,0,No_Holiday,0,Autumn,Stormy,0,2310.67194968824,107.8163776925197,Online,Retail,4203.952713896701,301.23132858915943,2015.9327374812976,6.492116382216864,1.0028096227087073,1.8142663160774537,Medium,8,1,9,5
2945,2026-06-30,P004,Notebook Pack,Stationery,S02,Bengaluru,42,3015.128917651283,10,126635.4145413539,1,1,Tuesday,October,Q4,0,No_Holiday,0,Autumn,Clear,0,2802.735667020816,99.07075084336455,Wholesale,Corporate,9890.676963944066,301.5128917651283,2713.6160258861546,212.3932506304668,1.0757806928172544,3.280349608284305,Medium,4,2,10,1
2946,2026-07-01,P006,Running Shoes,Apparel,S01,Chennai,42,1700.967543188541,0,71440.63681391871,1,1,Wednesday,December,Q4,0,No_Holiday,0,Winter,Rainy,0,1682.076258515872,103.3676630362595,In-Store,Retail,5574.992053142133,0.0,1700.967543188541,18.891284672668917,1.01123093235341,3.2775416999971423,Medium,6,1,12,2
2947,2026-07-07,P001,Wireless Mouse,Electronics,S02,Bengaluru,47,1955.967874011323,0,91930.49007853217,0,1,Tuesday,August,Q3,0,No_Holiday,1,Summer,Cloudy,0,1917.233337188167,107.8140294892658,Online,Wholesale,1.334228125763815,0.0,1955.967874011323,38.73453682315585,1.0202033503548213,0.0006821319222526716,Medium,1,2,8,1
2948,2026-07-08,P002,Bluetooth Speaker,Electronics,S03,Mumbai,1,3451.953108720226,5,3451.953108720226,1,0,Wednesday,October,Q4,0,No_Holiday,1,Autumn,Clear,1,3648.252840455402,107.8406342291303,Wholesale,Corporate,6513.982463998394,172.5976554360113,3279.3554532842145,-196.299731735176,0.946193495813006,1.8870425694784083,High,2,3,10,2
2949,2026-07-11,P004,Notebook Pack,Stationery,S04,Delhi,73,2643.5062739736,11,192975.9580000728,1,1,Saturday,November,Q4,0,No_Holiday,1,Autumn,Sunny,0,2414.993739176589,101.9790269560671,In-Store,Retail,5052.787661977351,290.78569013709597,2352.720583836504,228.51253479701109,1.0946224129239044,1.911396130103458,Medium,4,4,11,5
2950,2026-07-13,P005,LED Desk Lamp,Home,S02,Bengaluru,58,2615.031986583647,18,151671.8552218516,1,1,Monday,December,Q4,0,No_Holiday,0,Winter,Cloudy,0,2350.48616929507,97.28847087354276,Online,Corporate,6521.220385857427,470.7057575850564,2144.3262289985905,264.5458172885769,1.1125494039251957,2.4937440227555063,Medium,5,2,12,0
2951,2026-07-23,P008,Coffee Maker,Appliances,S04,Delhi,80,1171.897652450166,15,93751.81219601327,1,1,Thursday,August,Q3,0,No_Holiday,0,Summer,Stormy,1,1119.139765273548,100.3998182784258,Wholesale,Wholesale,576.9986720817594,175.7846478675249,996.1130045826412,52.75788717661817,1.0471414641974792,0.49236268276106626,Low,8,4,8,3
2952,2026-07-25,P003,Office Chair,Furniture,S01,Chennai,92,1625.254171740688,11,149523.3838001433,1,1,Saturday,December,Q4,0,No_Holiday,1,Winter,Rainy,1,1467.027327784332,102.920406133821,In-Store,Corporate,4794.281318305848,178.7779588914757,1446.4762128492123,158.22684395635588,1.1078554168417079,2.9498655666707516,Low,3,1,12,5
2953,2026-07-26,P002,Bluetooth Speaker,Electronics,S01,Chennai,7,879.101804149884,9,6153.712629049188,1,0,Sunday,July,Q3,0,No_Holiday,0,Summer,Sunny,0,812.8674062929149,109.3396323940156,In-Store,Retail,6524.406371541289,79.11916237348956,799.9826417763944,66.23439785696905,1.0814824131761307,7.421673281458651,Low,2,1,7,6
2954,2026-07-28,P008,Coffee Maker,Appliances,S01,Chennai,42,257.8366831577241,0,10829.14069262441,0,1,Tuesday,September,Q3,0,No_Holiday,0,Autumn,Rainy,0,258.4049923393687,106.4574779105037,In-Store,Retail,0.0,0.0,257.8366831577241,-0.5683091816445653,0.9978007035525917,0.0,Low,8,1,9,1
2955,2026-07-29,P008,Coffee Maker,Appliances,S04,Delhi,34,1315.890887332582,0,44740.29016930779,0,1,Wednesday,September,Q3,0,No_Holiday,0,Autumn,Clear,0,1332.018126702249,99.51289498948735,Wholesale,Corporate,655.6717716549097,0.0,1315.890887332582,-16.127239369666995,0.9878926277004998,0.4982721424448875,Low,8,4,9,2
2956,2026-08-01,P007,Yoga Mat,Sports,S01,Chennai,61,396.7239231421187,0,24200.15931166924,1,1,Saturday,September,Q3,0,No_Holiday,0,Autumn,Rainy,0,398.5383940669306,104.4519328667397,Online,Corporate,5404.577809242563,0.0,396.7239231421187,-1.8144709248119284,0.9954471866404239,13.6230196718096,Low,7,1,9,5
2957,2026-08-02,P006,Running Shoes,Apparel,S01,Chennai,1,724.8153618159797,3,724.8153618159797,0,0,Sunday,August,Q3,0,No_Holiday,1,Summer,Stormy,0,723.0769845563035,108.1145904554924,Online,Corporate,571.439117887124,21.744460854479392,703.0709009615003,1.7383772596762128,1.0024041385589708,0.7883926693488102,Low,6,1,8,6
2958,2026-08-06,P006,Running Shoes,Apparel,S03,Mumbai,61,1376.587916851464,5,83971.86292793929,1,1,Thursday,November,Q4,0,No_Holiday,0,Autumn,Cloudy,0,1475.401215436214,102.6877456713085,Online,Retail,7837.514884239443,68.82939584257319,1307.7585210088907,-98.8132985847501,0.9330261507507738,5.693435768465433,Low,6,3,11,3
2959,2026-08-06,P005,LED Desk Lamp,Home,S02,Bengaluru,1,4191.385658677937,3,4191.385658677937,1,0,Thursday,October,Q4,0,No_Holiday,0,Autumn,Sunny,0,4488.953420555289,98.93003543600786,Wholesale,Corporate,1650.769658891558,125.7415697603381,4065.6440889175983,-297.5677618773525,0.9337111050173154,0.3938481908658938,High,5,2,10,3
2960,2026-08-08,P001,Wireless Mouse,Electronics,S01,Chennai,82,3521.162569416695,24,288735.330692169,1,1,Saturday,August,Q3,0,No_Holiday,0,Summer,Cloudy,1,3431.509326866549,104.5182083333261,Wholesale,Corporate,8668.884954391868,845.0790166600069,2676.0835527566883,89.65324255014593,1.0261264749736267,2.4619382898381565,High,1,1,8,5
2961,2026-08-10,P003,Office Chair,Furniture,S03,Mumbai,22,4735.970177849306,3,104191.3439126847,1,1,Monday,December,Q4,0,No_Holiday,1,Winter,Cloudy,0,4642.226969962595,105.3342065198371,In-Store,Wholesale,6046.873162010777,142.07910533547917,4593.891072513828,93.74320788671139,1.0201935856418212,1.2767971365809523,High,3,3,12,0
2962,2026-08-12,P003,Office Chair,Furniture,S01,Chennai,49,3017.992206821709,16,147881.6181342637,1,1,Wednesday,November,Q4,0,No_Holiday,0,Autumn,Rainy,0,3280.122391667187,107.5270102244753,Wholesale,Wholesale,7926.029268482089,482.8787530914734,2535.1134537302355,-262.1301848454782,0.9200852426996649,2.626259024316403,Medium,3,1,11,2
2963,2026-08-13,P005,LED Desk Lamp,Home,S03,Mumbai,74,1228.217710682004,22,90888.11059046832,1,1,Thursday,October,Q4,0,No_Holiday,0,Autumn,Sunny,0,1255.558131690878,95.84941383581206,Online,Corporate,4924.525955905455,270.2078963500409,958.0098143319631,-27.340421008874046,0.9782244881230195,4.009489452135458,Low,5,3,10,3
2964,2026-08-15,P004,Notebook Pack,Stationery,S02,Bengaluru,41,4048.050814744344,5,165970.0834045181,1,1,Saturday,October,Q4,1,Independence Day,0,Autumn,Stormy,1,4279.750192543925,100.4870143088125,Online,Corporate,1877.250740163698,202.4025407372172,3845.6482740071265,-231.69937779958082,0.9458614714935367,0.4637418911161214,High,4,2,10,5
2965,2026-08-24,P002,Bluetooth Speaker,Electronics,S01,Chennai,19,4645.671890538613,6,88267.76592023365,1,1,Monday,October,Q4,0,No_Holiday,0,Autumn,Sunny,0,4919.162523295443,104.1106675262505,Online,Wholesale,1261.258780016794,278.7403134323168,4366.931577106297,-273.49063275682965,0.9444030093615177,0.2714911448192191,High,2,1,10,0
2966,2026-08-25,P006,Running Shoes,Apparel,S04,Delhi,66,4406.387162605972,23,290821.5527319941,1,1,Tuesday,August,Q3,0,No_Holiday,0,Summer,Rainy,0,4418.842272932205,100.7516151200577,Wholesale,Wholesale,8434.46398406231,1013.4690473993735,3392.9181152065985,-12.455110326232898,0.9971813634529281,1.9141450065123424,High,6,4,8,1
2967,2026-08-26,P003,Office Chair,Furniture,S03,Mumbai,10,1903.934919044624,8,19039.34919044624,1,0,Wednesday,November,Q4,0,No_Holiday,1,Autumn,Stormy,0,1798.918430038804,107.3409547936068,Online,Retail,3321.039958970649,152.3147935235699,1751.620125521054,105.01648900581995,1.05837757135189,1.7443032982645827,Medium,3,3,11,2
2968,2026-08-27,P008,Coffee Maker,Appliances,S04,Delhi,95,2791.607917837755,15,265202.7521945867,1,1,Thursday,November,Q4,0,No_Holiday,1,Autumn,Clear,0,3010.983583845351,107.6168825095259,In-Store,Wholesale,1987.494345105048,418.74118767566324,2372.8667301620917,-219.375666007596,0.9271415270463117,0.7119532554716586,Medium,8,4,11,3
2969,2026-08-28,P005,LED Desk Lamp,Home,S04,Delhi,70,677.8453872039983,1,47449.17710427988,1,1,Friday,October,Q4,0,No_Holiday,0,Autumn,Cloudy,0,733.0862456739758,108.0510959242582,Online,Retail,2899.864040909789,6.778453872039982,671.0669333319582,-55.240858469977525,0.9246461670833956,4.278061185709702,Low,5,4,10,4
2970,2026-08-29,P004,Notebook Pack,Stationery,S01,Chennai,3,4962.085887042173,10,14886.25766112652,1,0,Saturday,November,Q4,0,No_Holiday,0,Autumn,Clear,0,5140.309939835595,108.2874047835625,Online,Corporate,7019.790341775291,496.20858870421733,4465.877298337956,-178.22405279342183,0.9653281504657437,1.4146853765886114,High,4,1,11,5
2971,2026-08-31,P008,Coffee Maker,Appliances,S04,Delhi,1,2482.274650849492,6,2482.274650849492,1,0,Monday,September,Q3,0,No_Holiday,0,Autumn,Stormy,0,2615.246084186633,106.7554350810432,Wholesale,Retail,4938.908171878647,148.93647905096952,2333.3381717985226,-132.9714333371412,0.9491552882380104,1.9896703091208858,Medium,8,4,9,0
2972,2026-09-02,P007,Yoga Mat,Sports,S03,Mumbai,4,4523.458311641027,3,18093.83324656411,0,0,Wednesday,September,Q3,0,No_Holiday,0,Autumn,Cloudy,0,4896.48061786874,99.57744770905356,In-Store,Retail,727.4350393952227,135.7037493492308,4387.754562291796,-373.02230622771367,0.9238182818764885,0.16081391477029502,High,7,3,9,2
2973,2026-09-04,P001,Wireless Mouse,Electronics,S01,Chennai,85,1804.220106102603,3,153358.7090187213,1,1,Friday,September,Q3,0,No_Holiday,1,Autumn,Clear,1,1867.168324940956,106.7931329606106,Online,Corporate,5540.832260999399,54.126603183078096,1750.093502919525,-62.94821883835289,0.9662868001789054,3.0710400811176313,Medium,1,1,9,4
2974,2026-09-05,P008,Coffee Maker,Appliances,S02,Bengaluru,42,3968.126661394796,23,166661.3197785814,1,1,Saturday,September,Q3,0,No_Holiday,0,Autumn,Sunny,0,3902.991392016795,105.7528011328758,In-Store,Wholesale,7072.551177775535,912.6691321208032,3055.457529273993,65.13526937800088,1.0166885506104957,1.7823400766369524,High,8,2,9,5
2975,2026-09-08,P003,Office Chair,Furniture,S01,Chennai,1,1527.198399516968,0,1527.198399516968,0,0,Tuesday,October,Q4,0,No_Holiday,0,Autumn,Stormy,0,1622.802699843425,104.5281604067433,In-Store,Wholesale,485.4069151389864,0.0,1527.198399516968,-95.60430032645695,0.9410869230525182,0.3178414247241969,Low,3,1,10,1
2976,2026-09-09,P001,Wireless Mouse,Electronics,S02,Bengaluru,83,2013.424268216722,21,167114.2142619879,1,1,Wednesday,November,Q4,0,No_Holiday,1,Autumn,Cloudy,0,1938.179407480825,98.54139559857936,In-Store,Wholesale,2561.806689221719,422.8190963255116,1590.6051718912104,75.24486073589719,1.0388224436011824,1.2723630730301547,Medium,1,2,11,2
2977,2026-09-10,P006,Running Shoes,Apparel,S02,Bengaluru,56,3410.674948527948,15,190997.7971175651,1,1,Thursday,November,Q4,0,No_Holiday,0,Autumn,Clear,0,3648.241728484752,103.3159255050658,In-Store,Wholesale,2919.229285242563,511.60124227919215,2899.0737062487556,-237.5667799568041,0.9348818423675357,0.8559095572864563,High,6,2,11,3
2978,2026-09-14,P005,LED Desk Lamp,Home,S03,Mumbai,77,1227.631710156431,20,94527.64168204521,1,1,Monday,October,Q4,0,No_Holiday,0,Autumn,Sunny,0,1248.360784307309,95.64659325299019,Online,Corporate,4737.267285148053,245.5263420312862,982.1053681251448,-20.729074150877977,0.9833949652925215,3.8588668294861876,Low,5,3,10,0
2979,2026-09-16,P007,Yoga Mat,Sports,S01,Chennai,58,392.4850253895219,0,22764.13147259227,1,1,Wednesday,September,Q3,0,No_Holiday,0,Autumn,Rainy,0,404.5708609643011,104.2719354820816,Online,Corporate,4762.010387494443,0.0,392.4850253895219,-12.085835574779196,0.9701267769360047,12.132973437058864,Low,7,1,9,2
2980,2026-09-17,P007,Yoga Mat,Sports,S02,Bengaluru,20,4760.445690691035,2,95208.9138138207,1,1,Thursday,December,Q4,0,No_Holiday,0,Winter,Stormy,0,4598.98976426513,109.2284692958346,Wholesale,Corporate,1622.796916075323,95.20891381382071,4665.236776877215,161.4559264259051,1.0351068244770716,0.34089180331343194,High,7,2,12,3
2981,2026-09-18,P005,LED Desk Lamp,Home,S04,Delhi,26,2756.521396850422,0,71669.55631811098,0,1,Friday,November,Q4,0,No_Holiday,1,Autumn,Rainy,0,2528.478692119525,103.3781693195924,Online,Wholesale,603.8276578323391,0.0,2756.521396850422,228.04270473089719,1.0901896881479107,0.21905422483651585,Medium,5,4,11,4
2982,2026-09-19,P004,Notebook Pack,Stationery,S03,Mumbai,44,4564.074952160188,1,200819.2978950483,1,1,Saturday,December,Q4,0,No_Holiday,1,Winter,Stormy,1,4145.255054751517,96.84056209175999,Wholesale,Corporate,3902.607513123249,45.64074952160188,4518.434202638587,418.81989740867175,1.101035977732805,0.8550708640917772,High,4,3,12,5
2983,2026-09-19,P004,Notebook Pack,Stationery,S01,Chennai,1,4957.647021036882,19,4957.647021036882,1,0,Saturday,November,Q4,0,No_Holiday,0,Autumn,Clear,0,5144.867229204112,108.4993881247595,Online,Corporate,6387.547701960601,941.9529339970074,4015.694087039874,-187.22020816723034,0.9636102935553903,1.2884232529779136,High,4,1,11,5
2984,2026-09-21,P006,Running Shoes,Apparel,S01,Chennai,44,1711.639289968155,3,75312.12875859882,1,1,Monday,December,Q4,0,No_Holiday,0,Winter,Rainy,0,1689.233921871235,103.7241701902379,In-Store,Retail,6380.590077089809,51.34917869904465,1660.2901112691104,22.40536809692003,1.0132636266693607,3.72776560720835,Medium,6,1,12,0
2985,2026-09-28,P004,Notebook Pack,Stationery,S01,Chennai,86,1150.185172718693,15,98915.92485380759,1,1,Monday,November,Q4,0,No_Holiday,0,Autumn,Sunny,0,1163.216868064677,102.4038039263346,Wholesale,Retail,7177.804500284889,172.52777590780394,977.6573968108889,-13.03169534598419,0.9887968480308699,6.240564276549238,Low,4,1,11,0
2986,2026-09-28,P001,Wireless Mouse,Electronics,S02,Bengaluru,14,4302.454870511116,0,60234.36818715563,0,1,Monday,December,Q4,0,No_Holiday,0,Winter,Rainy,0,4404.902868616801,99.65750283842861,Online,Wholesale,48.69512413242239,0.0,4302.454870511116,-102.44799810568566,0.9767422798728237,0.01131798603308478,High,1,2,12,0
2987,2026-09-30,P006,Running Shoes,Apparel,S01,Chennai,1,4578.595294255535,3,4578.595294255535,0,0,Wednesday,November,Q4,0,No_Holiday,0,Autumn,Stormy,0,4963.278266064667,104.802392338728,In-Store,Wholesale,132.7097884586761,137.35785882766606,4441.237435427869,-384.68297180913214,0.9224941759886166,0.028984826115812944,High,6,1,11,2
2988,2026-10-03,P006,Running Shoes,Apparel,S02,Bengaluru,56,3399.273485976761,11,190359.3152146986,1,1,Saturday,November,Q4,0,No_Holiday,0,Autumn,Clear,0,3643.37111011299,103.2861027203586,In-Store,Wholesale,3662.094704551498,373.9200834574437,3025.3534025193176,-244.09762413622911,0.9330022617079327,1.0773168795211594,High,6,2,11,5
2989,2026-10-09,P008,Coffee Maker,Appliances,S02,Bengaluru,33,1744.022625989047,0,57552.74665763856,1,1,Friday,December,Q4,0,No_Holiday,0,Winter,Stormy,0,1765.951864782537,104.941936391287,Wholesale,Wholesale,405.4439474218802,0.0,1744.022625989047,-21.929238793490185,0.9875821990220608,0.23247631159139934,Medium,8,2,12,4
2990,2026-10-11,P007,Yoga Mat,Sports,S02,Bengaluru,16,4759.780387645988,3,76156.4862023358,1,1,Sunday,December,Q4,0,No_Holiday,0,Winter,Stormy,0,4596.980250079242,109.4355411497733,Wholesale,Corporate,1263.117774302219,142.79341162937965,4616.986976016608,162.80013756674634,1.0354145827717969,0.2653731204869539,High,7,2,12,6
2991,2026-10-13,P005,LED Desk Lamp,Home,S03,Mumbai,12,1121.43395040208,21,13457.20740482495,1,0,Tuesday,November,Q4,0,No_Holiday,0,Autumn,Cloudy,0,1058.530697341206,102.1336499155104,In-Store,Retail,3604.189388271478,235.5011295844368,885.9328208176432,62.90325306087402,1.0594250627014152,3.2139114273999185,Low,5,3,11,1
2992,2026-10-15,P004,Notebook Pack,Stationery,S03,Mumbai,1,1643.888352099897,14,1643.888352099897,1,0,Thursday,October,Q4,0,No_Holiday,0,Autumn,Rainy,0,1640.250692022946,98.64315102477333,In-Store,Wholesale,5954.509665330232,230.1443692939856,1413.7439828059114,3.6376600769510787,1.0022177464058648,3.622210509444855,Low,4,3,10,3
2993,2026-10-19,P003,Office Chair,Furniture,S02,Bengaluru,68,4445.380886143663,12,302285.900257769,1,1,Monday,November,Q4,0,No_Holiday,1,Autumn,Cloudy,1,4220.360249401221,98.10344101192285,Online,Corporate,9191.818144519875,533.4457063372396,3911.935179806423,225.02063674244164,1.0533178741730322,2.0677234144707257,High,3,2,11,0
2994,2026-11-07,P005,LED Desk Lamp,Home,S02,Bengaluru,59,2621.113264034825,19,154645.6825780547,1,1,Saturday,December,Q4,0,No_Holiday,0,Winter,Cloudy,0,2350.698111670402,97.04118184157552,Online,Corporate,5956.971703480164,498.0115201666168,2123.1017438682084,270.4151523644232,1.1150361039649905,2.272687634379549,Medium,5,2,12,5
2995,2026-11-19,P002,Bluetooth Speaker,Electronics,S04,Delhi,43,4791.564735552194,20,206037.2836287444,1,1,Thursday,December,Q4,0,No_Holiday,0,Winter,Rainy,0,4600.608787299327,106.9918988647484,Wholesale,Corporate,2348.0807264842,958.3129471104388,3833.2517884417553,190.95594825286753,1.0415066694607962,0.49004466308511646,High,2,4,12,3
2996,2026-11-19,P004,Notebook Pack,Stationery,S03,Mumbai,44,4571.088281859936,7,201127.8844018372,1,1,Thursday,December,Q4,0,No_Holiday,1,Winter,Stormy,1,4140.519385631248,96.09430574840397,Wholesale,Corporate,3493.38167911305,319.9761797301955,4251.11210212974,430.56889622868766,1.1039891028461022,0.7642341306284339,High,4,3,12,3
2997,2026-11-21,P004,Notebook Pack,Stationery,S03,Mumbai,17,1145.408382026621,0,19471.94249445256,0,1,Saturday,December,Q4,0,No_Holiday,0,Winter,Cloudy,0,1189.247091683803,110.1703819189329,Wholesale,Wholesale,340.7630049111257,0.0,1145.408382026621,-43.83870965718211,0.9631374253813707,0.2975035020332214,Low,4,3,12,5
2998,2026-11-21,P003,Office Chair,Furniture,S01,Chennai,29,2082.164245773377,1,60382.76312742794,0,1,Saturday,December,Q4,0,No_Holiday,0,Winter,Cloudy,1,1995.322800707543,108.8032428253044,Wholesale,Wholesale,317.2589138498866,20.82164245773377,2061.3426033156434,86.84144506583402,1.0435225042459495,0.15236978278437746,Medium,3,1,12,5
2999,2026-12-12,P004,Notebook Pack,Stationery,S04,Delhi,1,2181.012825273991,19,2181.012825273991,1,0,Saturday,December,Q4,0,No_Holiday,0,Winter,Sunny,0,1994.45042660709,96.6678988793345,In-Store,Corporate,4763.565532463864,414.3924368020583,1766.6203884719328,186.5623986669009,1.093540754975934,2.1841070704687113,Medium,4,4,12,5
3000,2026-12-25,P003,Office Chair,Furniture,S04,Delhi,53,4144.118169425964,18,219638.2629795761,1,1,Friday,December,Q4,1,Christmas,0,Winter,Rainy,0,4226.482688743812,97.66466710187125,Online,Wholesale,7096.556548634648,745.9412704966735,3398.1768989292905,-82.36451931784813,0.9805122780847523,1.7124406830362298,High,3,4,12,4
